Copyright 1986-2020 Xilinx, Inc. All Rights Reserved.
--------------------------------------------------------------------------------------------------------------------------------------------------------------------------------------------
| Tool Version : Vivado v.2020.1 (win64) Build 2902540 Wed May 27 19:54:49 MDT 2020
| Date         : Wed Sep  9 17:12:15 2026
| Host         : lin running 64-bit major release  (build 9200)
| Command      : report_timing_summary -delay_type min_max -report_unconstrained -check_timing_verbose -file E:/new/fpga_lock/v94/v0.94/exp/l1-contract-20260909/current_timing_summary.rpt
| Design       : red_pitaya_top
| Device       : 7z010-clg400
| Speed File   : -1  PRODUCTION 1.12 2019-11-22
--------------------------------------------------------------------------------------------------------------------------------------------------------------------------------------------

Timing Summary Report

------------------------------------------------------------------------------------------------
| Timer Settings
| --------------
------------------------------------------------------------------------------------------------

  Enable Multi Corner Analysis               :  Yes
  Enable Pessimism Removal                   :  Yes
  Pessimism Removal Resolution               :  Nearest Common Node
  Enable Input Delay Default Clock           :  No
  Enable Preset / Clear Arcs                 :  No
  Disable Flight Delays                      :  No
  Ignore I/O Paths                           :  No
  Timing Early Launch at Borrowing Latches   :  No
  Borrow Time for Max Delay Exceptions       :  Yes
  Merge Timing Exceptions                    :  Yes

  Corner  Analyze    Analyze    
  Name    Max Paths  Min Paths  
  ------  ---------  ---------  
  Slow    Yes        Yes        
  Fast    Yes        Yes        



check_timing report

Table of Contents
-----------------
1. checking no_clock (1)
2. checking constant_clock (0)
3. checking pulse_width_clock (0)
4. checking unconstrained_internal_endpoints (2)
5. checking no_input_delay (16)
6. checking no_output_delay (40)
7. checking multiple_clock (0)
8. checking generated_clocks (0)
9. checking loops (0)
10. checking partial_input_delay (0)
11. checking partial_output_delay (0)
12. checking latch_loops (0)

1. checking no_clock (1)
------------------------
 There is 1 register/latch pin with no clock driven by root clock pin: i_hk/dna_clk_reg/Q (HIGH)

i_hk/i_DNA/CLK


2. checking constant_clock (0)
------------------------------
 There are 0 register/latch pins with constant_clock.


3. checking pulse_width_clock (0)
---------------------------------
 There are 0 register/latch pins which need pulse_width check


4. checking unconstrained_internal_endpoints (2)
------------------------------------------------
 There are 2 pins that are not constrained for maximum delay. (HIGH)

i_hk/i_DNA/READ
i_hk/i_DNA/SHIFT

 There are 0 pins that are not constrained for maximum delay due to constant clock.


5. checking no_input_delay (16)
-------------------------------
 There are 16 input ports with no input delay specified. (HIGH)

exp_n_io[0]
exp_n_io[1]
exp_n_io[2]
exp_n_io[3]
exp_n_io[4]
exp_n_io[5]
exp_n_io[6]
exp_n_io[7]
exp_p_io[0]
exp_p_io[1]
exp_p_io[2]
exp_p_io[3]
exp_p_io[4]
exp_p_io[5]
exp_p_io[6]
exp_p_io[7]

 There are 0 input ports with no input delay but user has a false path constraint.


6. checking no_output_delay (40)
--------------------------------
 There are 40 ports with no output delay specified. (HIGH)

adc_clk_o[0]
adc_clk_o[1]
dac_clk_o
dac_dat_o[0]
dac_dat_o[10]
dac_dat_o[11]
dac_dat_o[12]
dac_dat_o[13]
dac_dat_o[1]
dac_dat_o[2]
dac_dat_o[3]
dac_dat_o[4]
dac_dat_o[5]
dac_dat_o[6]
dac_dat_o[7]
dac_dat_o[8]
dac_dat_o[9]
dac_pwm_o[0]
dac_pwm_o[1]
dac_pwm_o[2]
dac_pwm_o[3]
dac_rst_o
dac_sel_o
dac_wrt_o
exp_n_io[0]
exp_n_io[1]
exp_n_io[2]
exp_n_io[3]
exp_n_io[4]
exp_n_io[5]
exp_n_io[6]
exp_n_io[7]
exp_p_io[0]
exp_p_io[1]
exp_p_io[2]
exp_p_io[3]
exp_p_io[4]
exp_p_io[5]
exp_p_io[6]
exp_p_io[7]

 There are 0 ports with no output delay but user has a false path constraint

 There are 0 ports with no output delay but with a timing clock defined on it or propagating through it


7. checking multiple_clock (0)
------------------------------
 There are 0 register/latch pins with multiple clocks.


8. checking generated_clocks (0)
--------------------------------
 There are 0 generated clocks that are not connected to a clock source.


9. checking loops (0)
---------------------
 There are 0 combinational loops in the design.


10. checking partial_input_delay (0)
------------------------------------
 There are 0 input ports with partial input delay specified.


11. checking partial_output_delay (0)
-------------------------------------
 There are 0 ports with partial output delay specified.


12. checking latch_loops (0)
----------------------------
 There are 0 combinational latch loops in the design through latch input



------------------------------------------------------------------------------------------------
| Design Timing Summary
| ---------------------
------------------------------------------------------------------------------------------------

    WNS(ns)      TNS(ns)  TNS Failing Endpoints  TNS Total Endpoints      WHS(ns)      THS(ns)  THS Failing Endpoints  THS Total Endpoints     WPWS(ns)     TPWS(ns)  TPWS Failing Endpoints  TPWS Total Endpoints  
    -------      -------  ---------------------  -------------------      -------      -------  ---------------------  -------------------     --------     --------  ----------------------  --------------------  
      0.121        0.000                      0                25784        0.051        0.000                      0                25784        1.000        0.000                       0                  9633  


All user specified timing constraints are met.


------------------------------------------------------------------------------------------------
| Clock Summary
| -------------
------------------------------------------------------------------------------------------------

Clock             Waveform(ns)         Period(ns)      Frequency(MHz)
-----             ------------         ----------      --------------
adc_clk           {0.000 4.000}        8.000           125.000         
  clk_fb          {0.000 4.000}        8.000           125.000         
  pll_adc_clk     {0.000 4.000}        8.000           125.000         
  pll_dac_clk_1x  {0.000 4.000}        8.000           125.000         
  pll_dac_clk_2p  {-0.500 1.500}       4.000           250.000         
  pll_dac_clk_2x  {0.000 2.000}        4.000           250.000         
clk_fpga_0        {0.000 4.000}        8.000           125.000         
clk_fpga_1        {0.000 2.000}        4.000           250.000         
clk_fpga_2        {0.000 10.000}       20.000          50.000          
clk_fpga_3        {0.000 2.500}        5.000           200.000         
rx_clk            {0.000 2.000}        4.000           250.000         


------------------------------------------------------------------------------------------------
| Intra Clock Table
| -----------------
------------------------------------------------------------------------------------------------

Clock                 WNS(ns)      TNS(ns)  TNS Failing Endpoints  TNS Total Endpoints      WHS(ns)      THS(ns)  THS Failing Endpoints  THS Total Endpoints     WPWS(ns)     TPWS(ns)  TPWS Failing Endpoints  TPWS Total Endpoints  
-----                 -------      -------  ---------------------  -------------------      -------      -------  ---------------------  -------------------     --------     --------  ----------------------  --------------------  
adc_clk                                                                                                                                                             2.000        0.000                       0                     1  
  clk_fb                                                                                                                                                            6.751        0.000                       0                     2  
  pll_adc_clk           0.153        0.000                      0                23696        0.051        0.000                      0                23696        2.750        0.000                       0                  8579  
  pll_dac_clk_1x        0.592        0.000                      0                   45        0.140        0.000                      0                   45        3.500        0.000                       0                    47  
  pll_dac_clk_2p                                                                                                                                                    1.845        0.000                       0                     3  
  pll_dac_clk_2x                                                                                                                                                    1.845        0.000                       0                     3  
clk_fpga_0              5.256        0.000                      0                   32        0.262        0.000                      0                   32        3.500        0.000                       0                    33  
clk_fpga_3              0.121        0.000                      0                 1969        0.100        0.000                      0                 1969        1.000        0.000                       0                   965  


------------------------------------------------------------------------------------------------
| Inter Clock Table
| -----------------
------------------------------------------------------------------------------------------------

From Clock      To Clock            WNS(ns)      TNS(ns)  TNS Failing Endpoints  TNS Total Endpoints      WHS(ns)      THS(ns)  THS Failing Endpoints  THS Total Endpoints  
----------      --------            -------      -------  ---------------------  -------------------      -------      -------  ---------------------  -------------------  
adc_clk         pll_adc_clk           3.396        0.000                      0                  112        0.107        0.000                      0                  112  
pll_adc_clk     pll_dac_clk_1x        3.400        0.000                      0                   28        0.485        0.000                      0                   28  


------------------------------------------------------------------------------------------------
| Other Path Groups Table
| -----------------------
------------------------------------------------------------------------------------------------

Path Group         From Clock         To Clock               WNS(ns)      TNS(ns)  TNS Failing Endpoints  TNS Total Endpoints      WHS(ns)      THS(ns)  THS Failing Endpoints  THS Total Endpoints  
----------         ----------         --------               -------      -------  ---------------------  -------------------      -------      -------  ---------------------  -------------------  
**async_default**  pll_adc_clk        pll_adc_clk              1.833        0.000                      0                   14        2.292        0.000                      0                   14  


------------------------------------------------------------------------------------------------
| User Ignored Path Table
| -----------------------
------------------------------------------------------------------------------------------------

Path Group    From Clock    To Clock    
----------    ----------    --------    
(none)                      clk_fpga_3    
(none)        clk_fpga_0    pll_adc_clk   


------------------------------------------------------------------------------------------------
| Unconstrained Path Table
| ------------------------
------------------------------------------------------------------------------------------------

Path Group      From Clock      To Clock      
----------      ----------      --------      
(none)          clk_fb                          
(none)          pll_adc_clk                     
(none)          pll_dac_clk_1x                  
(none)          pll_dac_clk_2p                  
(none)          pll_dac_clk_2x                  
(none)                          clk_fpga_0      
(none)                          pll_adc_clk     
(none)                          pll_dac_clk_1x  


------------------------------------------------------------------------------------------------
| Timing Details
| --------------
------------------------------------------------------------------------------------------------


---------------------------------------------------------------------------------------------------
From Clock:  adc_clk
  To Clock:  adc_clk

Setup :           NA  Failing Endpoints,  Worst Slack           NA  ,  Total Violation           NA
Hold  :           NA  Failing Endpoints,  Worst Slack           NA  ,  Total Violation           NA
PW    :            0  Failing Endpoints,  Worst Slack        2.000ns,  Total Violation        0.000ns
---------------------------------------------------------------------------------------------------


Pulse Width Checks
--------------------------------------------------------------------------------------
Clock Name:         adc_clk
Waveform(ns):       { 0.000 4.000 }
Period(ns):         8.000
Sources:            { adc_clk_i[1] }

Check Type        Corner  Lib Pin           Reference Pin  Required(ns)  Actual(ns)  Slack(ns)  Location        Pin
Min Period        n/a     PLLE2_ADV/CLKIN1  n/a            1.249         8.000       6.751      PLLE2_ADV_X0Y0  pll/pll/CLKIN1
Max Period        n/a     PLLE2_ADV/CLKIN1  n/a            52.633        8.000       44.633     PLLE2_ADV_X0Y0  pll/pll/CLKIN1
Low Pulse Width   Fast    PLLE2_ADV/CLKIN1  n/a            2.000         4.000       2.000      PLLE2_ADV_X0Y0  pll/pll/CLKIN1
High Pulse Width  Slow    PLLE2_ADV/CLKIN1  n/a            2.000         4.000       2.000      PLLE2_ADV_X0Y0  pll/pll/CLKIN1



---------------------------------------------------------------------------------------------------
From Clock:  clk_fb
  To Clock:  clk_fb

Setup :           NA  Failing Endpoints,  Worst Slack           NA  ,  Total Violation           NA
Hold  :           NA  Failing Endpoints,  Worst Slack           NA  ,  Total Violation           NA
PW    :            0  Failing Endpoints,  Worst Slack        6.751ns,  Total Violation        0.000ns
---------------------------------------------------------------------------------------------------


Pulse Width Checks
--------------------------------------------------------------------------------------
Clock Name:         clk_fb
Waveform(ns):       { 0.000 4.000 }
Period(ns):         8.000
Sources:            { pll/pll/CLKFBOUT }

Check Type  Corner  Lib Pin             Reference Pin  Required(ns)  Actual(ns)  Slack(ns)  Location        Pin
Min Period  n/a     PLLE2_ADV/CLKFBOUT  n/a            1.249         8.000       6.751      PLLE2_ADV_X0Y0  pll/pll/CLKFBOUT
Max Period  n/a     PLLE2_ADV/CLKFBIN   n/a            52.633        8.000       44.633     PLLE2_ADV_X0Y0  pll/pll/CLKFBIN



---------------------------------------------------------------------------------------------------
From Clock:  pll_adc_clk
  To Clock:  pll_adc_clk

Setup :            0  Failing Endpoints,  Worst Slack        0.153ns,  Total Violation        0.000ns
Hold  :            0  Failing Endpoints,  Worst Slack        0.051ns,  Total Violation        0.000ns
PW    :            0  Failing Endpoints,  Worst Slack        2.750ns,  Total Violation        0.000ns
---------------------------------------------------------------------------------------------------


Max Delay Paths
--------------------------------------------------------------------------------------
Slack (MET) :             0.153ns  (required time - arrival time)
  Source:                 adc_rstn_reg/C
                            (rising edge-triggered cell FDRE clocked by pll_adc_clk  {rise@0.000ns fall@4.000ns period=8.000ns})
  Destination:            i_asg/sys_rdata_reg[3]/CE
                            (rising edge-triggered cell FDRE clocked by pll_adc_clk  {rise@0.000ns fall@4.000ns period=8.000ns})
  Path Group:             pll_adc_clk
  Path Type:              Setup (Max at Slow Process Corner)
  Requirement:            8.000ns  (pll_adc_clk rise@8.000ns - pll_adc_clk rise@0.000ns)
  Data Path Delay:        7.331ns  (logic 0.518ns (7.066%)  route 6.813ns (92.934%))
  Logic Levels:           0  
  Clock Path Skew:        -0.242ns (DCD - SCD + CPR)
    Destination Clock Delay (DCD):    5.377ns = ( 13.377 - 8.000 ) 
    Source Clock Delay      (SCD):    5.976ns
    Clock Pessimism Removal (CPR):    0.357ns
  Clock Uncertainty:      0.069ns  ((TSJ^2 + DJ^2)^1/2) / 2 + PE
    Total System Jitter     (TSJ):    0.071ns
    Discrete Jitter          (DJ):    0.118ns
    Phase Error              (PE):    0.000ns

    Location             Delay type                Incr(ns)  Path(ns)    Netlist Resource(s)
  -------------------------------------------------------------------    -------------------
                         (clock pll_adc_clk rise edge)
                                                      0.000     0.000 r  
    U18                                               0.000     0.000 r  adc_clk_i[1] (IN)
                         net (fo=0)                   0.000     0.000    adc_clk_i[1]
    U18                  IBUFDS (Prop_ibufds_I_O)     0.983     0.983 r  i_clk/O
                         net (fo=1, routed)           1.306     2.289    pll/adc_clk_in
    PLLE2_ADV_X0Y0       PLLE2_ADV (Prop_plle2_adv_CLKIN1_CLKOUT0)
                                                      0.089     2.378 r  pll/pll/CLKOUT0
                         net (fo=1, routed)           1.754     4.132    pll_adc_clk
    BUFGCTRL_X0Y0        BUFG (Prop_bufg_I_O)         0.101     4.233 r  bufg_adc_clk/O
                         net (fo=8587, routed)        1.743     5.976    adc_clk
    SLICE_X42Y55         FDRE                                         r  adc_rstn_reg/C
  -------------------------------------------------------------------    -------------------
    SLICE_X42Y55         FDRE (Prop_fdre_C_Q)         0.518     6.494 r  adc_rstn_reg/Q
                         net (fo=407, routed)         6.813    13.307    i_asg/rstn
    SLICE_X17Y61         FDRE                                         r  i_asg/sys_rdata_reg[3]/CE
  -------------------------------------------------------------------    -------------------

                         (clock pll_adc_clk rise edge)
                                                      8.000     8.000 r  
    U18                                               0.000     8.000 r  adc_clk_i[1] (IN)
                         net (fo=0)                   0.000     8.000    adc_clk_i[1]
    U18                  IBUFDS (Prop_ibufds_I_O)     0.940     8.940 r  i_clk/O
                         net (fo=1, routed)           1.181    10.121    pll/adc_clk_in
    PLLE2_ADV_X0Y0       PLLE2_ADV (Prop_plle2_adv_CLKIN1_CLKOUT0)
                                                      0.084    10.205 r  pll/pll/CLKOUT0
                         net (fo=1, routed)           1.594    11.799    pll_adc_clk
    BUFGCTRL_X0Y0        BUFG (Prop_bufg_I_O)         0.091    11.890 r  bufg_adc_clk/O
                         net (fo=8587, routed)        1.487    13.377    i_asg/adc_clk
    SLICE_X17Y61         FDRE                                         r  i_asg/sys_rdata_reg[3]/C
                         clock pessimism              0.357    13.734    
                         clock uncertainty           -0.069    13.665    
    SLICE_X17Y61         FDRE (Setup_fdre_C_CE)      -0.205    13.460    i_asg/sys_rdata_reg[3]
  -------------------------------------------------------------------
                         required time                         13.460    
                         arrival time                         -13.307    
  -------------------------------------------------------------------
                         slack                                  0.153    





Min Delay Paths
--------------------------------------------------------------------------------------
Slack (MET) :             0.051ns  (arrival time - required time)
  Source:                 i_custom_register_bank/g_lock_acq_simple.i_simple_lock_acquisition/event_snapshot_generation_q_reg[24]/C
                            (rising edge-triggered cell FDRE clocked by pll_adc_clk  {rise@0.000ns fall@4.000ns period=8.000ns})
  Destination:            i_custom_register_bank/g_lock_acq_simple.i_simple_lock_acquisition/i_event_recorder/generation_o_reg[24]/D
                            (rising edge-triggered cell FDRE clocked by pll_adc_clk  {rise@0.000ns fall@4.000ns period=8.000ns})
  Path Group:             pll_adc_clk
  Path Type:              Hold (Min at Fast Process Corner)
  Requirement:            0.000ns  (pll_adc_clk rise@0.000ns - pll_adc_clk rise@0.000ns)
  Data Path Delay:        0.385ns  (logic 0.141ns (36.616%)  route 0.244ns (63.384%))
  Logic Levels:           0  
  Clock Path Skew:        0.264ns (DCD - SCD - CPR)
    Destination Clock Delay (DCD):    2.371ns
    Source Clock Delay      (SCD):    1.976ns
    Clock Pessimism Removal (CPR):    0.130ns

    Location             Delay type                Incr(ns)  Path(ns)    Netlist Resource(s)
  -------------------------------------------------------------------    -------------------
                         (clock pll_adc_clk rise edge)
                                                      0.000     0.000 r  
    U18                                               0.000     0.000 r  adc_clk_i[1] (IN)
                         net (fo=0)                   0.000     0.000    adc_clk_i[1]
    U18                  IBUFDS (Prop_ibufds_I_O)     0.401     0.401 r  i_clk/O
                         net (fo=1, routed)           0.440     0.842    pll/adc_clk_in
    PLLE2_ADV_X0Y0       PLLE2_ADV (Prop_plle2_adv_CLKIN1_CLKOUT0)
                                                      0.051     0.893 r  pll/pll/CLKOUT0
                         net (fo=1, routed)           0.497     1.390    pll_adc_clk
    BUFGCTRL_X0Y0        BUFG (Prop_bufg_I_O)         0.026     1.416 r  bufg_adc_clk/O
                         net (fo=8587, routed)        0.561     1.976    i_custom_register_bank/g_lock_acq_simple.i_simple_lock_acquisition/adc_clk
    SLICE_X22Y47         FDRE                                         r  i_custom_register_bank/g_lock_acq_simple.i_simple_lock_acquisition/event_snapshot_generation_q_reg[24]/C
  -------------------------------------------------------------------    -------------------
    SLICE_X22Y47         FDRE (Prop_fdre_C_Q)         0.141     2.117 r  i_custom_register_bank/g_lock_acq_simple.i_simple_lock_acquisition/event_snapshot_generation_q_reg[24]/Q
                         net (fo=1, routed)           0.244     2.361    i_custom_register_bank/g_lock_acq_simple.i_simple_lock_acquisition/i_event_recorder/generation_o_reg[31]_1[24]
    SLICE_X21Y43         FDRE                                         r  i_custom_register_bank/g_lock_acq_simple.i_simple_lock_acquisition/i_event_recorder/generation_o_reg[24]/D
  -------------------------------------------------------------------    -------------------

                         (clock pll_adc_clk rise edge)
                                                      0.000     0.000 r  
    U18                                               0.000     0.000 r  adc_clk_i[1] (IN)
                         net (fo=0)                   0.000     0.000    adc_clk_i[1]
    U18                  IBUFDS (Prop_ibufds_I_O)     0.433     0.433 r  i_clk/O
                         net (fo=1, routed)           0.481     0.914    pll/adc_clk_in
    PLLE2_ADV_X0Y0       PLLE2_ADV (Prop_plle2_adv_CLKIN1_CLKOUT0)
                                                      0.054     0.968 r  pll/pll/CLKOUT0
                         net (fo=1, routed)           0.544     1.512    pll_adc_clk
    BUFGCTRL_X0Y0        BUFG (Prop_bufg_I_O)         0.029     1.541 r  bufg_adc_clk/O
                         net (fo=8587, routed)        0.830     2.371    i_custom_register_bank/g_lock_acq_simple.i_simple_lock_acquisition/i_event_recorder/adc_clk
    SLICE_X21Y43         FDRE                                         r  i_custom_register_bank/g_lock_acq_simple.i_simple_lock_acquisition/i_event_recorder/generation_o_reg[24]/C
                         clock pessimism             -0.130     2.241    
    SLICE_X21Y43         FDRE (Hold_fdre_C_D)         0.070     2.311    i_custom_register_bank/g_lock_acq_simple.i_simple_lock_acquisition/i_event_recorder/generation_o_reg[24]
  -------------------------------------------------------------------
                         required time                         -2.311    
                         arrival time                           2.361    
  -------------------------------------------------------------------
                         slack                                  0.051    





Pulse Width Checks
--------------------------------------------------------------------------------------
Clock Name:         pll_adc_clk
Waveform(ns):       { 0.000 4.000 }
Period(ns):         8.000
Sources:            { pll/pll/CLKOUT0 }

Check Type        Corner  Lib Pin            Reference Pin  Required(ns)  Actual(ns)  Slack(ns)  Location        Pin
Min Period        n/a     DSP48E1/CLK        n/a            3.884         8.000       4.116      DSP48_X1Y8      i_scope/i_dfilt1_chb/bb_mult/CLK
Max Period        n/a     PLLE2_ADV/CLKOUT0  n/a            160.000       8.000       152.000    PLLE2_ADV_X0Y0  pll/pll/CLKOUT0
Low Pulse Width   Slow    RAMD32/CLK         n/a            1.250         4.000       2.750      SLICE_X0Y8      ps/axi_master_0/axi_awfifo_reg_0_15_18_23/RAMA/CLK
High Pulse Width  Slow    RAMD32/CLK         n/a            1.250         4.000       2.750      SLICE_X0Y0      ps/axi_master_0/axi_wfifo_reg_0_15_0_5/RAMA/CLK



---------------------------------------------------------------------------------------------------
From Clock:  pll_dac_clk_1x
  To Clock:  pll_dac_clk_1x

Setup :            0  Failing Endpoints,  Worst Slack        0.592ns,  Total Violation        0.000ns
Hold  :            0  Failing Endpoints,  Worst Slack        0.140ns,  Total Violation        0.000ns
PW    :            0  Failing Endpoints,  Worst Slack        3.500ns,  Total Violation        0.000ns
---------------------------------------------------------------------------------------------------


Max Delay Paths
--------------------------------------------------------------------------------------
Slack (MET) :             0.592ns  (required time - arrival time)
  Source:                 dac_rst_reg/C
                            (rising edge-triggered cell FDRE clocked by pll_dac_clk_1x  {rise@0.000ns fall@4.000ns period=8.000ns})
  Destination:            oddr_dac_dat[1]/R
                            (falling edge-triggered cell ODDR clocked by pll_dac_clk_1x  {rise@0.000ns fall@4.000ns period=8.000ns})
  Path Group:             pll_dac_clk_1x
  Path Type:              Setup (Max at Slow Process Corner)
  Requirement:            4.000ns  (pll_dac_clk_1x fall@4.000ns - pll_dac_clk_1x rise@0.000ns)
  Data Path Delay:        2.453ns  (logic 0.518ns (21.118%)  route 1.935ns (78.882%))
  Logic Levels:           0  
  Clock Path Skew:        -0.089ns (DCD - SCD + CPR)
    Destination Clock Delay (DCD):    5.430ns = ( 9.430 - 4.000 ) 
    Source Clock Delay      (SCD):    5.976ns
    Clock Pessimism Removal (CPR):    0.457ns
  Clock Uncertainty:      0.069ns  ((TSJ^2 + DJ^2)^1/2) / 2 + PE
    Total System Jitter     (TSJ):    0.071ns
    Discrete Jitter          (DJ):    0.118ns
    Phase Error              (PE):    0.000ns

    Location             Delay type                Incr(ns)  Path(ns)    Netlist Resource(s)
  -------------------------------------------------------------------    -------------------
                         (clock pll_dac_clk_1x rise edge)
                                                      0.000     0.000 r  
    U18                                               0.000     0.000 r  adc_clk_i[1] (IN)
                         net (fo=0)                   0.000     0.000    adc_clk_i[1]
    U18                  IBUFDS (Prop_ibufds_I_O)     0.983     0.983 r  i_clk/O
                         net (fo=1, routed)           1.306     2.289    pll/adc_clk_in
    PLLE2_ADV_X0Y0       PLLE2_ADV (Prop_plle2_adv_CLKIN1_CLKOUT1)
                                                      0.089     2.378 r  pll/pll/CLKOUT1
                         net (fo=1, routed)           1.754     4.132    pll_dac_clk_1x
    BUFGCTRL_X0Y2        BUFG (Prop_bufg_I_O)         0.101     4.233 r  bufg_dac_clk_1x/O
                         net (fo=45, routed)          1.743     5.976    dac_clk_1x
    SLICE_X42Y56         FDRE                                         r  dac_rst_reg/C
  -------------------------------------------------------------------    -------------------
    SLICE_X42Y56         FDRE (Prop_fdre_C_Q)         0.518     6.494 r  dac_rst_reg/Q
                         net (fo=17, routed)          1.935     8.429    dac_rst
    OLOGIC_X0Y85         ODDR                                         r  oddr_dac_dat[1]/R
  -------------------------------------------------------------------    -------------------

                         (clock pll_dac_clk_1x fall edge)
                                                      4.000     4.000 f  
    U18                                               0.000     4.000 f  adc_clk_i[1] (IN)
                         net (fo=0)                   0.000     4.000    adc_clk_i[1]
    U18                  IBUFDS (Prop_ibufds_I_O)     0.940     4.940 f  i_clk/O
                         net (fo=1, routed)           1.181     6.121    pll/adc_clk_in
    PLLE2_ADV_X0Y0       PLLE2_ADV (Prop_plle2_adv_CLKIN1_CLKOUT1)
                                                      0.084     6.205 f  pll/pll/CLKOUT1
                         net (fo=1, routed)           1.594     7.799    pll_dac_clk_1x
    BUFGCTRL_X0Y2        BUFG (Prop_bufg_I_O)         0.091     7.890 f  bufg_dac_clk_1x/O
                         net (fo=45, routed)          1.540     9.430    dac_clk_1x
    OLOGIC_X0Y85         ODDR                                         f  oddr_dac_dat[1]/C
                         clock pessimism              0.457     9.888    
                         clock uncertainty           -0.069     9.819    
    OLOGIC_X0Y85         ODDR (Setup_oddr_C_R)       -0.798     9.021    oddr_dac_dat[1]
  -------------------------------------------------------------------
                         required time                          9.021    
                         arrival time                          -8.429    
  -------------------------------------------------------------------
                         slack                                  0.592    





Min Delay Paths
--------------------------------------------------------------------------------------
Slack (MET) :             0.140ns  (arrival time - required time)
  Source:                 dac_rst_reg/C
                            (rising edge-triggered cell FDRE clocked by pll_dac_clk_1x  {rise@0.000ns fall@4.000ns period=8.000ns})
  Destination:            oddr_dac_sel/R
                            (rising edge-triggered cell ODDR clocked by pll_dac_clk_1x  {rise@0.000ns fall@4.000ns period=8.000ns})
  Path Group:             pll_dac_clk_1x
  Path Type:              Hold (Min at Fast Process Corner)
  Requirement:            0.000ns  (pll_dac_clk_1x rise@0.000ns - pll_dac_clk_1x rise@0.000ns)
  Data Path Delay:        0.645ns  (logic 0.164ns (25.408%)  route 0.481ns (74.592%))
  Logic Levels:           0  
  Clock Path Skew:        0.029ns (DCD - SCD - CPR)
    Destination Clock Delay (DCD):    2.394ns
    Source Clock Delay      (SCD):    2.005ns
    Clock Pessimism Removal (CPR):    0.360ns

    Location             Delay type                Incr(ns)  Path(ns)    Netlist Resource(s)
  -------------------------------------------------------------------    -------------------
                         (clock pll_dac_clk_1x rise edge)
                                                      0.000     0.000 r  
    U18                                               0.000     0.000 r  adc_clk_i[1] (IN)
                         net (fo=0)                   0.000     0.000    adc_clk_i[1]
    U18                  IBUFDS (Prop_ibufds_I_O)     0.401     0.401 r  i_clk/O
                         net (fo=1, routed)           0.440     0.842    pll/adc_clk_in
    PLLE2_ADV_X0Y0       PLLE2_ADV (Prop_plle2_adv_CLKIN1_CLKOUT1)
                                                      0.051     0.893 r  pll/pll/CLKOUT1
                         net (fo=1, routed)           0.497     1.390    pll_dac_clk_1x
    BUFGCTRL_X0Y2        BUFG (Prop_bufg_I_O)         0.026     1.416 r  bufg_dac_clk_1x/O
                         net (fo=45, routed)          0.590     2.005    dac_clk_1x
    SLICE_X42Y56         FDRE                                         r  dac_rst_reg/C
  -------------------------------------------------------------------    -------------------
    SLICE_X42Y56         FDRE (Prop_fdre_C_Q)         0.164     2.169 r  dac_rst_reg/Q
                         net (fo=17, routed)          0.481     2.651    dac_rst
    OLOGIC_X0Y57         ODDR                                         r  oddr_dac_sel/R
  -------------------------------------------------------------------    -------------------

                         (clock pll_dac_clk_1x rise edge)
                                                      0.000     0.000 r  
    U18                                               0.000     0.000 r  adc_clk_i[1] (IN)
                         net (fo=0)                   0.000     0.000    adc_clk_i[1]
    U18                  IBUFDS (Prop_ibufds_I_O)     0.433     0.433 r  i_clk/O
                         net (fo=1, routed)           0.481     0.914    pll/adc_clk_in
    PLLE2_ADV_X0Y0       PLLE2_ADV (Prop_plle2_adv_CLKIN1_CLKOUT1)
                                                      0.054     0.968 r  pll/pll/CLKOUT1
                         net (fo=1, routed)           0.544     1.512    pll_dac_clk_1x
    BUFGCTRL_X0Y2        BUFG (Prop_bufg_I_O)         0.029     1.541 r  bufg_dac_clk_1x/O
                         net (fo=45, routed)          0.853     2.394    dac_clk_1x
    OLOGIC_X0Y57         ODDR                                         r  oddr_dac_sel/C
                         clock pessimism             -0.360     2.034    
    OLOGIC_X0Y57         ODDR (Hold_oddr_C_R)         0.476     2.510    oddr_dac_sel
  -------------------------------------------------------------------
                         required time                         -2.510    
                         arrival time                           2.651    
  -------------------------------------------------------------------
                         slack                                  0.140    





Pulse Width Checks
--------------------------------------------------------------------------------------
Clock Name:         pll_dac_clk_1x
Waveform(ns):       { 0.000 4.000 }
Period(ns):         8.000
Sources:            { pll/pll/CLKOUT1 }

Check Type        Corner  Lib Pin            Reference Pin  Required(ns)  Actual(ns)  Slack(ns)  Location        Pin
Min Period        n/a     BUFG/I             n/a            2.155         8.000       5.845      BUFGCTRL_X0Y2   bufg_dac_clk_1x/I
Max Period        n/a     PLLE2_ADV/CLKOUT1  n/a            160.000       8.000       152.000    PLLE2_ADV_X0Y0  pll/pll/CLKOUT1
Low Pulse Width   Slow    FDRE/C             n/a            0.500         4.000       3.500      SLICE_X42Y57    dac_dat_a_reg[11]/C
High Pulse Width  Slow    FDRE/C             n/a            0.500         4.000       3.500      SLICE_X42Y82    dac_dat_a_reg[0]/C



---------------------------------------------------------------------------------------------------
From Clock:  pll_dac_clk_2p
  To Clock:  pll_dac_clk_2p

Setup :           NA  Failing Endpoints,  Worst Slack           NA  ,  Total Violation           NA
Hold  :           NA  Failing Endpoints,  Worst Slack           NA  ,  Total Violation           NA
PW    :            0  Failing Endpoints,  Worst Slack        1.845ns,  Total Violation        0.000ns
---------------------------------------------------------------------------------------------------


Pulse Width Checks
--------------------------------------------------------------------------------------
Clock Name:         pll_dac_clk_2p
Waveform(ns):       { -0.500 1.500 }
Period(ns):         4.000
Sources:            { pll/pll/CLKOUT3 }

Check Type  Corner  Lib Pin            Reference Pin  Required(ns)  Actual(ns)  Slack(ns)  Location        Pin
Min Period  n/a     BUFG/I             n/a            2.155         4.000       1.845      BUFGCTRL_X0Y3   bufg_dac_clk_2p/I
Max Period  n/a     PLLE2_ADV/CLKOUT3  n/a            160.000       4.000       156.000    PLLE2_ADV_X0Y0  pll/pll/CLKOUT3



---------------------------------------------------------------------------------------------------
From Clock:  pll_dac_clk_2x
  To Clock:  pll_dac_clk_2x

Setup :           NA  Failing Endpoints,  Worst Slack           NA  ,  Total Violation           NA
Hold  :           NA  Failing Endpoints,  Worst Slack           NA  ,  Total Violation           NA
PW    :            0  Failing Endpoints,  Worst Slack        1.845ns,  Total Violation        0.000ns
---------------------------------------------------------------------------------------------------


Pulse Width Checks
--------------------------------------------------------------------------------------
Clock Name:         pll_dac_clk_2x
Waveform(ns):       { 0.000 2.000 }
Period(ns):         4.000
Sources:            { pll/pll/CLKOUT2 }

Check Type  Corner  Lib Pin            Reference Pin  Required(ns)  Actual(ns)  Slack(ns)  Location        Pin
Min Period  n/a     BUFG/I             n/a            2.155         4.000       1.845      BUFGCTRL_X0Y4   bufg_dac_clk_2x/I
Max Period  n/a     PLLE2_ADV/CLKOUT2  n/a            160.000       4.000       156.000    PLLE2_ADV_X0Y0  pll/pll/CLKOUT2



---------------------------------------------------------------------------------------------------
From Clock:  clk_fpga_0
  To Clock:  clk_fpga_0

Setup :            0  Failing Endpoints,  Worst Slack        5.256ns,  Total Violation        0.000ns
Hold  :            0  Failing Endpoints,  Worst Slack        0.262ns,  Total Violation        0.000ns
PW    :            0  Failing Endpoints,  Worst Slack        3.500ns,  Total Violation        0.000ns
---------------------------------------------------------------------------------------------------


Max Delay Paths
--------------------------------------------------------------------------------------
Slack (MET) :             5.256ns  (required time - arrival time)
  Source:                 locked_pll_cnt_reg[5]/C
                            (rising edge-triggered cell FDRE clocked by clk_fpga_0  {rise@0.000ns fall@4.000ns period=8.000ns})
  Destination:            locked_pll_cnt_reg[29]/D
                            (rising edge-triggered cell FDRE clocked by clk_fpga_0  {rise@0.000ns fall@4.000ns period=8.000ns})
  Path Group:             clk_fpga_0
  Path Type:              Setup (Max at Slow Process Corner)
  Requirement:            8.000ns  (clk_fpga_0 rise@8.000ns - clk_fpga_0 rise@0.000ns)
  Data Path Delay:        2.654ns  (logic 2.034ns (76.637%)  route 0.620ns (23.363%))
  Logic Levels:           7  (CARRY4=7)
  Clock Path Skew:        -0.027ns (DCD - SCD + CPR)
    Destination Clock Delay (DCD):    2.687ns = ( 10.687 - 8.000 ) 
    Source Clock Delay      (SCD):    2.978ns
    Clock Pessimism Removal (CPR):    0.264ns
  Clock Uncertainty:      0.125ns  ((TSJ^2 + TIJ^2)^1/2 + DJ) / 2 + PE
    Total System Jitter     (TSJ):    0.071ns
    Total Input Jitter      (TIJ):    0.240ns
    Discrete Jitter          (DJ):    0.000ns
    Phase Error              (PE):    0.000ns

    Location             Delay type                Incr(ns)  Path(ns)    Netlist Resource(s)
  -------------------------------------------------------------------    -------------------
                         (clock clk_fpga_0 rise edge)
                                                      0.000     0.000 r  
    PS7_X0Y0             PS7                          0.000     0.000 r  ps/system_i/processing_system7/inst/PS7_i/FCLKCLK[0]
                         net (fo=1, routed)           1.207     1.207    ps/lopt
    BUFGCTRL_X0Y5        BUFG (Prop_bufg_I_O)         0.101     1.308 r  ps/fclk_buf[0]/O
                         net (fo=32, routed)          1.670     2.978    fclk
    SLICE_X13Y53         FDRE                                         r  locked_pll_cnt_reg[5]/C
  -------------------------------------------------------------------    -------------------
    SLICE_X13Y53         FDRE (Prop_fdre_C_Q)         0.456     3.434 r  locked_pll_cnt_reg[5]/Q
                         net (fo=2, routed)           0.620     4.054    locked_pll_cnt_reg[5]
    SLICE_X13Y53         CARRY4 (Prop_carry4_S[1]_CO[3])
                                                      0.674     4.728 r  locked_pll_cnt_reg[4]_i_1/CO[3]
                         net (fo=1, routed)           0.000     4.728    locked_pll_cnt_reg[4]_i_1_n_0
    SLICE_X13Y54         CARRY4 (Prop_carry4_CI_CO[3])
                                                      0.114     4.842 r  locked_pll_cnt_reg[8]_i_1/CO[3]
                         net (fo=1, routed)           0.000     4.842    locked_pll_cnt_reg[8]_i_1_n_0
    SLICE_X13Y55         CARRY4 (Prop_carry4_CI_CO[3])
                                                      0.114     4.956 r  locked_pll_cnt_reg[12]_i_1/CO[3]
                         net (fo=1, routed)           0.000     4.956    locked_pll_cnt_reg[12]_i_1_n_0
    SLICE_X13Y56         CARRY4 (Prop_carry4_CI_CO[3])
                                                      0.114     5.070 r  locked_pll_cnt_reg[16]_i_1/CO[3]
                         net (fo=1, routed)           0.000     5.070    locked_pll_cnt_reg[16]_i_1_n_0
    SLICE_X13Y57         CARRY4 (Prop_carry4_CI_CO[3])
                                                      0.114     5.184 r  locked_pll_cnt_reg[20]_i_1/CO[3]
                         net (fo=1, routed)           0.000     5.184    locked_pll_cnt_reg[20]_i_1_n_0
    SLICE_X13Y58         CARRY4 (Prop_carry4_CI_CO[3])
                                                      0.114     5.298 r  locked_pll_cnt_reg[24]_i_1/CO[3]
                         net (fo=1, routed)           0.000     5.298    locked_pll_cnt_reg[24]_i_1_n_0
    SLICE_X13Y59         CARRY4 (Prop_carry4_CI_O[1])
                                                      0.334     5.632 r  locked_pll_cnt_reg[28]_i_1/O[1]
                         net (fo=1, routed)           0.000     5.632    locked_pll_cnt_reg[28]_i_1_n_6
    SLICE_X13Y59         FDRE                                         r  locked_pll_cnt_reg[29]/D
  -------------------------------------------------------------------    -------------------

                         (clock clk_fpga_0 rise edge)
                                                      8.000     8.000 r  
    PS7_X0Y0             PS7                          0.000     8.000 r  ps/system_i/processing_system7/inst/PS7_i/FCLKCLK[0]
                         net (fo=1, routed)           1.101     9.101    ps/lopt
    BUFGCTRL_X0Y5        BUFG (Prop_bufg_I_O)         0.091     9.192 r  ps/fclk_buf[0]/O
                         net (fo=32, routed)          1.495    10.687    fclk
    SLICE_X13Y59         FDRE                                         r  locked_pll_cnt_reg[29]/C
                         clock pessimism              0.264    10.951    
                         clock uncertainty           -0.125    10.826    
    SLICE_X13Y59         FDRE (Setup_fdre_C_D)        0.062    10.888    locked_pll_cnt_reg[29]
  -------------------------------------------------------------------
                         required time                         10.888    
                         arrival time                          -5.632    
  -------------------------------------------------------------------
                         slack                                  5.256    





Min Delay Paths
--------------------------------------------------------------------------------------
Slack (MET) :             0.262ns  (arrival time - required time)
  Source:                 locked_pll_cnt_reg[11]/C
                            (rising edge-triggered cell FDRE clocked by clk_fpga_0  {rise@0.000ns fall@4.000ns period=8.000ns})
  Destination:            locked_pll_cnt_reg[11]/D
                            (rising edge-triggered cell FDRE clocked by clk_fpga_0  {rise@0.000ns fall@4.000ns period=8.000ns})
  Path Group:             clk_fpga_0
  Path Type:              Hold (Min at Fast Process Corner)
  Requirement:            0.000ns  (clk_fpga_0 rise@0.000ns - clk_fpga_0 rise@0.000ns)
  Data Path Delay:        0.367ns  (logic 0.249ns (67.838%)  route 0.118ns (32.162%))
  Logic Levels:           1  (CARRY4=1)
  Clock Path Skew:        0.000ns (DCD - SCD - CPR)
    Destination Clock Delay (DCD):    1.203ns
    Source Clock Delay      (SCD):    0.905ns
    Clock Pessimism Removal (CPR):    0.298ns

    Location             Delay type                Incr(ns)  Path(ns)    Netlist Resource(s)
  -------------------------------------------------------------------    -------------------
                         (clock clk_fpga_0 rise edge)
                                                      0.000     0.000 r  
    PS7_X0Y0             PS7                          0.000     0.000 r  ps/system_i/processing_system7/inst/PS7_i/FCLKCLK[0]
                         net (fo=1, routed)           0.315     0.315    ps/lopt
    BUFGCTRL_X0Y5        BUFG (Prop_bufg_I_O)         0.026     0.341 r  ps/fclk_buf[0]/O
                         net (fo=32, routed)          0.564     0.905    fclk
    SLICE_X13Y54         FDRE                                         r  locked_pll_cnt_reg[11]/C
  -------------------------------------------------------------------    -------------------
    SLICE_X13Y54         FDRE (Prop_fdre_C_Q)         0.141     1.046 r  locked_pll_cnt_reg[11]/Q
                         net (fo=2, routed)           0.118     1.164    locked_pll_cnt_reg[11]
    SLICE_X13Y54         CARRY4 (Prop_carry4_S[3]_O[3])
                                                      0.108     1.272 r  locked_pll_cnt_reg[8]_i_1/O[3]
                         net (fo=1, routed)           0.000     1.272    locked_pll_cnt_reg[8]_i_1_n_4
    SLICE_X13Y54         FDRE                                         r  locked_pll_cnt_reg[11]/D
  -------------------------------------------------------------------    -------------------

                         (clock clk_fpga_0 rise edge)
                                                      0.000     0.000 r  
    PS7_X0Y0             PS7                          0.000     0.000 r  ps/system_i/processing_system7/inst/PS7_i/FCLKCLK[0]
                         net (fo=1, routed)           0.341     0.341    ps/lopt
    BUFGCTRL_X0Y5        BUFG (Prop_bufg_I_O)         0.029     0.370 r  ps/fclk_buf[0]/O
                         net (fo=32, routed)          0.833     1.203    fclk
    SLICE_X13Y54         FDRE                                         r  locked_pll_cnt_reg[11]/C
                         clock pessimism             -0.298     0.905    
    SLICE_X13Y54         FDRE (Hold_fdre_C_D)         0.105     1.010    locked_pll_cnt_reg[11]
  -------------------------------------------------------------------
                         required time                         -1.010    
                         arrival time                           1.272    
  -------------------------------------------------------------------
                         slack                                  0.262    





Pulse Width Checks
--------------------------------------------------------------------------------------
Clock Name:         clk_fpga_0
Waveform(ns):       { 0.000 4.000 }
Period(ns):         8.000
Sources:            { ps/system_i/processing_system7/inst/PS7_i/FCLKCLK[0] }

Check Type        Corner  Lib Pin  Reference Pin  Required(ns)  Actual(ns)  Slack(ns)  Location       Pin
Min Period        n/a     BUFG/I   n/a            2.155         8.000       5.845      BUFGCTRL_X0Y5  ps/fclk_buf[0]/I
Low Pulse Width   Slow    FDRE/C   n/a            0.500         4.000       3.500      SLICE_X13Y52   locked_pll_cnt_reg[0]/C
High Pulse Width  Slow    FDRE/C   n/a            0.500         4.000       3.500      SLICE_X13Y54   locked_pll_cnt_reg[10]/C



---------------------------------------------------------------------------------------------------
From Clock:  clk_fpga_3
  To Clock:  clk_fpga_3

Setup :            0  Failing Endpoints,  Worst Slack        0.121ns,  Total Violation        0.000ns
Hold  :            0  Failing Endpoints,  Worst Slack        0.100ns,  Total Violation        0.000ns
PW    :            0  Failing Endpoints,  Worst Slack        1.000ns,  Total Violation        0.000ns
---------------------------------------------------------------------------------------------------


Max Delay Paths
--------------------------------------------------------------------------------------
Slack (MET) :             0.121ns  (required time - arrival time)
  Source:                 ps/system_i/axi_protocol_converter_0/inst/gen_axilite.gen_b2s_conv.axilite_b2s/WR.aw_channel_0/cmd_translator_0/s_axburst_eq0_reg/C
                            (rising edge-triggered cell FDRE clocked by clk_fpga_3  {rise@0.000ns fall@2.500ns period=5.000ns})
  Destination:            ps/system_i/axi_protocol_converter_0/inst/gen_axilite.gen_b2s_conv.axilite_b2s/WR.aw_channel_0/cmd_translator_0/incr_cmd_0/axaddr_incr_reg[9]/D
                            (rising edge-triggered cell FDRE clocked by clk_fpga_3  {rise@0.000ns fall@2.500ns period=5.000ns})
  Path Group:             clk_fpga_3
  Path Type:              Setup (Max at Slow Process Corner)
  Requirement:            5.000ns  (clk_fpga_3 rise@5.000ns - clk_fpga_3 rise@0.000ns)
  Data Path Delay:        4.820ns  (logic 2.207ns (45.793%)  route 2.613ns (54.207%))
  Logic Levels:           7  (CARRY4=3 LUT3=1 LUT4=1 LUT5=1 LUT6=1)
  Clock Path Skew:        -0.058ns (DCD - SCD + CPR)
    Destination Clock Delay (DCD):    2.676ns = ( 7.676 - 5.000 ) 
    Source Clock Delay      (SCD):    2.964ns
    Clock Pessimism Removal (CPR):    0.230ns
  Clock Uncertainty:      0.083ns  ((TSJ^2 + TIJ^2)^1/2 + DJ) / 2 + PE
    Total System Jitter     (TSJ):    0.071ns
    Total Input Jitter      (TIJ):    0.150ns
    Discrete Jitter          (DJ):    0.000ns
    Phase Error              (PE):    0.000ns

    Location             Delay type                Incr(ns)  Path(ns)    Netlist Resource(s)
  -------------------------------------------------------------------    -------------------
                         (clock clk_fpga_3 rise edge)
                                                      0.000     0.000 r  
    PS7_X0Y0             PS7                          0.000     0.000 r  ps/system_i/processing_system7/inst/PS7_i/FCLKCLK[3]
                         net (fo=1, routed)           1.207     1.207    ps/system_i/processing_system7/inst/FCLK_CLK_unbuffered[3]
    BUFGCTRL_X0Y1        BUFG (Prop_bufg_I_O)         0.101     1.308 r  ps/system_i/processing_system7/inst/buffer_fclk_clk_3.FCLK_CLK_3_BUFG/O
                         net (fo=965, routed)         1.656     2.964    ps/system_i/axi_protocol_converter_0/inst/gen_axilite.gen_b2s_conv.axilite_b2s/WR.aw_channel_0/cmd_translator_0/aclk
    SLICE_X9Y71          FDRE                                         r  ps/system_i/axi_protocol_converter_0/inst/gen_axilite.gen_b2s_conv.axilite_b2s/WR.aw_channel_0/cmd_translator_0/s_axburst_eq0_reg/C
  -------------------------------------------------------------------    -------------------
    SLICE_X9Y71          FDRE (Prop_fdre_C_Q)         0.456     3.420 r  ps/system_i/axi_protocol_converter_0/inst/gen_axilite.gen_b2s_conv.axilite_b2s/WR.aw_channel_0/cmd_translator_0/s_axburst_eq0_reg/Q
                         net (fo=2, routed)           1.004     4.424    ps/system_i/axi_protocol_converter_0/inst/gen_axilite.gen_b2s_conv.axilite_b2s/WR.b_channel_0/bid_fifo_0/s_axburst_eq0
    SLICE_X9Y70          LUT5 (Prop_lut5_I2_O)        0.152     4.576 f  ps/system_i/axi_protocol_converter_0/inst/gen_axilite.gen_b2s_conv.axilite_b2s/WR.b_channel_0/bid_fifo_0/FSM_sequential_state[0]_i_2/O
                         net (fo=3, routed)           0.473     5.050    ps/system_i/axi_protocol_converter_0/inst/gen_axilite.gen_b2s_conv.axilite_b2s/WR.b_channel_0/bid_fifo_0/FSM_sequential_state[0]_i_2_n_0
    SLICE_X9Y70          LUT6 (Prop_lut6_I1_O)        0.326     5.376 r  ps/system_i/axi_protocol_converter_0/inst/gen_axilite.gen_b2s_conv.axilite_b2s/WR.b_channel_0/bid_fifo_0/next_pending_r_i_3/O
                         net (fo=23, routed)          0.638     6.014    ps/system_i/axi_protocol_converter_0/inst/gen_axilite.gen_b2s_conv.axilite_b2s/WR.aw_channel_0/cmd_translator_0/incr_cmd_0/next_pending_r_reg_0
    SLICE_X7Y70          LUT4 (Prop_lut4_I1_O)        0.124     6.138 r  ps/system_i/axi_protocol_converter_0/inst/gen_axilite.gen_b2s_conv.axilite_b2s/WR.aw_channel_0/cmd_translator_0/incr_cmd_0/axaddr_incr[3]_i_8/O
                         net (fo=1, routed)           0.000     6.138    ps/system_i/axi_protocol_converter_0/inst/gen_axilite.gen_b2s_conv.axilite_b2s/SI_REG/aw.aw_pipe/S[2]
    SLICE_X7Y70          CARRY4 (Prop_carry4_S[2]_CO[3])
                                                      0.398     6.536 r  ps/system_i/axi_protocol_converter_0/inst/gen_axilite.gen_b2s_conv.axilite_b2s/SI_REG/aw.aw_pipe/axaddr_incr_reg[3]_i_2/CO[3]
                         net (fo=1, routed)           0.000     6.536    ps/system_i/axi_protocol_converter_0/inst/gen_axilite.gen_b2s_conv.axilite_b2s/SI_REG/aw.aw_pipe/axaddr_incr_reg[3]_i_2_n_0
    SLICE_X7Y71          CARRY4 (Prop_carry4_CI_CO[3])
                                                      0.114     6.650 r  ps/system_i/axi_protocol_converter_0/inst/gen_axilite.gen_b2s_conv.axilite_b2s/SI_REG/aw.aw_pipe/axaddr_incr_reg[7]_i_2/CO[3]
                         net (fo=1, routed)           0.000     6.650    ps/system_i/axi_protocol_converter_0/inst/gen_axilite.gen_b2s_conv.axilite_b2s/SI_REG/aw.aw_pipe/axaddr_incr_reg[7]_i_2_n_0
    SLICE_X7Y72          CARRY4 (Prop_carry4_CI_O[1])
                                                      0.334     6.984 r  ps/system_i/axi_protocol_converter_0/inst/gen_axilite.gen_b2s_conv.axilite_b2s/SI_REG/aw.aw_pipe/axaddr_incr_reg[11]_i_3/O[1]
                         net (fo=1, routed)           0.496     7.481    ps/system_i/axi_protocol_converter_0/inst/gen_axilite.gen_b2s_conv.axilite_b2s/WR.aw_channel_0/cmd_translator_0/incr_cmd_0/axaddr_incr[9]
    SLICE_X6Y71          LUT3 (Prop_lut3_I0_O)        0.303     7.784 r  ps/system_i/axi_protocol_converter_0/inst/gen_axilite.gen_b2s_conv.axilite_b2s/WR.aw_channel_0/cmd_translator_0/incr_cmd_0/axaddr_incr[9]_i_1/O
                         net (fo=1, routed)           0.000     7.784    ps/system_i/axi_protocol_converter_0/inst/gen_axilite.gen_b2s_conv.axilite_b2s/WR.aw_channel_0/cmd_translator_0/incr_cmd_0/p_1_in[9]
    SLICE_X6Y71          FDRE                                         r  ps/system_i/axi_protocol_converter_0/inst/gen_axilite.gen_b2s_conv.axilite_b2s/WR.aw_channel_0/cmd_translator_0/incr_cmd_0/axaddr_incr_reg[9]/D
  -------------------------------------------------------------------    -------------------

                         (clock clk_fpga_3 rise edge)
                                                      5.000     5.000 r  
    PS7_X0Y0             PS7                          0.000     5.000 r  ps/system_i/processing_system7/inst/PS7_i/FCLKCLK[3]
                         net (fo=1, routed)           1.101     6.101    ps/system_i/processing_system7/inst/FCLK_CLK_unbuffered[3]
    BUFGCTRL_X0Y1        BUFG (Prop_bufg_I_O)         0.091     6.192 r  ps/system_i/processing_system7/inst/buffer_fclk_clk_3.FCLK_CLK_3_BUFG/O
                         net (fo=965, routed)         1.484     7.676    ps/system_i/axi_protocol_converter_0/inst/gen_axilite.gen_b2s_conv.axilite_b2s/WR.aw_channel_0/cmd_translator_0/incr_cmd_0/aclk
    SLICE_X6Y71          FDRE                                         r  ps/system_i/axi_protocol_converter_0/inst/gen_axilite.gen_b2s_conv.axilite_b2s/WR.aw_channel_0/cmd_translator_0/incr_cmd_0/axaddr_incr_reg[9]/C
                         clock pessimism              0.230     7.906    
                         clock uncertainty           -0.083     7.823    
    SLICE_X6Y71          FDRE (Setup_fdre_C_D)        0.081     7.904    ps/system_i/axi_protocol_converter_0/inst/gen_axilite.gen_b2s_conv.axilite_b2s/WR.aw_channel_0/cmd_translator_0/incr_cmd_0/axaddr_incr_reg[9]
  -------------------------------------------------------------------
                         required time                          7.904    
                         arrival time                          -7.784    
  -------------------------------------------------------------------
                         slack                                  0.121    





Min Delay Paths
--------------------------------------------------------------------------------------
Slack (MET) :             0.100ns  (arrival time - required time)
  Source:                 ps/system_i/axi_protocol_converter_0/inst/gen_axilite.gen_b2s_conv.axilite_b2s/WR.aw_channel_0/s_awid_r_reg[7]/C
                            (rising edge-triggered cell FDRE clocked by clk_fpga_3  {rise@0.000ns fall@2.500ns period=5.000ns})
  Destination:            ps/system_i/axi_protocol_converter_0/inst/gen_axilite.gen_b2s_conv.axilite_b2s/WR.b_channel_0/bid_fifo_0/memory_reg[3][15]_srl4/D
                            (rising edge-triggered cell SRL16E clocked by clk_fpga_3  {rise@0.000ns fall@2.500ns period=5.000ns})
  Path Group:             clk_fpga_3
  Path Type:              Hold (Min at Fast Process Corner)
  Requirement:            0.000ns  (clk_fpga_3 rise@0.000ns - clk_fpga_3 rise@0.000ns)
  Data Path Delay:        0.247ns  (logic 0.128ns (51.778%)  route 0.119ns (48.222%))
  Logic Levels:           0  
  Clock Path Skew:        0.017ns (DCD - SCD - CPR)
    Destination Clock Delay (DCD):    1.220ns
    Source Clock Delay      (SCD):    0.921ns
    Clock Pessimism Removal (CPR):    0.282ns

    Location             Delay type                Incr(ns)  Path(ns)    Netlist Resource(s)
  -------------------------------------------------------------------    -------------------
                         (clock clk_fpga_3 rise edge)
                                                      0.000     0.000 r  
    PS7_X0Y0             PS7                          0.000     0.000 r  ps/system_i/processing_system7/inst/PS7_i/FCLKCLK[3]
                         net (fo=1, routed)           0.315     0.315    ps/system_i/processing_system7/inst/FCLK_CLK_unbuffered[3]
    BUFGCTRL_X0Y1        BUFG (Prop_bufg_I_O)         0.026     0.341 r  ps/system_i/processing_system7/inst/buffer_fclk_clk_3.FCLK_CLK_3_BUFG/O
                         net (fo=965, routed)         0.580     0.921    ps/system_i/axi_protocol_converter_0/inst/gen_axilite.gen_b2s_conv.axilite_b2s/WR.aw_channel_0/aclk
    SLICE_X5Y62          FDRE                                         r  ps/system_i/axi_protocol_converter_0/inst/gen_axilite.gen_b2s_conv.axilite_b2s/WR.aw_channel_0/s_awid_r_reg[7]/C
  -------------------------------------------------------------------    -------------------
    SLICE_X5Y62          FDRE (Prop_fdre_C_Q)         0.128     1.049 r  ps/system_i/axi_protocol_converter_0/inst/gen_axilite.gen_b2s_conv.axilite_b2s/WR.aw_channel_0/s_awid_r_reg[7]/Q
                         net (fo=1, routed)           0.119     1.168    ps/system_i/axi_protocol_converter_0/inst/gen_axilite.gen_b2s_conv.axilite_b2s/WR.b_channel_0/bid_fifo_0/in[11]
    SLICE_X4Y61          SRL16E                                       r  ps/system_i/axi_protocol_converter_0/inst/gen_axilite.gen_b2s_conv.axilite_b2s/WR.b_channel_0/bid_fifo_0/memory_reg[3][15]_srl4/D
  -------------------------------------------------------------------    -------------------

                         (clock clk_fpga_3 rise edge)
                                                      0.000     0.000 r  
    PS7_X0Y0             PS7                          0.000     0.000 r  ps/system_i/processing_system7/inst/PS7_i/FCLKCLK[3]
                         net (fo=1, routed)           0.341     0.341    ps/system_i/processing_system7/inst/FCLK_CLK_unbuffered[3]
    BUFGCTRL_X0Y1        BUFG (Prop_bufg_I_O)         0.029     0.370 r  ps/system_i/processing_system7/inst/buffer_fclk_clk_3.FCLK_CLK_3_BUFG/O
                         net (fo=965, routed)         0.850     1.220    ps/system_i/axi_protocol_converter_0/inst/gen_axilite.gen_b2s_conv.axilite_b2s/WR.b_channel_0/bid_fifo_0/aclk
    SLICE_X4Y61          SRL16E                                       r  ps/system_i/axi_protocol_converter_0/inst/gen_axilite.gen_b2s_conv.axilite_b2s/WR.b_channel_0/bid_fifo_0/memory_reg[3][15]_srl4/CLK
                         clock pessimism             -0.282     0.938    
    SLICE_X4Y61          SRL16E (Hold_srl16e_CLK_D)
                                                      0.130     1.068    ps/system_i/axi_protocol_converter_0/inst/gen_axilite.gen_b2s_conv.axilite_b2s/WR.b_channel_0/bid_fifo_0/memory_reg[3][15]_srl4
  -------------------------------------------------------------------
                         required time                         -1.068    
                         arrival time                           1.168    
  -------------------------------------------------------------------
                         slack                                  0.100    





Pulse Width Checks
--------------------------------------------------------------------------------------
Clock Name:         clk_fpga_3
Waveform(ns):       { 0.000 2.500 }
Period(ns):         5.000
Sources:            { ps/system_i/processing_system7/inst/PS7_i/FCLKCLK[3] }

Check Type        Corner  Lib Pin      Reference Pin  Required(ns)  Actual(ns)  Slack(ns)  Location      Pin
Min Period        n/a     XADC/DCLK    n/a            4.000         5.000       1.000      XADC_X0Y0     ps/system_i/xadc/inst/AXI_XADC_CORE_I/XADC_INST/DCLK
Low Pulse Width   Slow    SRLC32E/CLK  n/a            0.980         2.500       1.520      SLICE_X12Y69  ps/system_i/axi_protocol_converter_0/inst/gen_axilite.gen_b2s_conv.axilite_b2s/RD.r_channel_0/rd_data_fifo_0/memory_reg[31][12]_srl32/CLK
High Pulse Width  Fast    SRLC32E/CLK  n/a            0.980         2.500       1.520      SLICE_X12Y69  ps/system_i/axi_protocol_converter_0/inst/gen_axilite.gen_b2s_conv.axilite_b2s/RD.r_channel_0/rd_data_fifo_0/memory_reg[31][12]_srl32/CLK



---------------------------------------------------------------------------------------------------
From Clock:  adc_clk
  To Clock:  pll_adc_clk

Setup :            0  Failing Endpoints,  Worst Slack        3.396ns,  Total Violation        0.000ns
Hold  :            0  Failing Endpoints,  Worst Slack        0.107ns,  Total Violation        0.000ns
---------------------------------------------------------------------------------------------------


Max Delay Paths
--------------------------------------------------------------------------------------
Slack (MET) :             3.396ns  (required time - arrival time)
  Source:                 adc_dat_i[0][2]
                            (input port clocked by adc_clk  {rise@0.000ns fall@4.000ns period=8.000ns})
  Destination:            i_scope/i_dfilt1_cha/bb_mult/B[0]
                            (rising edge-triggered cell DSP48E1 clocked by pll_adc_clk  {rise@0.000ns fall@4.000ns period=8.000ns})
  Path Group:             pll_adc_clk
  Path Type:              Setup (Max at Slow Process Corner)
  Requirement:            8.000ns  (pll_adc_clk rise@8.000ns - adc_clk rise@0.000ns)
  Data Path Delay:        6.065ns  (logic 1.169ns (19.277%)  route 4.896ns (80.723%))
  Logic Levels:           2  (IBUF=1 LUT3=1)
  Input Delay:            3.400ns
  Clock Path Skew:        5.477ns (DCD - SCD + CPR)
    Destination Clock Delay (DCD):    5.477ns = ( 13.477 - 8.000 ) 
    Source Clock Delay      (SCD):    0.000ns
    Clock Pessimism Removal (CPR):    0.000ns
  Clock Uncertainty:      0.166ns  ((TSJ^2 + DJ^2)^1/2) / 2 + PE
    Total System Jitter     (TSJ):    0.071ns
    Discrete Jitter          (DJ):    0.118ns
    Phase Error              (PE):    0.097ns

    Location             Delay type                Incr(ns)  Path(ns)    Netlist Resource(s)
  -------------------------------------------------------------------    -------------------
                         (clock adc_clk rise edge)    0.000     0.000 r  
                         input delay                  3.400     3.400    
    Y17                                               0.000     3.400 f  adc_dat_i[0][2] (IN)
                         net (fo=0)                   0.000     3.400    adc_dat_i[0][2]
    Y17                  IBUF (Prop_ibuf_I_O)         1.045     4.445 f  product_q_reg_i_56/O
                         net (fo=1, routed)           3.898     8.343    i_laser_lock_core/u_output_protect/product_q_reg_12
    SLICE_X36Y18         LUT3 (Prop_lut3_I2_O)        0.124     8.467 r  i_laser_lock_core/u_output_protect/product_q_reg_i_28/O
                         net (fo=3, routed)           0.998     9.465    i_scope/i_dfilt1_cha/adc_dat_i[0]
    DSP48_X1Y4           DSP48E1                                      r  i_scope/i_dfilt1_cha/bb_mult/B[0]
  -------------------------------------------------------------------    -------------------

                         (clock pll_adc_clk rise edge)
                                                      8.000     8.000 r  
    U18                                               0.000     8.000 r  adc_clk_i[1] (IN)
                         net (fo=0)                   0.000     8.000    adc_clk_i[1]
    U18                  IBUFDS (Prop_ibufds_I_O)     0.940     8.940 r  i_clk/O
                         net (fo=1, routed)           1.181    10.121    pll/adc_clk_in
    PLLE2_ADV_X0Y0       PLLE2_ADV (Prop_plle2_adv_CLKIN1_CLKOUT0)
                                                      0.084    10.205 r  pll/pll/CLKOUT0
                         net (fo=1, routed)           1.594    11.799    pll_adc_clk
    BUFGCTRL_X0Y0        BUFG (Prop_bufg_I_O)         0.091    11.890 r  bufg_adc_clk/O
                         net (fo=8587, routed)        1.587    13.477    i_scope/i_dfilt1_cha/clk_i
    DSP48_X1Y4           DSP48E1                                      r  i_scope/i_dfilt1_cha/bb_mult/CLK
                         clock pessimism              0.000    13.477    
                         clock uncertainty           -0.166    13.311    
    DSP48_X1Y4           DSP48E1 (Setup_dsp48e1_CLK_B[0])
                                                     -0.450    12.861    i_scope/i_dfilt1_cha/bb_mult
  -------------------------------------------------------------------
                         required time                         12.861    
                         arrival time                          -9.465    
  -------------------------------------------------------------------
                         slack                                  3.396    





Min Delay Paths
--------------------------------------------------------------------------------------
Slack (MET) :             0.107ns  (arrival time - required time)
  Source:                 adc_dat_i[1][8]
                            (input port clocked by adc_clk  {rise@0.000ns fall@4.000ns period=8.000ns})
  Destination:            i_laser_lock_core/i_mixer_core/product_q_reg/B[6]
                            (rising edge-triggered cell DSP48E1 clocked by pll_adc_clk  {rise@0.000ns fall@4.000ns period=8.000ns})
  Path Group:             pll_adc_clk
  Path Type:              Hold (Min at Slow Process Corner)
  Requirement:            0.000ns  (pll_adc_clk rise@0.000ns - adc_clk rise@0.000ns)
  Data Path Delay:        2.855ns  (logic 0.910ns (31.885%)  route 1.945ns (68.115%))
  Logic Levels:           2  (IBUF=1 LUT3=1)
  Input Delay:            3.400ns
  Clock Path Skew:        5.986ns (DCD - SCD - CPR)
    Destination Clock Delay (DCD):    5.986ns
    Source Clock Delay      (SCD):    0.000ns
    Clock Pessimism Removal (CPR):    -0.000ns
  Clock Uncertainty:      0.166ns  ((TSJ^2 + DJ^2)^1/2) / 2 + PE
    Total System Jitter     (TSJ):    0.071ns
    Discrete Jitter          (DJ):    0.118ns
    Phase Error              (PE):    0.097ns

    Location             Delay type                Incr(ns)  Path(ns)    Netlist Resource(s)
  -------------------------------------------------------------------    -------------------
                         (clock adc_clk rise edge)    0.000     0.000 r  
                         input delay                  3.400     3.400    
    T19                                               0.000     3.400 f  adc_dat_i[1][8] (IN)
                         net (fo=0)                   0.000     3.400    adc_dat_i[1][8]
    T19                  IBUF (Prop_ibuf_I_O)         0.816     4.216 f  product_q_reg_i_36/O
                         net (fo=1, routed)           1.240     5.456    i_out2_lock_controller/bb_mult_6
    SLICE_X42Y16         LUT3 (Prop_lut3_I2_O)        0.094     5.550 r  i_out2_lock_controller/product_q_reg_i_8/O
                         net (fo=3, routed)           0.705     6.255    i_laser_lock_core/i_mixer_core/product_q_reg_0[6]
    DSP48_X1Y7           DSP48E1                                      r  i_laser_lock_core/i_mixer_core/product_q_reg/B[6]
  -------------------------------------------------------------------    -------------------

                         (clock pll_adc_clk rise edge)
                                                      0.000     0.000 r  
    U18                                               0.000     0.000 r  adc_clk_i[1] (IN)
                         net (fo=0)                   0.000     0.000    adc_clk_i[1]
    U18                  IBUFDS (Prop_ibufds_I_O)     0.983     0.983 r  i_clk/O
                         net (fo=1, routed)           1.306     2.289    pll/adc_clk_in
    PLLE2_ADV_X0Y0       PLLE2_ADV (Prop_plle2_adv_CLKIN1_CLKOUT0)
                                                      0.089     2.378 r  pll/pll/CLKOUT0
                         net (fo=1, routed)           1.754     4.132    pll_adc_clk
    BUFGCTRL_X0Y0        BUFG (Prop_bufg_I_O)         0.101     4.233 r  bufg_adc_clk/O
                         net (fo=8587, routed)        1.753     5.986    i_laser_lock_core/i_mixer_core/adc_clk
    DSP48_X1Y7           DSP48E1                                      r  i_laser_lock_core/i_mixer_core/product_q_reg/CLK
                         clock pessimism              0.000     5.986    
                         clock uncertainty            0.166     6.151    
    DSP48_X1Y7           DSP48E1 (Hold_dsp48e1_CLK_B[6])
                                                     -0.003     6.148    i_laser_lock_core/i_mixer_core/product_q_reg
  -------------------------------------------------------------------
                         required time                         -6.148    
                         arrival time                           6.255    
  -------------------------------------------------------------------
                         slack                                  0.107    





---------------------------------------------------------------------------------------------------
From Clock:  pll_adc_clk
  To Clock:  pll_dac_clk_1x

Setup :            0  Failing Endpoints,  Worst Slack        3.400ns,  Total Violation        0.000ns
Hold  :            0  Failing Endpoints,  Worst Slack        0.485ns,  Total Violation        0.000ns
---------------------------------------------------------------------------------------------------


Max Delay Paths
--------------------------------------------------------------------------------------
Slack (MET) :             3.400ns  (required time - arrival time)
  Source:                 i_out2_lock_controller/control_o_reg[12]/C
                            (rising edge-triggered cell FDRE clocked by pll_adc_clk  {rise@0.000ns fall@4.000ns period=8.000ns})
  Destination:            dac_dat_b_reg[12]/D
                            (rising edge-triggered cell FDRE clocked by pll_dac_clk_1x  {rise@0.000ns fall@4.000ns period=8.000ns})
  Path Group:             pll_dac_clk_1x
  Path Type:              Setup (Max at Slow Process Corner)
  Requirement:            8.000ns  (pll_dac_clk_1x rise@8.000ns - pll_adc_clk rise@0.000ns)
  Data Path Delay:        4.167ns  (logic 0.642ns (15.406%)  route 3.525ns (84.594%))
  Logic Levels:           1  (LUT1=1)
  Clock Path Skew:        -0.273ns (DCD - SCD + CPR)
    Destination Clock Delay (DCD):    5.448ns = ( 13.448 - 8.000 ) 
    Source Clock Delay      (SCD):    5.894ns
    Clock Pessimism Removal (CPR):    0.173ns
  Clock Uncertainty:      0.189ns  ((TSJ^2 + DJ^2)^1/2) / 2 + PE
    Total System Jitter     (TSJ):    0.071ns
    Discrete Jitter          (DJ):    0.118ns
    Phase Error              (PE):    0.120ns

    Location             Delay type                Incr(ns)  Path(ns)    Netlist Resource(s)
  -------------------------------------------------------------------    -------------------
                         (clock pll_adc_clk rise edge)
                                                      0.000     0.000 r  
    U18                                               0.000     0.000 r  adc_clk_i[1] (IN)
                         net (fo=0)                   0.000     0.000    adc_clk_i[1]
    U18                  IBUFDS (Prop_ibufds_I_O)     0.983     0.983 r  i_clk/O
                         net (fo=1, routed)           1.306     2.289    pll/adc_clk_in
    PLLE2_ADV_X0Y0       PLLE2_ADV (Prop_plle2_adv_CLKIN1_CLKOUT0)
                                                      0.089     2.378 r  pll/pll/CLKOUT0
                         net (fo=1, routed)           1.754     4.132    pll_adc_clk
    BUFGCTRL_X0Y0        BUFG (Prop_bufg_I_O)         0.101     4.233 r  bufg_adc_clk/O
                         net (fo=8587, routed)        1.661     5.894    i_out2_lock_controller/adc_clk
    SLICE_X34Y29         FDRE                                         r  i_out2_lock_controller/control_o_reg[12]/C
  -------------------------------------------------------------------    -------------------
    SLICE_X34Y29         FDRE (Prop_fdre_C_Q)         0.518     6.412 f  i_out2_lock_controller/control_o_reg[12]/Q
                         net (fo=22, routed)          3.525     9.937    i_out2_lock_controller/control_o_reg[13]_0[12]
    SLICE_X43Y82         LUT1 (Prop_lut1_I0_O)        0.124    10.061 r  i_out2_lock_controller/dac_dat_b[12]_i_1/O
                         net (fo=1, routed)           0.000    10.061    i_out2_lock_controller_n_66
    SLICE_X43Y82         FDRE                                         r  dac_dat_b_reg[12]/D
  -------------------------------------------------------------------    -------------------

                         (clock pll_dac_clk_1x rise edge)
                                                      8.000     8.000 r  
    U18                                               0.000     8.000 r  adc_clk_i[1] (IN)
                         net (fo=0)                   0.000     8.000    adc_clk_i[1]
    U18                  IBUFDS (Prop_ibufds_I_O)     0.940     8.940 r  i_clk/O
                         net (fo=1, routed)           1.181    10.121    pll/adc_clk_in
    PLLE2_ADV_X0Y0       PLLE2_ADV (Prop_plle2_adv_CLKIN1_CLKOUT1)
                                                      0.084    10.205 r  pll/pll/CLKOUT1
                         net (fo=1, routed)           1.594    11.799    pll_dac_clk_1x
    BUFGCTRL_X0Y2        BUFG (Prop_bufg_I_O)         0.091    11.890 r  bufg_dac_clk_1x/O
                         net (fo=45, routed)          1.558    13.448    dac_clk_1x
    SLICE_X43Y82         FDRE                                         r  dac_dat_b_reg[12]/C
                         clock pessimism              0.173    13.621    
                         clock uncertainty           -0.189    13.432    
    SLICE_X43Y82         FDRE (Setup_fdre_C_D)        0.029    13.461    dac_dat_b_reg[12]
  -------------------------------------------------------------------
                         required time                         13.461    
                         arrival time                         -10.061    
  -------------------------------------------------------------------
                         slack                                  3.400    





Min Delay Paths
--------------------------------------------------------------------------------------
Slack (MET) :             0.485ns  (arrival time - required time)
  Source:                 i_laser_lock_core/u_output_protect/data_o_reg[8]/C
                            (rising edge-triggered cell FDCE clocked by pll_adc_clk  {rise@0.000ns fall@4.000ns period=8.000ns})
  Destination:            dac_dat_a_reg[8]/D
                            (rising edge-triggered cell FDRE clocked by pll_dac_clk_1x  {rise@0.000ns fall@4.000ns period=8.000ns})
  Path Group:             pll_dac_clk_1x
  Path Type:              Hold (Min at Fast Process Corner)
  Requirement:            0.000ns  (pll_dac_clk_1x rise@0.000ns - pll_adc_clk rise@0.000ns)
  Data Path Delay:        1.119ns  (logic 0.226ns (20.204%)  route 0.893ns (79.796%))
  Logic Levels:           1  (LUT1=1)
  Clock Path Skew:        0.323ns (DCD - SCD - CPR)
    Destination Clock Delay (DCD):    2.399ns
    Source Clock Delay      (SCD):    2.000ns
    Clock Pessimism Removal (CPR):    0.075ns
  Clock Uncertainty:      0.189ns  ((TSJ^2 + DJ^2)^1/2) / 2 + PE
    Total System Jitter     (TSJ):    0.071ns
    Discrete Jitter          (DJ):    0.118ns
    Phase Error              (PE):    0.120ns

    Location             Delay type                Incr(ns)  Path(ns)    Netlist Resource(s)
  -------------------------------------------------------------------    -------------------
                         (clock pll_adc_clk rise edge)
                                                      0.000     0.000 r  
    U18                                               0.000     0.000 r  adc_clk_i[1] (IN)
                         net (fo=0)                   0.000     0.000    adc_clk_i[1]
    U18                  IBUFDS (Prop_ibufds_I_O)     0.401     0.401 r  i_clk/O
                         net (fo=1, routed)           0.440     0.842    pll/adc_clk_in
    PLLE2_ADV_X0Y0       PLLE2_ADV (Prop_plle2_adv_CLKIN1_CLKOUT0)
                                                      0.051     0.893 r  pll/pll/CLKOUT0
                         net (fo=1, routed)           0.497     1.390    pll_adc_clk
    BUFGCTRL_X0Y0        BUFG (Prop_bufg_I_O)         0.026     1.416 r  bufg_adc_clk/O
                         net (fo=8587, routed)        0.585     2.000    i_laser_lock_core/u_output_protect/adc_clk
    SLICE_X36Y16         FDCE                                         r  i_laser_lock_core/u_output_protect/data_o_reg[8]/C
  -------------------------------------------------------------------    -------------------
    SLICE_X36Y16         FDCE (Prop_fdce_C_Q)         0.128     2.128 f  i_laser_lock_core/u_output_protect/data_o_reg[8]/Q
                         net (fo=10, routed)          0.893     3.021    i_laser_lock_core/u_output_protect/Q[8]
    SLICE_X42Y61         LUT1 (Prop_lut1_I0_O)        0.098     3.119 r  i_laser_lock_core/u_output_protect/dac_dat_a[8]_i_1/O
                         net (fo=1, routed)           0.000     3.119    i_laser_lock_core_n_36
    SLICE_X42Y61         FDRE                                         r  dac_dat_a_reg[8]/D
  -------------------------------------------------------------------    -------------------

                         (clock pll_dac_clk_1x rise edge)
                                                      0.000     0.000 r  
    U18                                               0.000     0.000 r  adc_clk_i[1] (IN)
                         net (fo=0)                   0.000     0.000    adc_clk_i[1]
    U18                  IBUFDS (Prop_ibufds_I_O)     0.433     0.433 r  i_clk/O
                         net (fo=1, routed)           0.481     0.914    pll/adc_clk_in
    PLLE2_ADV_X0Y0       PLLE2_ADV (Prop_plle2_adv_CLKIN1_CLKOUT1)
                                                      0.054     0.968 r  pll/pll/CLKOUT1
                         net (fo=1, routed)           0.544     1.512    pll_dac_clk_1x
    BUFGCTRL_X0Y2        BUFG (Prop_bufg_I_O)         0.029     1.541 r  bufg_dac_clk_1x/O
                         net (fo=45, routed)          0.858     2.399    dac_clk_1x
    SLICE_X42Y61         FDRE                                         r  dac_dat_a_reg[8]/C
                         clock pessimism             -0.075     2.324    
                         clock uncertainty            0.189     2.513    
    SLICE_X42Y61         FDRE (Hold_fdre_C_D)         0.121     2.634    dac_dat_a_reg[8]
  -------------------------------------------------------------------
                         required time                         -2.634    
                         arrival time                           3.119    
  -------------------------------------------------------------------
                         slack                                  0.485    





---------------------------------------------------------------------------------------------------
Path Group:  **async_default**
From Clock:  pll_adc_clk
  To Clock:  pll_adc_clk

Setup :            0  Failing Endpoints,  Worst Slack        1.833ns,  Total Violation        0.000ns
Hold  :            0  Failing Endpoints,  Worst Slack        2.292ns,  Total Violation        0.000ns
---------------------------------------------------------------------------------------------------


Max Delay Paths
--------------------------------------------------------------------------------------
Slack (MET) :             1.833ns  (required time - arrival time)
  Source:                 adc_rstn_reg_rep__13/C
                            (rising edge-triggered cell FDRE clocked by pll_adc_clk  {rise@0.000ns fall@4.000ns period=8.000ns})
  Destination:            i_laser_lock_core/u_output_protect/data_o_reg[9]/CLR
                            (recovery check against rising-edge clock pll_adc_clk  {rise@0.000ns fall@4.000ns period=8.000ns})
  Path Group:             **async_default**
  Path Type:              Recovery (Max at Slow Process Corner)
  Requirement:            8.000ns  (pll_adc_clk rise@8.000ns - pll_adc_clk rise@0.000ns)
  Data Path Delay:        5.370ns  (logic 0.608ns (11.321%)  route 4.762ns (88.679%))
  Logic Levels:           1  (LUT1=1)
  Clock Path Skew:        -0.121ns (DCD - SCD + CPR)
    Destination Clock Delay (DCD):    5.386ns = ( 13.386 - 8.000 ) 
    Source Clock Delay      (SCD):    5.965ns
    Clock Pessimism Removal (CPR):    0.458ns
  Clock Uncertainty:      0.069ns  ((TSJ^2 + DJ^2)^1/2) / 2 + PE
    Total System Jitter     (TSJ):    0.071ns
    Discrete Jitter          (DJ):    0.118ns
    Phase Error              (PE):    0.000ns

    Location             Delay type                Incr(ns)  Path(ns)    Netlist Resource(s)
  -------------------------------------------------------------------    -------------------
                         (clock pll_adc_clk rise edge)
                                                      0.000     0.000 r  
    U18                                               0.000     0.000 r  adc_clk_i[1] (IN)
                         net (fo=0)                   0.000     0.000    adc_clk_i[1]
    U18                  IBUFDS (Prop_ibufds_I_O)     0.983     0.983 r  i_clk/O
                         net (fo=1, routed)           1.306     2.289    pll/adc_clk_in
    PLLE2_ADV_X0Y0       PLLE2_ADV (Prop_plle2_adv_CLKIN1_CLKOUT0)
                                                      0.089     2.378 r  pll/pll/CLKOUT0
                         net (fo=1, routed)           1.754     4.132    pll_adc_clk
    BUFGCTRL_X0Y0        BUFG (Prop_bufg_I_O)         0.101     4.233 r  bufg_adc_clk/O
                         net (fo=8587, routed)        1.732     5.965    adc_clk
    SLICE_X37Y24         FDRE                                         r  adc_rstn_reg_rep__13/C
  -------------------------------------------------------------------    -------------------
    SLICE_X37Y24         FDRE (Prop_fdre_C_Q)         0.456     6.421 r  adc_rstn_reg_rep__13/Q
                         net (fo=15, routed)          2.097     8.518    i_asg/ch[0]/dac_pnt_reg[0]_0
    SLICE_X37Y73         LUT1 (Prop_lut1_I0_O)        0.152     8.670 f  i_asg/ch[0]/ext_trig_dn[1]_i_1/O
                         net (fo=3680, routed)        2.666    11.336    i_laser_lock_core/u_output_protect/SS[0]
    SLICE_X35Y12         FDCE                                         f  i_laser_lock_core/u_output_protect/data_o_reg[9]/CLR
  -------------------------------------------------------------------    -------------------

                         (clock pll_adc_clk rise edge)
                                                      8.000     8.000 r  
    U18                                               0.000     8.000 r  adc_clk_i[1] (IN)
                         net (fo=0)                   0.000     8.000    adc_clk_i[1]
    U18                  IBUFDS (Prop_ibufds_I_O)     0.940     8.940 r  i_clk/O
                         net (fo=1, routed)           1.181    10.121    pll/adc_clk_in
    PLLE2_ADV_X0Y0       PLLE2_ADV (Prop_plle2_adv_CLKIN1_CLKOUT0)
                                                      0.084    10.205 r  pll/pll/CLKOUT0
                         net (fo=1, routed)           1.594    11.799    pll_adc_clk
    BUFGCTRL_X0Y0        BUFG (Prop_bufg_I_O)         0.091    11.890 r  bufg_adc_clk/O
                         net (fo=8587, routed)        1.496    13.386    i_laser_lock_core/u_output_protect/adc_clk
    SLICE_X35Y12         FDCE                                         r  i_laser_lock_core/u_output_protect/data_o_reg[9]/C
                         clock pessimism              0.458    13.844    
                         clock uncertainty           -0.069    13.775    
    SLICE_X35Y12         FDCE (Recov_fdce_C_CLR)     -0.607    13.168    i_laser_lock_core/u_output_protect/data_o_reg[9]
  -------------------------------------------------------------------
                         required time                         13.168    
                         arrival time                         -11.336    
  -------------------------------------------------------------------
                         slack                                  1.833    





Min Delay Paths
--------------------------------------------------------------------------------------
Slack (MET) :             2.292ns  (arrival time - required time)
  Source:                 adc_rstn_reg_rep__13/C
                            (rising edge-triggered cell FDRE clocked by pll_adc_clk  {rise@0.000ns fall@4.000ns period=8.000ns})
  Destination:            i_laser_lock_core/u_output_protect/data_o_reg[0]/CLR
                            (removal check against rising-edge clock pll_adc_clk  {rise@0.000ns fall@4.000ns period=8.000ns})
  Path Group:             **async_default**
  Path Type:              Removal (Min at Fast Process Corner)
  Requirement:            0.000ns  (pll_adc_clk rise@0.000ns - pll_adc_clk rise@0.000ns)
  Data Path Delay:        2.160ns  (logic 0.185ns (8.566%)  route 1.975ns (91.434%))
  Logic Levels:           1  (LUT1=1)
  Clock Path Skew:        0.022ns (DCD - SCD - CPR)
    Destination Clock Delay (DCD):    2.393ns
    Source Clock Delay      (SCD):    1.992ns
    Clock Pessimism Removal (CPR):    0.379ns

    Location             Delay type                Incr(ns)  Path(ns)    Netlist Resource(s)
  -------------------------------------------------------------------    -------------------
                         (clock pll_adc_clk rise edge)
                                                      0.000     0.000 r  
    U18                                               0.000     0.000 r  adc_clk_i[1] (IN)
                         net (fo=0)                   0.000     0.000    adc_clk_i[1]
    U18                  IBUFDS (Prop_ibufds_I_O)     0.401     0.401 r  i_clk/O
                         net (fo=1, routed)           0.440     0.842    pll/adc_clk_in
    PLLE2_ADV_X0Y0       PLLE2_ADV (Prop_plle2_adv_CLKIN1_CLKOUT0)
                                                      0.051     0.893 r  pll/pll/CLKOUT0
                         net (fo=1, routed)           0.497     1.390    pll_adc_clk
    BUFGCTRL_X0Y0        BUFG (Prop_bufg_I_O)         0.026     1.416 r  bufg_adc_clk/O
                         net (fo=8587, routed)        0.577     1.992    adc_clk
    SLICE_X37Y24         FDRE                                         r  adc_rstn_reg_rep__13/C
  -------------------------------------------------------------------    -------------------
    SLICE_X37Y24         FDRE (Prop_fdre_C_Q)         0.141     2.133 r  adc_rstn_reg_rep__13/Q
                         net (fo=15, routed)          0.786     2.919    i_asg/ch[0]/dac_pnt_reg[0]_0
    SLICE_X37Y73         LUT1 (Prop_lut1_I0_O)        0.044     2.963 f  i_asg/ch[0]/ext_trig_dn[1]_i_1/O
                         net (fo=3680, routed)        1.189     4.152    i_laser_lock_core/u_output_protect/SS[0]
    SLICE_X36Y16         FDCE                                         f  i_laser_lock_core/u_output_protect/data_o_reg[0]/CLR
  -------------------------------------------------------------------    -------------------

                         (clock pll_adc_clk rise edge)
                                                      0.000     0.000 r  
    U18                                               0.000     0.000 r  adc_clk_i[1] (IN)
                         net (fo=0)                   0.000     0.000    adc_clk_i[1]
    U18                  IBUFDS (Prop_ibufds_I_O)     0.433     0.433 r  i_clk/O
                         net (fo=1, routed)           0.481     0.914    pll/adc_clk_in
    PLLE2_ADV_X0Y0       PLLE2_ADV (Prop_plle2_adv_CLKIN1_CLKOUT0)
                                                      0.054     0.968 r  pll/pll/CLKOUT0
                         net (fo=1, routed)           0.544     1.512    pll_adc_clk
    BUFGCTRL_X0Y0        BUFG (Prop_bufg_I_O)         0.029     1.541 r  bufg_adc_clk/O
                         net (fo=8587, routed)        0.852     2.393    i_laser_lock_core/u_output_protect/adc_clk
    SLICE_X36Y16         FDCE                                         r  i_laser_lock_core/u_output_protect/data_o_reg[0]/C
                         clock pessimism             -0.379     2.014    
    SLICE_X36Y16         FDCE (Remov_fdce_C_CLR)     -0.154     1.860    i_laser_lock_core/u_output_protect/data_o_reg[0]
  -------------------------------------------------------------------
                         required time                         -1.860    
                         arrival time                           4.152    
  -------------------------------------------------------------------
                         slack                                  2.292    





--------------------------------------------------------------------------------------
Path Group:  (none)
From Clock:  
  To Clock:  clk_fpga_3

Max Delay             1 Endpoint
Min Delay             1 Endpoint
--------------------------------------------------------------------------------------


Max Delay Paths
--------------------------------------------------------------------------------------
Slack:                    inf
  Source:                 ps/system_i/processing_system7/inst/PS7_i/FCLKRESETN[3]
                            (internal pin)
  Destination:            ps/system_i/proc_sys_reset/U0/EXT_LPF/ACTIVE_LOW_EXT.ACT_LO_EXT/GENERATE_LEVEL_P_S_CDC.SINGLE_BIT.CROSS_PLEVEL_IN2SCNDRY_IN_cdc_to/D
                            (rising edge-triggered cell FDRE clocked by clk_fpga_3  {rise@0.000ns fall@2.500ns period=5.000ns})
  Path Group:             (none)
  Path Type:              Setup (Max at Slow Process Corner)
  Data Path Delay:        2.262ns  (logic 0.124ns (5.481%)  route 2.138ns (94.519%))
  Logic Levels:           1  (LUT1=1)
  Clock Uncertainty:      0.079ns  ((TSJ^2 + TIJ^2)^1/2 + DJ) / 2 + PE
    Total System Jitter     (TSJ):    0.050ns
    Total Input Jitter      (TIJ):    0.150ns
    Discrete Jitter          (DJ):    0.000ns
    Phase Error              (PE):    0.000ns
  Timing Exception:       False Path

    Location             Delay type                Incr(ns)  Path(ns)    Netlist Resource(s)
  -------------------------------------------------------------------    -------------------
    PS7_X0Y0             PS7                          0.000     0.000 f  ps/system_i/processing_system7/inst/PS7_i/FCLKRESETN[3]
                         net (fo=1, routed)           2.138     2.138    ps/system_i/proc_sys_reset/U0/EXT_LPF/ACTIVE_LOW_EXT.ACT_LO_EXT/ext_reset_in
    SLICE_X28Y79         LUT1 (Prop_lut1_I0_O)        0.124     2.262 r  ps/system_i/proc_sys_reset/U0/EXT_LPF/ACTIVE_LOW_EXT.ACT_LO_EXT/GENERATE_LEVEL_P_S_CDC.SINGLE_BIT.CROSS_PLEVEL_IN2SCNDRY_IN_cdc_to_i_1/O
                         net (fo=1, routed)           0.000     2.262    ps/system_i/proc_sys_reset/U0/EXT_LPF/ACTIVE_LOW_EXT.ACT_LO_EXT/exr_d1
    SLICE_X28Y79         FDRE                                         r  ps/system_i/proc_sys_reset/U0/EXT_LPF/ACTIVE_LOW_EXT.ACT_LO_EXT/GENERATE_LEVEL_P_S_CDC.SINGLE_BIT.CROSS_PLEVEL_IN2SCNDRY_IN_cdc_to/D
  -------------------------------------------------------------------    -------------------

                         (clock clk_fpga_3 rise edge)
                                                      0.000     0.000 r  
    PS7_X0Y0             PS7                          0.000     0.000 r  ps/system_i/processing_system7/inst/PS7_i/FCLKCLK[3]
                         net (fo=1, routed)           1.101     1.101    ps/system_i/processing_system7/inst/FCLK_CLK_unbuffered[3]
    BUFGCTRL_X0Y1        BUFG (Prop_bufg_I_O)         0.091     1.192 r  ps/system_i/processing_system7/inst/buffer_fclk_clk_3.FCLK_CLK_3_BUFG/O
                         net (fo=965, routed)         1.478     2.670    ps/system_i/proc_sys_reset/U0/EXT_LPF/ACTIVE_LOW_EXT.ACT_LO_EXT/slowest_sync_clk
    SLICE_X28Y79         FDRE                                         r  ps/system_i/proc_sys_reset/U0/EXT_LPF/ACTIVE_LOW_EXT.ACT_LO_EXT/GENERATE_LEVEL_P_S_CDC.SINGLE_BIT.CROSS_PLEVEL_IN2SCNDRY_IN_cdc_to/C





Min Delay Paths
--------------------------------------------------------------------------------------
Slack:                    inf
  Source:                 ps/system_i/processing_system7/inst/PS7_i/FCLKRESETN[3]
                            (internal pin)
  Destination:            ps/system_i/proc_sys_reset/U0/EXT_LPF/ACTIVE_LOW_EXT.ACT_LO_EXT/GENERATE_LEVEL_P_S_CDC.SINGLE_BIT.CROSS_PLEVEL_IN2SCNDRY_IN_cdc_to/D
                            (rising edge-triggered cell FDRE clocked by clk_fpga_3  {rise@0.000ns fall@2.500ns period=5.000ns})
  Path Group:             (none)
  Path Type:              Hold (Min at Fast Process Corner)
  Data Path Delay:        1.000ns  (logic 0.045ns (4.499%)  route 0.955ns (95.501%))
  Logic Levels:           1  (LUT1=1)
  Clock Uncertainty:      0.079ns  ((TSJ^2 + TIJ^2)^1/2 + DJ) / 2 + PE
    Total System Jitter     (TSJ):    0.050ns
    Total Input Jitter      (TIJ):    0.150ns
    Discrete Jitter          (DJ):    0.000ns
    Phase Error              (PE):    0.000ns
  Timing Exception:       False Path

    Location             Delay type                Incr(ns)  Path(ns)    Netlist Resource(s)
  -------------------------------------------------------------------    -------------------
    PS7_X0Y0             PS7                          0.000     0.000 f  ps/system_i/processing_system7/inst/PS7_i/FCLKRESETN[3]
                         net (fo=1, routed)           0.955     0.955    ps/system_i/proc_sys_reset/U0/EXT_LPF/ACTIVE_LOW_EXT.ACT_LO_EXT/ext_reset_in
    SLICE_X28Y79         LUT1 (Prop_lut1_I0_O)        0.045     1.000 r  ps/system_i/proc_sys_reset/U0/EXT_LPF/ACTIVE_LOW_EXT.ACT_LO_EXT/GENERATE_LEVEL_P_S_CDC.SINGLE_BIT.CROSS_PLEVEL_IN2SCNDRY_IN_cdc_to_i_1/O
                         net (fo=1, routed)           0.000     1.000    ps/system_i/proc_sys_reset/U0/EXT_LPF/ACTIVE_LOW_EXT.ACT_LO_EXT/exr_d1
    SLICE_X28Y79         FDRE                                         r  ps/system_i/proc_sys_reset/U0/EXT_LPF/ACTIVE_LOW_EXT.ACT_LO_EXT/GENERATE_LEVEL_P_S_CDC.SINGLE_BIT.CROSS_PLEVEL_IN2SCNDRY_IN_cdc_to/D
  -------------------------------------------------------------------    -------------------

                         (clock clk_fpga_3 rise edge)
                                                      0.000     0.000 r  
    PS7_X0Y0             PS7                          0.000     0.000 r  ps/system_i/processing_system7/inst/PS7_i/FCLKCLK[3]
                         net (fo=1, routed)           0.341     0.341    ps/system_i/processing_system7/inst/FCLK_CLK_unbuffered[3]
    BUFGCTRL_X0Y1        BUFG (Prop_bufg_I_O)         0.029     0.370 r  ps/system_i/processing_system7/inst/buffer_fclk_clk_3.FCLK_CLK_3_BUFG/O
                         net (fo=965, routed)         0.819     1.189    ps/system_i/proc_sys_reset/U0/EXT_LPF/ACTIVE_LOW_EXT.ACT_LO_EXT/slowest_sync_clk
    SLICE_X28Y79         FDRE                                         r  ps/system_i/proc_sys_reset/U0/EXT_LPF/ACTIVE_LOW_EXT.ACT_LO_EXT/GENERATE_LEVEL_P_S_CDC.SINGLE_BIT.CROSS_PLEVEL_IN2SCNDRY_IN_cdc_to/C





--------------------------------------------------------------------------------------
Path Group:  (none)
From Clock:  clk_fpga_0
  To Clock:  pll_adc_clk

Max Delay            32 Endpoints
Min Delay            32 Endpoints
--------------------------------------------------------------------------------------


Max Delay Paths
--------------------------------------------------------------------------------------
Slack:                    inf
  Source:                 locked_pll_cnt_reg[30]/C
                            (rising edge-triggered cell FDRE clocked by clk_fpga_0  {rise@0.000ns fall@4.000ns period=8.000ns})
  Destination:            locked_pll_cnt_r_reg[30]/D
                            (rising edge-triggered cell FDRE clocked by pll_adc_clk  {rise@0.000ns fall@4.000ns period=8.000ns})
  Path Group:             (none)
  Path Type:              Setup (Max at Slow Process Corner)
  Data Path Delay:        1.388ns  (logic 0.456ns (32.854%)  route 0.932ns (67.146%))
  Logic Levels:           0  
  Clock Path Skew:        2.404ns (DCD - SCD + CPR)
    Destination Clock Delay (DCD):    5.380ns
    Source Clock Delay      (SCD):    2.976ns
    Clock Pessimism Removal (CPR):    0.000ns
  Clock Uncertainty:      0.235ns  ((TSJ^2 + TIJ^2 + DJ^2)^1/2) / 2 + PE
    Total System Jitter     (TSJ):    0.071ns
    Total Input Jitter      (TIJ):    0.240ns
    Discrete Jitter          (DJ):    0.118ns
    Phase Error              (PE):    0.097ns
  Timing Exception:       False Path

    Location             Delay type                Incr(ns)  Path(ns)    Netlist Resource(s)
  -------------------------------------------------------------------    -------------------
                         (clock clk_fpga_0 rise edge)
                                                      0.000     0.000 r  
    PS7_X0Y0             PS7                          0.000     0.000 r  ps/system_i/processing_system7/inst/PS7_i/FCLKCLK[0]
                         net (fo=1, routed)           1.207     1.207    ps/lopt
    BUFGCTRL_X0Y5        BUFG (Prop_bufg_I_O)         0.101     1.308 r  ps/fclk_buf[0]/O
                         net (fo=32, routed)          1.668     2.976    fclk
    SLICE_X13Y59         FDRE                                         r  locked_pll_cnt_reg[30]/C
  -------------------------------------------------------------------    -------------------
    SLICE_X13Y59         FDRE (Prop_fdre_C_Q)         0.456     3.432 r  locked_pll_cnt_reg[30]/Q
                         net (fo=2, routed)           0.932     4.364    locked_pll_cnt_reg[30]
    SLICE_X15Y58         FDRE                                         r  locked_pll_cnt_r_reg[30]/D
  -------------------------------------------------------------------    -------------------

                         (clock pll_adc_clk rise edge)
                                                      0.000     0.000 r  
    U18                                               0.000     0.000 r  adc_clk_i[1] (IN)
                         net (fo=0)                   0.000     0.000    adc_clk_i[1]
    U18                  IBUFDS (Prop_ibufds_I_O)     0.940     0.940 r  i_clk/O
                         net (fo=1, routed)           1.181     2.121    pll/adc_clk_in
    PLLE2_ADV_X0Y0       PLLE2_ADV (Prop_plle2_adv_CLKIN1_CLKOUT0)
                                                      0.084     2.205 r  pll/pll/CLKOUT0
                         net (fo=1, routed)           1.594     3.799    pll_adc_clk
    BUFGCTRL_X0Y0        BUFG (Prop_bufg_I_O)         0.091     3.890 r  bufg_adc_clk/O
                         net (fo=8587, routed)        1.490     5.380    adc_clk
    SLICE_X15Y58         FDRE                                         r  locked_pll_cnt_r_reg[30]/C





Min Delay Paths
--------------------------------------------------------------------------------------
Slack:                    inf
  Source:                 locked_pll_cnt_reg[7]/C
                            (rising edge-triggered cell FDRE clocked by clk_fpga_0  {rise@0.000ns fall@4.000ns period=8.000ns})
  Destination:            locked_pll_cnt_r_reg[7]/D
                            (rising edge-triggered cell FDRE clocked by pll_adc_clk  {rise@0.000ns fall@4.000ns period=8.000ns})
  Path Group:             (none)
  Path Type:              Hold (Min at Fast Process Corner)
  Data Path Delay:        0.282ns  (logic 0.141ns (50.053%)  route 0.141ns (49.947%))
  Logic Levels:           0  
  Clock Path Skew:        1.466ns (DCD - SCD - CPR)
    Destination Clock Delay (DCD):    2.371ns
    Source Clock Delay      (SCD):    0.905ns
    Clock Pessimism Removal (CPR):    -0.000ns
  Clock Uncertainty:      0.235ns  ((TSJ^2 + TIJ^2 + DJ^2)^1/2) / 2 + PE
    Total System Jitter     (TSJ):    0.071ns
    Total Input Jitter      (TIJ):    0.240ns
    Discrete Jitter          (DJ):    0.118ns
    Phase Error              (PE):    0.097ns
  Timing Exception:       False Path

    Location             Delay type                Incr(ns)  Path(ns)    Netlist Resource(s)
  -------------------------------------------------------------------    -------------------
                         (clock clk_fpga_0 rise edge)
                                                      0.000     0.000 r  
    PS7_X0Y0             PS7                          0.000     0.000 r  ps/system_i/processing_system7/inst/PS7_i/FCLKCLK[0]
                         net (fo=1, routed)           0.315     0.315    ps/lopt
    BUFGCTRL_X0Y5        BUFG (Prop_bufg_I_O)         0.026     0.341 r  ps/fclk_buf[0]/O
                         net (fo=32, routed)          0.564     0.905    fclk
    SLICE_X13Y53         FDRE                                         r  locked_pll_cnt_reg[7]/C
  -------------------------------------------------------------------    -------------------
    SLICE_X13Y53         FDRE (Prop_fdre_C_Q)         0.141     1.046 r  locked_pll_cnt_reg[7]/Q
                         net (fo=2, routed)           0.141     1.186    locked_pll_cnt_reg[7]
    SLICE_X14Y53         FDRE                                         r  locked_pll_cnt_r_reg[7]/D
  -------------------------------------------------------------------    -------------------

                         (clock pll_adc_clk rise edge)
                                                      0.000     0.000 r  
    U18                                               0.000     0.000 r  adc_clk_i[1] (IN)
                         net (fo=0)                   0.000     0.000    adc_clk_i[1]
    U18                  IBUFDS (Prop_ibufds_I_O)     0.433     0.433 r  i_clk/O
                         net (fo=1, routed)           0.481     0.914    pll/adc_clk_in
    PLLE2_ADV_X0Y0       PLLE2_ADV (Prop_plle2_adv_CLKIN1_CLKOUT0)
                                                      0.054     0.968 r  pll/pll/CLKOUT0
                         net (fo=1, routed)           0.544     1.512    pll_adc_clk
    BUFGCTRL_X0Y0        BUFG (Prop_bufg_I_O)         0.029     1.541 r  bufg_adc_clk/O
                         net (fo=8587, routed)        0.830     2.371    adc_clk
    SLICE_X14Y53         FDRE                                         r  locked_pll_cnt_r_reg[7]/C





--------------------------------------------------------------------------------------
Path Group:  (none)
From Clock:  clk_fb
  To Clock:  

Max Delay             1 Endpoint
Min Delay             1 Endpoint
--------------------------------------------------------------------------------------


Max Delay Paths
--------------------------------------------------------------------------------------
Slack:                    inf
  Source:                 pll/pll/CLKFBOUT
                            (clock source 'clk_fb'  {rise@0.000ns fall@4.000ns period=8.000ns})
  Destination:            pll/pll/CLKFBIN
  Path Group:             (none)
  Path Type:              Max at Slow Process Corner
  Data Path Delay:        0.014ns  (logic 0.000ns (0.000%)  route 0.014ns (100.001%))
  Logic Levels:           0  
  Clock Uncertainty:      0.144ns  ((TSJ^2 + DJ^2)^1/2) / 2 + PE
    Total System Jitter     (TSJ):    0.050ns
    Discrete Jitter          (DJ):    0.079ns
    Phase Error              (PE):    0.097ns

    Location             Delay type                Incr(ns)  Path(ns)    Netlist Resource(s)
  -------------------------------------------------------------------    -------------------
                         (clock clk_fb fall edge)     4.000     4.000 f  
    U18                                               0.000     4.000 f  adc_clk_i[1] (IN)
                         net (fo=0)                   0.000     4.000    adc_clk_i[1]
    U18                  IBUFDS (Prop_ibufds_I_O)     0.983     4.983 f  i_clk/O
                         net (fo=1, routed)           1.306     6.289    pll/adc_clk_in
  -------------------------------------------------------------------    -------------------
    PLLE2_ADV_X0Y0       PLLE2_ADV (Prop_plle2_adv_CLKIN1_CLKFBOUT)
                                                      0.089     6.378 f  pll/pll/CLKFBOUT
                         net (fo=1, routed)           0.014     6.392    pll/clk_fb
    PLLE2_ADV_X0Y0       PLLE2_ADV                                    f  pll/pll/CLKFBIN
  -------------------------------------------------------------------    -------------------





Min Delay Paths
--------------------------------------------------------------------------------------
Slack:                    inf
  Source:                 pll/pll/CLKFBOUT
                            (clock source 'clk_fb'  {rise@0.000ns fall@4.000ns period=8.000ns})
  Destination:            pll/pll/CLKFBIN
  Path Group:             (none)
  Path Type:              Min at Fast Process Corner
  Data Path Delay:        0.005ns  (logic 0.000ns (0.000%)  route 0.005ns (100.000%))
  Logic Levels:           0  
  Clock Uncertainty:      0.144ns  ((TSJ^2 + DJ^2)^1/2) / 2 + PE
    Total System Jitter     (TSJ):    0.050ns
    Discrete Jitter          (DJ):    0.079ns
    Phase Error              (PE):    0.097ns

    Location             Delay type                Incr(ns)  Path(ns)    Netlist Resource(s)
  -------------------------------------------------------------------    -------------------
                         (clock clk_fb rise edge)     0.000     0.000 r  
    U18                                               0.000     0.000 r  adc_clk_i[1] (IN)
                         net (fo=0)                   0.000     0.000    adc_clk_i[1]
    U18                  IBUFDS (Prop_ibufds_I_O)     0.401     0.401 r  i_clk/O
                         net (fo=1, routed)           0.440     0.842    pll/adc_clk_in
  -------------------------------------------------------------------    -------------------
    PLLE2_ADV_X0Y0       PLLE2_ADV (Prop_plle2_adv_CLKIN1_CLKFBOUT)
                                                      0.051     0.893 r  pll/pll/CLKFBOUT
                         net (fo=1, routed)           0.005     0.898    pll/clk_fb
    PLLE2_ADV_X0Y0       PLLE2_ADV                                    r  pll/pll/CLKFBIN
  -------------------------------------------------------------------    -------------------





--------------------------------------------------------------------------------------
Path Group:  (none)
From Clock:  pll_adc_clk
  To Clock:  

Max Delay            24 Endpoints
Min Delay            24 Endpoints
--------------------------------------------------------------------------------------


Max Delay Paths
--------------------------------------------------------------------------------------
Slack:                    inf
  Source:                 i_asg/ch[0]/trig_in_reg/C
                            (rising edge-triggered cell FDRE clocked by pll_adc_clk  {rise@0.000ns fall@4.000ns period=8.000ns})
  Destination:            exp_n_io[0]
                            (output port)
  Path Group:             (none)
  Path Type:              Max at Slow Process Corner
  Data Path Delay:        9.890ns  (logic 4.109ns (41.552%)  route 5.780ns (58.448%))
  Logic Levels:           3  (LUT2=1 LUT5=1 OBUFT=1)
  Clock Uncertainty:      0.161ns  ((TSJ^2 + DJ^2)^1/2) / 2 + PE
    Total System Jitter     (TSJ):    0.050ns
    Discrete Jitter          (DJ):    0.118ns
    Phase Error              (PE):    0.097ns

    Location             Delay type                Incr(ns)  Path(ns)    Netlist Resource(s)
  -------------------------------------------------------------------    -------------------
                         (clock pll_adc_clk rise edge)
                                                      0.000     0.000 r  
    U18                                               0.000     0.000 r  adc_clk_i[1] (IN)
                         net (fo=0)                   0.000     0.000    adc_clk_i[1]
    U18                  IBUFDS (Prop_ibufds_I_O)     0.983     0.983 r  i_clk/O
                         net (fo=1, routed)           1.306     2.289    pll/adc_clk_in
    PLLE2_ADV_X0Y0       PLLE2_ADV (Prop_plle2_adv_CLKIN1_CLKOUT0)
                                                      0.089     2.378 r  pll/pll/CLKOUT0
                         net (fo=1, routed)           1.754     4.132    pll_adc_clk
    BUFGCTRL_X0Y0        BUFG (Prop_bufg_I_O)         0.101     4.233 r  bufg_adc_clk/O
                         net (fo=8587, routed)        1.658     5.891    i_asg/ch[0]/adc_clk
    SLICE_X18Y63         FDRE                                         r  i_asg/ch[0]/trig_in_reg/C
  -------------------------------------------------------------------    -------------------
    SLICE_X18Y63         FDRE (Prop_fdre_C_Q)         0.456     6.347 r  i_asg/ch[0]/trig_in_reg/Q
                         net (fo=18, routed)          1.424     7.771    i_asg/ch[0]/trig_in
    SLICE_X33Y65         LUT2 (Prop_lut2_I0_O)        0.154     7.925 r  i_asg/ch[0]/asg_trig_in[0]_i_1/O
                         net (fo=5, routed)           1.428     9.353    i_hk/D[0]
    SLICE_X21Y56         LUT5 (Prop_lut5_I4_O)        0.327     9.680 r  i_hk/i_iobufn[0]_i_1/O
                         net (fo=1, routed)           2.928    12.609    i_iobufn[0]/I
    G18                  OBUFT (Prop_obuft_I_O)       3.172    15.781 r  i_iobufn[0]/OBUFT/O
                         net (fo=1, unset)            0.000    15.781    exp_n_io[0]
    G18                                                               r  exp_n_io[0] (INOUT)
  -------------------------------------------------------------------    -------------------





Min Delay Paths
--------------------------------------------------------------------------------------
Slack:                    inf
  Source:                 pdm/for_chn[2].pdm_reg[2]/C
                            (rising edge-triggered cell FDRE clocked by pll_adc_clk  {rise@0.000ns fall@4.000ns period=8.000ns})
  Destination:            dac_pwm_o[2]
                            (output port)
  Path Group:             (none)
  Path Type:              Min at Fast Process Corner
  Data Path Delay:        1.049ns  (logic 1.048ns (99.905%)  route 0.001ns (0.095%))
  Logic Levels:           1  (OBUF=1)
  Clock Uncertainty:      0.161ns  ((TSJ^2 + DJ^2)^1/2) / 2 + PE
    Total System Jitter     (TSJ):    0.050ns
    Discrete Jitter          (DJ):    0.118ns
    Phase Error              (PE):    0.097ns

    Location             Delay type                Incr(ns)  Path(ns)    Netlist Resource(s)
  -------------------------------------------------------------------    -------------------
                         (clock pll_adc_clk rise edge)
                                                      0.000     0.000 r  
    U18                                               0.000     0.000 r  adc_clk_i[1] (IN)
                         net (fo=0)                   0.000     0.000    adc_clk_i[1]
    U18                  IBUFDS (Prop_ibufds_I_O)     0.401     0.401 r  i_clk/O
                         net (fo=1, routed)           0.440     0.842    pll/adc_clk_in
    PLLE2_ADV_X0Y0       PLLE2_ADV (Prop_plle2_adv_CLKIN1_CLKOUT0)
                                                      0.051     0.893 r  pll/pll/CLKOUT0
                         net (fo=1, routed)           0.497     1.390    pll_adc_clk
    BUFGCTRL_X0Y0        BUFG (Prop_bufg_I_O)         0.026     1.416 r  bufg_adc_clk/O
                         net (fo=8587, routed)        0.584     1.999    pdm/clk_i
    OLOGIC_X0Y2          FDRE                                         r  pdm/for_chn[2].pdm_reg[2]/C
  -------------------------------------------------------------------    -------------------
    OLOGIC_X0Y2          FDRE (Prop_fdre_C_Q)         0.177     2.176 r  pdm/for_chn[2].pdm_reg[2]/Q
                         net (fo=1, routed)           0.001     2.177    dac_pwm_o_OBUF[2]
    P15                  OBUF (Prop_obuf_I_O)         0.871     3.048 r  dac_pwm_o_OBUF[2]_inst/O
                         net (fo=0)                   0.000     3.048    dac_pwm_o[2]
    P15                                                               r  dac_pwm_o[2] (OUT)
  -------------------------------------------------------------------    -------------------





--------------------------------------------------------------------------------------
Path Group:  (none)
From Clock:  pll_dac_clk_1x
  To Clock:  

Max Delay            16 Endpoints
Min Delay            16 Endpoints
--------------------------------------------------------------------------------------


Max Delay Paths
--------------------------------------------------------------------------------------
Slack:                    inf
  Source:                 oddr_dac_dat[0]/C
                            (falling edge-triggered cell ODDR clocked by pll_dac_clk_1x  {rise@0.000ns fall@4.000ns period=8.000ns})
  Destination:            dac_dat_o[0]
                            (output port)
  Path Group:             (none)
  Path Type:              Max at Slow Process Corner
  Data Path Delay:        3.730ns  (logic 3.729ns (99.973%)  route 0.001ns (0.027%))
  Logic Levels:           1  (OBUF=1)
  Clock Uncertainty:      0.161ns  ((TSJ^2 + DJ^2)^1/2) / 2 + PE
    Total System Jitter     (TSJ):    0.050ns
    Discrete Jitter          (DJ):    0.118ns
    Phase Error              (PE):    0.097ns

    Location             Delay type                Incr(ns)  Path(ns)    Netlist Resource(s)
  -------------------------------------------------------------------    -------------------
                         (clock pll_dac_clk_1x fall edge)
                                                      4.000     4.000 f  
    U18                                               0.000     4.000 f  adc_clk_i[1] (IN)
                         net (fo=0)                   0.000     4.000    adc_clk_i[1]
    U18                  IBUFDS (Prop_ibufds_I_O)     0.983     4.983 f  i_clk/O
                         net (fo=1, routed)           1.306     6.289    pll/adc_clk_in
    PLLE2_ADV_X0Y0       PLLE2_ADV (Prop_plle2_adv_CLKIN1_CLKOUT1)
                                                      0.089     6.378 f  pll/pll/CLKOUT1
                         net (fo=1, routed)           1.754     8.132    pll_dac_clk_1x
    BUFGCTRL_X0Y2        BUFG (Prop_bufg_I_O)         0.101     8.233 f  bufg_dac_clk_1x/O
                         net (fo=45, routed)          1.759     9.993    dac_clk_1x
    OLOGIC_X0Y86         ODDR                                         f  oddr_dac_dat[0]/C
  -------------------------------------------------------------------    -------------------
    OLOGIC_X0Y86         ODDR (Prop_oddr_C_Q)         0.472    10.465 r  oddr_dac_dat[0]/Q
                         net (fo=1, routed)           0.001    10.466    dac_dat_o_OBUF[0]
    M19                  OBUF (Prop_obuf_I_O)         3.257    13.722 r  dac_dat_o_OBUF[0]_inst/O
                         net (fo=0)                   0.000    13.722    dac_dat_o[0]
    M19                                                               r  dac_dat_o[0] (OUT)
  -------------------------------------------------------------------    -------------------





Min Delay Paths
--------------------------------------------------------------------------------------
Slack:                    inf
  Source:                 oddr_dac_dat[7]/C
                            (rising edge-triggered cell ODDR clocked by pll_dac_clk_1x  {rise@0.000ns fall@4.000ns period=8.000ns})
  Destination:            dac_dat_o[7]
                            (output port)
  Path Group:             (none)
  Path Type:              Min at Fast Process Corner
  Data Path Delay:        1.515ns  (logic 1.514ns (99.934%)  route 0.001ns (0.066%))
  Logic Levels:           1  (OBUF=1)
  Clock Uncertainty:      0.161ns  ((TSJ^2 + DJ^2)^1/2) / 2 + PE
    Total System Jitter     (TSJ):    0.050ns
    Discrete Jitter          (DJ):    0.118ns
    Phase Error              (PE):    0.097ns

    Location             Delay type                Incr(ns)  Path(ns)    Netlist Resource(s)
  -------------------------------------------------------------------    -------------------
                         (clock pll_dac_clk_1x rise edge)
                                                      0.000     0.000 r  
    U18                                               0.000     0.000 r  adc_clk_i[1] (IN)
                         net (fo=0)                   0.000     0.000    adc_clk_i[1]
    U18                  IBUFDS (Prop_ibufds_I_O)     0.401     0.401 r  i_clk/O
                         net (fo=1, routed)           0.440     0.842    pll/adc_clk_in
    PLLE2_ADV_X0Y0       PLLE2_ADV (Prop_plle2_adv_CLKIN1_CLKOUT1)
                                                      0.051     0.893 r  pll/pll/CLKOUT1
                         net (fo=1, routed)           0.497     1.390    pll_dac_clk_1x
    BUFGCTRL_X0Y2        BUFG (Prop_bufg_I_O)         0.026     1.416 r  bufg_dac_clk_1x/O
                         net (fo=45, routed)          0.578     1.993    dac_clk_1x
    OLOGIC_X0Y65         ODDR                                         r  oddr_dac_dat[7]/C
  -------------------------------------------------------------------    -------------------
    OLOGIC_X0Y65         ODDR (Prop_oddr_C_Q)         0.177     2.170 r  oddr_dac_dat[7]/Q
                         net (fo=1, routed)           0.001     2.171    dac_dat_o_OBUF[7]
    H20                  OBUF (Prop_obuf_I_O)         1.337     3.508 r  dac_dat_o_OBUF[7]_inst/O
                         net (fo=0)                   0.000     3.508    dac_dat_o[7]
    H20                                                               r  dac_dat_o[7] (OUT)
  -------------------------------------------------------------------    -------------------





--------------------------------------------------------------------------------------
Path Group:  (none)
From Clock:  pll_dac_clk_2p
  To Clock:  

Max Delay             1 Endpoint
Min Delay             1 Endpoint
--------------------------------------------------------------------------------------


Max Delay Paths
--------------------------------------------------------------------------------------
Slack:                    inf
  Source:                 oddr_dac_clk/C
                            (rising edge-triggered cell ODDR clocked by pll_dac_clk_2p  {rise@-0.500ns fall@1.500ns period=4.000ns})
  Destination:            dac_clk_o
                            (output port)
  Path Group:             (none)
  Path Type:              Max at Slow Process Corner
  Data Path Delay:        3.718ns  (logic 3.717ns (99.973%)  route 0.001ns (0.027%))
  Logic Levels:           1  (OBUF=1)
  Clock Uncertainty:      0.154ns  ((TSJ^2 + DJ^2)^1/2) / 2 + PE
    Total System Jitter     (TSJ):    0.050ns
    Discrete Jitter          (DJ):    0.104ns
    Phase Error              (PE):    0.097ns

    Location             Delay type                Incr(ns)  Path(ns)    Netlist Resource(s)
  -------------------------------------------------------------------    -------------------
                         (clock pll_dac_clk_2p rise edge)
                                                      3.500     3.500 r  
    U18                                               0.000     3.500 r  adc_clk_i[1] (IN)
                         net (fo=0)                   0.000     3.500    adc_clk_i[1]
    U18                  IBUFDS (Prop_ibufds_I_O)     0.983     4.483 r  i_clk/O
                         net (fo=1, routed)           1.306     5.789    pll/adc_clk_in
    PLLE2_ADV_X0Y0       PLLE2_ADV (Prop_plle2_adv_CLKIN1_CLKOUT3)
                                                      0.089     5.878 r  pll/pll/CLKOUT3
                         net (fo=1, routed)           1.754     7.632    pll_dac_clk_2p
    BUFGCTRL_X0Y3        BUFG (Prop_bufg_I_O)         0.101     7.733 r  bufg_dac_clk_2p/O
                         net (fo=1, routed)           1.758     9.492    dac_clk_2p
    OLOGIC_X0Y83         ODDR                                         r  oddr_dac_clk/C
  -------------------------------------------------------------------    -------------------
    OLOGIC_X0Y83         ODDR (Prop_oddr_C_Q)         0.472     9.964 r  oddr_dac_clk/Q
                         net (fo=1, routed)           0.001     9.965    dac_clk_o_OBUF
    M18                  OBUF (Prop_obuf_I_O)         3.245    13.210 r  dac_clk_o_OBUF_inst/O
                         net (fo=0)                   0.000    13.210    dac_clk_o
    M18                                                               r  dac_clk_o (OUT)
  -------------------------------------------------------------------    -------------------





Min Delay Paths
--------------------------------------------------------------------------------------
Slack:                    inf
  Source:                 oddr_dac_clk/C
                            (falling edge-triggered cell ODDR clocked by pll_dac_clk_2p  {rise@-0.500ns fall@1.500ns period=4.000ns})
  Destination:            dac_clk_o
                            (output port)
  Path Group:             (none)
  Path Type:              Min at Fast Process Corner
  Data Path Delay:        1.587ns  (logic 1.586ns (99.937%)  route 0.001ns (0.063%))
  Logic Levels:           1  (OBUF=1)
  Clock Uncertainty:      0.154ns  ((TSJ^2 + DJ^2)^1/2) / 2 + PE
    Total System Jitter     (TSJ):    0.050ns
    Discrete Jitter          (DJ):    0.104ns
    Phase Error              (PE):    0.097ns

    Location             Delay type                Incr(ns)  Path(ns)    Netlist Resource(s)
  -------------------------------------------------------------------    -------------------
                         (clock pll_dac_clk_2p fall edge)
                                                      1.500     1.500 f  
    U18                                               0.000     1.500 f  adc_clk_i[1] (IN)
                         net (fo=0)                   0.000     1.500    adc_clk_i[1]
    U18                  IBUFDS (Prop_ibufds_I_O)     0.401     1.901 f  i_clk/O
                         net (fo=1, routed)           0.440     2.342    pll/adc_clk_in
    PLLE2_ADV_X0Y0       PLLE2_ADV (Prop_plle2_adv_CLKIN1_CLKOUT3)
                                                      0.051     2.393 f  pll/pll/CLKOUT3
                         net (fo=1, routed)           0.497     2.890    pll_dac_clk_2p
    BUFGCTRL_X0Y3        BUFG (Prop_bufg_I_O)         0.026     2.916 f  bufg_dac_clk_2p/O
                         net (fo=1, routed)           0.578     3.493    dac_clk_2p
    OLOGIC_X0Y83         ODDR                                         f  oddr_dac_clk/C
  -------------------------------------------------------------------    -------------------
    OLOGIC_X0Y83         ODDR (Prop_oddr_C_Q)         0.177     3.670 r  oddr_dac_clk/Q
                         net (fo=1, routed)           0.001     3.671    dac_clk_o_OBUF
    M18                  OBUF (Prop_obuf_I_O)         1.409     5.080 r  dac_clk_o_OBUF_inst/O
                         net (fo=0)                   0.000     5.080    dac_clk_o
    M18                                                               r  dac_clk_o (OUT)
  -------------------------------------------------------------------    -------------------





--------------------------------------------------------------------------------------
Path Group:  (none)
From Clock:  pll_dac_clk_2x
  To Clock:  

Max Delay             1 Endpoint
Min Delay             1 Endpoint
--------------------------------------------------------------------------------------


Max Delay Paths
--------------------------------------------------------------------------------------
Slack:                    inf
  Source:                 oddr_dac_wrt/C
                            (falling edge-triggered cell ODDR clocked by pll_dac_clk_2x  {rise@0.000ns fall@2.000ns period=4.000ns})
  Destination:            dac_wrt_o
                            (output port)
  Path Group:             (none)
  Path Type:              Max at Slow Process Corner
  Data Path Delay:        3.725ns  (logic 3.724ns (99.973%)  route 0.001ns (0.027%))
  Logic Levels:           1  (OBUF=1)
  Clock Uncertainty:      0.154ns  ((TSJ^2 + DJ^2)^1/2) / 2 + PE
    Total System Jitter     (TSJ):    0.050ns
    Discrete Jitter          (DJ):    0.104ns
    Phase Error              (PE):    0.097ns

    Location             Delay type                Incr(ns)  Path(ns)    Netlist Resource(s)
  -------------------------------------------------------------------    -------------------
                         (clock pll_dac_clk_2x fall edge)
                                                      2.000     2.000 f  
    U18                                               0.000     2.000 f  adc_clk_i[1] (IN)
                         net (fo=0)                   0.000     2.000    adc_clk_i[1]
    U18                  IBUFDS (Prop_ibufds_I_O)     0.983     2.983 f  i_clk/O
                         net (fo=1, routed)           1.306     4.289    pll/adc_clk_in
    PLLE2_ADV_X0Y0       PLLE2_ADV (Prop_plle2_adv_CLKIN1_CLKOUT2)
                                                      0.089     4.378 f  pll/pll/CLKOUT2
                         net (fo=1, routed)           1.754     6.132    pll_dac_clk_2x
    BUFGCTRL_X0Y4        BUFG (Prop_bufg_I_O)         0.101     6.233 f  bufg_dac_clk_2x/O
                         net (fo=1, routed)           1.758     7.992    dac_clk_2x
    OLOGIC_X0Y84         ODDR                                         f  oddr_dac_wrt/C
  -------------------------------------------------------------------    -------------------
    OLOGIC_X0Y84         ODDR (Prop_oddr_C_Q)         0.472     8.464 r  oddr_dac_wrt/Q
                         net (fo=1, routed)           0.001     8.465    dac_wrt_o_OBUF
    M17                  OBUF (Prop_obuf_I_O)         3.252    11.716 r  dac_wrt_o_OBUF_inst/O
                         net (fo=0)                   0.000    11.716    dac_wrt_o
    M17                                                               r  dac_wrt_o (OUT)
  -------------------------------------------------------------------    -------------------





Min Delay Paths
--------------------------------------------------------------------------------------
Slack:                    inf
  Source:                 oddr_dac_wrt/C
                            (rising edge-triggered cell ODDR clocked by pll_dac_clk_2x  {rise@0.000ns fall@2.000ns period=4.000ns})
  Destination:            dac_wrt_o
                            (output port)
  Path Group:             (none)
  Path Type:              Min at Fast Process Corner
  Data Path Delay:        1.593ns  (logic 1.592ns (99.937%)  route 0.001ns (0.063%))
  Logic Levels:           1  (OBUF=1)
  Clock Uncertainty:      0.154ns  ((TSJ^2 + DJ^2)^1/2) / 2 + PE
    Total System Jitter     (TSJ):    0.050ns
    Discrete Jitter          (DJ):    0.104ns
    Phase Error              (PE):    0.097ns

    Location             Delay type                Incr(ns)  Path(ns)    Netlist Resource(s)
  -------------------------------------------------------------------    -------------------
                         (clock pll_dac_clk_2x rise edge)
                                                      0.000     0.000 r  
    U18                                               0.000     0.000 r  adc_clk_i[1] (IN)
                         net (fo=0)                   0.000     0.000    adc_clk_i[1]
    U18                  IBUFDS (Prop_ibufds_I_O)     0.401     0.401 r  i_clk/O
                         net (fo=1, routed)           0.440     0.842    pll/adc_clk_in
    PLLE2_ADV_X0Y0       PLLE2_ADV (Prop_plle2_adv_CLKIN1_CLKOUT2)
                                                      0.051     0.893 r  pll/pll/CLKOUT2
                         net (fo=1, routed)           0.497     1.390    pll_dac_clk_2x
    BUFGCTRL_X0Y4        BUFG (Prop_bufg_I_O)         0.026     1.416 r  bufg_dac_clk_2x/O
                         net (fo=1, routed)           0.578     1.993    dac_clk_2x
    OLOGIC_X0Y84         ODDR                                         r  oddr_dac_wrt/C
  -------------------------------------------------------------------    -------------------
    OLOGIC_X0Y84         ODDR (Prop_oddr_C_Q)         0.177     2.170 r  oddr_dac_wrt/Q
                         net (fo=1, routed)           0.001     2.171    dac_wrt_o_OBUF
    M17                  OBUF (Prop_obuf_I_O)         1.415     3.586 r  dac_wrt_o_OBUF_inst/O
                         net (fo=0)                   0.000     3.586    dac_wrt_o
    M17                                                               r  dac_wrt_o (OUT)
  -------------------------------------------------------------------    -------------------





--------------------------------------------------------------------------------------
Path Group:  (none)
From Clock:  
  To Clock:  clk_fpga_0

Max Delay            64 Endpoints
Min Delay            64 Endpoints
--------------------------------------------------------------------------------------


Max Delay Paths
--------------------------------------------------------------------------------------
Slack:                    inf
  Source:                 pll/pll/LOCKED
                            (internal pin)
  Destination:            locked_pll_cnt_reg[0]/CE
                            (rising edge-triggered cell FDRE clocked by clk_fpga_0  {rise@0.000ns fall@4.000ns period=8.000ns})
  Path Group:             (none)
  Path Type:              Setup (Max at Slow Process Corner)
  Data Path Delay:        4.086ns  (logic 0.124ns (3.035%)  route 3.962ns (96.965%))
  Logic Levels:           1  (LUT1=1)
  Clock Uncertainty:      0.123ns  ((TSJ^2 + TIJ^2)^1/2 + DJ) / 2 + PE
    Total System Jitter     (TSJ):    0.050ns
    Total Input Jitter      (TIJ):    0.240ns
    Discrete Jitter          (DJ):    0.000ns
    Phase Error              (PE):    0.000ns

    Location             Delay type                Incr(ns)  Path(ns)    Netlist Resource(s)
  -------------------------------------------------------------------    -------------------
    PLLE2_ADV_X0Y0       PLLE2_ADV                    0.000     0.000 f  pll/pll/LOCKED
                         net (fo=22, routed)          2.708     2.708    pll/pll_locked
    SLICE_X10Y56         LUT1 (Prop_lut1_I0_O)        0.124     2.832 r  pll/locked_pll_cnt[0]_i_1/O
                         net (fo=32, routed)          1.254     4.086    dac_rst_reg1
    SLICE_X13Y52         FDRE                                         r  locked_pll_cnt_reg[0]/CE
  -------------------------------------------------------------------    -------------------

                         (clock clk_fpga_0 rise edge)
                                                      0.000     0.000 r  
    PS7_X0Y0             PS7                          0.000     0.000 r  ps/system_i/processing_system7/inst/PS7_i/FCLKCLK[0]
                         net (fo=1, routed)           1.101     1.101    ps/lopt
    BUFGCTRL_X0Y5        BUFG (Prop_bufg_I_O)         0.091     1.192 r  ps/fclk_buf[0]/O
                         net (fo=32, routed)          1.498     2.690    fclk
    SLICE_X13Y52         FDRE                                         r  locked_pll_cnt_reg[0]/C





Min Delay Paths
--------------------------------------------------------------------------------------
Slack:                    inf
  Source:                 ps/system_i/processing_system7/inst/PS7_i/FCLKRESETN[0]
                            (internal pin)
  Destination:            locked_pll_cnt_reg[0]/R
                            (rising edge-triggered cell FDRE clocked by clk_fpga_0  {rise@0.000ns fall@4.000ns period=8.000ns})
  Path Group:             (none)
  Path Type:              Hold (Min at Fast Process Corner)
  Data Path Delay:        0.978ns  (logic 0.048ns (4.909%)  route 0.930ns (95.091%))
  Logic Levels:           1  (LUT1=1)
  Clock Uncertainty:      0.123ns  ((TSJ^2 + TIJ^2)^1/2 + DJ) / 2 + PE
    Total System Jitter     (TSJ):    0.050ns
    Total Input Jitter      (TIJ):    0.240ns
    Discrete Jitter          (DJ):    0.000ns
    Phase Error              (PE):    0.000ns

    Location             Delay type                Incr(ns)  Path(ns)    Netlist Resource(s)
  -------------------------------------------------------------------    -------------------
    PS7_X0Y0             PS7                          0.000     0.000 f  ps/system_i/processing_system7/inst/PS7_i/FCLKRESETN[0]
                         net (fo=23, routed)          0.696     0.696    ps/frstn
    SLICE_X10Y56         LUT1 (Prop_lut1_I0_O)        0.048     0.744 r  ps/pll_i_1/O
                         net (fo=32, routed)          0.233     0.978    RST0
    SLICE_X13Y52         FDRE                                         r  locked_pll_cnt_reg[0]/R
  -------------------------------------------------------------------    -------------------

                         (clock clk_fpga_0 rise edge)
                                                      0.000     0.000 r  
    PS7_X0Y0             PS7                          0.000     0.000 r  ps/system_i/processing_system7/inst/PS7_i/FCLKCLK[0]
                         net (fo=1, routed)           0.341     0.341    ps/lopt
    BUFGCTRL_X0Y5        BUFG (Prop_bufg_I_O)         0.029     0.370 r  ps/fclk_buf[0]/O
                         net (fo=32, routed)          0.834     1.204    fclk
    SLICE_X13Y52         FDRE                                         r  locked_pll_cnt_reg[0]/C





--------------------------------------------------------------------------------------
Path Group:  (none)
From Clock:  
  To Clock:  pll_adc_clk

Max Delay            62 Endpoints
Min Delay            62 Endpoints
--------------------------------------------------------------------------------------


Max Delay Paths
--------------------------------------------------------------------------------------
Slack:                    inf
  Source:                 exp_p_io[0]
                            (input port)
  Destination:            i_asg/ch[0]/rep_cnt_reg[10]/CE
                            (rising edge-triggered cell FDRE clocked by pll_adc_clk  {rise@0.000ns fall@4.000ns period=8.000ns})
  Path Group:             (none)
  Path Type:              Setup (Max at Slow Process Corner)
  Data Path Delay:        7.160ns  (logic 1.719ns (24.014%)  route 5.440ns (75.986%))
  Logic Levels:           3  (IBUF=1 LUT4=1 LUT5=1)
  Clock Path Skew:        5.449ns (DCD - SCD + CPR)
    Destination Clock Delay (DCD):    5.449ns
    Source Clock Delay      (SCD):    0.000ns
    Clock Pessimism Removal (CPR):    0.000ns

    Location             Delay type                Incr(ns)  Path(ns)    Netlist Resource(s)
  -------------------------------------------------------------------    -------------------
    G17                                               0.000     0.000 r  exp_p_io[0] (INOUT)
                         net (fo=1, unset)            0.000     0.000    i_iobufp[0]/IO
    G17                  IBUF (Prop_ibuf_I_O)         1.471     1.471 r  i_iobufp[0]/IBUF/O
                         net (fo=5, routed)           2.874     4.345    i_asg/ch[0]/O[0]
    SLICE_X20Y64         LUT5 (Prop_lut5_I3_O)        0.124     4.469 r  i_asg/ch[0]/rep_cnt[15]_i_4__0/O
                         net (fo=1, routed)           1.782     6.251    i_asg/ch[0]/rep_cnt[15]_i_4__0_n_0
    SLICE_X40Y63         LUT4 (Prop_lut4_I1_O)        0.124     6.375 r  i_asg/ch[0]/rep_cnt[15]_i_1__0/O
                         net (fo=16, routed)          0.785     7.160    i_asg/ch[0]/rep_cnt[15]_i_1__0_n_0
    SLICE_X42Y66         FDRE                                         r  i_asg/ch[0]/rep_cnt_reg[10]/CE
  -------------------------------------------------------------------    -------------------

                         (clock pll_adc_clk rise edge)
                                                      0.000     0.000 r  
    U18                                               0.000     0.000 r  adc_clk_i[1] (IN)
                         net (fo=0)                   0.000     0.000    adc_clk_i[1]
    U18                  IBUFDS (Prop_ibufds_I_O)     0.940     0.940 r  i_clk/O
                         net (fo=1, routed)           1.181     2.121    pll/adc_clk_in
    PLLE2_ADV_X0Y0       PLLE2_ADV (Prop_plle2_adv_CLKIN1_CLKOUT0)
                                                      0.084     2.205 r  pll/pll/CLKOUT0
                         net (fo=1, routed)           1.594     3.799    pll_adc_clk
    BUFGCTRL_X0Y0        BUFG (Prop_bufg_I_O)         0.091     3.890 r  bufg_adc_clk/O
                         net (fo=8587, routed)        1.559     5.449    i_asg/ch[0]/adc_clk
    SLICE_X42Y66         FDRE                                         r  i_asg/ch[0]/rep_cnt_reg[10]/C





Min Delay Paths
--------------------------------------------------------------------------------------
Slack:                    inf
  Source:                 pll/pll/LOCKED
                            (internal pin)
  Destination:            adc_rstn_reg/D
                            (rising edge-triggered cell FDRE clocked by pll_adc_clk  {rise@0.000ns fall@4.000ns period=8.000ns})
  Path Group:             (none)
  Path Type:              Hold (Min at Fast Process Corner)
  Data Path Delay:        0.716ns  (logic 0.046ns (6.424%)  route 0.670ns (93.576%))
  Logic Levels:           1  (LUT2=1)
  Clock Uncertainty:      0.161ns  ((TSJ^2 + DJ^2)^1/2) / 2 + PE
    Total System Jitter     (TSJ):    0.050ns
    Discrete Jitter          (DJ):    0.118ns
    Phase Error              (PE):    0.097ns

    Location             Delay type                Incr(ns)  Path(ns)    Netlist Resource(s)
  -------------------------------------------------------------------    -------------------
    PLLE2_ADV_X0Y0       PLLE2_ADV                    0.000     0.000 r  pll/pll/LOCKED
                         net (fo=22, routed)          0.498     0.498    ps/pll_locked
    SLICE_X42Y56         LUT2 (Prop_lut2_I1_O)        0.046     0.544 r  ps/adc_rstn_i_1/O
                         net (fo=1, routed)           0.172     0.716    rstn0
    SLICE_X42Y55         FDRE                                         r  adc_rstn_reg/D
  -------------------------------------------------------------------    -------------------

                         (clock pll_adc_clk rise edge)
                                                      0.000     0.000 r  
    U18                                               0.000     0.000 r  adc_clk_i[1] (IN)
                         net (fo=0)                   0.000     0.000    adc_clk_i[1]
    U18                  IBUFDS (Prop_ibufds_I_O)     0.433     0.433 r  i_clk/O
                         net (fo=1, routed)           0.481     0.914    pll/adc_clk_in
    PLLE2_ADV_X0Y0       PLLE2_ADV (Prop_plle2_adv_CLKIN1_CLKOUT0)
                                                      0.054     0.968 r  pll/pll/CLKOUT0
                         net (fo=1, routed)           0.544     1.512    pll_adc_clk
    BUFGCTRL_X0Y0        BUFG (Prop_bufg_I_O)         0.029     1.541 r  bufg_adc_clk/O
                         net (fo=8587, routed)        0.860     2.401    adc_clk
    SLICE_X42Y55         FDRE                                         r  adc_rstn_reg/C





--------------------------------------------------------------------------------------
Path Group:  (none)
From Clock:  
  To Clock:  pll_dac_clk_1x

Max Delay             1 Endpoint
Min Delay             1 Endpoint
--------------------------------------------------------------------------------------


Max Delay Paths
--------------------------------------------------------------------------------------
Slack:                    inf
  Source:                 ps/system_i/processing_system7/inst/PS7_i/FCLKRESETN[0]
                            (internal pin)
  Destination:            dac_rst_reg/D
                            (rising edge-triggered cell FDRE clocked by pll_dac_clk_1x  {rise@0.000ns fall@4.000ns period=8.000ns})
  Path Group:             (none)
  Path Type:              Setup (Max at Slow Process Corner)
  Data Path Delay:        2.677ns  (logic 0.124ns (4.631%)  route 2.553ns (95.369%))
  Logic Levels:           1  (LUT2=1)
  Clock Uncertainty:      0.161ns  ((TSJ^2 + DJ^2)^1/2) / 2 + PE
    Total System Jitter     (TSJ):    0.050ns
    Discrete Jitter          (DJ):    0.118ns
    Phase Error              (PE):    0.097ns

    Location             Delay type                Incr(ns)  Path(ns)    Netlist Resource(s)
  -------------------------------------------------------------------    -------------------
    PS7_X0Y0             PS7                          0.000     0.000 f  ps/system_i/processing_system7/inst/PS7_i/FCLKRESETN[0]
                         net (fo=23, routed)          2.553     2.553    ps/frstn
    SLICE_X42Y56         LUT2 (Prop_lut2_I0_O)        0.124     2.677 r  ps/dac_rst_i_1/O
                         net (fo=1, routed)           0.000     2.677    ps_n_423
    SLICE_X42Y56         FDRE                                         r  dac_rst_reg/D
  -------------------------------------------------------------------    -------------------

                         (clock pll_dac_clk_1x rise edge)
                                                      0.000     0.000 r  
    U18                                               0.000     0.000 r  adc_clk_i[1] (IN)
                         net (fo=0)                   0.000     0.000    adc_clk_i[1]
    U18                  IBUFDS (Prop_ibufds_I_O)     0.940     0.940 r  i_clk/O
                         net (fo=1, routed)           1.181     2.121    pll/adc_clk_in
    PLLE2_ADV_X0Y0       PLLE2_ADV (Prop_plle2_adv_CLKIN1_CLKOUT1)
                                                      0.084     2.205 r  pll/pll/CLKOUT1
                         net (fo=1, routed)           1.594     3.799    pll_dac_clk_1x
    BUFGCTRL_X0Y2        BUFG (Prop_bufg_I_O)         0.091     3.890 r  bufg_dac_clk_1x/O
                         net (fo=45, routed)          1.566     5.456    dac_clk_1x
    SLICE_X42Y56         FDRE                                         r  dac_rst_reg/C





Min Delay Paths
--------------------------------------------------------------------------------------
Slack:                    inf
  Source:                 pll/pll/LOCKED
                            (internal pin)
  Destination:            dac_rst_reg/D
                            (rising edge-triggered cell FDRE clocked by pll_dac_clk_1x  {rise@0.000ns fall@4.000ns period=8.000ns})
  Path Group:             (none)
  Path Type:              Hold (Min at Fast Process Corner)
  Data Path Delay:        0.543ns  (logic 0.045ns (8.292%)  route 0.498ns (91.708%))
  Logic Levels:           1  (LUT2=1)
  Clock Uncertainty:      0.161ns  ((TSJ^2 + DJ^2)^1/2) / 2 + PE
    Total System Jitter     (TSJ):    0.050ns
    Discrete Jitter          (DJ):    0.118ns
    Phase Error              (PE):    0.097ns

    Location             Delay type                Incr(ns)  Path(ns)    Netlist Resource(s)
  -------------------------------------------------------------------    -------------------
    PLLE2_ADV_X0Y0       PLLE2_ADV                    0.000     0.000 f  pll/pll/LOCKED
                         net (fo=22, routed)          0.498     0.498    ps/pll_locked
    SLICE_X42Y56         LUT2 (Prop_lut2_I1_O)        0.045     0.543 r  ps/dac_rst_i_1/O
                         net (fo=1, routed)           0.000     0.543    ps_n_423
    SLICE_X42Y56         FDRE                                         r  dac_rst_reg/D
  -------------------------------------------------------------------    -------------------

                         (clock pll_dac_clk_1x rise edge)
                                                      0.000     0.000 r  
    U18                                               0.000     0.000 r  adc_clk_i[1] (IN)
                         net (fo=0)                   0.000     0.000    adc_clk_i[1]
    U18                  IBUFDS (Prop_ibufds_I_O)     0.433     0.433 r  i_clk/O
                         net (fo=1, routed)           0.481     0.914    pll/adc_clk_in
    PLLE2_ADV_X0Y0       PLLE2_ADV (Prop_plle2_adv_CLKIN1_CLKOUT1)
                                                      0.054     0.968 r  pll/pll/CLKOUT1
                         net (fo=1, routed)           0.544     1.512    pll_dac_clk_1x
    BUFGCTRL_X0Y2        BUFG (Prop_bufg_I_O)         0.029     1.541 r  bufg_dac_clk_1x/O
                         net (fo=45, routed)          0.860     2.401    dac_clk_1x
    SLICE_X42Y56         FDRE                                         r  dac_rst_reg/C





