Copyright 1986-2020 Xilinx, Inc. All Rights Reserved.
-------------------------------------------------------------------------------------------------------------------------------------------------------------------------------------------
| Tool Version : Vivado v.2020.1 (win64) Build 2902540 Wed May 27 19:54:49 MDT 2020
| Date         : Fri Sep 11 16:22:24 2026
| Host         : lin running 64-bit major release  (build 9200)
| Command      : report_timing_summary -delay_type min_max -report_unconstrained -check_timing_verbose -file E:/new/fpga_lock/v94/v0.94/exp/l1-candidate-20260911/final_timing_summary.rpt
| Design       : red_pitaya_top
| Device       : 7z010-clg400
| Speed File   : -1  PRODUCTION 1.12 2019-11-22
-------------------------------------------------------------------------------------------------------------------------------------------------------------------------------------------

Timing Summary Report

------------------------------------------------------------------------------------------------
| Timer Settings
| --------------
------------------------------------------------------------------------------------------------

  Enable Multi Corner Analysis               :  Yes
  Enable Pessimism Removal                   :  Yes
  Pessimism Removal Resolution               :  Nearest Common Node
  Enable Input Delay Default Clock           :  No
  Enable Preset / Clear Arcs                 :  No
  Disable Flight Delays                      :  No
  Ignore I/O Paths                           :  No
  Timing Early Launch at Borrowing Latches   :  No
  Borrow Time for Max Delay Exceptions       :  Yes
  Merge Timing Exceptions                    :  Yes

  Corner  Analyze    Analyze    
  Name    Max Paths  Min Paths  
  ------  ---------  ---------  
  Slow    Yes        Yes        
  Fast    Yes        Yes        



check_timing report

Table of Contents
-----------------
1. checking no_clock (0)
2. checking constant_clock (0)
3. checking pulse_width_clock (0)
4. checking unconstrained_internal_endpoints (0)
5. checking no_input_delay (16)
6. checking no_output_delay (40)
7. checking multiple_clock (0)
8. checking generated_clocks (0)
9. checking loops (0)
10. checking partial_input_delay (0)
11. checking partial_output_delay (0)
12. checking latch_loops (0)

1. checking no_clock (0)
------------------------
 There are 0 register/latch pins with no clock.


2. checking constant_clock (0)
------------------------------
 There are 0 register/latch pins with constant_clock.


3. checking pulse_width_clock (0)
---------------------------------
 There are 0 register/latch pins which need pulse_width check


4. checking unconstrained_internal_endpoints (0)
------------------------------------------------
 There are 0 pins that are not constrained for maximum delay.

 There are 0 pins that are not constrained for maximum delay due to constant clock.


5. checking no_input_delay (16)
-------------------------------
 There are 16 input ports with no input delay specified. (HIGH)

exp_n_io[0]
exp_n_io[1]
exp_n_io[2]
exp_n_io[3]
exp_n_io[4]
exp_n_io[5]
exp_n_io[6]
exp_n_io[7]
exp_p_io[0]
exp_p_io[1]
exp_p_io[2]
exp_p_io[3]
exp_p_io[4]
exp_p_io[5]
exp_p_io[6]
exp_p_io[7]

 There are 0 input ports with no input delay but user has a false path constraint.


6. checking no_output_delay (40)
--------------------------------
 There are 40 ports with no output delay specified. (HIGH)

adc_clk_o[0]
adc_clk_o[1]
dac_clk_o
dac_dat_o[0]
dac_dat_o[10]
dac_dat_o[11]
dac_dat_o[12]
dac_dat_o[13]
dac_dat_o[1]
dac_dat_o[2]
dac_dat_o[3]
dac_dat_o[4]
dac_dat_o[5]
dac_dat_o[6]
dac_dat_o[7]
dac_dat_o[8]
dac_dat_o[9]
dac_pwm_o[0]
dac_pwm_o[1]
dac_pwm_o[2]
dac_pwm_o[3]
dac_rst_o
dac_sel_o
dac_wrt_o
exp_n_io[0]
exp_n_io[1]
exp_n_io[2]
exp_n_io[3]
exp_n_io[4]
exp_n_io[5]
exp_n_io[6]
exp_n_io[7]
exp_p_io[0]
exp_p_io[1]
exp_p_io[2]
exp_p_io[3]
exp_p_io[4]
exp_p_io[5]
exp_p_io[6]
exp_p_io[7]

 There are 0 ports with no output delay but user has a false path constraint

 There are 0 ports with no output delay but with a timing clock defined on it or propagating through it


7. checking multiple_clock (0)
------------------------------
 There are 0 register/latch pins with multiple clocks.


8. checking generated_clocks (0)
--------------------------------
 There are 0 generated clocks that are not connected to a clock source.


9. checking loops (0)
---------------------
 There are 0 combinational loops in the design.


10. checking partial_input_delay (0)
------------------------------------
 There are 0 input ports with partial input delay specified.


11. checking partial_output_delay (0)
-------------------------------------
 There are 0 ports with partial output delay specified.


12. checking latch_loops (0)
----------------------------
 There are 0 combinational latch loops in the design through latch input



------------------------------------------------------------------------------------------------
| Design Timing Summary
| ---------------------
------------------------------------------------------------------------------------------------

    WNS(ns)      TNS(ns)  TNS Failing Endpoints  TNS Total Endpoints      WHS(ns)      THS(ns)  THS Failing Endpoints  THS Total Endpoints     WPWS(ns)     TPWS(ns)  TPWS Failing Endpoints  TPWS Total Endpoints  
    -------      -------  ---------------------  -------------------      -------      -------  ---------------------  -------------------     --------     --------  ----------------------  --------------------  
      0.024        0.000                      0                25816        0.049        0.000                      0                25816        1.000        0.000                       0                  9649  


All user specified timing constraints are met.


------------------------------------------------------------------------------------------------
| Clock Summary
| -------------
------------------------------------------------------------------------------------------------

Clock             Waveform(ns)         Period(ns)      Frequency(MHz)
-----             ------------         ----------      --------------
adc_clk           {0.000 4.000}        8.000           125.000         
  clk_fb          {0.000 4.000}        8.000           125.000         
  pll_adc_clk     {0.000 4.000}        8.000           125.000         
    dna_clk       {0.000 64.000}       128.000         7.812           
  pll_dac_clk_1x  {0.000 4.000}        8.000           125.000         
  pll_dac_clk_2p  {-0.500 1.500}       4.000           250.000         
  pll_dac_clk_2x  {0.000 2.000}        4.000           250.000         
clk_fpga_0        {0.000 4.000}        8.000           125.000         
clk_fpga_1        {0.000 2.000}        4.000           250.000         
clk_fpga_2        {0.000 10.000}       20.000          50.000          
clk_fpga_3        {0.000 2.500}        5.000           200.000         
rx_clk            {0.000 2.000}        4.000           250.000         


------------------------------------------------------------------------------------------------
| Intra Clock Table
| -----------------
------------------------------------------------------------------------------------------------

Clock                 WNS(ns)      TNS(ns)  TNS Failing Endpoints  TNS Total Endpoints      WHS(ns)      THS(ns)  THS Failing Endpoints  THS Total Endpoints     WPWS(ns)     TPWS(ns)  TPWS Failing Endpoints  TPWS Total Endpoints  
-----                 -------      -------  ---------------------  -------------------      -------      -------  ---------------------  -------------------     --------     --------  ----------------------  --------------------  
adc_clk                                                                                                                                                             2.000        0.000                       0                     1  
  clk_fb                                                                                                                                                            6.751        0.000                       0                     2  
  pll_adc_clk           0.024        0.000                      0                23725        0.049        0.000                      0                23725        2.750        0.000                       0                  8594  
    dna_clk                                                                                                                                                       118.000        0.000                       0                     1  
  pll_dac_clk_1x        0.585        0.000                      0                   45        0.160        0.000                      0                   45        3.500        0.000                       0                    47  
  pll_dac_clk_2p                                                                                                                                                    1.845        0.000                       0                     3  
  pll_dac_clk_2x                                                                                                                                                    1.845        0.000                       0                     3  
clk_fpga_0              4.505        0.000                      0                   32        0.117        0.000                      0                   32        3.500        0.000                       0                    33  
clk_fpga_3              0.271        0.000                      0                 1969        0.096        0.000                      0                 1969        1.000        0.000                       0                   965  


------------------------------------------------------------------------------------------------
| Inter Clock Table
| -----------------
------------------------------------------------------------------------------------------------

From Clock      To Clock            WNS(ns)      TNS(ns)  TNS Failing Endpoints  TNS Total Endpoints      WHS(ns)      THS(ns)  THS Failing Endpoints  THS Total Endpoints  
----------      --------            -------      -------  ---------------------  -------------------      -------      -------  ---------------------  -------------------  
adc_clk         pll_adc_clk           3.054        0.000                      0                  112        0.066        0.000                      0                  112  
dna_clk         pll_adc_clk           1.522        0.000                      0                    1        2.766        0.000                      0                    1  
pll_adc_clk     dna_clk               0.265        0.000                      0                    2        0.242        0.000                      0                    2  
pll_adc_clk     pll_dac_clk_1x        2.584        0.000                      0                   28        0.377        0.000                      0                   28  


------------------------------------------------------------------------------------------------
| Other Path Groups Table
| -----------------------
------------------------------------------------------------------------------------------------

Path Group         From Clock         To Clock               WNS(ns)      TNS(ns)  TNS Failing Endpoints  TNS Total Endpoints      WHS(ns)      THS(ns)  THS Failing Endpoints  THS Total Endpoints  
----------         ----------         --------               -------      -------  ---------------------  -------------------      -------      -------  ---------------------  -------------------  
**async_default**  pll_adc_clk        pll_adc_clk              1.296        0.000                      0                   14        2.455        0.000                      0                   14  


------------------------------------------------------------------------------------------------
| User Ignored Path Table
| -----------------------
------------------------------------------------------------------------------------------------

Path Group    From Clock    To Clock    
----------    ----------    --------    
(none)                      clk_fpga_3    
(none)        clk_fpga_0    pll_adc_clk   


------------------------------------------------------------------------------------------------
| Unconstrained Path Table
| ------------------------
------------------------------------------------------------------------------------------------

Path Group      From Clock      To Clock      
----------      ----------      --------      
(none)          clk_fb                          
(none)          pll_adc_clk                     
(none)          pll_dac_clk_1x                  
(none)          pll_dac_clk_2p                  
(none)          pll_dac_clk_2x                  
(none)                          clk_fpga_0      
(none)                          pll_adc_clk     
(none)                          pll_dac_clk_1x  


------------------------------------------------------------------------------------------------
| Timing Details
| --------------
------------------------------------------------------------------------------------------------


---------------------------------------------------------------------------------------------------
From Clock:  adc_clk
  To Clock:  adc_clk

Setup :           NA  Failing Endpoints,  Worst Slack           NA  ,  Total Violation           NA
Hold  :           NA  Failing Endpoints,  Worst Slack           NA  ,  Total Violation           NA
PW    :            0  Failing Endpoints,  Worst Slack        2.000ns,  Total Violation        0.000ns
---------------------------------------------------------------------------------------------------


Pulse Width Checks
--------------------------------------------------------------------------------------
Clock Name:         adc_clk
Waveform(ns):       { 0.000 4.000 }
Period(ns):         8.000
Sources:            { adc_clk_i[1] }

Check Type        Corner  Lib Pin           Reference Pin  Required(ns)  Actual(ns)  Slack(ns)  Location        Pin
Min Period        n/a     PLLE2_ADV/CLKIN1  n/a            1.249         8.000       6.751      PLLE2_ADV_X0Y0  pll/pll/CLKIN1
Max Period        n/a     PLLE2_ADV/CLKIN1  n/a            52.633        8.000       44.633     PLLE2_ADV_X0Y0  pll/pll/CLKIN1
Low Pulse Width   Fast    PLLE2_ADV/CLKIN1  n/a            2.000         4.000       2.000      PLLE2_ADV_X0Y0  pll/pll/CLKIN1
High Pulse Width  Slow    PLLE2_ADV/CLKIN1  n/a            2.000         4.000       2.000      PLLE2_ADV_X0Y0  pll/pll/CLKIN1



---------------------------------------------------------------------------------------------------
From Clock:  clk_fb
  To Clock:  clk_fb

Setup :           NA  Failing Endpoints,  Worst Slack           NA  ,  Total Violation           NA
Hold  :           NA  Failing Endpoints,  Worst Slack           NA  ,  Total Violation           NA
PW    :            0  Failing Endpoints,  Worst Slack        6.751ns,  Total Violation        0.000ns
---------------------------------------------------------------------------------------------------


Pulse Width Checks
--------------------------------------------------------------------------------------
Clock Name:         clk_fb
Waveform(ns):       { 0.000 4.000 }
Period(ns):         8.000
Sources:            { pll/pll/CLKFBOUT }

Check Type  Corner  Lib Pin             Reference Pin  Required(ns)  Actual(ns)  Slack(ns)  Location        Pin
Min Period  n/a     PLLE2_ADV/CLKFBOUT  n/a            1.249         8.000       6.751      PLLE2_ADV_X0Y0  pll/pll/CLKFBOUT
Max Period  n/a     PLLE2_ADV/CLKFBIN   n/a            52.633        8.000       44.633     PLLE2_ADV_X0Y0  pll/pll/CLKFBIN



---------------------------------------------------------------------------------------------------
From Clock:  pll_adc_clk
  To Clock:  pll_adc_clk

Setup :            0  Failing Endpoints,  Worst Slack        0.024ns,  Total Violation        0.000ns
Hold  :            0  Failing Endpoints,  Worst Slack        0.049ns,  Total Violation        0.000ns
PW    :            0  Failing Endpoints,  Worst Slack        2.750ns,  Total Violation        0.000ns
---------------------------------------------------------------------------------------------------


Max Delay Paths
--------------------------------------------------------------------------------------
Slack (MET) :             0.024ns  (required time - arrival time)
  Source:                 ps/axi_slave_gp0/rd_do_reg/C
                            (rising edge-triggered cell FDRE clocked by pll_adc_clk  {rise@0.000ns fall@4.000ns period=8.000ns})
  Destination:            i_scope/set_a_axi_cur_reg[20]/CE
                            (rising edge-triggered cell FDRE clocked by pll_adc_clk  {rise@0.000ns fall@4.000ns period=8.000ns})
  Path Group:             pll_adc_clk
  Path Type:              Setup (Max at Slow Process Corner)
  Requirement:            8.000ns  (pll_adc_clk rise@8.000ns - pll_adc_clk rise@0.000ns)
  Data Path Delay:        7.487ns  (logic 1.688ns (22.545%)  route 5.799ns (77.455%))
  Logic Levels:           6  (LUT2=2 LUT3=1 LUT4=1 LUT6=2)
  Clock Path Skew:        -0.013ns (DCD - SCD + CPR)
    Destination Clock Delay (DCD):    5.436ns = ( 13.436 - 8.000 ) 
    Source Clock Delay      (SCD):    5.907ns
    Clock Pessimism Removal (CPR):    0.458ns
  Clock Uncertainty:      0.069ns  ((TSJ^2 + DJ^2)^1/2) / 2 + PE
    Total System Jitter     (TSJ):    0.071ns
    Discrete Jitter          (DJ):    0.118ns
    Phase Error              (PE):    0.000ns

    Location             Delay type                Incr(ns)  Path(ns)    Netlist Resource(s)
  -------------------------------------------------------------------    -------------------
                         (clock pll_adc_clk rise edge)
                                                      0.000     0.000 r  
    U18                                               0.000     0.000 r  adc_clk_i[1] (IN)
                         net (fo=0)                   0.000     0.000    adc_clk_i[1]
    U18                  IBUFDS (Prop_ibufds_I_O)     0.983     0.983 r  i_clk/O
                         net (fo=1, routed)           1.306     2.289    pll/adc_clk_in
    PLLE2_ADV_X0Y0       PLLE2_ADV (Prop_plle2_adv_CLKIN1_CLKOUT0)
                                                      0.089     2.378 r  pll/pll/CLKOUT0
                         net (fo=1, routed)           1.754     4.132    pll_adc_clk
    BUFGCTRL_X0Y0        BUFG (Prop_bufg_I_O)         0.101     4.233 r  bufg_adc_clk/O
                         net (fo=8602, routed)        1.674     5.907    ps/axi_slave_gp0/clk_i
    SLICE_X16Y43         FDRE                                         r  ps/axi_slave_gp0/rd_do_reg/C
  -------------------------------------------------------------------    -------------------
    SLICE_X16Y43         FDRE (Prop_fdre_C_Q)         0.518     6.425 r  ps/axi_slave_gp0/rd_do_reg/Q
                         net (fo=165, routed)         1.155     7.580    ps/axi_slave_gp0/rd_do
    SLICE_X14Y42         LUT3 (Prop_lut3_I2_O)        0.152     7.732 f  ps/axi_slave_gp0/buf_a_addr[6]_i_1/O
                         net (fo=68, routed)          0.872     8.605    ps/axi_slave_gp0/rd_araddr_reg[8]_0
    SLICE_X12Y42         LUT4 (Prop_lut4_I0_O)        0.324     8.929 f  ps/axi_slave_gp0/set_a_hyst[13]_i_4/O
                         net (fo=1, routed)           0.512     9.441    ps/axi_slave_gp0/set_a_hyst[13]_i_4_n_0
    SLICE_X12Y35         LUT6 (Prop_lut6_I0_O)        0.328     9.769 r  ps/axi_slave_gp0/set_a_hyst[13]_i_2/O
                         net (fo=8, routed)           0.215     9.983    ps/axi_slave_gp0/set_a_hyst[13]_i_2_n_0
    SLICE_X12Y35         LUT2 (Prop_lut2_I1_O)        0.124    10.107 f  ps/axi_slave_gp0/r3_sum_i_26/O
                         net (fo=8, routed)           1.068    11.175    ps/axi_slave_gp0/r3_sum_i_26_n_0
    SLICE_X15Y24         LUT6 (Prop_lut6_I5_O)        0.124    11.299 r  ps/axi_slave_gp0/clear_do_i_2__0/O
                         net (fo=66, routed)          0.763    12.061    i_scope/i_wr0/set_a_axi_cur_reg[0]
    SLICE_X14Y20         LUT2 (Prop_lut2_I1_O)        0.118    12.179 r  i_scope/i_wr0/set_a_axi_cur[31]_i_1/O
                         net (fo=32, routed)          1.215    13.394    i_scope/i_wr0_n_64
    SLICE_X5Y13          FDRE                                         r  i_scope/set_a_axi_cur_reg[20]/CE
  -------------------------------------------------------------------    -------------------

                         (clock pll_adc_clk rise edge)
                                                      8.000     8.000 r  
    U18                                               0.000     8.000 r  adc_clk_i[1] (IN)
                         net (fo=0)                   0.000     8.000    adc_clk_i[1]
    U18                  IBUFDS (Prop_ibufds_I_O)     0.940     8.940 r  i_clk/O
                         net (fo=1, routed)           1.181    10.121    pll/adc_clk_in
    PLLE2_ADV_X0Y0       PLLE2_ADV (Prop_plle2_adv_CLKIN1_CLKOUT0)
                                                      0.084    10.205 r  pll/pll/CLKOUT0
                         net (fo=1, routed)           1.594    11.799    pll_adc_clk
    BUFGCTRL_X0Y0        BUFG (Prop_bufg_I_O)         0.091    11.890 r  bufg_adc_clk/O
                         net (fo=8602, routed)        1.546    13.436    i_scope/clk_i
    SLICE_X5Y13          FDRE                                         r  i_scope/set_a_axi_cur_reg[20]/C
                         clock pessimism              0.458    13.894    
                         clock uncertainty           -0.069    13.825    
    SLICE_X5Y13          FDRE (Setup_fdre_C_CE)      -0.407    13.418    i_scope/set_a_axi_cur_reg[20]
  -------------------------------------------------------------------
                         required time                         13.418    
                         arrival time                         -13.394    
  -------------------------------------------------------------------
                         slack                                  0.024    





Min Delay Paths
--------------------------------------------------------------------------------------
Slack (MET) :             0.049ns  (arrival time - required time)
  Source:                 adc_dat_reg[1][3]/C
                            (rising edge-triggered cell FDRE clocked by pll_adc_clk  {rise@0.000ns fall@4.000ns period=8.000ns})
  Destination:            i_custom_debug_capture/mem_ch2_reg_0/DIADI[3]
                            (rising edge-triggered cell RAMB36E1 clocked by pll_adc_clk  {rise@0.000ns fall@4.000ns period=8.000ns})
  Path Group:             pll_adc_clk
  Path Type:              Hold (Min at Fast Process Corner)
  Requirement:            0.000ns  (pll_adc_clk rise@0.000ns - pll_adc_clk rise@0.000ns)
  Data Path Delay:        0.261ns  (logic 0.141ns (54.034%)  route 0.120ns (45.966%))
  Logic Levels:           0  
  Clock Path Skew:        0.056ns (DCD - SCD - CPR)
    Destination Clock Delay (DCD):    2.406ns
    Source Clock Delay      (SCD):    1.971ns
    Clock Pessimism Removal (CPR):    0.379ns

    Location             Delay type                Incr(ns)  Path(ns)    Netlist Resource(s)
  -------------------------------------------------------------------    -------------------
                         (clock pll_adc_clk rise edge)
                                                      0.000     0.000 r  
    U18                                               0.000     0.000 r  adc_clk_i[1] (IN)
                         net (fo=0)                   0.000     0.000    adc_clk_i[1]
    U18                  IBUFDS (Prop_ibufds_I_O)     0.401     0.401 r  i_clk/O
                         net (fo=1, routed)           0.440     0.842    pll/adc_clk_in
    PLLE2_ADV_X0Y0       PLLE2_ADV (Prop_plle2_adv_CLKIN1_CLKOUT0)
                                                      0.051     0.893 r  pll/pll/CLKOUT0
                         net (fo=1, routed)           0.497     1.390    pll_adc_clk
    BUFGCTRL_X0Y0        BUFG (Prop_bufg_I_O)         0.026     1.416 r  bufg_adc_clk/O
                         net (fo=8602, routed)        0.556     1.971    adc_clk
    SLICE_X35Y18         FDRE                                         r  adc_dat_reg[1][3]/C
  -------------------------------------------------------------------    -------------------
    SLICE_X35Y18         FDRE (Prop_fdre_C_Q)         0.141     2.112 r  adc_dat_reg[1][3]/Q
                         net (fo=2, routed)           0.120     2.232    i_custom_debug_capture/mem_ch2_reg_1_0[3]
    RAMB36_X2Y3          RAMB36E1                                     r  i_custom_debug_capture/mem_ch2_reg_0/DIADI[3]
  -------------------------------------------------------------------    -------------------

                         (clock pll_adc_clk rise edge)
                                                      0.000     0.000 r  
    U18                                               0.000     0.000 r  adc_clk_i[1] (IN)
                         net (fo=0)                   0.000     0.000    adc_clk_i[1]
    U18                  IBUFDS (Prop_ibufds_I_O)     0.433     0.433 r  i_clk/O
                         net (fo=1, routed)           0.481     0.914    pll/adc_clk_in
    PLLE2_ADV_X0Y0       PLLE2_ADV (Prop_plle2_adv_CLKIN1_CLKOUT0)
                                                      0.054     0.968 r  pll/pll/CLKOUT0
                         net (fo=1, routed)           0.544     1.512    pll_adc_clk
    BUFGCTRL_X0Y0        BUFG (Prop_bufg_I_O)         0.029     1.541 r  bufg_adc_clk/O
                         net (fo=8602, routed)        0.865     2.406    i_custom_debug_capture/adc_clk
    RAMB36_X2Y3          RAMB36E1                                     r  i_custom_debug_capture/mem_ch2_reg_0/CLKARDCLK
                         clock pessimism             -0.379     2.028    
    RAMB36_X2Y3          RAMB36E1 (Hold_ramb36e1_CLKARDCLK_DIADI[3])
                                                      0.155     2.183    i_custom_debug_capture/mem_ch2_reg_0
  -------------------------------------------------------------------
                         required time                         -2.183    
                         arrival time                           2.232    
  -------------------------------------------------------------------
                         slack                                  0.049    





Pulse Width Checks
--------------------------------------------------------------------------------------
Clock Name:         pll_adc_clk
Waveform(ns):       { 0.000 4.000 }
Period(ns):         8.000
Sources:            { pll/pll/CLKOUT0 }

Check Type        Corner  Lib Pin            Reference Pin  Required(ns)  Actual(ns)  Slack(ns)  Location        Pin
Min Period        n/a     DSP48E1/CLK        n/a            3.884         8.000       4.116      DSP48_X1Y8      i_scope/i_dfilt1_chb/bb_mult/CLK
Max Period        n/a     PLLE2_ADV/CLKOUT0  n/a            160.000       8.000       152.000    PLLE2_ADV_X0Y0  pll/pll/CLKOUT0
Low Pulse Width   Slow    RAMD32/CLK         n/a            1.250         4.000       2.750      SLICE_X0Y8      ps/axi_master_0/axi_awfifo_reg_0_15_18_23/RAMA/CLK
High Pulse Width  Slow    RAMD32/CLK         n/a            1.250         4.000       2.750      SLICE_X0Y0      ps/axi_master_0/axi_wfifo_reg_0_15_30_35/RAMA/CLK



---------------------------------------------------------------------------------------------------
From Clock:  dna_clk
  To Clock:  dna_clk

Setup :           NA  Failing Endpoints,  Worst Slack           NA  ,  Total Violation           NA
Hold  :           NA  Failing Endpoints,  Worst Slack           NA  ,  Total Violation           NA
PW    :            0  Failing Endpoints,  Worst Slack      118.000ns,  Total Violation        0.000ns
---------------------------------------------------------------------------------------------------


Pulse Width Checks
--------------------------------------------------------------------------------------
Clock Name:         dna_clk
Waveform(ns):       { 0.000 64.000 }
Period(ns):         128.000
Sources:            { i_hk/dna_clk_reg/Q }

Check Type  Corner  Lib Pin       Reference Pin  Required(ns)  Actual(ns)  Slack(ns)  Location       Pin
Min Period  n/a     DNA_PORT/CLK  n/a            10.000        128.000     118.000    DNA_PORT_X0Y0  i_hk/i_DNA/CLK



---------------------------------------------------------------------------------------------------
From Clock:  pll_dac_clk_1x
  To Clock:  pll_dac_clk_1x

Setup :            0  Failing Endpoints,  Worst Slack        0.585ns,  Total Violation        0.000ns
Hold  :            0  Failing Endpoints,  Worst Slack        0.160ns,  Total Violation        0.000ns
PW    :            0  Failing Endpoints,  Worst Slack        3.500ns,  Total Violation        0.000ns
---------------------------------------------------------------------------------------------------


Max Delay Paths
--------------------------------------------------------------------------------------
Slack (MET) :             0.585ns  (required time - arrival time)
  Source:                 dac_rst_reg/C
                            (rising edge-triggered cell FDRE clocked by pll_dac_clk_1x  {rise@0.000ns fall@4.000ns period=8.000ns})
  Destination:            oddr_dac_dat[5]/R
                            (falling edge-triggered cell ODDR clocked by pll_dac_clk_1x  {rise@0.000ns fall@4.000ns period=8.000ns})
  Path Group:             pll_dac_clk_1x
  Path Type:              Setup (Max at Slow Process Corner)
  Requirement:            4.000ns  (pll_dac_clk_1x fall@4.000ns - pll_dac_clk_1x rise@0.000ns)
  Data Path Delay:        2.455ns  (logic 0.518ns (21.100%)  route 1.937ns (78.900%))
  Logic Levels:           0  
  Clock Path Skew:        -0.093ns (DCD - SCD + CPR)
    Destination Clock Delay (DCD):    5.425ns = ( 9.425 - 4.000 ) 
    Source Clock Delay      (SCD):    5.975ns
    Clock Pessimism Removal (CPR):    0.457ns
  Clock Uncertainty:      0.069ns  ((TSJ^2 + DJ^2)^1/2) / 2 + PE
    Total System Jitter     (TSJ):    0.071ns
    Discrete Jitter          (DJ):    0.118ns
    Phase Error              (PE):    0.000ns

    Location             Delay type                Incr(ns)  Path(ns)    Netlist Resource(s)
  -------------------------------------------------------------------    -------------------
                         (clock pll_dac_clk_1x rise edge)
                                                      0.000     0.000 r  
    U18                                               0.000     0.000 r  adc_clk_i[1] (IN)
                         net (fo=0)                   0.000     0.000    adc_clk_i[1]
    U18                  IBUFDS (Prop_ibufds_I_O)     0.983     0.983 r  i_clk/O
                         net (fo=1, routed)           1.306     2.289    pll/adc_clk_in
    PLLE2_ADV_X0Y0       PLLE2_ADV (Prop_plle2_adv_CLKIN1_CLKOUT1)
                                                      0.089     2.378 r  pll/pll/CLKOUT1
                         net (fo=1, routed)           1.754     4.132    pll_dac_clk_1x
    BUFGCTRL_X0Y2        BUFG (Prop_bufg_I_O)         0.101     4.233 r  bufg_dac_clk_1x/O
                         net (fo=45, routed)          1.742     5.975    dac_clk_1x
    SLICE_X42Y57         FDRE                                         r  dac_rst_reg/C
  -------------------------------------------------------------------    -------------------
    SLICE_X42Y57         FDRE (Prop_fdre_C_Q)         0.518     6.493 r  dac_rst_reg/Q
                         net (fo=17, routed)          1.937     8.430    dac_rst
    OLOGIC_X0Y79         ODDR                                         r  oddr_dac_dat[5]/R
  -------------------------------------------------------------------    -------------------

                         (clock pll_dac_clk_1x fall edge)
                                                      4.000     4.000 f  
    U18                                               0.000     4.000 f  adc_clk_i[1] (IN)
                         net (fo=0)                   0.000     4.000    adc_clk_i[1]
    U18                  IBUFDS (Prop_ibufds_I_O)     0.940     4.940 f  i_clk/O
                         net (fo=1, routed)           1.181     6.121    pll/adc_clk_in
    PLLE2_ADV_X0Y0       PLLE2_ADV (Prop_plle2_adv_CLKIN1_CLKOUT1)
                                                      0.084     6.205 f  pll/pll/CLKOUT1
                         net (fo=1, routed)           1.594     7.799    pll_dac_clk_1x
    BUFGCTRL_X0Y2        BUFG (Prop_bufg_I_O)         0.091     7.890 f  bufg_dac_clk_1x/O
                         net (fo=45, routed)          1.535     9.425    dac_clk_1x
    OLOGIC_X0Y79         ODDR                                         f  oddr_dac_dat[5]/C
                         clock pessimism              0.457     9.883    
                         clock uncertainty           -0.069     9.814    
    OLOGIC_X0Y79         ODDR (Setup_oddr_C_R)       -0.798     9.016    oddr_dac_dat[5]
  -------------------------------------------------------------------
                         required time                          9.016    
                         arrival time                          -8.430    
  -------------------------------------------------------------------
                         slack                                  0.585    





Min Delay Paths
--------------------------------------------------------------------------------------
Slack (MET) :             0.160ns  (arrival time - required time)
  Source:                 dac_rst_reg/C
                            (rising edge-triggered cell FDRE clocked by pll_dac_clk_1x  {rise@0.000ns fall@4.000ns period=8.000ns})
  Destination:            oddr_dac_sel/R
                            (rising edge-triggered cell ODDR clocked by pll_dac_clk_1x  {rise@0.000ns fall@4.000ns period=8.000ns})
  Path Group:             pll_dac_clk_1x
  Path Type:              Hold (Min at Fast Process Corner)
  Requirement:            0.000ns  (pll_dac_clk_1x rise@0.000ns - pll_dac_clk_1x rise@0.000ns)
  Data Path Delay:        0.666ns  (logic 0.164ns (24.613%)  route 0.502ns (75.387%))
  Logic Levels:           0  
  Clock Path Skew:        0.030ns (DCD - SCD - CPR)
    Destination Clock Delay (DCD):    2.394ns
    Source Clock Delay      (SCD):    2.004ns
    Clock Pessimism Removal (CPR):    0.360ns

    Location             Delay type                Incr(ns)  Path(ns)    Netlist Resource(s)
  -------------------------------------------------------------------    -------------------
                         (clock pll_dac_clk_1x rise edge)
                                                      0.000     0.000 r  
    U18                                               0.000     0.000 r  adc_clk_i[1] (IN)
                         net (fo=0)                   0.000     0.000    adc_clk_i[1]
    U18                  IBUFDS (Prop_ibufds_I_O)     0.401     0.401 r  i_clk/O
                         net (fo=1, routed)           0.440     0.842    pll/adc_clk_in
    PLLE2_ADV_X0Y0       PLLE2_ADV (Prop_plle2_adv_CLKIN1_CLKOUT1)
                                                      0.051     0.893 r  pll/pll/CLKOUT1
                         net (fo=1, routed)           0.497     1.390    pll_dac_clk_1x
    BUFGCTRL_X0Y2        BUFG (Prop_bufg_I_O)         0.026     1.416 r  bufg_dac_clk_1x/O
                         net (fo=45, routed)          0.589     2.004    dac_clk_1x
    SLICE_X42Y57         FDRE                                         r  dac_rst_reg/C
  -------------------------------------------------------------------    -------------------
    SLICE_X42Y57         FDRE (Prop_fdre_C_Q)         0.164     2.168 r  dac_rst_reg/Q
                         net (fo=17, routed)          0.502     2.671    dac_rst
    OLOGIC_X0Y57         ODDR                                         r  oddr_dac_sel/R
  -------------------------------------------------------------------    -------------------

                         (clock pll_dac_clk_1x rise edge)
                                                      0.000     0.000 r  
    U18                                               0.000     0.000 r  adc_clk_i[1] (IN)
                         net (fo=0)                   0.000     0.000    adc_clk_i[1]
    U18                  IBUFDS (Prop_ibufds_I_O)     0.433     0.433 r  i_clk/O
                         net (fo=1, routed)           0.481     0.914    pll/adc_clk_in
    PLLE2_ADV_X0Y0       PLLE2_ADV (Prop_plle2_adv_CLKIN1_CLKOUT1)
                                                      0.054     0.968 r  pll/pll/CLKOUT1
                         net (fo=1, routed)           0.544     1.512    pll_dac_clk_1x
    BUFGCTRL_X0Y2        BUFG (Prop_bufg_I_O)         0.029     1.541 r  bufg_dac_clk_1x/O
                         net (fo=45, routed)          0.853     2.394    dac_clk_1x
    OLOGIC_X0Y57         ODDR                                         r  oddr_dac_sel/C
                         clock pessimism             -0.360     2.034    
    OLOGIC_X0Y57         ODDR (Hold_oddr_C_R)         0.476     2.510    oddr_dac_sel
  -------------------------------------------------------------------
                         required time                         -2.510    
                         arrival time                           2.671    
  -------------------------------------------------------------------
                         slack                                  0.160    





Pulse Width Checks
--------------------------------------------------------------------------------------
Clock Name:         pll_dac_clk_1x
Waveform(ns):       { 0.000 4.000 }
Period(ns):         8.000
Sources:            { pll/pll/CLKOUT1 }

Check Type        Corner  Lib Pin            Reference Pin  Required(ns)  Actual(ns)  Slack(ns)  Location        Pin
Min Period        n/a     BUFG/I             n/a            2.155         8.000       5.845      BUFGCTRL_X0Y2   bufg_dac_clk_1x/I
Max Period        n/a     PLLE2_ADV/CLKOUT1  n/a            160.000       8.000       152.000    PLLE2_ADV_X0Y0  pll/pll/CLKOUT1
Low Pulse Width   Slow    FDRE/C             n/a            0.500         4.000       3.500      SLICE_X42Y57    dac_rst_reg/C
High Pulse Width  Slow    FDRE/C             n/a            0.500         4.000       3.500      SLICE_X42Y67    dac_dat_a_reg[3]/C



---------------------------------------------------------------------------------------------------
From Clock:  pll_dac_clk_2p
  To Clock:  pll_dac_clk_2p

Setup :           NA  Failing Endpoints,  Worst Slack           NA  ,  Total Violation           NA
Hold  :           NA  Failing Endpoints,  Worst Slack           NA  ,  Total Violation           NA
PW    :            0  Failing Endpoints,  Worst Slack        1.845ns,  Total Violation        0.000ns
---------------------------------------------------------------------------------------------------


Pulse Width Checks
--------------------------------------------------------------------------------------
Clock Name:         pll_dac_clk_2p
Waveform(ns):       { -0.500 1.500 }
Period(ns):         4.000
Sources:            { pll/pll/CLKOUT3 }

Check Type  Corner  Lib Pin            Reference Pin  Required(ns)  Actual(ns)  Slack(ns)  Location        Pin
Min Period  n/a     BUFG/I             n/a            2.155         4.000       1.845      BUFGCTRL_X0Y3   bufg_dac_clk_2p/I
Max Period  n/a     PLLE2_ADV/CLKOUT3  n/a            160.000       4.000       156.000    PLLE2_ADV_X0Y0  pll/pll/CLKOUT3



---------------------------------------------------------------------------------------------------
From Clock:  pll_dac_clk_2x
  To Clock:  pll_dac_clk_2x

Setup :           NA  Failing Endpoints,  Worst Slack           NA  ,  Total Violation           NA
Hold  :           NA  Failing Endpoints,  Worst Slack           NA  ,  Total Violation           NA
PW    :            0  Failing Endpoints,  Worst Slack        1.845ns,  Total Violation        0.000ns
---------------------------------------------------------------------------------------------------


Pulse Width Checks
--------------------------------------------------------------------------------------
Clock Name:         pll_dac_clk_2x
Waveform(ns):       { 0.000 2.000 }
Period(ns):         4.000
Sources:            { pll/pll/CLKOUT2 }

Check Type  Corner  Lib Pin            Reference Pin  Required(ns)  Actual(ns)  Slack(ns)  Location        Pin
Min Period  n/a     BUFG/I             n/a            2.155         4.000       1.845      BUFGCTRL_X0Y4   bufg_dac_clk_2x/I
Max Period  n/a     PLLE2_ADV/CLKOUT2  n/a            160.000       4.000       156.000    PLLE2_ADV_X0Y0  pll/pll/CLKOUT2



---------------------------------------------------------------------------------------------------
From Clock:  clk_fpga_0
  To Clock:  clk_fpga_0

Setup :            0  Failing Endpoints,  Worst Slack        4.505ns,  Total Violation        0.000ns
Hold  :            0  Failing Endpoints,  Worst Slack        0.117ns,  Total Violation        0.000ns
PW    :            0  Failing Endpoints,  Worst Slack        3.500ns,  Total Violation        0.000ns
---------------------------------------------------------------------------------------------------


Max Delay Paths
--------------------------------------------------------------------------------------
Slack (MET) :             4.505ns  (required time - arrival time)
  Source:                 locked_pll_cnt_reg[5]/C
                            (rising edge-triggered cell FDRE clocked by clk_fpga_0  {rise@0.000ns fall@4.000ns period=8.000ns})
  Destination:            locked_pll_cnt_reg[29]/D
                            (rising edge-triggered cell FDRE clocked by clk_fpga_0  {rise@0.000ns fall@4.000ns period=8.000ns})
  Path Group:             clk_fpga_0
  Path Type:              Setup (Max at Slow Process Corner)
  Requirement:            8.000ns  (clk_fpga_0 rise@8.000ns - clk_fpga_0 rise@0.000ns)
  Data Path Delay:        3.244ns  (logic 2.034ns (62.706%)  route 1.210ns (37.294%))
  Logic Levels:           7  (CARRY4=7)
  Clock Path Skew:        -0.188ns (DCD - SCD + CPR)
    Destination Clock Delay (DCD):    2.733ns = ( 10.733 - 8.000 ) 
    Source Clock Delay      (SCD):    3.037ns
    Clock Pessimism Removal (CPR):    0.116ns
  Clock Uncertainty:      0.125ns  ((TSJ^2 + TIJ^2)^1/2 + DJ) / 2 + PE
    Total System Jitter     (TSJ):    0.071ns
    Total Input Jitter      (TIJ):    0.240ns
    Discrete Jitter          (DJ):    0.000ns
    Phase Error              (PE):    0.000ns

    Location             Delay type                Incr(ns)  Path(ns)    Netlist Resource(s)
  -------------------------------------------------------------------    -------------------
                         (clock clk_fpga_0 rise edge)
                                                      0.000     0.000 r  
    PS7_X0Y0             PS7                          0.000     0.000 r  ps/system_i/processing_system7/inst/PS7_i/FCLKCLK[0]
                         net (fo=1, routed)           1.207     1.207    ps/lopt
    BUFGCTRL_X0Y5        BUFG (Prop_bufg_I_O)         0.101     1.308 r  ps/fclk_buf[0]/O
                         net (fo=32, routed)          1.729     3.037    fclk
    SLICE_X2Y49          FDRE                                         r  locked_pll_cnt_reg[5]/C
  -------------------------------------------------------------------    -------------------
    SLICE_X2Y49          FDRE (Prop_fdre_C_Q)         0.456     3.493 r  locked_pll_cnt_reg[5]/Q
                         net (fo=2, routed)           1.209     4.702    locked_pll_cnt_reg[5]
    SLICE_X2Y49          CARRY4 (Prop_carry4_S[1]_CO[3])
                                                      0.674     5.376 r  locked_pll_cnt_reg[4]_i_1/CO[3]
                         net (fo=1, routed)           0.001     5.377    locked_pll_cnt_reg[4]_i_1_n_0
    SLICE_X2Y50          CARRY4 (Prop_carry4_CI_CO[3])
                                                      0.114     5.491 r  locked_pll_cnt_reg[8]_i_1/CO[3]
                         net (fo=1, routed)           0.000     5.491    locked_pll_cnt_reg[8]_i_1_n_0
    SLICE_X2Y51          CARRY4 (Prop_carry4_CI_CO[3])
                                                      0.114     5.605 r  locked_pll_cnt_reg[12]_i_1/CO[3]
                         net (fo=1, routed)           0.000     5.605    locked_pll_cnt_reg[12]_i_1_n_0
    SLICE_X2Y52          CARRY4 (Prop_carry4_CI_CO[3])
                                                      0.114     5.719 r  locked_pll_cnt_reg[16]_i_1/CO[3]
                         net (fo=1, routed)           0.000     5.719    locked_pll_cnt_reg[16]_i_1_n_0
    SLICE_X2Y53          CARRY4 (Prop_carry4_CI_CO[3])
                                                      0.114     5.833 r  locked_pll_cnt_reg[20]_i_1/CO[3]
                         net (fo=1, routed)           0.000     5.833    locked_pll_cnt_reg[20]_i_1_n_0
    SLICE_X2Y54          CARRY4 (Prop_carry4_CI_CO[3])
                                                      0.114     5.947 r  locked_pll_cnt_reg[24]_i_1/CO[3]
                         net (fo=1, routed)           0.000     5.947    locked_pll_cnt_reg[24]_i_1_n_0
    SLICE_X2Y55          CARRY4 (Prop_carry4_CI_O[1])
                                                      0.334     6.281 r  locked_pll_cnt_reg[28]_i_1/O[1]
                         net (fo=1, routed)           0.000     6.281    locked_pll_cnt_reg[28]_i_1_n_6
    SLICE_X2Y55          FDRE                                         r  locked_pll_cnt_reg[29]/D
  -------------------------------------------------------------------    -------------------

                         (clock clk_fpga_0 rise edge)
                                                      8.000     8.000 r  
    PS7_X0Y0             PS7                          0.000     8.000 r  ps/system_i/processing_system7/inst/PS7_i/FCLKCLK[0]
                         net (fo=1, routed)           1.101     9.101    ps/lopt
    BUFGCTRL_X0Y5        BUFG (Prop_bufg_I_O)         0.091     9.192 r  ps/fclk_buf[0]/O
                         net (fo=32, routed)          1.541    10.733    fclk
    SLICE_X2Y55          FDRE                                         r  locked_pll_cnt_reg[29]/C
                         clock pessimism              0.116    10.849    
                         clock uncertainty           -0.125    10.724    
    SLICE_X2Y55          FDRE (Setup_fdre_C_D)        0.062    10.786    locked_pll_cnt_reg[29]
  -------------------------------------------------------------------
                         required time                         10.786    
                         arrival time                          -6.281    
  -------------------------------------------------------------------
                         slack                                  4.505    





Min Delay Paths
--------------------------------------------------------------------------------------
Slack (MET) :             0.117ns  (arrival time - required time)
  Source:                 locked_pll_cnt_reg[6]/C
                            (rising edge-triggered cell FDRE clocked by clk_fpga_0  {rise@0.000ns fall@4.000ns period=8.000ns})
  Destination:            locked_pll_cnt_reg[8]/D
                            (rising edge-triggered cell FDRE clocked by clk_fpga_0  {rise@0.000ns fall@4.000ns period=8.000ns})
  Path Group:             clk_fpga_0
  Path Type:              Hold (Min at Fast Process Corner)
  Requirement:            0.000ns  (clk_fpga_0 rise@0.000ns - clk_fpga_0 rise@0.000ns)
  Data Path Delay:        0.489ns  (logic 0.355ns (72.545%)  route 0.134ns (27.455%))
  Logic Levels:           2  (CARRY4=2)
  Clock Path Skew:        0.267ns (DCD - SCD - CPR)
    Destination Clock Delay (DCD):    1.223ns
    Source Clock Delay      (SCD):    0.927ns
    Clock Pessimism Removal (CPR):    0.029ns

    Location             Delay type                Incr(ns)  Path(ns)    Netlist Resource(s)
  -------------------------------------------------------------------    -------------------
                         (clock clk_fpga_0 rise edge)
                                                      0.000     0.000 r  
    PS7_X0Y0             PS7                          0.000     0.000 r  ps/system_i/processing_system7/inst/PS7_i/FCLKCLK[0]
                         net (fo=1, routed)           0.315     0.315    ps/lopt
    BUFGCTRL_X0Y5        BUFG (Prop_bufg_I_O)         0.026     0.341 r  ps/fclk_buf[0]/O
                         net (fo=32, routed)          0.586     0.927    fclk
    SLICE_X2Y49          FDRE                                         r  locked_pll_cnt_reg[6]/C
  -------------------------------------------------------------------    -------------------
    SLICE_X2Y49          FDRE (Prop_fdre_C_Q)         0.141     1.068 r  locked_pll_cnt_reg[6]/Q
                         net (fo=2, routed)           0.134     1.201    locked_pll_cnt_reg[6]
    SLICE_X2Y49          CARRY4 (Prop_carry4_S[2]_CO[3])
                                                      0.160     1.361 r  locked_pll_cnt_reg[4]_i_1/CO[3]
                         net (fo=1, routed)           0.001     1.362    locked_pll_cnt_reg[4]_i_1_n_0
    SLICE_X2Y50          CARRY4 (Prop_carry4_CI_O[0])
                                                      0.054     1.416 r  locked_pll_cnt_reg[8]_i_1/O[0]
                         net (fo=1, routed)           0.000     1.416    locked_pll_cnt_reg[8]_i_1_n_7
    SLICE_X2Y50          FDRE                                         r  locked_pll_cnt_reg[8]/D
  -------------------------------------------------------------------    -------------------

                         (clock clk_fpga_0 rise edge)
                                                      0.000     0.000 r  
    PS7_X0Y0             PS7                          0.000     0.000 r  ps/system_i/processing_system7/inst/PS7_i/FCLKCLK[0]
                         net (fo=1, routed)           0.341     0.341    ps/lopt
    BUFGCTRL_X0Y5        BUFG (Prop_bufg_I_O)         0.029     0.370 r  ps/fclk_buf[0]/O
                         net (fo=32, routed)          0.853     1.223    fclk
    SLICE_X2Y50          FDRE                                         r  locked_pll_cnt_reg[8]/C
                         clock pessimism             -0.029     1.194    
    SLICE_X2Y50          FDRE (Hold_fdre_C_D)         0.105     1.299    locked_pll_cnt_reg[8]
  -------------------------------------------------------------------
                         required time                         -1.299    
                         arrival time                           1.416    
  -------------------------------------------------------------------
                         slack                                  0.117    





Pulse Width Checks
--------------------------------------------------------------------------------------
Clock Name:         clk_fpga_0
Waveform(ns):       { 0.000 4.000 }
Period(ns):         8.000
Sources:            { ps/system_i/processing_system7/inst/PS7_i/FCLKCLK[0] }

Check Type        Corner  Lib Pin  Reference Pin  Required(ns)  Actual(ns)  Slack(ns)  Location       Pin
Min Period        n/a     BUFG/I   n/a            2.155         8.000       5.845      BUFGCTRL_X0Y5  ps/fclk_buf[0]/I
Low Pulse Width   Slow    FDRE/C   n/a            0.500         4.000       3.500      SLICE_X2Y48    locked_pll_cnt_reg[0]/C
High Pulse Width  Fast    FDRE/C   n/a            0.500         4.000       3.500      SLICE_X2Y53    locked_pll_cnt_reg[20]/C



---------------------------------------------------------------------------------------------------
From Clock:  clk_fpga_3
  To Clock:  clk_fpga_3

Setup :            0  Failing Endpoints,  Worst Slack        0.271ns,  Total Violation        0.000ns
Hold  :            0  Failing Endpoints,  Worst Slack        0.096ns,  Total Violation        0.000ns
PW    :            0  Failing Endpoints,  Worst Slack        1.000ns,  Total Violation        0.000ns
---------------------------------------------------------------------------------------------------


Max Delay Paths
--------------------------------------------------------------------------------------
Slack (MET) :             0.271ns  (required time - arrival time)
  Source:                 ps/system_i/xadc/inst/AXI_LITE_IPIF_I/I_SLAVE_ATTACHMENT/INCLUDE_DPHASE_TIMER.dpto_cnt_reg[6]/C
                            (rising edge-triggered cell FDRE clocked by clk_fpga_3  {rise@0.000ns fall@2.500ns period=5.000ns})
  Destination:            ps/system_i/axi_protocol_converter_0/inst/gen_axilite.gen_b2s_conv.axilite_b2s/WR.aw_channel_0/cmd_translator_0/incr_cmd_0/axaddr_incr_reg[3]/D
                            (rising edge-triggered cell FDRE clocked by clk_fpga_3  {rise@0.000ns fall@2.500ns period=5.000ns})
  Path Group:             clk_fpga_3
  Path Type:              Setup (Max at Slow Process Corner)
  Requirement:            5.000ns  (clk_fpga_3 rise@5.000ns - clk_fpga_3 rise@0.000ns)
  Data Path Delay:        4.665ns  (logic 2.006ns (42.997%)  route 2.659ns (57.003%))
  Logic Levels:           5  (CARRY4=1 LUT2=1 LUT3=1 LUT4=1 LUT6=1)
  Clock Path Skew:        -0.012ns (DCD - SCD + CPR)
    Destination Clock Delay (DCD):    2.719ns = ( 7.719 - 5.000 ) 
    Source Clock Delay      (SCD):    2.961ns
    Clock Pessimism Removal (CPR):    0.230ns
  Clock Uncertainty:      0.083ns  ((TSJ^2 + TIJ^2)^1/2 + DJ) / 2 + PE
    Total System Jitter     (TSJ):    0.071ns
    Total Input Jitter      (TIJ):    0.150ns
    Discrete Jitter          (DJ):    0.000ns
    Phase Error              (PE):    0.000ns

    Location             Delay type                Incr(ns)  Path(ns)    Netlist Resource(s)
  -------------------------------------------------------------------    -------------------
                         (clock clk_fpga_3 rise edge)
                                                      0.000     0.000 r  
    PS7_X0Y0             PS7                          0.000     0.000 r  ps/system_i/processing_system7/inst/PS7_i/FCLKCLK[3]
                         net (fo=1, routed)           1.207     1.207    ps/system_i/processing_system7/inst/FCLK_CLK_unbuffered[3]
    BUFGCTRL_X0Y1        BUFG (Prop_bufg_I_O)         0.101     1.308 r  ps/system_i/processing_system7/inst/buffer_fclk_clk_3.FCLK_CLK_3_BUFG/O
                         net (fo=965, routed)         1.653     2.961    ps/system_i/xadc/inst/AXI_LITE_IPIF_I/I_SLAVE_ATTACHMENT/s_axi_aclk
    SLICE_X7Y77          FDRE                                         r  ps/system_i/xadc/inst/AXI_LITE_IPIF_I/I_SLAVE_ATTACHMENT/INCLUDE_DPHASE_TIMER.dpto_cnt_reg[6]/C
  -------------------------------------------------------------------    -------------------
    SLICE_X7Y77          FDRE (Prop_fdre_C_Q)         0.456     3.417 f  ps/system_i/xadc/inst/AXI_LITE_IPIF_I/I_SLAVE_ATTACHMENT/INCLUDE_DPHASE_TIMER.dpto_cnt_reg[6]/Q
                         net (fo=9, routed)           0.759     4.176    ps/system_i/xadc/inst/AXI_LITE_IPIF_I/I_SLAVE_ATTACHMENT/timeout
    SLICE_X5Y77          LUT2 (Prop_lut2_I0_O)        0.153     4.329 f  ps/system_i/xadc/inst/AXI_LITE_IPIF_I/I_SLAVE_ATTACHMENT/s_axi_wready_INST_0/O
                         net (fo=8, routed)           0.681     5.010    ps/system_i/axi_protocol_converter_0/inst/gen_axilite.gen_b2s_conv.axilite_b2s/WR.b_channel_0/bid_fifo_0/m_axi_awready
    SLICE_X3Y76          LUT6 (Prop_lut6_I0_O)        0.327     5.337 r  ps/system_i/axi_protocol_converter_0/inst/gen_axilite.gen_b2s_conv.axilite_b2s/WR.b_channel_0/bid_fifo_0/next_pending_r_i_3/O
                         net (fo=23, routed)          0.501     5.837    ps/system_i/axi_protocol_converter_0/inst/gen_axilite.gen_b2s_conv.axilite_b2s/WR.aw_channel_0/cmd_translator_0/incr_cmd_0/next_pending_r_reg_0
    SLICE_X3Y77          LUT4 (Prop_lut4_I1_O)        0.124     5.961 r  ps/system_i/axi_protocol_converter_0/inst/gen_axilite.gen_b2s_conv.axilite_b2s/WR.aw_channel_0/cmd_translator_0/incr_cmd_0/axaddr_incr[3]_i_9/O
                         net (fo=1, routed)           0.000     5.961    ps/system_i/axi_protocol_converter_0/inst/gen_axilite.gen_b2s_conv.axilite_b2s/SI_REG/aw.aw_pipe/S[1]
    SLICE_X3Y77          CARRY4 (Prop_carry4_S[1]_O[3])
                                                      0.640     6.601 r  ps/system_i/axi_protocol_converter_0/inst/gen_axilite.gen_b2s_conv.axilite_b2s/SI_REG/aw.aw_pipe/axaddr_incr_reg[3]_i_2/O[3]
                         net (fo=1, routed)           0.719     7.320    ps/system_i/axi_protocol_converter_0/inst/gen_axilite.gen_b2s_conv.axilite_b2s/WR.aw_channel_0/cmd_translator_0/incr_cmd_0/axaddr_incr[3]
    SLICE_X2Y77          LUT3 (Prop_lut3_I0_O)        0.306     7.626 r  ps/system_i/axi_protocol_converter_0/inst/gen_axilite.gen_b2s_conv.axilite_b2s/WR.aw_channel_0/cmd_translator_0/incr_cmd_0/axaddr_incr[3]_i_1/O
                         net (fo=1, routed)           0.000     7.626    ps/system_i/axi_protocol_converter_0/inst/gen_axilite.gen_b2s_conv.axilite_b2s/WR.aw_channel_0/cmd_translator_0/incr_cmd_0/p_1_in[3]
    SLICE_X2Y77          FDRE                                         r  ps/system_i/axi_protocol_converter_0/inst/gen_axilite.gen_b2s_conv.axilite_b2s/WR.aw_channel_0/cmd_translator_0/incr_cmd_0/axaddr_incr_reg[3]/D
  -------------------------------------------------------------------    -------------------

                         (clock clk_fpga_3 rise edge)
                                                      5.000     5.000 r  
    PS7_X0Y0             PS7                          0.000     5.000 r  ps/system_i/processing_system7/inst/PS7_i/FCLKCLK[3]
                         net (fo=1, routed)           1.101     6.101    ps/system_i/processing_system7/inst/FCLK_CLK_unbuffered[3]
    BUFGCTRL_X0Y1        BUFG (Prop_bufg_I_O)         0.091     6.192 r  ps/system_i/processing_system7/inst/buffer_fclk_clk_3.FCLK_CLK_3_BUFG/O
                         net (fo=965, routed)         1.527     7.719    ps/system_i/axi_protocol_converter_0/inst/gen_axilite.gen_b2s_conv.axilite_b2s/WR.aw_channel_0/cmd_translator_0/incr_cmd_0/aclk
    SLICE_X2Y77          FDRE                                         r  ps/system_i/axi_protocol_converter_0/inst/gen_axilite.gen_b2s_conv.axilite_b2s/WR.aw_channel_0/cmd_translator_0/incr_cmd_0/axaddr_incr_reg[3]/C
                         clock pessimism              0.230     7.949    
                         clock uncertainty           -0.083     7.866    
    SLICE_X2Y77          FDRE (Setup_fdre_C_D)        0.031     7.897    ps/system_i/axi_protocol_converter_0/inst/gen_axilite.gen_b2s_conv.axilite_b2s/WR.aw_channel_0/cmd_translator_0/incr_cmd_0/axaddr_incr_reg[3]
  -------------------------------------------------------------------
                         required time                          7.897    
                         arrival time                          -7.626    
  -------------------------------------------------------------------
                         slack                                  0.271    





Min Delay Paths
--------------------------------------------------------------------------------------
Slack (MET) :             0.096ns  (arrival time - required time)
  Source:                 ps/system_i/proc_sys_reset/U0/EXT_LPF/lpf_int_reg/C
                            (rising edge-triggered cell FDRE clocked by clk_fpga_3  {rise@0.000ns fall@2.500ns period=5.000ns})
  Destination:            ps/system_i/proc_sys_reset/U0/SEQ/bsr_reg/S
                            (rising edge-triggered cell FDSE clocked by clk_fpga_3  {rise@0.000ns fall@2.500ns period=5.000ns})
  Path Group:             clk_fpga_3
  Path Type:              Hold (Min at Fast Process Corner)
  Requirement:            0.000ns  (clk_fpga_3 rise@0.000ns - clk_fpga_3 rise@0.000ns)
  Data Path Delay:        0.369ns  (logic 0.141ns (38.249%)  route 0.228ns (61.751%))
  Logic Levels:           0  
  Clock Path Skew:        0.263ns (DCD - SCD - CPR)
    Destination Clock Delay (DCD):    1.190ns
    Source Clock Delay      (SCD):    0.893ns
    Clock Pessimism Removal (CPR):    0.034ns

    Location             Delay type                Incr(ns)  Path(ns)    Netlist Resource(s)
  -------------------------------------------------------------------    -------------------
                         (clock clk_fpga_3 rise edge)
                                                      0.000     0.000 r  
    PS7_X0Y0             PS7                          0.000     0.000 r  ps/system_i/processing_system7/inst/PS7_i/FCLKCLK[3]
                         net (fo=1, routed)           0.315     0.315    ps/system_i/processing_system7/inst/FCLK_CLK_unbuffered[3]
    BUFGCTRL_X0Y1        BUFG (Prop_bufg_I_O)         0.026     0.341 r  ps/system_i/processing_system7/inst/buffer_fclk_clk_3.FCLK_CLK_3_BUFG/O
                         net (fo=965, routed)         0.552     0.893    ps/system_i/proc_sys_reset/U0/EXT_LPF/slowest_sync_clk
    SLICE_X22Y82         FDRE                                         r  ps/system_i/proc_sys_reset/U0/EXT_LPF/lpf_int_reg/C
  -------------------------------------------------------------------    -------------------
    SLICE_X22Y82         FDRE (Prop_fdre_C_Q)         0.141     1.034 r  ps/system_i/proc_sys_reset/U0/EXT_LPF/lpf_int_reg/Q
                         net (fo=5, routed)           0.228     1.261    ps/system_i/proc_sys_reset/U0/SEQ/lpf_int
    SLICE_X20Y81         FDSE                                         r  ps/system_i/proc_sys_reset/U0/SEQ/bsr_reg/S
  -------------------------------------------------------------------    -------------------

                         (clock clk_fpga_3 rise edge)
                                                      0.000     0.000 r  
    PS7_X0Y0             PS7                          0.000     0.000 r  ps/system_i/processing_system7/inst/PS7_i/FCLKCLK[3]
                         net (fo=1, routed)           0.341     0.341    ps/system_i/processing_system7/inst/FCLK_CLK_unbuffered[3]
    BUFGCTRL_X0Y1        BUFG (Prop_bufg_I_O)         0.029     0.370 r  ps/system_i/processing_system7/inst/buffer_fclk_clk_3.FCLK_CLK_3_BUFG/O
                         net (fo=965, routed)         0.820     1.190    ps/system_i/proc_sys_reset/U0/SEQ/slowest_sync_clk
    SLICE_X20Y81         FDSE                                         r  ps/system_i/proc_sys_reset/U0/SEQ/bsr_reg/C
                         clock pessimism             -0.034     1.156    
    SLICE_X20Y81         FDSE (Hold_fdse_C_S)         0.009     1.165    ps/system_i/proc_sys_reset/U0/SEQ/bsr_reg
  -------------------------------------------------------------------
                         required time                         -1.165    
                         arrival time                           1.261    
  -------------------------------------------------------------------
                         slack                                  0.096    





Pulse Width Checks
--------------------------------------------------------------------------------------
Clock Name:         clk_fpga_3
Waveform(ns):       { 0.000 2.500 }
Period(ns):         5.000
Sources:            { ps/system_i/processing_system7/inst/PS7_i/FCLKCLK[3] }

Check Type        Corner  Lib Pin      Reference Pin  Required(ns)  Actual(ns)  Slack(ns)  Location     Pin
Min Period        n/a     XADC/DCLK    n/a            4.000         5.000       1.000      XADC_X0Y0    ps/system_i/xadc/inst/AXI_XADC_CORE_I/XADC_INST/DCLK
Low Pulse Width   Slow    SRLC32E/CLK  n/a            0.980         2.500       1.520      SLICE_X6Y59  ps/system_i/axi_protocol_converter_0/inst/gen_axilite.gen_b2s_conv.axilite_b2s/RD.r_channel_0/transaction_fifo_0/memory_reg[31][0]_srl32/CLK
High Pulse Width  Fast    SRLC32E/CLK  n/a            0.980         2.500       1.520      SLICE_X6Y68  ps/system_i/axi_protocol_converter_0/inst/gen_axilite.gen_b2s_conv.axilite_b2s/RD.r_channel_0/rd_data_fifo_0/memory_reg[31][0]_srl32/CLK



---------------------------------------------------------------------------------------------------
From Clock:  adc_clk
  To Clock:  pll_adc_clk

Setup :            0  Failing Endpoints,  Worst Slack        3.054ns,  Total Violation        0.000ns
Hold  :            0  Failing Endpoints,  Worst Slack        0.066ns,  Total Violation        0.000ns
---------------------------------------------------------------------------------------------------


Max Delay Paths
--------------------------------------------------------------------------------------
Slack (MET) :             3.054ns  (required time - arrival time)
  Source:                 adc_dat_i[0][5]
                            (input port clocked by adc_clk  {rise@0.000ns fall@4.000ns period=8.000ns})
  Destination:            i_scope/i_dfilt1_cha/bb_mult/B[3]
                            (rising edge-triggered cell DSP48E1 clocked by pll_adc_clk  {rise@0.000ns fall@4.000ns period=8.000ns})
  Path Group:             pll_adc_clk
  Path Type:              Setup (Max at Slow Process Corner)
  Requirement:            8.000ns  (pll_adc_clk rise@8.000ns - adc_clk rise@0.000ns)
  Data Path Delay:        6.176ns  (logic 1.198ns (19.391%)  route 4.979ns (80.609%))
  Logic Levels:           2  (IBUF=1 LUT3=1)
  Input Delay:            3.400ns
  Clock Path Skew:        5.475ns (DCD - SCD + CPR)
    Destination Clock Delay (DCD):    5.475ns = ( 13.475 - 8.000 ) 
    Source Clock Delay      (SCD):    0.000ns
    Clock Pessimism Removal (CPR):    0.000ns
  Clock Uncertainty:      0.166ns  ((TSJ^2 + DJ^2)^1/2) / 2 + PE
    Total System Jitter     (TSJ):    0.071ns
    Discrete Jitter          (DJ):    0.118ns
    Phase Error              (PE):    0.097ns

    Location             Delay type                Incr(ns)  Path(ns)    Netlist Resource(s)
  -------------------------------------------------------------------    -------------------
                         (clock adc_clk rise edge)    0.000     0.000 r  
                         input delay                  3.400     3.400    
    W15                                               0.000     3.400 f  adc_dat_i[0][5] (IN)
                         net (fo=0)                   0.000     3.400    adc_dat_i[0][5]
    W15                  IBUF (Prop_ibuf_I_O)         1.048     4.448 f  product_q_reg_i_53/O
                         net (fo=1, routed)           3.777     8.225    i_laser_lock_core/u_output_protect/product_q_reg_9
    SLICE_X36Y17         LUT3 (Prop_lut3_I2_O)        0.150     8.375 r  i_laser_lock_core/u_output_protect/product_q_reg_i_25/O
                         net (fo=3, routed)           1.202     9.576    i_scope/i_dfilt1_cha/adc_dat_i[3]
    DSP48_X1Y5           DSP48E1                                      r  i_scope/i_dfilt1_cha/bb_mult/B[3]
  -------------------------------------------------------------------    -------------------

                         (clock pll_adc_clk rise edge)
                                                      8.000     8.000 r  
    U18                                               0.000     8.000 r  adc_clk_i[1] (IN)
                         net (fo=0)                   0.000     8.000    adc_clk_i[1]
    U18                  IBUFDS (Prop_ibufds_I_O)     0.940     8.940 r  i_clk/O
                         net (fo=1, routed)           1.181    10.121    pll/adc_clk_in
    PLLE2_ADV_X0Y0       PLLE2_ADV (Prop_plle2_adv_CLKIN1_CLKOUT0)
                                                      0.084    10.205 r  pll/pll/CLKOUT0
                         net (fo=1, routed)           1.594    11.799    pll_adc_clk
    BUFGCTRL_X0Y0        BUFG (Prop_bufg_I_O)         0.091    11.890 r  bufg_adc_clk/O
                         net (fo=8602, routed)        1.585    13.475    i_scope/i_dfilt1_cha/clk_i
    DSP48_X1Y5           DSP48E1                                      r  i_scope/i_dfilt1_cha/bb_mult/CLK
                         clock pessimism              0.000    13.475    
                         clock uncertainty           -0.166    13.309    
    DSP48_X1Y5           DSP48E1 (Setup_dsp48e1_CLK_B[3])
                                                     -0.679    12.630    i_scope/i_dfilt1_cha/bb_mult
  -------------------------------------------------------------------
                         required time                         12.630    
                         arrival time                          -9.576    
  -------------------------------------------------------------------
                         slack                                  3.054    





Min Delay Paths
--------------------------------------------------------------------------------------
Slack (MET) :             0.066ns  (arrival time - required time)
  Source:                 adc_dat_i[1][3]
                            (input port clocked by adc_clk  {rise@0.000ns fall@4.000ns period=8.000ns})
  Destination:            adc_dat_reg[1][1]/D
                            (rising edge-triggered cell FDRE clocked by pll_adc_clk  {rise@0.000ns fall@4.000ns period=8.000ns})
  Path Group:             pll_adc_clk
  Path Type:              Hold (Min at Slow Process Corner)
  Requirement:            0.000ns  (pll_adc_clk rise@0.000ns - adc_clk rise@0.000ns)
  Data Path Delay:        2.748ns  (logic 0.900ns (32.759%)  route 1.848ns (67.241%))
  Logic Levels:           2  (IBUF=1 LUT3=1)
  Input Delay:            3.400ns
  Clock Path Skew:        5.899ns (DCD - SCD - CPR)
    Destination Clock Delay (DCD):    5.899ns
    Source Clock Delay      (SCD):    0.000ns
    Clock Pessimism Removal (CPR):    -0.000ns
  Clock Uncertainty:      0.166ns  ((TSJ^2 + DJ^2)^1/2) / 2 + PE
    Total System Jitter     (TSJ):    0.071ns
    Discrete Jitter          (DJ):    0.118ns
    Phase Error              (PE):    0.097ns

    Location             Delay type                Incr(ns)  Path(ns)    Netlist Resource(s)
  -------------------------------------------------------------------    -------------------
                         (clock adc_clk rise edge)    0.000     0.000 r  
                         input delay                  3.400     3.400    
    P16                                               0.000     3.400 f  adc_dat_i[1][3] (IN)
                         net (fo=0)                   0.000     3.400    adc_dat_i[1][3]
    P16                  IBUF (Prop_ibuf_I_O)         0.805     4.205 f  product_q_reg_i_41/O
                         net (fo=1, routed)           1.210     5.415    i_out2_lock_controller/bb_mult_11
    SLICE_X40Y16         LUT3 (Prop_lut3_I2_O)        0.095     5.510 r  i_out2_lock_controller/product_q_reg_i_13/O
                         net (fo=3, routed)           0.638     6.148    i_out2_lock_controller_n_91
    SLICE_X35Y16         FDRE                                         r  adc_dat_reg[1][1]/D
  -------------------------------------------------------------------    -------------------

                         (clock pll_adc_clk rise edge)
                                                      0.000     0.000 r  
    U18                                               0.000     0.000 r  adc_clk_i[1] (IN)
                         net (fo=0)                   0.000     0.000    adc_clk_i[1]
    U18                  IBUFDS (Prop_ibufds_I_O)     0.983     0.983 r  i_clk/O
                         net (fo=1, routed)           1.306     2.289    pll/adc_clk_in
    PLLE2_ADV_X0Y0       PLLE2_ADV (Prop_plle2_adv_CLKIN1_CLKOUT0)
                                                      0.089     2.378 r  pll/pll/CLKOUT0
                         net (fo=1, routed)           1.754     4.132    pll_adc_clk
    BUFGCTRL_X0Y0        BUFG (Prop_bufg_I_O)         0.101     4.233 r  bufg_adc_clk/O
                         net (fo=8602, routed)        1.666     5.899    adc_clk
    SLICE_X35Y16         FDRE                                         r  adc_dat_reg[1][1]/C
                         clock pessimism              0.000     5.899    
                         clock uncertainty            0.166     6.065    
    SLICE_X35Y16         FDRE (Hold_fdre_C_D)         0.017     6.082    adc_dat_reg[1][1]
  -------------------------------------------------------------------
                         required time                         -6.082    
                         arrival time                           6.148    
  -------------------------------------------------------------------
                         slack                                  0.066    





---------------------------------------------------------------------------------------------------
From Clock:  dna_clk
  To Clock:  pll_adc_clk

Setup :            0  Failing Endpoints,  Worst Slack        1.522ns,  Total Violation        0.000ns
Hold  :            0  Failing Endpoints,  Worst Slack        2.766ns,  Total Violation        0.000ns
---------------------------------------------------------------------------------------------------


Max Delay Paths
--------------------------------------------------------------------------------------
Slack (MET) :             1.522ns  (required time - arrival time)
  Source:                 i_hk/i_DNA/CLK
                            (rising edge-triggered cell DNA_PORT clocked by dna_clk  {rise@0.000ns fall@64.000ns period=128.000ns})
  Destination:            i_hk/dna_value_reg[0]/D
                            (rising edge-triggered cell FDRE clocked by pll_adc_clk  {rise@0.000ns fall@4.000ns period=8.000ns})
  Path Group:             pll_adc_clk
  Path Type:              Setup (Max at Slow Process Corner)
  Requirement:            8.000ns  (pll_adc_clk rise@8.000ns - dna_clk rise@0.000ns)
  Data Path Delay:        4.126ns  (logic 3.214ns (77.888%)  route 0.912ns (22.112%))
  Logic Levels:           0  
  Clock Path Skew:        -2.216ns (DCD - SCD + CPR)
    Destination Clock Delay (DCD):    5.382ns = ( 13.382 - 8.000 ) 
    Source Clock Delay      (SCD):    7.941ns
    Clock Pessimism Removal (CPR):    0.343ns
  Clock Uncertainty:      0.069ns  ((TSJ^2 + DJ^2)^1/2) / 2 + PE
    Total System Jitter     (TSJ):    0.071ns
    Discrete Jitter          (DJ):    0.118ns
    Phase Error              (PE):    0.000ns

    Location             Delay type                Incr(ns)  Path(ns)    Netlist Resource(s)
  -------------------------------------------------------------------    -------------------
                         (clock dna_clk rise edge)    0.000     0.000 r  
    U18                                               0.000     0.000 r  adc_clk_i[1] (IN)
                         net (fo=0)                   0.000     0.000    adc_clk_i[1]
    U18                  IBUFDS (Prop_ibufds_I_O)     0.983     0.983 r  i_clk/O
                         net (fo=1, routed)           1.306     2.289    pll/adc_clk_in
    PLLE2_ADV_X0Y0       PLLE2_ADV (Prop_plle2_adv_CLKIN1_CLKOUT0)
                                                      0.089     2.378 r  pll/pll/CLKOUT0
                         net (fo=1, routed)           1.754     4.132    pll_adc_clk
    BUFGCTRL_X0Y0        BUFG (Prop_bufg_I_O)         0.101     4.233 r  bufg_adc_clk/O
                         net (fo=8602, routed)        1.728     5.961    i_hk/adc_clk
    SLICE_X3Y45          FDRE (Prop_fdre_C_Q)         0.456     6.417 r  i_hk/dna_clk_reg/Q
                         net (fo=1, routed)           1.523     7.941    i_hk/dna_clk
    DNA_PORT_X0Y0        DNA_PORT                                     r  i_hk/i_DNA/CLK
  -------------------------------------------------------------------    -------------------
    DNA_PORT_X0Y0        DNA_PORT (Prop_dna_port_CLK_DOUT)
                                                      3.214    11.155 r  i_hk/i_DNA/DOUT
                         net (fo=1, routed)           0.912    12.067    i_hk/dna_dout
    SLICE_X14Y51         FDRE                                         r  i_hk/dna_value_reg[0]/D
  -------------------------------------------------------------------    -------------------

                         (clock pll_adc_clk rise edge)
                                                      8.000     8.000 r  
    U18                                               0.000     8.000 r  adc_clk_i[1] (IN)
                         net (fo=0)                   0.000     8.000    adc_clk_i[1]
    U18                  IBUFDS (Prop_ibufds_I_O)     0.940     8.940 r  i_clk/O
                         net (fo=1, routed)           1.181    10.121    pll/adc_clk_in
    PLLE2_ADV_X0Y0       PLLE2_ADV (Prop_plle2_adv_CLKIN1_CLKOUT0)
                                                      0.084    10.205 r  pll/pll/CLKOUT0
                         net (fo=1, routed)           1.594    11.799    pll_adc_clk
    BUFGCTRL_X0Y0        BUFG (Prop_bufg_I_O)         0.091    11.890 r  bufg_adc_clk/O
                         net (fo=8602, routed)        1.492    13.382    i_hk/adc_clk
    SLICE_X14Y51         FDRE                                         r  i_hk/dna_value_reg[0]/C
                         clock pessimism              0.343    13.725    
                         clock uncertainty           -0.069    13.656    
    SLICE_X14Y51         FDRE (Setup_fdre_C_D)       -0.067    13.589    i_hk/dna_value_reg[0]
  -------------------------------------------------------------------
                         required time                         13.589    
                         arrival time                         -12.067    
  -------------------------------------------------------------------
                         slack                                  1.522    





Min Delay Paths
--------------------------------------------------------------------------------------
Slack (MET) :             2.766ns  (arrival time - required time)
  Source:                 i_hk/i_DNA/CLK
                            (rising edge-triggered cell DNA_PORT clocked by dna_clk  {rise@0.000ns fall@64.000ns period=128.000ns})
  Destination:            i_hk/dna_value_reg[0]/D
                            (rising edge-triggered cell FDRE clocked by pll_adc_clk  {rise@0.000ns fall@4.000ns period=8.000ns})
  Path Group:             pll_adc_clk
  Path Type:              Hold (Min at Fast Process Corner)
  Requirement:            0.000ns  (pll_adc_clk rise@0.000ns - dna_clk rise@0.000ns)
  Data Path Delay:        2.170ns  (logic 1.862ns (85.789%)  route 0.308ns (14.211%))
  Logic Levels:           0  
  Clock Path Skew:        -0.666ns (DCD - SCD - CPR)
    Destination Clock Delay (DCD):    2.372ns
    Source Clock Delay      (SCD):    2.913ns
    Clock Pessimism Removal (CPR):    0.125ns

    Location             Delay type                Incr(ns)  Path(ns)    Netlist Resource(s)
  -------------------------------------------------------------------    -------------------
                         (clock dna_clk rise edge)    0.000     0.000 r  
    U18                                               0.000     0.000 r  adc_clk_i[1] (IN)
                         net (fo=0)                   0.000     0.000    adc_clk_i[1]
    U18                  IBUFDS (Prop_ibufds_I_O)     0.401     0.401 r  i_clk/O
                         net (fo=1, routed)           0.440     0.842    pll/adc_clk_in
    PLLE2_ADV_X0Y0       PLLE2_ADV (Prop_plle2_adv_CLKIN1_CLKOUT0)
                                                      0.051     0.893 r  pll/pll/CLKOUT0
                         net (fo=1, routed)           0.497     1.390    pll_adc_clk
    BUFGCTRL_X0Y0        BUFG (Prop_bufg_I_O)         0.026     1.416 r  bufg_adc_clk/O
                         net (fo=8602, routed)        0.585     2.000    i_hk/adc_clk
    SLICE_X3Y45          FDRE (Prop_fdre_C_Q)         0.141     2.141 r  i_hk/dna_clk_reg/Q
                         net (fo=1, routed)           0.771     2.913    i_hk/dna_clk
    DNA_PORT_X0Y0        DNA_PORT                                     r  i_hk/i_DNA/CLK
  -------------------------------------------------------------------    -------------------
    DNA_PORT_X0Y0        DNA_PORT (Prop_dna_port_CLK_DOUT)
                                                      1.862     4.775 r  i_hk/i_DNA/DOUT
                         net (fo=1, routed)           0.308     5.083    i_hk/dna_dout
    SLICE_X14Y51         FDRE                                         r  i_hk/dna_value_reg[0]/D
  -------------------------------------------------------------------    -------------------

                         (clock pll_adc_clk rise edge)
                                                      0.000     0.000 r  
    U18                                               0.000     0.000 r  adc_clk_i[1] (IN)
                         net (fo=0)                   0.000     0.000    adc_clk_i[1]
    U18                  IBUFDS (Prop_ibufds_I_O)     0.433     0.433 r  i_clk/O
                         net (fo=1, routed)           0.481     0.914    pll/adc_clk_in
    PLLE2_ADV_X0Y0       PLLE2_ADV (Prop_plle2_adv_CLKIN1_CLKOUT0)
                                                      0.054     0.968 r  pll/pll/CLKOUT0
                         net (fo=1, routed)           0.544     1.512    pll_adc_clk
    BUFGCTRL_X0Y0        BUFG (Prop_bufg_I_O)         0.029     1.541 r  bufg_adc_clk/O
                         net (fo=8602, routed)        0.831     2.372    i_hk/adc_clk
    SLICE_X14Y51         FDRE                                         r  i_hk/dna_value_reg[0]/C
                         clock pessimism             -0.125     2.247    
    SLICE_X14Y51         FDRE (Hold_fdre_C_D)         0.070     2.317    i_hk/dna_value_reg[0]
  -------------------------------------------------------------------
                         required time                         -2.317    
                         arrival time                           5.083    
  -------------------------------------------------------------------
                         slack                                  2.766    





---------------------------------------------------------------------------------------------------
From Clock:  pll_adc_clk
  To Clock:  dna_clk

Setup :            0  Failing Endpoints,  Worst Slack        0.265ns,  Total Violation        0.000ns
Hold  :            0  Failing Endpoints,  Worst Slack        0.242ns,  Total Violation        0.000ns
---------------------------------------------------------------------------------------------------


Max Delay Paths
--------------------------------------------------------------------------------------
Slack (MET) :             0.265ns  (required time - arrival time)
  Source:                 i_hk/dna_shift_reg/C
                            (rising edge-triggered cell FDRE clocked by pll_adc_clk  {rise@0.000ns fall@4.000ns period=8.000ns})
  Destination:            i_hk/i_DNA/SHIFT
                            (rising edge-triggered cell DNA_PORT clocked by dna_clk  {rise@0.000ns fall@64.000ns period=128.000ns})
  Path Group:             dna_clk
  Path Type:              Setup (Max at Slow Process Corner)
  Requirement:            8.000ns  (dna_clk rise@128.000ns - pll_adc_clk rise@120.000ns)
  Data Path Delay:        3.830ns  (logic 0.456ns (11.905%)  route 3.374ns (88.095%))
  Logic Levels:           0  
  Clock Path Skew:        1.520ns (DCD - SCD + CPR)
    Destination Clock Delay (DCD):    7.139ns = ( 135.139 - 128.000 ) 
    Source Clock Delay      (SCD):    5.962ns = ( 125.962 - 120.000 ) 
    Clock Pessimism Removal (CPR):    0.343ns
  Clock Uncertainty:      0.069ns  ((TSJ^2 + DJ^2)^1/2) / 2 + PE
    Total System Jitter     (TSJ):    0.071ns
    Discrete Jitter          (DJ):    0.118ns
    Phase Error              (PE):    0.000ns

    Location             Delay type                Incr(ns)  Path(ns)    Netlist Resource(s)
  -------------------------------------------------------------------    -------------------
                         (clock pll_adc_clk rise edge)
                                                    120.000   120.000 r  
    U18                                               0.000   120.000 r  adc_clk_i[1] (IN)
                         net (fo=0)                   0.000   120.000    adc_clk_i[1]
    U18                  IBUFDS (Prop_ibufds_I_O)     0.983   120.983 r  i_clk/O
                         net (fo=1, routed)           1.306   122.289    pll/adc_clk_in
    PLLE2_ADV_X0Y0       PLLE2_ADV (Prop_plle2_adv_CLKIN1_CLKOUT0)
                                                      0.089   122.378 r  pll/pll/CLKOUT0
                         net (fo=1, routed)           1.754   124.132    pll_adc_clk
    BUFGCTRL_X0Y0        BUFG (Prop_bufg_I_O)         0.101   124.233 r  bufg_adc_clk/O
                         net (fo=8602, routed)        1.729   125.962    i_hk/adc_clk
    SLICE_X3Y49          FDRE                                         r  i_hk/dna_shift_reg/C
  -------------------------------------------------------------------    -------------------
    SLICE_X3Y49          FDRE (Prop_fdre_C_Q)         0.456   126.418 r  i_hk/dna_shift_reg/Q
                         net (fo=1, routed)           3.374   129.793    i_hk/dna_shift
    DNA_PORT_X0Y0        DNA_PORT                                     r  i_hk/i_DNA/SHIFT
  -------------------------------------------------------------------    -------------------

                         (clock dna_clk rise edge)  128.000   128.000 r  
    U18                                               0.000   128.000 r  adc_clk_i[1] (IN)
                         net (fo=0)                   0.000   128.000    adc_clk_i[1]
    U18                  IBUFDS (Prop_ibufds_I_O)     0.940   128.940 r  i_clk/O
                         net (fo=1, routed)           1.181   130.121    pll/adc_clk_in
    PLLE2_ADV_X0Y0       PLLE2_ADV (Prop_plle2_adv_CLKIN1_CLKOUT0)
                                                      0.084   130.205 r  pll/pll/CLKOUT0
                         net (fo=1, routed)           1.594   131.799    pll_adc_clk
    BUFGCTRL_X0Y0        BUFG (Prop_bufg_I_O)         0.091   131.890 r  bufg_adc_clk/O
                         net (fo=8602, routed)        1.551   133.441    i_hk/adc_clk
    SLICE_X3Y45          FDRE (Prop_fdre_C_Q)         0.367   133.808 r  i_hk/dna_clk_reg/Q
                         net (fo=1, routed)           1.330   135.139    i_hk/dna_clk
    DNA_PORT_X0Y0        DNA_PORT                                     r  i_hk/i_DNA/CLK
                         clock pessimism              0.343   135.482    
                         clock uncertainty           -0.069   135.413    
    DNA_PORT_X0Y0        DNA_PORT (Setup_dna_port_CLK_SHIFT)
                                                     -5.356   130.057    i_hk/i_DNA
  -------------------------------------------------------------------
                         required time                        130.057    
                         arrival time                        -129.793    
  -------------------------------------------------------------------
                         slack                                  0.265    





Min Delay Paths
--------------------------------------------------------------------------------------
Slack (MET) :             0.242ns  (arrival time - required time)
  Source:                 i_hk/dna_shift_reg/C
                            (rising edge-triggered cell FDRE clocked by pll_adc_clk  {rise@0.000ns fall@4.000ns period=8.000ns})
  Destination:            i_hk/i_DNA/SHIFT
                            (rising edge-triggered cell DNA_PORT clocked by dna_clk  {rise@0.000ns fall@64.000ns period=128.000ns})
  Path Group:             dna_clk
  Path Type:              Hold (Min at Fast Process Corner)
  Requirement:            0.000ns  (dna_clk rise@0.000ns - pll_adc_clk rise@0.000ns)
  Data Path Delay:        1.544ns  (logic 0.141ns (9.130%)  route 1.403ns (90.870%))
  Logic Levels:           0  
  Clock Path Skew:        1.303ns (DCD - SCD - CPR)
    Destination Clock Delay (DCD):    3.429ns
    Source Clock Delay      (SCD):    2.001ns
    Clock Pessimism Removal (CPR):    0.125ns

    Location             Delay type                Incr(ns)  Path(ns)    Netlist Resource(s)
  -------------------------------------------------------------------    -------------------
                         (clock pll_adc_clk rise edge)
                                                      0.000     0.000 r  
    U18                                               0.000     0.000 r  adc_clk_i[1] (IN)
                         net (fo=0)                   0.000     0.000    adc_clk_i[1]
    U18                  IBUFDS (Prop_ibufds_I_O)     0.401     0.401 r  i_clk/O
                         net (fo=1, routed)           0.440     0.842    pll/adc_clk_in
    PLLE2_ADV_X0Y0       PLLE2_ADV (Prop_plle2_adv_CLKIN1_CLKOUT0)
                                                      0.051     0.893 r  pll/pll/CLKOUT0
                         net (fo=1, routed)           0.497     1.390    pll_adc_clk
    BUFGCTRL_X0Y0        BUFG (Prop_bufg_I_O)         0.026     1.416 r  bufg_adc_clk/O
                         net (fo=8602, routed)        0.586     2.001    i_hk/adc_clk
    SLICE_X3Y49          FDRE                                         r  i_hk/dna_shift_reg/C
  -------------------------------------------------------------------    -------------------
    SLICE_X3Y49          FDRE (Prop_fdre_C_Q)         0.141     2.142 r  i_hk/dna_shift_reg/Q
                         net (fo=1, routed)           1.403     3.546    i_hk/dna_shift
    DNA_PORT_X0Y0        DNA_PORT                                     r  i_hk/i_DNA/SHIFT
  -------------------------------------------------------------------    -------------------

                         (clock dna_clk rise edge)    0.000     0.000 r  
    U18                                               0.000     0.000 r  adc_clk_i[1] (IN)
                         net (fo=0)                   0.000     0.000    adc_clk_i[1]
    U18                  IBUFDS (Prop_ibufds_I_O)     0.433     0.433 r  i_clk/O
                         net (fo=1, routed)           0.481     0.914    pll/adc_clk_in
    PLLE2_ADV_X0Y0       PLLE2_ADV (Prop_plle2_adv_CLKIN1_CLKOUT0)
                                                      0.054     0.968 r  pll/pll/CLKOUT0
                         net (fo=1, routed)           0.544     1.512    pll_adc_clk
    BUFGCTRL_X0Y0        BUFG (Prop_bufg_I_O)         0.029     1.541 r  bufg_adc_clk/O
                         net (fo=8602, routed)        0.853     2.394    i_hk/adc_clk
    SLICE_X3Y45          FDRE (Prop_fdre_C_Q)         0.175     2.569 r  i_hk/dna_clk_reg/Q
                         net (fo=1, routed)           0.860     3.429    i_hk/dna_clk
    DNA_PORT_X0Y0        DNA_PORT                                     r  i_hk/i_DNA/CLK
                         clock pessimism             -0.125     3.304    
    DNA_PORT_X0Y0        DNA_PORT (Hold_dna_port_CLK_SHIFT)
                                                      0.000     3.304    i_hk/i_DNA
  -------------------------------------------------------------------
                         required time                         -3.304    
                         arrival time                           3.546    
  -------------------------------------------------------------------
                         slack                                  0.242    





---------------------------------------------------------------------------------------------------
From Clock:  pll_adc_clk
  To Clock:  pll_dac_clk_1x

Setup :            0  Failing Endpoints,  Worst Slack        2.584ns,  Total Violation        0.000ns
Hold  :            0  Failing Endpoints,  Worst Slack        0.377ns,  Total Violation        0.000ns
---------------------------------------------------------------------------------------------------


Max Delay Paths
--------------------------------------------------------------------------------------
Slack (MET) :             2.584ns  (required time - arrival time)
  Source:                 i_laser_lock_core/u_output_protect/data_o_reg[4]/C
                            (rising edge-triggered cell FDCE clocked by pll_adc_clk  {rise@0.000ns fall@4.000ns period=8.000ns})
  Destination:            dac_dat_a_reg[4]/D
                            (rising edge-triggered cell FDRE clocked by pll_dac_clk_1x  {rise@0.000ns fall@4.000ns period=8.000ns})
  Path Group:             pll_dac_clk_1x
  Path Type:              Setup (Max at Slow Process Corner)
  Requirement:            8.000ns  (pll_dac_clk_1x rise@8.000ns - pll_adc_clk rise@0.000ns)
  Data Path Delay:        4.950ns  (logic 0.580ns (11.717%)  route 4.370ns (88.283%))
  Logic Levels:           1  (LUT1=1)
  Clock Path Skew:        -0.356ns (DCD - SCD + CPR)
    Destination Clock Delay (DCD):    5.451ns = ( 13.451 - 8.000 ) 
    Source Clock Delay      (SCD):    5.980ns
    Clock Pessimism Removal (CPR):    0.173ns
  Clock Uncertainty:      0.189ns  ((TSJ^2 + DJ^2)^1/2) / 2 + PE
    Total System Jitter     (TSJ):    0.071ns
    Discrete Jitter          (DJ):    0.118ns
    Phase Error              (PE):    0.120ns

    Location             Delay type                Incr(ns)  Path(ns)    Netlist Resource(s)
  -------------------------------------------------------------------    -------------------
                         (clock pll_adc_clk rise edge)
                                                      0.000     0.000 r  
    U18                                               0.000     0.000 r  adc_clk_i[1] (IN)
                         net (fo=0)                   0.000     0.000    adc_clk_i[1]
    U18                  IBUFDS (Prop_ibufds_I_O)     0.983     0.983 r  i_clk/O
                         net (fo=1, routed)           1.306     2.289    pll/adc_clk_in
    PLLE2_ADV_X0Y0       PLLE2_ADV (Prop_plle2_adv_CLKIN1_CLKOUT0)
                                                      0.089     2.378 r  pll/pll/CLKOUT0
                         net (fo=1, routed)           1.754     4.132    pll_adc_clk
    BUFGCTRL_X0Y0        BUFG (Prop_bufg_I_O)         0.101     4.233 r  bufg_adc_clk/O
                         net (fo=8602, routed)        1.747     5.980    i_laser_lock_core/u_output_protect/adc_clk
    SLICE_X39Y13         FDCE                                         r  i_laser_lock_core/u_output_protect/data_o_reg[4]/C
  -------------------------------------------------------------------    -------------------
    SLICE_X39Y13         FDCE (Prop_fdce_C_Q)         0.456     6.436 f  i_laser_lock_core/u_output_protect/data_o_reg[4]/Q
                         net (fo=10, routed)          4.370    10.806    i_laser_lock_core/u_output_protect/Q[4]
    SLICE_X42Y64         LUT1 (Prop_lut1_I0_O)        0.124    10.930 r  i_laser_lock_core/u_output_protect/dac_dat_a[4]_i_1/O
                         net (fo=1, routed)           0.000    10.930    i_laser_lock_core_n_40
    SLICE_X42Y64         FDRE                                         r  dac_dat_a_reg[4]/D
  -------------------------------------------------------------------    -------------------

                         (clock pll_dac_clk_1x rise edge)
                                                      8.000     8.000 r  
    U18                                               0.000     8.000 r  adc_clk_i[1] (IN)
                         net (fo=0)                   0.000     8.000    adc_clk_i[1]
    U18                  IBUFDS (Prop_ibufds_I_O)     0.940     8.940 r  i_clk/O
                         net (fo=1, routed)           1.181    10.121    pll/adc_clk_in
    PLLE2_ADV_X0Y0       PLLE2_ADV (Prop_plle2_adv_CLKIN1_CLKOUT1)
                                                      0.084    10.205 r  pll/pll/CLKOUT1
                         net (fo=1, routed)           1.594    11.799    pll_dac_clk_1x
    BUFGCTRL_X0Y2        BUFG (Prop_bufg_I_O)         0.091    11.890 r  bufg_dac_clk_1x/O
                         net (fo=45, routed)          1.561    13.451    dac_clk_1x
    SLICE_X42Y64         FDRE                                         r  dac_dat_a_reg[4]/C
                         clock pessimism              0.173    13.624    
                         clock uncertainty           -0.189    13.435    
    SLICE_X42Y64         FDRE (Setup_fdre_C_D)        0.079    13.514    dac_dat_a_reg[4]
  -------------------------------------------------------------------
                         required time                         13.514    
                         arrival time                         -10.930    
  -------------------------------------------------------------------
                         slack                                  2.584    





Min Delay Paths
--------------------------------------------------------------------------------------
Slack (MET) :             0.377ns  (arrival time - required time)
  Source:                 i_laser_lock_core/u_output_protect/data_o_reg[6]/C
                            (rising edge-triggered cell FDCE clocked by pll_adc_clk  {rise@0.000ns fall@4.000ns period=8.000ns})
  Destination:            dac_dat_a_reg[6]/D
                            (rising edge-triggered cell FDRE clocked by pll_dac_clk_1x  {rise@0.000ns fall@4.000ns period=8.000ns})
  Path Group:             pll_dac_clk_1x
  Path Type:              Hold (Min at Fast Process Corner)
  Requirement:            0.000ns  (pll_dac_clk_1x rise@0.000ns - pll_adc_clk rise@0.000ns)
  Data Path Delay:        1.005ns  (logic 0.186ns (18.510%)  route 0.819ns (81.490%))
  Logic Levels:           1  (LUT1=1)
  Clock Path Skew:        0.318ns (DCD - SCD - CPR)
    Destination Clock Delay (DCD):    2.397ns
    Source Clock Delay      (SCD):    2.003ns
    Clock Pessimism Removal (CPR):    0.075ns
  Clock Uncertainty:      0.189ns  ((TSJ^2 + DJ^2)^1/2) / 2 + PE
    Total System Jitter     (TSJ):    0.071ns
    Discrete Jitter          (DJ):    0.118ns
    Phase Error              (PE):    0.120ns

    Location             Delay type                Incr(ns)  Path(ns)    Netlist Resource(s)
  -------------------------------------------------------------------    -------------------
                         (clock pll_adc_clk rise edge)
                                                      0.000     0.000 r  
    U18                                               0.000     0.000 r  adc_clk_i[1] (IN)
                         net (fo=0)                   0.000     0.000    adc_clk_i[1]
    U18                  IBUFDS (Prop_ibufds_I_O)     0.401     0.401 r  i_clk/O
                         net (fo=1, routed)           0.440     0.842    pll/adc_clk_in
    PLLE2_ADV_X0Y0       PLLE2_ADV (Prop_plle2_adv_CLKIN1_CLKOUT0)
                                                      0.051     0.893 r  pll/pll/CLKOUT0
                         net (fo=1, routed)           0.497     1.390    pll_adc_clk
    BUFGCTRL_X0Y0        BUFG (Prop_bufg_I_O)         0.026     1.416 r  bufg_adc_clk/O
                         net (fo=8602, routed)        0.588     2.003    i_laser_lock_core/u_output_protect/adc_clk
    SLICE_X40Y15         FDCE                                         r  i_laser_lock_core/u_output_protect/data_o_reg[6]/C
  -------------------------------------------------------------------    -------------------
    SLICE_X40Y15         FDCE (Prop_fdce_C_Q)         0.141     2.144 f  i_laser_lock_core/u_output_protect/data_o_reg[6]/Q
                         net (fo=10, routed)          0.819     2.963    i_laser_lock_core/u_output_protect/Q[6]
    SLICE_X42Y62         LUT1 (Prop_lut1_I0_O)        0.045     3.008 r  i_laser_lock_core/u_output_protect/dac_dat_a[6]_i_1/O
                         net (fo=1, routed)           0.000     3.008    i_laser_lock_core_n_38
    SLICE_X42Y62         FDRE                                         r  dac_dat_a_reg[6]/D
  -------------------------------------------------------------------    -------------------

                         (clock pll_dac_clk_1x rise edge)
                                                      0.000     0.000 r  
    U18                                               0.000     0.000 r  adc_clk_i[1] (IN)
                         net (fo=0)                   0.000     0.000    adc_clk_i[1]
    U18                  IBUFDS (Prop_ibufds_I_O)     0.433     0.433 r  i_clk/O
                         net (fo=1, routed)           0.481     0.914    pll/adc_clk_in
    PLLE2_ADV_X0Y0       PLLE2_ADV (Prop_plle2_adv_CLKIN1_CLKOUT1)
                                                      0.054     0.968 r  pll/pll/CLKOUT1
                         net (fo=1, routed)           0.544     1.512    pll_dac_clk_1x
    BUFGCTRL_X0Y2        BUFG (Prop_bufg_I_O)         0.029     1.541 r  bufg_dac_clk_1x/O
                         net (fo=45, routed)          0.856     2.397    dac_clk_1x
    SLICE_X42Y62         FDRE                                         r  dac_dat_a_reg[6]/C
                         clock pessimism             -0.075     2.322    
                         clock uncertainty            0.189     2.511    
    SLICE_X42Y62         FDRE (Hold_fdre_C_D)         0.120     2.631    dac_dat_a_reg[6]
  -------------------------------------------------------------------
                         required time                         -2.631    
                         arrival time                           3.008    
  -------------------------------------------------------------------
                         slack                                  0.377    





---------------------------------------------------------------------------------------------------
Path Group:  **async_default**
From Clock:  pll_adc_clk
  To Clock:  pll_adc_clk

Setup :            0  Failing Endpoints,  Worst Slack        1.296ns,  Total Violation        0.000ns
Hold  :            0  Failing Endpoints,  Worst Slack        2.455ns,  Total Violation        0.000ns
---------------------------------------------------------------------------------------------------


Max Delay Paths
--------------------------------------------------------------------------------------
Slack (MET) :             1.296ns  (required time - arrival time)
  Source:                 adc_rstn_reg_rep__13/C
                            (rising edge-triggered cell FDRE clocked by pll_adc_clk  {rise@0.000ns fall@4.000ns period=8.000ns})
  Destination:            i_laser_lock_core/u_output_protect/data_o_reg[13]/CLR
                            (recovery check against rising-edge clock pll_adc_clk  {rise@0.000ns fall@4.000ns period=8.000ns})
  Path Group:             **async_default**
  Path Type:              Recovery (Max at Slow Process Corner)
  Requirement:            8.000ns  (pll_adc_clk rise@8.000ns - pll_adc_clk rise@0.000ns)
  Data Path Delay:        6.138ns  (logic 0.642ns (10.459%)  route 5.496ns (89.541%))
  Logic Levels:           1  (LUT1=1)
  Clock Path Skew:        -0.092ns (DCD - SCD + CPR)
    Destination Clock Delay (DCD):    5.460ns = ( 13.460 - 8.000 ) 
    Source Clock Delay      (SCD):    5.895ns
    Clock Pessimism Removal (CPR):    0.343ns
  Clock Uncertainty:      0.069ns  ((TSJ^2 + DJ^2)^1/2) / 2 + PE
    Total System Jitter     (TSJ):    0.071ns
    Discrete Jitter          (DJ):    0.118ns
    Phase Error              (PE):    0.000ns

    Location             Delay type                Incr(ns)  Path(ns)    Netlist Resource(s)
  -------------------------------------------------------------------    -------------------
                         (clock pll_adc_clk rise edge)
                                                      0.000     0.000 r  
    U18                                               0.000     0.000 r  adc_clk_i[1] (IN)
                         net (fo=0)                   0.000     0.000    adc_clk_i[1]
    U18                  IBUFDS (Prop_ibufds_I_O)     0.983     0.983 r  i_clk/O
                         net (fo=1, routed)           1.306     2.289    pll/adc_clk_in
    PLLE2_ADV_X0Y0       PLLE2_ADV (Prop_plle2_adv_CLKIN1_CLKOUT0)
                                                      0.089     2.378 r  pll/pll/CLKOUT0
                         net (fo=1, routed)           1.754     4.132    pll_adc_clk
    BUFGCTRL_X0Y0        BUFG (Prop_bufg_I_O)         0.101     4.233 r  bufg_adc_clk/O
                         net (fo=8602, routed)        1.662     5.895    adc_clk
    SLICE_X28Y57         FDRE                                         r  adc_rstn_reg_rep__13/C
  -------------------------------------------------------------------    -------------------
    SLICE_X28Y57         FDRE (Prop_fdre_C_Q)         0.518     6.413 r  adc_rstn_reg_rep__13/Q
                         net (fo=15, routed)          0.805     7.218    i_asg/ch[0]/dac_pnt_reg[0]_0
    SLICE_X28Y67         LUT1 (Prop_lut1_I0_O)        0.124     7.342 f  i_asg/ch[0]/ext_trig_dn[1]_i_1/O
                         net (fo=3680, routed)        4.691    12.033    i_laser_lock_core/u_output_protect/SS[0]
    SLICE_X39Y13         FDCE                                         f  i_laser_lock_core/u_output_protect/data_o_reg[13]/CLR
  -------------------------------------------------------------------    -------------------

                         (clock pll_adc_clk rise edge)
                                                      8.000     8.000 r  
    U18                                               0.000     8.000 r  adc_clk_i[1] (IN)
                         net (fo=0)                   0.000     8.000    adc_clk_i[1]
    U18                  IBUFDS (Prop_ibufds_I_O)     0.940     8.940 r  i_clk/O
                         net (fo=1, routed)           1.181    10.121    pll/adc_clk_in
    PLLE2_ADV_X0Y0       PLLE2_ADV (Prop_plle2_adv_CLKIN1_CLKOUT0)
                                                      0.084    10.205 r  pll/pll/CLKOUT0
                         net (fo=1, routed)           1.594    11.799    pll_adc_clk
    BUFGCTRL_X0Y0        BUFG (Prop_bufg_I_O)         0.091    11.890 r  bufg_adc_clk/O
                         net (fo=8602, routed)        1.570    13.460    i_laser_lock_core/u_output_protect/adc_clk
    SLICE_X39Y13         FDCE                                         r  i_laser_lock_core/u_output_protect/data_o_reg[13]/C
                         clock pessimism              0.343    13.804    
                         clock uncertainty           -0.069    13.735    
    SLICE_X39Y13         FDCE (Recov_fdce_C_CLR)     -0.405    13.330    i_laser_lock_core/u_output_protect/data_o_reg[13]
  -------------------------------------------------------------------
                         required time                         13.330    
                         arrival time                         -12.033    
  -------------------------------------------------------------------
                         slack                                  1.296    





Min Delay Paths
--------------------------------------------------------------------------------------
Slack (MET) :             2.455ns  (arrival time - required time)
  Source:                 adc_rstn_reg_rep__13/C
                            (rising edge-triggered cell FDRE clocked by pll_adc_clk  {rise@0.000ns fall@4.000ns period=8.000ns})
  Destination:            i_laser_lock_core/u_output_protect/data_o_reg[12]/CLR
                            (removal check against rising-edge clock pll_adc_clk  {rise@0.000ns fall@4.000ns period=8.000ns})
  Path Group:             **async_default**
  Path Type:              Removal (Min at Fast Process Corner)
  Requirement:            0.000ns  (pll_adc_clk rise@0.000ns - pll_adc_clk rise@0.000ns)
  Data Path Delay:        2.680ns  (logic 0.209ns (7.799%)  route 2.471ns (92.201%))
  Logic Levels:           1  (LUT1=1)
  Clock Path Skew:        0.292ns (DCD - SCD - CPR)
    Destination Clock Delay (DCD):    2.393ns
    Source Clock Delay      (SCD):    1.975ns
    Clock Pessimism Removal (CPR):    0.125ns

    Location             Delay type                Incr(ns)  Path(ns)    Netlist Resource(s)
  -------------------------------------------------------------------    -------------------
                         (clock pll_adc_clk rise edge)
                                                      0.000     0.000 r  
    U18                                               0.000     0.000 r  adc_clk_i[1] (IN)
                         net (fo=0)                   0.000     0.000    adc_clk_i[1]
    U18                  IBUFDS (Prop_ibufds_I_O)     0.401     0.401 r  i_clk/O
                         net (fo=1, routed)           0.440     0.842    pll/adc_clk_in
    PLLE2_ADV_X0Y0       PLLE2_ADV (Prop_plle2_adv_CLKIN1_CLKOUT0)
                                                      0.051     0.893 r  pll/pll/CLKOUT0
                         net (fo=1, routed)           0.497     1.390    pll_adc_clk
    BUFGCTRL_X0Y0        BUFG (Prop_bufg_I_O)         0.026     1.416 r  bufg_adc_clk/O
                         net (fo=8602, routed)        0.560     1.975    adc_clk
    SLICE_X28Y57         FDRE                                         r  adc_rstn_reg_rep__13/C
  -------------------------------------------------------------------    -------------------
    SLICE_X28Y57         FDRE (Prop_fdre_C_Q)         0.164     2.139 r  adc_rstn_reg_rep__13/Q
                         net (fo=15, routed)          0.340     2.479    i_asg/ch[0]/dac_pnt_reg[0]_0
    SLICE_X28Y67         LUT1 (Prop_lut1_I0_O)        0.045     2.524 f  i_asg/ch[0]/ext_trig_dn[1]_i_1/O
                         net (fo=3680, routed)        2.131     4.655    i_laser_lock_core/u_output_protect/SS[0]
    SLICE_X38Y16         FDCE                                         f  i_laser_lock_core/u_output_protect/data_o_reg[12]/CLR
  -------------------------------------------------------------------    -------------------

                         (clock pll_adc_clk rise edge)
                                                      0.000     0.000 r  
    U18                                               0.000     0.000 r  adc_clk_i[1] (IN)
                         net (fo=0)                   0.000     0.000    adc_clk_i[1]
    U18                  IBUFDS (Prop_ibufds_I_O)     0.433     0.433 r  i_clk/O
                         net (fo=1, routed)           0.481     0.914    pll/adc_clk_in
    PLLE2_ADV_X0Y0       PLLE2_ADV (Prop_plle2_adv_CLKIN1_CLKOUT0)
                                                      0.054     0.968 r  pll/pll/CLKOUT0
                         net (fo=1, routed)           0.544     1.512    pll_adc_clk
    BUFGCTRL_X0Y0        BUFG (Prop_bufg_I_O)         0.029     1.541 r  bufg_adc_clk/O
                         net (fo=8602, routed)        0.852     2.393    i_laser_lock_core/u_output_protect/adc_clk
    SLICE_X38Y16         FDCE                                         r  i_laser_lock_core/u_output_protect/data_o_reg[12]/C
                         clock pessimism             -0.125     2.268    
    SLICE_X38Y16         FDCE (Remov_fdce_C_CLR)     -0.067     2.201    i_laser_lock_core/u_output_protect/data_o_reg[12]
  -------------------------------------------------------------------
                         required time                         -2.201    
                         arrival time                           4.655    
  -------------------------------------------------------------------
                         slack                                  2.455    





--------------------------------------------------------------------------------------
Path Group:  (none)
From Clock:  
  To Clock:  clk_fpga_3

Max Delay             1 Endpoint
Min Delay             1 Endpoint
--------------------------------------------------------------------------------------


Max Delay Paths
--------------------------------------------------------------------------------------
Slack:                    inf
  Source:                 ps/system_i/processing_system7/inst/PS7_i/FCLKRESETN[3]
                            (internal pin)
  Destination:            ps/system_i/proc_sys_reset/U0/EXT_LPF/ACTIVE_LOW_EXT.ACT_LO_EXT/GENERATE_LEVEL_P_S_CDC.SINGLE_BIT.CROSS_PLEVEL_IN2SCNDRY_IN_cdc_to/D
                            (rising edge-triggered cell FDRE clocked by clk_fpga_3  {rise@0.000ns fall@2.500ns period=5.000ns})
  Path Group:             (none)
  Path Type:              Setup (Max at Slow Process Corner)
  Data Path Delay:        2.186ns  (logic 0.124ns (5.673%)  route 2.062ns (94.327%))
  Logic Levels:           1  (LUT1=1)
  Clock Uncertainty:      0.079ns  ((TSJ^2 + TIJ^2)^1/2 + DJ) / 2 + PE
    Total System Jitter     (TSJ):    0.050ns
    Total Input Jitter      (TIJ):    0.150ns
    Discrete Jitter          (DJ):    0.000ns
    Phase Error              (PE):    0.000ns
  Timing Exception:       False Path

    Location             Delay type                Incr(ns)  Path(ns)    Netlist Resource(s)
  -------------------------------------------------------------------    -------------------
    PS7_X0Y0             PS7                          0.000     0.000 f  ps/system_i/processing_system7/inst/PS7_i/FCLKRESETN[3]
                         net (fo=1, routed)           2.062     2.062    ps/system_i/proc_sys_reset/U0/EXT_LPF/ACTIVE_LOW_EXT.ACT_LO_EXT/ext_reset_in
    SLICE_X22Y82         LUT1 (Prop_lut1_I0_O)        0.124     2.186 r  ps/system_i/proc_sys_reset/U0/EXT_LPF/ACTIVE_LOW_EXT.ACT_LO_EXT/GENERATE_LEVEL_P_S_CDC.SINGLE_BIT.CROSS_PLEVEL_IN2SCNDRY_IN_cdc_to_i_1/O
                         net (fo=1, routed)           0.000     2.186    ps/system_i/proc_sys_reset/U0/EXT_LPF/ACTIVE_LOW_EXT.ACT_LO_EXT/exr_d1
    SLICE_X22Y82         FDRE                                         r  ps/system_i/proc_sys_reset/U0/EXT_LPF/ACTIVE_LOW_EXT.ACT_LO_EXT/GENERATE_LEVEL_P_S_CDC.SINGLE_BIT.CROSS_PLEVEL_IN2SCNDRY_IN_cdc_to/D
  -------------------------------------------------------------------    -------------------

                         (clock clk_fpga_3 rise edge)
                                                      0.000     0.000 r  
    PS7_X0Y0             PS7                          0.000     0.000 r  ps/system_i/processing_system7/inst/PS7_i/FCLKCLK[3]
                         net (fo=1, routed)           1.101     1.101    ps/system_i/processing_system7/inst/FCLK_CLK_unbuffered[3]
    BUFGCTRL_X0Y1        BUFG (Prop_bufg_I_O)         0.091     1.192 r  ps/system_i/processing_system7/inst/buffer_fclk_clk_3.FCLK_CLK_3_BUFG/O
                         net (fo=965, routed)         1.477     2.669    ps/system_i/proc_sys_reset/U0/EXT_LPF/ACTIVE_LOW_EXT.ACT_LO_EXT/slowest_sync_clk
    SLICE_X22Y82         FDRE                                         r  ps/system_i/proc_sys_reset/U0/EXT_LPF/ACTIVE_LOW_EXT.ACT_LO_EXT/GENERATE_LEVEL_P_S_CDC.SINGLE_BIT.CROSS_PLEVEL_IN2SCNDRY_IN_cdc_to/C





Min Delay Paths
--------------------------------------------------------------------------------------
Slack:                    inf
  Source:                 ps/system_i/processing_system7/inst/PS7_i/FCLKRESETN[3]
                            (internal pin)
  Destination:            ps/system_i/proc_sys_reset/U0/EXT_LPF/ACTIVE_LOW_EXT.ACT_LO_EXT/GENERATE_LEVEL_P_S_CDC.SINGLE_BIT.CROSS_PLEVEL_IN2SCNDRY_IN_cdc_to/D
                            (rising edge-triggered cell FDRE clocked by clk_fpga_3  {rise@0.000ns fall@2.500ns period=5.000ns})
  Path Group:             (none)
  Path Type:              Hold (Min at Fast Process Corner)
  Data Path Delay:        0.913ns  (logic 0.045ns (4.931%)  route 0.868ns (95.069%))
  Logic Levels:           1  (LUT1=1)
  Clock Uncertainty:      0.079ns  ((TSJ^2 + TIJ^2)^1/2 + DJ) / 2 + PE
    Total System Jitter     (TSJ):    0.050ns
    Total Input Jitter      (TIJ):    0.150ns
    Discrete Jitter          (DJ):    0.000ns
    Phase Error              (PE):    0.000ns
  Timing Exception:       False Path

    Location             Delay type                Incr(ns)  Path(ns)    Netlist Resource(s)
  -------------------------------------------------------------------    -------------------
    PS7_X0Y0             PS7                          0.000     0.000 f  ps/system_i/processing_system7/inst/PS7_i/FCLKRESETN[3]
                         net (fo=1, routed)           0.868     0.868    ps/system_i/proc_sys_reset/U0/EXT_LPF/ACTIVE_LOW_EXT.ACT_LO_EXT/ext_reset_in
    SLICE_X22Y82         LUT1 (Prop_lut1_I0_O)        0.045     0.913 r  ps/system_i/proc_sys_reset/U0/EXT_LPF/ACTIVE_LOW_EXT.ACT_LO_EXT/GENERATE_LEVEL_P_S_CDC.SINGLE_BIT.CROSS_PLEVEL_IN2SCNDRY_IN_cdc_to_i_1/O
                         net (fo=1, routed)           0.000     0.913    ps/system_i/proc_sys_reset/U0/EXT_LPF/ACTIVE_LOW_EXT.ACT_LO_EXT/exr_d1
    SLICE_X22Y82         FDRE                                         r  ps/system_i/proc_sys_reset/U0/EXT_LPF/ACTIVE_LOW_EXT.ACT_LO_EXT/GENERATE_LEVEL_P_S_CDC.SINGLE_BIT.CROSS_PLEVEL_IN2SCNDRY_IN_cdc_to/D
  -------------------------------------------------------------------    -------------------

                         (clock clk_fpga_3 rise edge)
                                                      0.000     0.000 r  
    PS7_X0Y0             PS7                          0.000     0.000 r  ps/system_i/processing_system7/inst/PS7_i/FCLKCLK[3]
                         net (fo=1, routed)           0.341     0.341    ps/system_i/processing_system7/inst/FCLK_CLK_unbuffered[3]
    BUFGCTRL_X0Y1        BUFG (Prop_bufg_I_O)         0.029     0.370 r  ps/system_i/processing_system7/inst/buffer_fclk_clk_3.FCLK_CLK_3_BUFG/O
                         net (fo=965, routed)         0.819     1.189    ps/system_i/proc_sys_reset/U0/EXT_LPF/ACTIVE_LOW_EXT.ACT_LO_EXT/slowest_sync_clk
    SLICE_X22Y82         FDRE                                         r  ps/system_i/proc_sys_reset/U0/EXT_LPF/ACTIVE_LOW_EXT.ACT_LO_EXT/GENERATE_LEVEL_P_S_CDC.SINGLE_BIT.CROSS_PLEVEL_IN2SCNDRY_IN_cdc_to/C





--------------------------------------------------------------------------------------
Path Group:  (none)
From Clock:  clk_fpga_0
  To Clock:  pll_adc_clk

Max Delay            32 Endpoints
Min Delay            32 Endpoints
--------------------------------------------------------------------------------------


Max Delay Paths
--------------------------------------------------------------------------------------
Slack:                    inf
  Source:                 locked_pll_cnt_reg[5]/C
                            (rising edge-triggered cell FDRE clocked by clk_fpga_0  {rise@0.000ns fall@4.000ns period=8.000ns})
  Destination:            locked_pll_cnt_r_reg[5]/D
                            (rising edge-triggered cell FDRE clocked by pll_adc_clk  {rise@0.000ns fall@4.000ns period=8.000ns})
  Path Group:             (none)
  Path Type:              Setup (Max at Slow Process Corner)
  Data Path Delay:        1.676ns  (logic 0.456ns (27.213%)  route 1.220ns (72.787%))
  Logic Levels:           0  
  Clock Path Skew:        2.349ns (DCD - SCD + CPR)
    Destination Clock Delay (DCD):    5.386ns
    Source Clock Delay      (SCD):    3.037ns
    Clock Pessimism Removal (CPR):    0.000ns
  Clock Uncertainty:      0.235ns  ((TSJ^2 + TIJ^2 + DJ^2)^1/2) / 2 + PE
    Total System Jitter     (TSJ):    0.071ns
    Total Input Jitter      (TIJ):    0.240ns
    Discrete Jitter          (DJ):    0.118ns
    Phase Error              (PE):    0.097ns
  Timing Exception:       False Path

    Location             Delay type                Incr(ns)  Path(ns)    Netlist Resource(s)
  -------------------------------------------------------------------    -------------------
                         (clock clk_fpga_0 rise edge)
                                                      0.000     0.000 r  
    PS7_X0Y0             PS7                          0.000     0.000 r  ps/system_i/processing_system7/inst/PS7_i/FCLKCLK[0]
                         net (fo=1, routed)           1.207     1.207    ps/lopt
    BUFGCTRL_X0Y5        BUFG (Prop_bufg_I_O)         0.101     1.308 r  ps/fclk_buf[0]/O
                         net (fo=32, routed)          1.729     3.037    fclk
    SLICE_X2Y49          FDRE                                         r  locked_pll_cnt_reg[5]/C
  -------------------------------------------------------------------    -------------------
    SLICE_X2Y49          FDRE (Prop_fdre_C_Q)         0.456     3.493 r  locked_pll_cnt_reg[5]/Q
                         net (fo=2, routed)           1.220     4.713    locked_pll_cnt_reg[5]
    SLICE_X7Y53          FDRE                                         r  locked_pll_cnt_r_reg[5]/D
  -------------------------------------------------------------------    -------------------

                         (clock pll_adc_clk rise edge)
                                                      0.000     0.000 r  
    U18                                               0.000     0.000 r  adc_clk_i[1] (IN)
                         net (fo=0)                   0.000     0.000    adc_clk_i[1]
    U18                  IBUFDS (Prop_ibufds_I_O)     0.940     0.940 r  i_clk/O
                         net (fo=1, routed)           1.181     2.121    pll/adc_clk_in
    PLLE2_ADV_X0Y0       PLLE2_ADV (Prop_plle2_adv_CLKIN1_CLKOUT0)
                                                      0.084     2.205 r  pll/pll/CLKOUT0
                         net (fo=1, routed)           1.594     3.799    pll_adc_clk
    BUFGCTRL_X0Y0        BUFG (Prop_bufg_I_O)         0.091     3.890 r  bufg_adc_clk/O
                         net (fo=8602, routed)        1.496     5.386    adc_clk
    SLICE_X7Y53          FDRE                                         r  locked_pll_cnt_r_reg[5]/C





Min Delay Paths
--------------------------------------------------------------------------------------
Slack:                    inf
  Source:                 locked_pll_cnt_reg[27]/C
                            (rising edge-triggered cell FDRE clocked by clk_fpga_0  {rise@0.000ns fall@4.000ns period=8.000ns})
  Destination:            locked_pll_cnt_r_reg[27]/D
                            (rising edge-triggered cell FDRE clocked by pll_adc_clk  {rise@0.000ns fall@4.000ns period=8.000ns})
  Path Group:             (none)
  Path Type:              Hold (Min at Fast Process Corner)
  Data Path Delay:        0.254ns  (logic 0.141ns (55.481%)  route 0.113ns (44.519%))
  Logic Levels:           0  
  Clock Path Skew:        1.469ns (DCD - SCD - CPR)
    Destination Clock Delay (DCD):    2.393ns
    Source Clock Delay      (SCD):    0.924ns
    Clock Pessimism Removal (CPR):    -0.000ns
  Clock Uncertainty:      0.235ns  ((TSJ^2 + TIJ^2 + DJ^2)^1/2) / 2 + PE
    Total System Jitter     (TSJ):    0.071ns
    Total Input Jitter      (TIJ):    0.240ns
    Discrete Jitter          (DJ):    0.118ns
    Phase Error              (PE):    0.097ns
  Timing Exception:       False Path

    Location             Delay type                Incr(ns)  Path(ns)    Netlist Resource(s)
  -------------------------------------------------------------------    -------------------
                         (clock clk_fpga_0 rise edge)
                                                      0.000     0.000 r  
    PS7_X0Y0             PS7                          0.000     0.000 r  ps/system_i/processing_system7/inst/PS7_i/FCLKCLK[0]
                         net (fo=1, routed)           0.315     0.315    ps/lopt
    BUFGCTRL_X0Y5        BUFG (Prop_bufg_I_O)         0.026     0.341 r  ps/fclk_buf[0]/O
                         net (fo=32, routed)          0.583     0.924    fclk
    SLICE_X2Y54          FDRE                                         r  locked_pll_cnt_reg[27]/C
  -------------------------------------------------------------------    -------------------
    SLICE_X2Y54          FDRE (Prop_fdre_C_Q)         0.141     1.065 r  locked_pll_cnt_reg[27]/Q
                         net (fo=2, routed)           0.113     1.178    locked_pll_cnt_reg[27]
    SLICE_X4Y53          FDRE                                         r  locked_pll_cnt_r_reg[27]/D
  -------------------------------------------------------------------    -------------------

                         (clock pll_adc_clk rise edge)
                                                      0.000     0.000 r  
    U18                                               0.000     0.000 r  adc_clk_i[1] (IN)
                         net (fo=0)                   0.000     0.000    adc_clk_i[1]
    U18                  IBUFDS (Prop_ibufds_I_O)     0.433     0.433 r  i_clk/O
                         net (fo=1, routed)           0.481     0.914    pll/adc_clk_in
    PLLE2_ADV_X0Y0       PLLE2_ADV (Prop_plle2_adv_CLKIN1_CLKOUT0)
                                                      0.054     0.968 r  pll/pll/CLKOUT0
                         net (fo=1, routed)           0.544     1.512    pll_adc_clk
    BUFGCTRL_X0Y0        BUFG (Prop_bufg_I_O)         0.029     1.541 r  bufg_adc_clk/O
                         net (fo=8602, routed)        0.852     2.393    adc_clk
    SLICE_X4Y53          FDRE                                         r  locked_pll_cnt_r_reg[27]/C





--------------------------------------------------------------------------------------
Path Group:  (none)
From Clock:  clk_fb
  To Clock:  

Max Delay             1 Endpoint
Min Delay             1 Endpoint
--------------------------------------------------------------------------------------


Max Delay Paths
--------------------------------------------------------------------------------------
Slack:                    inf
  Source:                 pll/pll/CLKFBOUT
                            (clock source 'clk_fb'  {rise@0.000ns fall@4.000ns period=8.000ns})
  Destination:            pll/pll/CLKFBIN
  Path Group:             (none)
  Path Type:              Max at Slow Process Corner
  Data Path Delay:        0.014ns  (logic 0.000ns (0.000%)  route 0.014ns (100.001%))
  Logic Levels:           0  
  Clock Uncertainty:      0.144ns  ((TSJ^2 + DJ^2)^1/2) / 2 + PE
    Total System Jitter     (TSJ):    0.050ns
    Discrete Jitter          (DJ):    0.079ns
    Phase Error              (PE):    0.097ns

    Location             Delay type                Incr(ns)  Path(ns)    Netlist Resource(s)
  -------------------------------------------------------------------    -------------------
                         (clock clk_fb fall edge)     4.000     4.000 f  
    U18                                               0.000     4.000 f  adc_clk_i[1] (IN)
                         net (fo=0)                   0.000     4.000    adc_clk_i[1]
    U18                  IBUFDS (Prop_ibufds_I_O)     0.983     4.983 f  i_clk/O
                         net (fo=1, routed)           1.306     6.289    pll/adc_clk_in
  -------------------------------------------------------------------    -------------------
    PLLE2_ADV_X0Y0       PLLE2_ADV (Prop_plle2_adv_CLKIN1_CLKFBOUT)
                                                      0.089     6.378 f  pll/pll/CLKFBOUT
                         net (fo=1, routed)           0.014     6.392    pll/clk_fb
    PLLE2_ADV_X0Y0       PLLE2_ADV                                    f  pll/pll/CLKFBIN
  -------------------------------------------------------------------    -------------------





Min Delay Paths
--------------------------------------------------------------------------------------
Slack:                    inf
  Source:                 pll/pll/CLKFBOUT
                            (clock source 'clk_fb'  {rise@0.000ns fall@4.000ns period=8.000ns})
  Destination:            pll/pll/CLKFBIN
  Path Group:             (none)
  Path Type:              Min at Fast Process Corner
  Data Path Delay:        0.005ns  (logic 0.000ns (0.000%)  route 0.005ns (100.000%))
  Logic Levels:           0  
  Clock Uncertainty:      0.144ns  ((TSJ^2 + DJ^2)^1/2) / 2 + PE
    Total System Jitter     (TSJ):    0.050ns
    Discrete Jitter          (DJ):    0.079ns
    Phase Error              (PE):    0.097ns

    Location             Delay type                Incr(ns)  Path(ns)    Netlist Resource(s)
  -------------------------------------------------------------------    -------------------
                         (clock clk_fb rise edge)     0.000     0.000 r  
    U18                                               0.000     0.000 r  adc_clk_i[1] (IN)
                         net (fo=0)                   0.000     0.000    adc_clk_i[1]
    U18                  IBUFDS (Prop_ibufds_I_O)     0.401     0.401 r  i_clk/O
                         net (fo=1, routed)           0.440     0.842    pll/adc_clk_in
  -------------------------------------------------------------------    -------------------
    PLLE2_ADV_X0Y0       PLLE2_ADV (Prop_plle2_adv_CLKIN1_CLKFBOUT)
                                                      0.051     0.893 r  pll/pll/CLKFBOUT
                         net (fo=1, routed)           0.005     0.898    pll/clk_fb
    PLLE2_ADV_X0Y0       PLLE2_ADV                                    r  pll/pll/CLKFBIN
  -------------------------------------------------------------------    -------------------





--------------------------------------------------------------------------------------
Path Group:  (none)
From Clock:  pll_adc_clk
  To Clock:  

Max Delay            22 Endpoints
Min Delay            22 Endpoints
--------------------------------------------------------------------------------------


Max Delay Paths
--------------------------------------------------------------------------------------
Slack:                    inf
  Source:                 i_asg/ch[0]/trig_in_reg/C
                            (rising edge-triggered cell FDRE clocked by pll_adc_clk  {rise@0.000ns fall@4.000ns period=8.000ns})
  Destination:            exp_n_io[0]
                            (output port)
  Path Group:             (none)
  Path Type:              Max at Slow Process Corner
  Data Path Delay:        11.428ns  (logic 4.168ns (36.475%)  route 7.260ns (63.525%))
  Logic Levels:           3  (LUT2=1 LUT5=1 OBUFT=1)
  Clock Uncertainty:      0.161ns  ((TSJ^2 + DJ^2)^1/2) / 2 + PE
    Total System Jitter     (TSJ):    0.050ns
    Discrete Jitter          (DJ):    0.118ns
    Phase Error              (PE):    0.097ns

    Location             Delay type                Incr(ns)  Path(ns)    Netlist Resource(s)
  -------------------------------------------------------------------    -------------------
                         (clock pll_adc_clk rise edge)
                                                      0.000     0.000 r  
    U18                                               0.000     0.000 r  adc_clk_i[1] (IN)
                         net (fo=0)                   0.000     0.000    adc_clk_i[1]
    U18                  IBUFDS (Prop_ibufds_I_O)     0.983     0.983 r  i_clk/O
                         net (fo=1, routed)           1.306     2.289    pll/adc_clk_in
    PLLE2_ADV_X0Y0       PLLE2_ADV (Prop_plle2_adv_CLKIN1_CLKOUT0)
                                                      0.089     2.378 r  pll/pll/CLKOUT0
                         net (fo=1, routed)           1.754     4.132    pll_adc_clk
    BUFGCTRL_X0Y0        BUFG (Prop_bufg_I_O)         0.101     4.233 r  bufg_adc_clk/O
                         net (fo=8602, routed)        1.658     5.891    i_asg/ch[0]/adc_clk
    SLICE_X10Y69         FDRE                                         r  i_asg/ch[0]/trig_in_reg/C
  -------------------------------------------------------------------    -------------------
    SLICE_X10Y69         FDRE (Prop_fdre_C_Q)         0.518     6.409 r  i_asg/ch[0]/trig_in_reg/Q
                         net (fo=18, routed)          1.756     8.166    i_asg/ch[0]/trig_in
    SLICE_X32Y72         LUT2 (Prop_lut2_I0_O)        0.150     8.316 r  i_asg/ch[0]/asg_trig_in[0]_i_1/O
                         net (fo=5, routed)           2.373    10.688    i_hk/D[0]
    SLICE_X19Y52         LUT5 (Prop_lut5_I4_O)        0.328    11.016 r  i_hk/i_iobufn[0]_i_1/O
                         net (fo=1, routed)           3.130    14.147    i_iobufn[0]/I
    G18                  OBUFT (Prop_obuft_I_O)       3.172    17.319 r  i_iobufn[0]/OBUFT/O
                         net (fo=1, unset)            0.000    17.319    exp_n_io[0]
    G18                                                               r  exp_n_io[0] (INOUT)
  -------------------------------------------------------------------    -------------------





Min Delay Paths
--------------------------------------------------------------------------------------
Slack:                    inf
  Source:                 pdm/for_chn[2].pdm_reg[2]/C
                            (rising edge-triggered cell FDRE clocked by pll_adc_clk  {rise@0.000ns fall@4.000ns period=8.000ns})
  Destination:            dac_pwm_o[2]
                            (output port)
  Path Group:             (none)
  Path Type:              Min at Fast Process Corner
  Data Path Delay:        1.049ns  (logic 1.048ns (99.905%)  route 0.001ns (0.095%))
  Logic Levels:           1  (OBUF=1)
  Clock Uncertainty:      0.161ns  ((TSJ^2 + DJ^2)^1/2) / 2 + PE
    Total System Jitter     (TSJ):    0.050ns
    Discrete Jitter          (DJ):    0.118ns
    Phase Error              (PE):    0.097ns

    Location             Delay type                Incr(ns)  Path(ns)    Netlist Resource(s)
  -------------------------------------------------------------------    -------------------
                         (clock pll_adc_clk rise edge)
                                                      0.000     0.000 r  
    U18                                               0.000     0.000 r  adc_clk_i[1] (IN)
                         net (fo=0)                   0.000     0.000    adc_clk_i[1]
    U18                  IBUFDS (Prop_ibufds_I_O)     0.401     0.401 r  i_clk/O
                         net (fo=1, routed)           0.440     0.842    pll/adc_clk_in
    PLLE2_ADV_X0Y0       PLLE2_ADV (Prop_plle2_adv_CLKIN1_CLKOUT0)
                                                      0.051     0.893 r  pll/pll/CLKOUT0
                         net (fo=1, routed)           0.497     1.390    pll_adc_clk
    BUFGCTRL_X0Y0        BUFG (Prop_bufg_I_O)         0.026     1.416 r  bufg_adc_clk/O
                         net (fo=8602, routed)        0.584     1.999    pdm/clk_i
    OLOGIC_X0Y2          FDRE                                         r  pdm/for_chn[2].pdm_reg[2]/C
  -------------------------------------------------------------------    -------------------
    OLOGIC_X0Y2          FDRE (Prop_fdre_C_Q)         0.177     2.176 r  pdm/for_chn[2].pdm_reg[2]/Q
                         net (fo=1, routed)           0.001     2.177    dac_pwm_o_OBUF[2]
    P15                  OBUF (Prop_obuf_I_O)         0.871     3.048 r  dac_pwm_o_OBUF[2]_inst/O
                         net (fo=0)                   0.000     3.048    dac_pwm_o[2]
    P15                                                               r  dac_pwm_o[2] (OUT)
  -------------------------------------------------------------------    -------------------





--------------------------------------------------------------------------------------
Path Group:  (none)
From Clock:  pll_dac_clk_1x
  To Clock:  

Max Delay            16 Endpoints
Min Delay            16 Endpoints
--------------------------------------------------------------------------------------


Max Delay Paths
--------------------------------------------------------------------------------------
Slack:                    inf
  Source:                 oddr_dac_dat[0]/C
                            (falling edge-triggered cell ODDR clocked by pll_dac_clk_1x  {rise@0.000ns fall@4.000ns period=8.000ns})
  Destination:            dac_dat_o[0]
                            (output port)
  Path Group:             (none)
  Path Type:              Max at Slow Process Corner
  Data Path Delay:        4.511ns  (logic 4.510ns (99.978%)  route 0.001ns (0.022%))
  Logic Levels:           1  (OBUF=1)
  Clock Uncertainty:      0.161ns  ((TSJ^2 + DJ^2)^1/2) / 2 + PE
    Total System Jitter     (TSJ):    0.050ns
    Discrete Jitter          (DJ):    0.118ns
    Phase Error              (PE):    0.097ns

    Location             Delay type                Incr(ns)  Path(ns)    Netlist Resource(s)
  -------------------------------------------------------------------    -------------------
                         (clock pll_dac_clk_1x fall edge)
                                                      4.000     4.000 f  
    U18                                               0.000     4.000 f  adc_clk_i[1] (IN)
                         net (fo=0)                   0.000     4.000    adc_clk_i[1]
    U18                  IBUFDS (Prop_ibufds_I_O)     0.983     4.983 f  i_clk/O
                         net (fo=1, routed)           1.306     6.289    pll/adc_clk_in
    PLLE2_ADV_X0Y0       PLLE2_ADV (Prop_plle2_adv_CLKIN1_CLKOUT1)
                                                      0.089     6.378 f  pll/pll/CLKOUT1
                         net (fo=1, routed)           1.754     8.132    pll_dac_clk_1x
    BUFGCTRL_X0Y2        BUFG (Prop_bufg_I_O)         0.101     8.233 f  bufg_dac_clk_1x/O
                         net (fo=45, routed)          1.759     9.993    dac_clk_1x
    OLOGIC_X0Y86         ODDR                                         f  oddr_dac_dat[0]/C
  -------------------------------------------------------------------    -------------------
    OLOGIC_X0Y86         ODDR (Prop_oddr_C_Q)         0.472    10.465 r  oddr_dac_dat[0]/Q
                         net (fo=1, routed)           0.001    10.466    dac_dat_o_OBUF[0]
    M19                  OBUF (Prop_obuf_I_O)         4.038    14.503 r  dac_dat_o_OBUF[0]_inst/O
                         net (fo=0)                   0.000    14.503    dac_dat_o[0]
    M19                                                               r  dac_dat_o[0] (OUT)
  -------------------------------------------------------------------    -------------------





Min Delay Paths
--------------------------------------------------------------------------------------
Slack:                    inf
  Source:                 oddr_dac_sel/C
                            (rising edge-triggered cell ODDR clocked by pll_dac_clk_1x  {rise@0.000ns fall@4.000ns period=8.000ns})
  Destination:            dac_sel_o
                            (output port)
  Path Group:             (none)
  Path Type:              Min at Fast Process Corner
  Data Path Delay:        1.527ns  (logic 1.526ns (99.935%)  route 0.001ns (0.065%))
  Logic Levels:           1  (OBUF=1)
  Clock Uncertainty:      0.161ns  ((TSJ^2 + DJ^2)^1/2) / 2 + PE
    Total System Jitter     (TSJ):    0.050ns
    Discrete Jitter          (DJ):    0.118ns
    Phase Error              (PE):    0.097ns

    Location             Delay type                Incr(ns)  Path(ns)    Netlist Resource(s)
  -------------------------------------------------------------------    -------------------
                         (clock pll_dac_clk_1x rise edge)
                                                      0.000     0.000 r  
    U18                                               0.000     0.000 r  adc_clk_i[1] (IN)
                         net (fo=0)                   0.000     0.000    adc_clk_i[1]
    U18                  IBUFDS (Prop_ibufds_I_O)     0.401     0.401 r  i_clk/O
                         net (fo=1, routed)           0.440     0.842    pll/adc_clk_in
    PLLE2_ADV_X0Y0       PLLE2_ADV (Prop_plle2_adv_CLKIN1_CLKOUT1)
                                                      0.051     0.893 r  pll/pll/CLKOUT1
                         net (fo=1, routed)           0.497     1.390    pll_dac_clk_1x
    BUFGCTRL_X0Y2        BUFG (Prop_bufg_I_O)         0.026     1.416 r  bufg_dac_clk_1x/O
                         net (fo=45, routed)          0.580     1.995    dac_clk_1x
    OLOGIC_X0Y57         ODDR                                         r  oddr_dac_sel/C
  -------------------------------------------------------------------    -------------------
    OLOGIC_X0Y57         ODDR (Prop_oddr_C_Q)         0.177     2.172 r  oddr_dac_sel/Q
                         net (fo=1, routed)           0.001     2.173    dac_sel_o_OBUF
    N16                  OBUF (Prop_obuf_I_O)         1.349     3.522 r  dac_sel_o_OBUF_inst/O
                         net (fo=0)                   0.000     3.522    dac_sel_o
    N16                                                               r  dac_sel_o (OUT)
  -------------------------------------------------------------------    -------------------





--------------------------------------------------------------------------------------
Path Group:  (none)
From Clock:  pll_dac_clk_2p
  To Clock:  

Max Delay             1 Endpoint
Min Delay             1 Endpoint
--------------------------------------------------------------------------------------


Max Delay Paths
--------------------------------------------------------------------------------------
Slack:                    inf
  Source:                 oddr_dac_clk/C
                            (rising edge-triggered cell ODDR clocked by pll_dac_clk_2p  {rise@-0.500ns fall@1.500ns period=4.000ns})
  Destination:            dac_clk_o
                            (output port)
  Path Group:             (none)
  Path Type:              Max at Slow Process Corner
  Data Path Delay:        3.718ns  (logic 3.717ns (99.973%)  route 0.001ns (0.027%))
  Logic Levels:           1  (OBUF=1)
  Clock Uncertainty:      0.154ns  ((TSJ^2 + DJ^2)^1/2) / 2 + PE
    Total System Jitter     (TSJ):    0.050ns
    Discrete Jitter          (DJ):    0.104ns
    Phase Error              (PE):    0.097ns

    Location             Delay type                Incr(ns)  Path(ns)    Netlist Resource(s)
  -------------------------------------------------------------------    -------------------
                         (clock pll_dac_clk_2p rise edge)
                                                      3.500     3.500 r  
    U18                                               0.000     3.500 r  adc_clk_i[1] (IN)
                         net (fo=0)                   0.000     3.500    adc_clk_i[1]
    U18                  IBUFDS (Prop_ibufds_I_O)     0.983     4.483 r  i_clk/O
                         net (fo=1, routed)           1.306     5.789    pll/adc_clk_in
    PLLE2_ADV_X0Y0       PLLE2_ADV (Prop_plle2_adv_CLKIN1_CLKOUT3)
                                                      0.089     5.878 r  pll/pll/CLKOUT3
                         net (fo=1, routed)           1.754     7.632    pll_dac_clk_2p
    BUFGCTRL_X0Y3        BUFG (Prop_bufg_I_O)         0.101     7.733 r  bufg_dac_clk_2p/O
                         net (fo=1, routed)           1.758     9.492    dac_clk_2p
    OLOGIC_X0Y83         ODDR                                         r  oddr_dac_clk/C
  -------------------------------------------------------------------    -------------------
    OLOGIC_X0Y83         ODDR (Prop_oddr_C_Q)         0.472     9.964 r  oddr_dac_clk/Q
                         net (fo=1, routed)           0.001     9.965    dac_clk_o_OBUF
    M18                  OBUF (Prop_obuf_I_O)         3.245    13.210 r  dac_clk_o_OBUF_inst/O
                         net (fo=0)                   0.000    13.210    dac_clk_o
    M18                                                               r  dac_clk_o (OUT)
  -------------------------------------------------------------------    -------------------





Min Delay Paths
--------------------------------------------------------------------------------------
Slack:                    inf
  Source:                 oddr_dac_clk/C
                            (falling edge-triggered cell ODDR clocked by pll_dac_clk_2p  {rise@-0.500ns fall@1.500ns period=4.000ns})
  Destination:            dac_clk_o
                            (output port)
  Path Group:             (none)
  Path Type:              Min at Fast Process Corner
  Data Path Delay:        1.587ns  (logic 1.586ns (99.937%)  route 0.001ns (0.063%))
  Logic Levels:           1  (OBUF=1)
  Clock Uncertainty:      0.154ns  ((TSJ^2 + DJ^2)^1/2) / 2 + PE
    Total System Jitter     (TSJ):    0.050ns
    Discrete Jitter          (DJ):    0.104ns
    Phase Error              (PE):    0.097ns

    Location             Delay type                Incr(ns)  Path(ns)    Netlist Resource(s)
  -------------------------------------------------------------------    -------------------
                         (clock pll_dac_clk_2p fall edge)
                                                      1.500     1.500 f  
    U18                                               0.000     1.500 f  adc_clk_i[1] (IN)
                         net (fo=0)                   0.000     1.500    adc_clk_i[1]
    U18                  IBUFDS (Prop_ibufds_I_O)     0.401     1.901 f  i_clk/O
                         net (fo=1, routed)           0.440     2.342    pll/adc_clk_in
    PLLE2_ADV_X0Y0       PLLE2_ADV (Prop_plle2_adv_CLKIN1_CLKOUT3)
                                                      0.051     2.393 f  pll/pll/CLKOUT3
                         net (fo=1, routed)           0.497     2.890    pll_dac_clk_2p
    BUFGCTRL_X0Y3        BUFG (Prop_bufg_I_O)         0.026     2.916 f  bufg_dac_clk_2p/O
                         net (fo=1, routed)           0.578     3.493    dac_clk_2p
    OLOGIC_X0Y83         ODDR                                         f  oddr_dac_clk/C
  -------------------------------------------------------------------    -------------------
    OLOGIC_X0Y83         ODDR (Prop_oddr_C_Q)         0.177     3.670 r  oddr_dac_clk/Q
                         net (fo=1, routed)           0.001     3.671    dac_clk_o_OBUF
    M18                  OBUF (Prop_obuf_I_O)         1.409     5.080 r  dac_clk_o_OBUF_inst/O
                         net (fo=0)                   0.000     5.080    dac_clk_o
    M18                                                               r  dac_clk_o (OUT)
  -------------------------------------------------------------------    -------------------





--------------------------------------------------------------------------------------
Path Group:  (none)
From Clock:  pll_dac_clk_2x
  To Clock:  

Max Delay             1 Endpoint
Min Delay             1 Endpoint
--------------------------------------------------------------------------------------


Max Delay Paths
--------------------------------------------------------------------------------------
Slack:                    inf
  Source:                 oddr_dac_wrt/C
                            (falling edge-triggered cell ODDR clocked by pll_dac_clk_2x  {rise@0.000ns fall@2.000ns period=4.000ns})
  Destination:            dac_wrt_o
                            (output port)
  Path Group:             (none)
  Path Type:              Max at Slow Process Corner
  Data Path Delay:        3.725ns  (logic 3.724ns (99.973%)  route 0.001ns (0.027%))
  Logic Levels:           1  (OBUF=1)
  Clock Uncertainty:      0.154ns  ((TSJ^2 + DJ^2)^1/2) / 2 + PE
    Total System Jitter     (TSJ):    0.050ns
    Discrete Jitter          (DJ):    0.104ns
    Phase Error              (PE):    0.097ns

    Location             Delay type                Incr(ns)  Path(ns)    Netlist Resource(s)
  -------------------------------------------------------------------    -------------------
                         (clock pll_dac_clk_2x fall edge)
                                                      2.000     2.000 f  
    U18                                               0.000     2.000 f  adc_clk_i[1] (IN)
                         net (fo=0)                   0.000     2.000    adc_clk_i[1]
    U18                  IBUFDS (Prop_ibufds_I_O)     0.983     2.983 f  i_clk/O
                         net (fo=1, routed)           1.306     4.289    pll/adc_clk_in
    PLLE2_ADV_X0Y0       PLLE2_ADV (Prop_plle2_adv_CLKIN1_CLKOUT2)
                                                      0.089     4.378 f  pll/pll/CLKOUT2
                         net (fo=1, routed)           1.754     6.132    pll_dac_clk_2x
    BUFGCTRL_X0Y4        BUFG (Prop_bufg_I_O)         0.101     6.233 f  bufg_dac_clk_2x/O
                         net (fo=1, routed)           1.758     7.992    dac_clk_2x
    OLOGIC_X0Y84         ODDR                                         f  oddr_dac_wrt/C
  -------------------------------------------------------------------    -------------------
    OLOGIC_X0Y84         ODDR (Prop_oddr_C_Q)         0.472     8.464 r  oddr_dac_wrt/Q
                         net (fo=1, routed)           0.001     8.465    dac_wrt_o_OBUF
    M17                  OBUF (Prop_obuf_I_O)         3.252    11.716 r  dac_wrt_o_OBUF_inst/O
                         net (fo=0)                   0.000    11.716    dac_wrt_o
    M17                                                               r  dac_wrt_o (OUT)
  -------------------------------------------------------------------    -------------------





Min Delay Paths
--------------------------------------------------------------------------------------
Slack:                    inf
  Source:                 oddr_dac_wrt/C
                            (rising edge-triggered cell ODDR clocked by pll_dac_clk_2x  {rise@0.000ns fall@2.000ns period=4.000ns})
  Destination:            dac_wrt_o
                            (output port)
  Path Group:             (none)
  Path Type:              Min at Fast Process Corner
  Data Path Delay:        1.593ns  (logic 1.592ns (99.937%)  route 0.001ns (0.063%))
  Logic Levels:           1  (OBUF=1)
  Clock Uncertainty:      0.154ns  ((TSJ^2 + DJ^2)^1/2) / 2 + PE
    Total System Jitter     (TSJ):    0.050ns
    Discrete Jitter          (DJ):    0.104ns
    Phase Error              (PE):    0.097ns

    Location             Delay type                Incr(ns)  Path(ns)    Netlist Resource(s)
  -------------------------------------------------------------------    -------------------
                         (clock pll_dac_clk_2x rise edge)
                                                      0.000     0.000 r  
    U18                                               0.000     0.000 r  adc_clk_i[1] (IN)
                         net (fo=0)                   0.000     0.000    adc_clk_i[1]
    U18                  IBUFDS (Prop_ibufds_I_O)     0.401     0.401 r  i_clk/O
                         net (fo=1, routed)           0.440     0.842    pll/adc_clk_in
    PLLE2_ADV_X0Y0       PLLE2_ADV (Prop_plle2_adv_CLKIN1_CLKOUT2)
                                                      0.051     0.893 r  pll/pll/CLKOUT2
                         net (fo=1, routed)           0.497     1.390    pll_dac_clk_2x
    BUFGCTRL_X0Y4        BUFG (Prop_bufg_I_O)         0.026     1.416 r  bufg_dac_clk_2x/O
                         net (fo=1, routed)           0.578     1.993    dac_clk_2x
    OLOGIC_X0Y84         ODDR                                         r  oddr_dac_wrt/C
  -------------------------------------------------------------------    -------------------
    OLOGIC_X0Y84         ODDR (Prop_oddr_C_Q)         0.177     2.170 r  oddr_dac_wrt/Q
                         net (fo=1, routed)           0.001     2.171    dac_wrt_o_OBUF
    M17                  OBUF (Prop_obuf_I_O)         1.415     3.586 r  dac_wrt_o_OBUF_inst/O
                         net (fo=0)                   0.000     3.586    dac_wrt_o
    M17                                                               r  dac_wrt_o (OUT)
  -------------------------------------------------------------------    -------------------





--------------------------------------------------------------------------------------
Path Group:  (none)
From Clock:  
  To Clock:  clk_fpga_0

Max Delay            64 Endpoints
Min Delay            64 Endpoints
--------------------------------------------------------------------------------------


Max Delay Paths
--------------------------------------------------------------------------------------
Slack:                    inf
  Source:                 pll/pll/LOCKED
                            (internal pin)
  Destination:            locked_pll_cnt_reg[0]/CE
                            (rising edge-triggered cell FDRE clocked by clk_fpga_0  {rise@0.000ns fall@4.000ns period=8.000ns})
  Path Group:             (none)
  Path Type:              Setup (Max at Slow Process Corner)
  Data Path Delay:        4.214ns  (logic 0.124ns (2.943%)  route 4.090ns (97.057%))
  Logic Levels:           1  (LUT1=1)
  Clock Uncertainty:      0.123ns  ((TSJ^2 + TIJ^2)^1/2 + DJ) / 2 + PE
    Total System Jitter     (TSJ):    0.050ns
    Total Input Jitter      (TIJ):    0.240ns
    Discrete Jitter          (DJ):    0.000ns
    Phase Error              (PE):    0.000ns

    Location             Delay type                Incr(ns)  Path(ns)    Netlist Resource(s)
  -------------------------------------------------------------------    -------------------
    PLLE2_ADV_X0Y0       PLLE2_ADV                    0.000     0.000 f  pll/pll/LOCKED
                         net (fo=22, routed)          3.287     3.287    pll/pll_locked
    SLICE_X3Y55          LUT1 (Prop_lut1_I0_O)        0.124     3.411 r  pll/locked_pll_cnt[0]_i_1/O
                         net (fo=32, routed)          0.803     4.214    dac_rst_reg1
    SLICE_X2Y48          FDRE                                         r  locked_pll_cnt_reg[0]/CE
  -------------------------------------------------------------------    -------------------

                         (clock clk_fpga_0 rise edge)
                                                      0.000     0.000 r  
    PS7_X0Y0             PS7                          0.000     0.000 r  ps/system_i/processing_system7/inst/PS7_i/FCLKCLK[0]
                         net (fo=1, routed)           1.101     1.101    ps/lopt
    BUFGCTRL_X0Y5        BUFG (Prop_bufg_I_O)         0.091     1.192 r  ps/fclk_buf[0]/O
                         net (fo=32, routed)          1.552     2.744    fclk
    SLICE_X2Y48          FDRE                                         r  locked_pll_cnt_reg[0]/C





Min Delay Paths
--------------------------------------------------------------------------------------
Slack:                    inf
  Source:                 ps/system_i/processing_system7/inst/PS7_i/FCLKRESETN[0]
                            (internal pin)
  Destination:            locked_pll_cnt_reg[24]/R
                            (rising edge-triggered cell FDRE clocked by clk_fpga_0  {rise@0.000ns fall@4.000ns period=8.000ns})
  Path Group:             (none)
  Path Type:              Hold (Min at Fast Process Corner)
  Data Path Delay:        0.830ns  (logic 0.045ns (5.422%)  route 0.785ns (94.578%))
  Logic Levels:           1  (LUT1=1)
  Clock Uncertainty:      0.123ns  ((TSJ^2 + TIJ^2)^1/2 + DJ) / 2 + PE
    Total System Jitter     (TSJ):    0.050ns
    Total Input Jitter      (TIJ):    0.240ns
    Discrete Jitter          (DJ):    0.000ns
    Phase Error              (PE):    0.000ns

    Location             Delay type                Incr(ns)  Path(ns)    Netlist Resource(s)
  -------------------------------------------------------------------    -------------------
    PS7_X0Y0             PS7                          0.000     0.000 f  ps/system_i/processing_system7/inst/PS7_i/FCLKRESETN[0]
                         net (fo=23, routed)          0.639     0.639    ps/frstn
    SLICE_X3Y55          LUT1 (Prop_lut1_I0_O)        0.045     0.684 r  ps/pll_i_1/O
                         net (fo=32, routed)          0.146     0.830    RST0
    SLICE_X2Y54          FDRE                                         r  locked_pll_cnt_reg[24]/R
  -------------------------------------------------------------------    -------------------

                         (clock clk_fpga_0 rise edge)
                                                      0.000     0.000 r  
    PS7_X0Y0             PS7                          0.000     0.000 r  ps/system_i/processing_system7/inst/PS7_i/FCLKCLK[0]
                         net (fo=1, routed)           0.341     0.341    ps/lopt
    BUFGCTRL_X0Y5        BUFG (Prop_bufg_I_O)         0.029     0.370 r  ps/fclk_buf[0]/O
                         net (fo=32, routed)          0.852     1.222    fclk
    SLICE_X2Y54          FDRE                                         r  locked_pll_cnt_reg[24]/C





--------------------------------------------------------------------------------------
Path Group:  (none)
From Clock:  
  To Clock:  pll_adc_clk

Max Delay            61 Endpoints
Min Delay            61 Endpoints
--------------------------------------------------------------------------------------


Max Delay Paths
--------------------------------------------------------------------------------------
Slack:                    inf
  Source:                 exp_p_io[3]
                            (input port)
  Destination:            i_hk/sys_rdata_reg[3]/D
                            (rising edge-triggered cell FDRE clocked by pll_adc_clk  {rise@0.000ns fall@4.000ns period=8.000ns})
  Path Group:             (none)
  Path Type:              Setup (Max at Slow Process Corner)
  Data Path Delay:        5.772ns  (logic 1.740ns (30.144%)  route 4.032ns (69.856%))
  Logic Levels:           3  (IBUF=1 LUT5=1 LUT6=1)
  Clock Path Skew:        5.380ns (DCD - SCD + CPR)
    Destination Clock Delay (DCD):    5.380ns
    Source Clock Delay      (SCD):    0.000ns
    Clock Pessimism Removal (CPR):    0.000ns

    Location             Delay type                Incr(ns)  Path(ns)    Netlist Resource(s)
  -------------------------------------------------------------------    -------------------
    K17                                               0.000     0.000 r  exp_p_io[3] (INOUT)
                         net (fo=1, unset)            0.000     0.000    i_iobufp[3]/IO
    K17                  IBUF (Prop_ibuf_I_O)         1.492     1.492 r  i_iobufp[3]/IBUF/O
                         net (fo=2, routed)           3.272     4.764    ps/axi_slave_gp0/GPIO_tri_i[3]
    SLICE_X11Y53         LUT6 (Prop_lut6_I1_O)        0.124     4.888 r  ps/axi_slave_gp0/sys_rdata[3]_i_2__1/O
                         net (fo=1, routed)           0.760     5.648    ps/axi_slave_gp0/sys_rdata[3]_i_2__1_n_0
    SLICE_X16Y53         LUT5 (Prop_lut5_I0_O)        0.124     5.772 r  ps/axi_slave_gp0/sys_rdata[3]_i_1__1/O
                         net (fo=1, routed)           0.000     5.772    i_hk/sys_rdata_reg[31]_1[3]
    SLICE_X16Y53         FDRE                                         r  i_hk/sys_rdata_reg[3]/D
  -------------------------------------------------------------------    -------------------

                         (clock pll_adc_clk rise edge)
                                                      0.000     0.000 r  
    U18                                               0.000     0.000 r  adc_clk_i[1] (IN)
                         net (fo=0)                   0.000     0.000    adc_clk_i[1]
    U18                  IBUFDS (Prop_ibufds_I_O)     0.940     0.940 r  i_clk/O
                         net (fo=1, routed)           1.181     2.121    pll/adc_clk_in
    PLLE2_ADV_X0Y0       PLLE2_ADV (Prop_plle2_adv_CLKIN1_CLKOUT0)
                                                      0.084     2.205 r  pll/pll/CLKOUT0
                         net (fo=1, routed)           1.594     3.799    pll_adc_clk
    BUFGCTRL_X0Y0        BUFG (Prop_bufg_I_O)         0.091     3.890 r  bufg_adc_clk/O
                         net (fo=8602, routed)        1.490     5.380    i_hk/adc_clk
    SLICE_X16Y53         FDRE                                         r  i_hk/sys_rdata_reg[3]/C





Min Delay Paths
--------------------------------------------------------------------------------------
Slack:                    inf
  Source:                 pll/pll/LOCKED
                            (internal pin)
  Destination:            adc_rstn_reg/D
                            (rising edge-triggered cell FDRE clocked by pll_adc_clk  {rise@0.000ns fall@4.000ns period=8.000ns})
  Path Group:             (none)
  Path Type:              Hold (Min at Fast Process Corner)
  Data Path Delay:        0.690ns  (logic 0.043ns (6.232%)  route 0.647ns (93.768%))
  Logic Levels:           1  (LUT2=1)
  Clock Uncertainty:      0.161ns  ((TSJ^2 + DJ^2)^1/2) / 2 + PE
    Total System Jitter     (TSJ):    0.050ns
    Discrete Jitter          (DJ):    0.118ns
    Phase Error              (PE):    0.097ns

    Location             Delay type                Incr(ns)  Path(ns)    Netlist Resource(s)
  -------------------------------------------------------------------    -------------------
    PLLE2_ADV_X0Y0       PLLE2_ADV                    0.000     0.000 r  pll/pll/LOCKED
                         net (fo=22, routed)          0.534     0.534    ps/pll_locked
    SLICE_X42Y57         LUT2 (Prop_lut2_I1_O)        0.043     0.577 r  ps/adc_rstn_i_1/O
                         net (fo=1, routed)           0.113     0.690    rstn0
    SLICE_X42Y58         FDRE                                         r  adc_rstn_reg/D
  -------------------------------------------------------------------    -------------------

                         (clock pll_adc_clk rise edge)
                                                      0.000     0.000 r  
    U18                                               0.000     0.000 r  adc_clk_i[1] (IN)
                         net (fo=0)                   0.000     0.000    adc_clk_i[1]
    U18                  IBUFDS (Prop_ibufds_I_O)     0.433     0.433 r  i_clk/O
                         net (fo=1, routed)           0.481     0.914    pll/adc_clk_in
    PLLE2_ADV_X0Y0       PLLE2_ADV (Prop_plle2_adv_CLKIN1_CLKOUT0)
                                                      0.054     0.968 r  pll/pll/CLKOUT0
                         net (fo=1, routed)           0.544     1.512    pll_adc_clk
    BUFGCTRL_X0Y0        BUFG (Prop_bufg_I_O)         0.029     1.541 r  bufg_adc_clk/O
                         net (fo=8602, routed)        0.859     2.400    adc_clk
    SLICE_X42Y58         FDRE                                         r  adc_rstn_reg/C





--------------------------------------------------------------------------------------
Path Group:  (none)
From Clock:  
  To Clock:  pll_dac_clk_1x

Max Delay             1 Endpoint
Min Delay             1 Endpoint
--------------------------------------------------------------------------------------


Max Delay Paths
--------------------------------------------------------------------------------------
Slack:                    inf
  Source:                 ps/system_i/processing_system7/inst/PS7_i/FCLKRESETN[0]
                            (internal pin)
  Destination:            dac_rst_reg/D
                            (rising edge-triggered cell FDRE clocked by pll_dac_clk_1x  {rise@0.000ns fall@4.000ns period=8.000ns})
  Path Group:             (none)
  Path Type:              Setup (Max at Slow Process Corner)
  Data Path Delay:        4.711ns  (logic 0.124ns (2.632%)  route 4.587ns (97.368%))
  Logic Levels:           1  (LUT2=1)
  Clock Uncertainty:      0.161ns  ((TSJ^2 + DJ^2)^1/2) / 2 + PE
    Total System Jitter     (TSJ):    0.050ns
    Discrete Jitter          (DJ):    0.118ns
    Phase Error              (PE):    0.097ns

    Location             Delay type                Incr(ns)  Path(ns)    Netlist Resource(s)
  -------------------------------------------------------------------    -------------------
    PS7_X0Y0             PS7                          0.000     0.000 f  ps/system_i/processing_system7/inst/PS7_i/FCLKRESETN[0]
                         net (fo=23, routed)          4.587     4.587    ps/frstn
    SLICE_X42Y57         LUT2 (Prop_lut2_I0_O)        0.124     4.711 r  ps/dac_rst_i_1/O
                         net (fo=1, routed)           0.000     4.711    ps_n_423
    SLICE_X42Y57         FDRE                                         r  dac_rst_reg/D
  -------------------------------------------------------------------    -------------------

                         (clock pll_dac_clk_1x rise edge)
                                                      0.000     0.000 r  
    U18                                               0.000     0.000 r  adc_clk_i[1] (IN)
                         net (fo=0)                   0.000     0.000    adc_clk_i[1]
    U18                  IBUFDS (Prop_ibufds_I_O)     0.940     0.940 r  i_clk/O
                         net (fo=1, routed)           1.181     2.121    pll/adc_clk_in
    PLLE2_ADV_X0Y0       PLLE2_ADV (Prop_plle2_adv_CLKIN1_CLKOUT1)
                                                      0.084     2.205 r  pll/pll/CLKOUT1
                         net (fo=1, routed)           1.594     3.799    pll_dac_clk_1x
    BUFGCTRL_X0Y2        BUFG (Prop_bufg_I_O)         0.091     3.890 r  bufg_dac_clk_1x/O
                         net (fo=45, routed)          1.565     5.455    dac_clk_1x
    SLICE_X42Y57         FDRE                                         r  dac_rst_reg/C





Min Delay Paths
--------------------------------------------------------------------------------------
Slack:                    inf
  Source:                 pll/pll/LOCKED
                            (internal pin)
  Destination:            dac_rst_reg/D
                            (rising edge-triggered cell FDRE clocked by pll_dac_clk_1x  {rise@0.000ns fall@4.000ns period=8.000ns})
  Path Group:             (none)
  Path Type:              Hold (Min at Fast Process Corner)
  Data Path Delay:        0.579ns  (logic 0.045ns (7.778%)  route 0.534ns (92.222%))
  Logic Levels:           1  (LUT2=1)
  Clock Uncertainty:      0.161ns  ((TSJ^2 + DJ^2)^1/2) / 2 + PE
    Total System Jitter     (TSJ):    0.050ns
    Discrete Jitter          (DJ):    0.118ns
    Phase Error              (PE):    0.097ns

    Location             Delay type                Incr(ns)  Path(ns)    Netlist Resource(s)
  -------------------------------------------------------------------    -------------------
    PLLE2_ADV_X0Y0       PLLE2_ADV                    0.000     0.000 f  pll/pll/LOCKED
                         net (fo=22, routed)          0.534     0.534    ps/pll_locked
    SLICE_X42Y57         LUT2 (Prop_lut2_I1_O)        0.045     0.579 r  ps/dac_rst_i_1/O
                         net (fo=1, routed)           0.000     0.579    ps_n_423
    SLICE_X42Y57         FDRE                                         r  dac_rst_reg/D
  -------------------------------------------------------------------    -------------------

                         (clock pll_dac_clk_1x rise edge)
                                                      0.000     0.000 r  
    U18                                               0.000     0.000 r  adc_clk_i[1] (IN)
                         net (fo=0)                   0.000     0.000    adc_clk_i[1]
    U18                  IBUFDS (Prop_ibufds_I_O)     0.433     0.433 r  i_clk/O
                         net (fo=1, routed)           0.481     0.914    pll/adc_clk_in
    PLLE2_ADV_X0Y0       PLLE2_ADV (Prop_plle2_adv_CLKIN1_CLKOUT1)
                                                      0.054     0.968 r  pll/pll/CLKOUT1
                         net (fo=1, routed)           0.544     1.512    pll_dac_clk_1x
    BUFGCTRL_X0Y2        BUFG (Prop_bufg_I_O)         0.029     1.541 r  bufg_dac_clk_1x/O
                         net (fo=45, routed)          0.859     2.400    dac_clk_1x
    SLICE_X42Y57         FDRE                                         r  dac_rst_reg/C





