Copyright 1986-2020 Xilinx, Inc. All Rights Reserved.
-------------------------------------------------------------------------------------------
| Tool Version : Vivado v.2020.1 (win64) Build 2902540 Wed May 27 19:54:49 MDT 2020
| Date         : Fri Sep 11 16:13:26 2026
| Host         : lin running 64-bit major release  (build 9200)
| Command      : report_control_sets -verbose -file red_pitaya_top_control_sets_placed.rpt
| Design       : red_pitaya_top
| Device       : xc7z010
-------------------------------------------------------------------------------------------

Control Set Information

Table of Contents
-----------------
1. Summary
2. Histogram
3. Flip-Flop Distribution
4. Detailed Control Set Information

1. Summary
----------

+----------------------------------------------------------+-------+
|                          Status                          | Count |
+----------------------------------------------------------+-------+
| Total control sets                                       |   314 |
|    Minimum number of control sets                        |   314 |
|    Addition due to synthesis replication                 |     0 |
|    Addition due to physical synthesis replication        |     0 |
| Unused register locations in slices containing registers |   696 |
+----------------------------------------------------------+-------+
* Control sets can be merged at opt_design using control_set_merge or merge_equivalent_drivers
** Run report_qor_suggestions for automated merging and remapping suggestions


2. Histogram
------------

+--------------------+-------+
|       Fanout       | Count |
+--------------------+-------+
| Total control sets |   314 |
| >= 0 to < 4        |     4 |
| >= 4 to < 6        |    35 |
| >= 6 to < 8        |     4 |
| >= 8 to < 10       |    29 |
| >= 10 to < 12      |     3 |
| >= 12 to < 14      |    13 |
| >= 14 to < 16      |    56 |
| >= 16              |   170 |
+--------------------+-------+
* Control sets can be remapped at either synth_design or opt_design


3. Flip-Flop Distribution
-------------------------

+--------------+-----------------------+------------------------+-----------------+--------------+
| Clock Enable | Synchronous Set/Reset | Asynchronous Set/Reset | Total Registers | Total Slices |
+--------------+-----------------------+------------------------+-----------------+--------------+
| No           | No                    | No                     |             525 |          189 |
| No           | No                    | Yes                    |              14 |            6 |
| No           | Yes                   | No                     |            1394 |          428 |
| Yes          | No                    | No                     |            3038 |          942 |
| Yes          | No                    | Yes                    |               0 |            0 |
| Yes          | Yes                   | No                     |            3933 |         1205 |
+--------------+-----------------------+------------------------+-----------------+--------------+


4. Detailed Control Set Information
-----------------------------------

+------------------------------------------------+----------------------------------------------------------------------------------------------------------------------------------------------------+-------------------------------------------------------------------------------------------------------------------------+------------------+----------------+--------------+
|                  Clock Signal                  |                                                                    Enable Signal                                                                   |                                                     Set/Reset Signal                                                    | Slice Load Count | Bel Load Count | Bels / Slice |
+------------------------------------------------+----------------------------------------------------------------------------------------------------------------------------------------------------+-------------------------------------------------------------------------------------------------------------------------+------------------+----------------+--------------+
|  adc_clk                                       | ps/axi_master_1/axi_awpop                                                                                                                          | ps/axi_master_1/axi_awburst_o[0]_i_1__0_n_0                                                                             |                1 |              1 |         1.00 |
|  adc_clk                                       | ps/axi_master_0/axi_awpop                                                                                                                          | ps/axi_master_0/axi_awburst_o[0]_i_1_n_0                                                                                |                1 |              1 |         1.00 |
|  adc_clk                                       | i_custom_register_bank/g_lock_acq_simple.i_simple_lock_acquisition/i_crossing_detector/source_count_q[5]_i_1_n_0                                   | i_custom_register_bank/g_lock_acq_simple.i_simple_lock_acquisition/i_crossing_detector/source_count_q[3]_i_1_n_0        |                1 |              1 |         1.00 |
|  ps/system_i/processing_system7/inst/FCLK_CLK3 | ps/system_i/axi_protocol_converter_0/inst/gen_axilite.gen_b2s_conv.axilite_b2s/WR.b_channel_0/bid_fifo_0/bresp_push                                |                                                                                                                         |                1 |              2 |         2.00 |
|  ps/system_i/processing_system7/inst/FCLK_CLK3 |                                                                                                                                                    | ps/system_i/axi_protocol_converter_0/inst/gen_axilite.gen_b2s_conv.axilite_b2s/SI_REG/ar.ar_pipe/aresetn_d_reg[1]_inv_0 |                4 |              4 |         1.00 |
|  adc_clk                                       | ps/axi_master_1/axi_wpop                                                                                                                           | i_asg/ch[0]/adc_rstn_reg_rep__13                                                                                        |                1 |              4 |         4.00 |
|  adc_clk                                       | ps/axi_slave_gp0/rd_araddr_reg[4]_28                                                                                                               | i_asg/ch[0]/adc_rstn_reg_rep__13                                                                                        |                1 |              4 |         4.00 |
|  adc_clk                                       | i_scope/set_trig_src[3]_i_1_n_0                                                                                                                    | i_asg/ch[0]/adc_rstn_reg_rep__13                                                                                        |                1 |              4 |         4.00 |
|  adc_clk                                       |                                                                                                                                                    | i_scope/i_wr0/clear                                                                                                     |                3 |              4 |         1.33 |
|  adc_clk                                       |                                                                                                                                                    | i_scope/i_wr1/clear                                                                                                     |                3 |              4 |         1.33 |
|  adc_clk                                       | ps/axi_master_0/axi_awpush                                                                                                                         | i_asg/ch[0]/adc_rstn_reg_rep__13                                                                                        |                1 |              4 |         4.00 |
|  adc_clk                                       | i_scope/i_wr0/axi_wvalid_o_reg_1[0]                                                                                                                | i_asg/ch[0]/adc_rstn_reg_rep__13                                                                                        |                2 |              4 |         2.00 |
|  adc_clk                                       | ps/axi_master_0/axi_wfill_lvl[3]_i_1_n_0                                                                                                           | i_asg/ch[0]/adc_rstn_reg_rep__13                                                                                        |                1 |              4 |         4.00 |
|  ps/system_i/processing_system7/inst/FCLK_CLK3 | ps/system_i/xadc/inst/AXI_XADC_CORE_I/D[6]                                                                                                         | ps/system_i/xadc/inst/AXI_LITE_IPIF_I/I_SLAVE_ATTACHMENT/reset2ip_reset                                                 |                2 |              4 |         2.00 |
|  adc_clk                                       | i_scope/i_wr1/axi_wvalid_o_reg_1[0]                                                                                                                | i_asg/ch[0]/adc_rstn_reg_rep__13                                                                                        |                1 |              4 |         4.00 |
|  adc_clk                                       | i_scope/i_wr0/axi_wvalid_o_reg_2[0]                                                                                                                | i_asg/ch[0]/adc_rstn_reg_rep__13                                                                                        |                1 |              4 |         4.00 |
|  adc_clk                                       | ps/axi_master_0/axi_awfill_lvl[3]_i_1_n_0                                                                                                          | i_asg/ch[0]/adc_rstn_reg_rep__13                                                                                        |                1 |              4 |         4.00 |
|  adc_clk                                       |                                                                                                                                                    | i_custom_register_bank/clear_event_command_q                                                                            |                2 |              4 |         2.00 |
|  adc_clk                                       |                                                                                                                                                    | i_custom_register_bank/g_lock_acq_simple.i_simple_lock_acquisition/event_snapshot_error_direction_q[1]_i_1_n_0          |                3 |              4 |         1.33 |
|  adc_clk                                       | ps/axi_master_0/axi_wpop                                                                                                                           | i_asg/ch[0]/adc_rstn_reg_rep__13                                                                                        |                2 |              4 |         2.00 |
|  adc_clk                                       | ps/axi_master_0/axi_rfill_lvl[3]_i_1_n_0                                                                                                           | i_asg/ch[0]/adc_rstn_reg_rep__13                                                                                        |                1 |              4 |         4.00 |
|  ps/system_i/processing_system7/inst/FCLK_CLK3 |                                                                                                                                                    | ps/system_i/axi_protocol_converter_0/inst/gen_axilite.gen_b2s_conv.axilite_b2s/SI_REG/aw.aw_pipe/aresetn_d_reg[0]_0     |                4 |              4 |         1.00 |
|  adc_clk                                       | ps/axi_master_1/axi_awpop                                                                                                                          | i_asg/ch[0]/adc_rstn_reg_rep__13                                                                                        |                2 |              4 |         2.00 |
|  adc_clk                                       | ps/axi_master_1/axi_awpush                                                                                                                         | i_asg/ch[0]/adc_rstn_reg_rep__13                                                                                        |                1 |              4 |         4.00 |
|  adc_clk                                       | ps/axi_master_1/axi_awfill_lvl[3]_i_1__0_n_0                                                                                                       | i_asg/ch[0]/adc_rstn_reg_rep__13                                                                                        |                1 |              4 |         4.00 |
|  adc_clk                                       | ps/axi_master_1/axi_rfill_lvl[3]_i_1__0_n_0                                                                                                        | i_asg/ch[0]/adc_rstn_reg_rep__13                                                                                        |                1 |              4 |         4.00 |
|  adc_clk                                       | i_scope/i_wr1/axi_wvalid_o_reg_2[0]                                                                                                                | i_asg/ch[0]/adc_rstn_reg_rep__13                                                                                        |                2 |              4 |         2.00 |
|  adc_clk                                       | ps/axi_master_1/axi_wfill_lvl[3]_i_1__0_n_0                                                                                                        | i_asg/ch[0]/adc_rstn_reg_rep__13                                                                                        |                1 |              4 |         4.00 |
|  adc_clk                                       | ps/axi_master_0/axi_awpop                                                                                                                          | i_asg/ch[0]/adc_rstn_reg_rep__13                                                                                        |                2 |              4 |         2.00 |
|  adc_clk                                       | i_custom_register_bank/g_lock_acq_simple.i_simple_lock_acquisition/i_lock_supervisor/divergence_count_q                                            | i_custom_register_bank/g_lock_acq_simple.i_simple_lock_acquisition/i_lock_supervisor/confirm_count_q[4]_i_1_n_0         |                2 |              5 |         2.50 |
|  ps/system_i/processing_system7/inst/FCLK_CLK3 | ps/system_i/axi_protocol_converter_0/inst/gen_axilite.gen_b2s_conv.axilite_b2s/RD.r_channel_0/transaction_fifo_0/cnt_read[4]_i_1__0_n_0            | ps/system_i/axi_protocol_converter_0/inst/gen_axilite.gen_b2s_conv.axilite_b2s/areset_d1                                |                1 |              5 |         5.00 |
|  ps/system_i/processing_system7/inst/FCLK_CLK3 |                                                                                                                                                    | ps/system_i/axi_register_slice_0/inst/w.w_pipe/p_0_in                                                                   |                2 |              5 |         2.50 |
|  ps/system_i/processing_system7/inst/FCLK_CLK3 |                                                                                                                                                    | ps/system_i/axi_register_slice_0/inst/aw.aw_pipe/p_1_in                                                                 |                3 |              5 |         1.67 |
|  adc_clk                                       | i_custom_register_bank/g_lock_acq_simple.i_simple_lock_acquisition/i_crossing_detector/source_count_q[5]_i_1_n_0                                   |                                                                                                                         |                2 |              5 |         2.50 |
|  adc_clk                                       | ps/axi_slave_gp0/ack_cnt[5]_i_2_n_0                                                                                                                | ps/axi_slave_gp0/ack_cnt[5]                                                                                             |                1 |              5 |         5.00 |
|  adc_clk                                       | i_scope/dec_avg_div_b/pipe_loop[1].pipe_dv_reg[1]__0                                                                                               | i_scope/dec_avg_div_b/pipe_loop[1].cnt[1][5]_i_1__0_n_0                                                                 |                1 |              5 |         5.00 |
|  adc_clk                                       | i_scope/dec_avg_div_a/pipe_loop[1].pipe_dv_reg[1]__0                                                                                               | i_scope/dec_avg_div_a/pipe_loop[1].cnt[1][5]_i_1_n_0                                                                    |                1 |              5 |         5.00 |
|  ps/system_i/processing_system7/inst/FCLK_CLK3 | ps/system_i/axi_protocol_converter_0/inst/gen_axilite.gen_b2s_conv.axilite_b2s/RD.r_channel_0/rd_data_fifo_0/cnt_read[4]_i_1_n_0                   | ps/system_i/axi_protocol_converter_0/inst/gen_axilite.gen_b2s_conv.axilite_b2s/areset_d1                                |                1 |              5 |         5.00 |
|  ps/system_i/processing_system7/inst/FCLK_CLK3 |                                                                                                                                                    | ps/system_i/proc_sys_reset/U0/EXT_LPF/lpf_int                                                                           |                3 |              5 |         1.67 |
|  adc_clk                                       | ps/axi_slave_gp0/E[0]                                                                                                                              | i_asg/ch[0]/adc_rstn_reg_rep__13                                                                                        |                2 |              6 |         3.00 |
|  ps/system_i/processing_system7/inst/FCLK_CLK3 | ps/system_i/proc_sys_reset/U0/SEQ/seq_cnt_en                                                                                                       | ps/system_i/proc_sys_reset/U0/SEQ/SEQ_COUNTER/clear                                                                     |                1 |              6 |         6.00 |
|  ps/system_i/processing_system7/inst/FCLK_CLK3 |                                                                                                                                                    | ps/system_i/xadc/inst/AXI_LITE_IPIF_I/I_SLAVE_ATTACHMENT/dpto_cnt0                                                      |                1 |              7 |         7.00 |
|  adc_clk                                       |                                                                                                                                                    | i_ramp_generator/amp_q[14]_i_1_n_0                                                                                      |                2 |              7 |         3.50 |
|  adc_clk                                       | i_scope/i_wr1/push                                                                                                                                 | i_scope/i_wr1/clear                                                                                                     |                2 |              8 |         4.00 |
|  adc_clk                                       | i_scope/i_wr0/dat_cnt[3]_i_1_n_0                                                                                                                   | i_scope/i_wr0/clear                                                                                                     |                3 |              8 |         2.67 |
|  adc_clk                                       | ps/axi_slave_gp0/bus\\.wen_reg_21[0]                                                                                                               | i_asg/ch[0]/adc_rstn_reg_rep__13                                                                                        |                4 |              8 |         2.00 |
|  adc_clk                                       | i_custom_register_bank/g_lock_acq_simple.i_simple_lock_acquisition/i_lock_supervisor/sample_count_q0                                               | i_custom_register_bank/g_lock_acq_simple.i_simple_lock_acquisition/i_lock_supervisor/sample_count_q[7]_i_1_n_0          |                3 |              8 |         2.67 |
|  adc_clk                                       | i_custom_register_bank/g_lock_acq_simple.i_simple_lock_acquisition/i_lock_supervisor/divergence_count_q                                            | i_custom_register_bank/g_lock_acq_simple.i_simple_lock_acquisition/i_lock_supervisor/divergence_count_q[7]_i_1_n_0      |                5 |              8 |         1.60 |
|  adc_clk                                       | ps/axi_slave_gp0/bus\\.wen_reg_22[0]                                                                                                               | i_asg/ch[0]/adc_rstn_reg_rep__13                                                                                        |                2 |              8 |         4.00 |
|  adc_clk                                       | ps/axi_slave_gp0/bus\\.wen_reg_23[0]                                                                                                               | i_asg/ch[0]/adc_rstn_reg_rep__13                                                                                        |                2 |              8 |         4.00 |
|  adc_clk                                       | i_scope/i_wr1/dat_cnt[3]_i_1__0_n_0                                                                                                                | i_scope/i_wr1/clear                                                                                                     |                3 |              8 |         2.67 |
|  adc_clk                                       | i_custom_register_bank/g_lock_acq_simple.i_simple_lock_acquisition/pending_kp_target_q                                                             | i_custom_register_bank/g_lock_acq_simple.i_simple_lock_acquisition/pending_crossing_samples_q                           |                2 |              8 |         4.00 |
|  adc_clk                                       | i_scope/i_wr1/pop                                                                                                                                  | i_scope/i_wr1/clear                                                                                                     |                2 |              8 |         4.00 |
|  adc_clk                                       | i_scope/i_wr0/pop                                                                                                                                  | i_scope/i_wr0/clear                                                                                                     |                2 |              8 |         4.00 |
|  adc_clk                                       | i_custom_register_bank/g_lock_acq_simple.i_simple_lock_acquisition/pending_kp_target_q                                                             | i_custom_register_bank/g_lock_acq_simple.i_simple_lock_acquisition/pending_confirm_windows_q                            |                1 |              8 |         8.00 |
|  adc_clk                                       | ps/axi_slave_gp0/bus\\.wen_reg_28[0]                                                                                                               | i_asg/ch[0]/adc_rstn_reg_rep__13                                                                                        |                4 |              8 |         2.00 |
|  adc_clk                                       | ps/axi_slave_gp0/bus\\.wen_reg_26[0]                                                                                                               | i_asg/ch[0]/adc_rstn_reg_rep__13                                                                                        |                2 |              8 |         4.00 |
|  adc_clk                                       | ps/axi_slave_gp0/bus\\.wen_reg_27[0]                                                                                                               | i_asg/ch[0]/adc_rstn_reg_rep__13                                                                                        |                3 |              8 |         2.67 |
|  adc_clk                                       | ps/axi_slave_gp0/bus\\.wen_reg_24[0]                                                                                                               | i_asg/ch[0]/adc_rstn_reg_rep__13                                                                                        |                3 |              8 |         2.67 |
|  adc_clk                                       | i_scope/i_wr0/push                                                                                                                                 | i_scope/i_wr0/clear                                                                                                     |                2 |              8 |         4.00 |
|  adc_clk                                       | ps/axi_slave_gp0/bus\\.wen_reg_20[0]                                                                                                               | i_asg/ch[0]/adc_rstn_reg_rep__13                                                                                        |                3 |              8 |         2.67 |
|  adc_clk                                       |                                                                                                                                                    | i_custom_register_bank/g_lock_acq_simple.i_simple_lock_acquisition/s6_valid                                             |                5 |              8 |         1.60 |
|  adc_clk                                       | ps/axi_slave_gp0/bus\\.wen_reg_25[0]                                                                                                               | i_asg/ch[0]/adc_rstn_reg_rep__13                                                                                        |                1 |              8 |         8.00 |
|  ps/system_i/processing_system7/inst/FCLK_CLK3 | ps/system_i/axi_protocol_converter_0/inst/gen_axilite.gen_b2s_conv.axilite_b2s/WR.b_channel_0/mhandshake_r                                         | ps/system_i/axi_protocol_converter_0/inst/gen_axilite.gen_b2s_conv.axilite_b2s/WR.b_channel_0/bid_fifo_0/SR[0]          |                3 |              8 |         2.67 |
|  adc_clk                                       | i_custom_register_bank/g_lock_acq_simple.i_simple_lock_acquisition/pending_kp_target_q                                                             | i_custom_register_bank/g_lock_acq_simple.i_simple_lock_acquisition/pending_divergence_windows_q                         |                2 |              8 |         4.00 |
|  adc_clk                                       |                                                                                                                                                    | i_asg/ch[0]/dly_tick[7]_i_1__0_n_0                                                                                      |                2 |              8 |         4.00 |
|  adc_clk                                       |                                                                                                                                                    | i_asg/ch[1]/dly_tick[7]_i_1_n_0                                                                                         |                2 |              8 |         4.00 |
|  adc_clk                                       | i_scope/i_wr0/fill_lvl[8]_i_1_n_0                                                                                                                  | i_scope/i_wr0/clear                                                                                                     |                3 |              9 |         3.00 |
|  adc_clk                                       | i_scope/i_wr1/fill_lvl[8]_i_1__0_n_0                                                                                                               | i_scope/i_wr1/clear                                                                                                     |                2 |              9 |         4.50 |
|  adc_clk                                       | ps/axi_master_1/axi_wpop                                                                                                                           | ps/axi_master_1/axi_wstrb_o[7]_i_1__0_n_0                                                                               |                3 |              9 |         3.00 |
|  adc_clk                                       | ps/axi_master_0/axi_wpop                                                                                                                           | ps/axi_master_0/axi_wstrb_o[7]_i_1_n_0                                                                                  |                3 |              9 |         3.00 |
|  adc_clk                                       | i_hk/sel                                                                                                                                           | i_asg/ch[0]/adc_rstn_reg_rep__13                                                                                        |                3 |              9 |         3.00 |
|  adc_clk                                       | ps/axi_slave_gp0/rd_araddr_reg[5]_10                                                                                                               | i_asg/ch[0]/adc_rstn_reg_rep__13                                                                                        |                5 |             10 |         2.00 |
|  adc_clk                                       | i_custom_register_bank/capture_start                                                                                                               | i_custom_register_bank/capture_start_o_reg_1                                                                            |                2 |             10 |         5.00 |
|  ps/system_i/processing_system7/inst/FCLK_CLK3 |                                                                                                                                                    | ps/system_i/axi_protocol_converter_0/inst/gen_axilite.gen_b2s_conv.axilite_b2s/areset_d1                                |                5 |             10 |         2.00 |
|  adc_clk                                       | i_custom_debug_capture/write_index_q                                                                                                               | i_custom_register_bank/capture_start_o_reg_0                                                                            |                3 |             12 |         4.00 |
|  ps/system_i/processing_system7/inst/FCLK_CLK3 | ps/system_i/axi_protocol_converter_0/inst/gen_axilite.gen_b2s_conv.axilite_b2s/WR.aw_channel_0/aw_cmd_fsm_0/FSM_sequential_state_reg[1]_0[0]       |                                                                                                                         |                6 |             12 |         2.00 |
|  ps/system_i/processing_system7/inst/FCLK_CLK3 | ps/system_i/axi_protocol_converter_0/inst/gen_axilite.gen_b2s_conv.axilite_b2s/WR.aw_channel_0/cmd_translator_0/incr_cmd_0/axaddr_incr[11]_i_1_n_0 |                                                                                                                         |                4 |             12 |         3.00 |
|  adc_clk                                       | i_scope/dec_avg_div_b/reg_Q[0][11]_i_1__0_n_0                                                                                                      |                                                                                                                         |                3 |             12 |         4.00 |
|  adc_clk                                       | i_scope/dec_avg_div_a/reg_Q[0][11]_i_1_n_0                                                                                                         |                                                                                                                         |                3 |             12 |         4.00 |
|  adc_clk                                       |                                                                                                                                                    | i_error_setpoint_corrector/lock_error_o[12]_i_1_n_0                                                                     |                2 |             12 |         6.00 |
|  ps/system_i/processing_system7/inst/FCLK_CLK3 | ps/system_i/axi_protocol_converter_0/inst/gen_axilite.gen_b2s_conv.axilite_b2s/RD.ar_channel_0/ar_cmd_fsm_0/E[0]                                   |                                                                                                                         |                5 |             12 |         2.40 |
|  ps/system_i/processing_system7/inst/FCLK_CLK3 | ps/system_i/axi_protocol_converter_0/inst/gen_axilite.gen_b2s_conv.axilite_b2s/RD.ar_channel_0/ar_cmd_fsm_0/sel_first_reg[0]                       |                                                                                                                         |                3 |             12 |         4.00 |
|  adc_clk                                       | i_custom_register_bank/g_lock_acq_simple.i_simple_lock_acquisition/trigger_o_reg_1[0]                                                              | i_asg/ch[0]/adc_rstn_reg_rep__13                                                                                        |                6 |             13 |         2.17 |
|  adc_clk                                       | ps/axi_slave_gp0/rd_araddr_reg[5]_13[0]                                                                                                            | i_asg/ch[0]/adc_rstn_reg_rep__13                                                                                        |                3 |             13 |         4.33 |
|  ps/system_i/processing_system7/inst/FCLK_CLK3 | ps/system_i/axi_protocol_converter_0/inst/gen_axilite.gen_b2s_conv.axilite_b2s/RD.r_channel_0/r_push_r                                             |                                                                                                                         |                4 |             13 |         3.25 |
|  adc_clk                                       | ps/axi_slave_gp0/bus\\.wen_reg_16[0]                                                                                                               | i_asg/ch[0]/adc_rstn_reg_rep__13                                                                                        |                4 |             13 |         3.25 |
|  adc_clk                                       | i_custom_register_bank/g_lock_acq_simple.i_simple_lock_acquisition/abort_command_q_reg[0]                                                          | i_asg/ch[0]/adc_rstn_reg_rep__13                                                                                        |                9 |             13 |         1.44 |
|  adc_clk                                       | ps/axi_slave_gp0/rd_araddr_reg[5]_9[0]                                                                                                             | i_asg/ch[0]/adc_rstn_reg_rep__13                                                                                        |                4 |             14 |         3.50 |
|  adc_clk                                       | ps/axi_slave_gp0/rd_araddr_reg[4]_20[0]                                                                                                            | i_asg/ch[0]/adc_rstn_reg_rep__13                                                                                        |                4 |             14 |         3.50 |
|  adc_clk                                       | i_scope/axi_b_dat[31]_i_1_n_0                                                                                                                      |                                                                                                                         |                5 |             14 |         2.80 |
|  adc_clk                                       | ps/axi_slave_gp0/rd_araddr_reg[1]_3[0]                                                                                                             | i_asg/ch[0]/adc_rstn_reg_rep__13                                                                                        |                6 |             14 |         2.33 |
|  adc_clk                                       | ps/axi_slave_gp0/rd_araddr_reg[3]_10[0]                                                                                                            | i_custom_register_bank/g_lock_acq_simple.i_simple_lock_acquisition/adc_rstn_reg_rep__12                                 |                6 |             14 |         2.33 |
|  adc_clk                                       | ps/axi_slave_gp0/rd_araddr_reg[4]_22[0]                                                                                                            | i_asg/ch[0]/adc_rstn_reg_rep__13                                                                                        |                4 |             14 |         3.50 |
|  adc_clk                                       | i_scope/axi_a_dat[15]_i_1_n_0                                                                                                                      |                                                                                                                         |                2 |             14 |         7.00 |
|  adc_clk                                       | i_scope/axi_a_dat[31]_i_1_n_0                                                                                                                      |                                                                                                                         |                5 |             14 |         2.80 |
|  adc_clk                                       | ps/axi_slave_gp0/rd_araddr_reg[4]_27[0]                                                                                                            | i_asg/ch[0]/adc_rstn_reg_rep__13                                                                                        |                4 |             14 |         3.50 |
|  adc_clk                                       | ps/axi_slave_gp0/rd_araddr_reg[6]_15[0]                                                                                                            | i_asg/ch[0]/adc_rstn_reg_rep__13                                                                                        |                2 |             14 |         7.00 |
|  adc_clk                                       | i_scope/axi_a_dat[47]_i_1_n_0                                                                                                                      |                                                                                                                         |                5 |             14 |         2.80 |
|  adc_clk                                       | ps/axi_slave_gp0/rd_araddr_reg[6]_11[0]                                                                                                            | i_asg/ch[0]/adc_rstn_reg_rep__13                                                                                        |                4 |             14 |         3.50 |
|  adc_clk                                       | i_scope/adc_wp_trig0                                                                                                                               | i_scope/adc_wp_cur                                                                                                      |                5 |             14 |         2.80 |
|  adc_clk                                       | ps/axi_slave_gp0/rd_araddr_reg[4]_18[0]                                                                                                            | i_asg/ch[0]/adc_rstn_reg_rep__13                                                                                        |                3 |             14 |         4.67 |
|  adc_clk                                       | ps/axi_slave_gp0/rd_araddr_reg[4]_26[0]                                                                                                            | i_asg/ch[0]/adc_rstn_reg_rep__13                                                                                        |                4 |             14 |         3.50 |
|  adc_clk                                       | ps/axi_slave_gp0/rd_araddr_reg[5]_17[0]                                                                                                            | i_asg/ch[0]/adc_rstn_reg_rep__13                                                                                        |                5 |             14 |         2.80 |
|  adc_clk                                       | ps/axi_slave_gp0/rd_araddr_reg[4]_25[0]                                                                                                            | i_asg/ch[0]/adc_rstn_reg_rep__13                                                                                        |                4 |             14 |         3.50 |
|  adc_clk                                       | ps/axi_slave_gp0/rd_araddr_reg[4]_19[0]                                                                                                            | i_asg/ch[0]/adc_rstn_reg_rep__13                                                                                        |                3 |             14 |         4.67 |
|  adc_clk                                       | ps/axi_slave_gp0/rd_araddr_reg[3]_7[0]                                                                                                             | i_asg/ch[0]/adc_rstn_reg_rep__13                                                                                        |                8 |             14 |         1.75 |
|  adc_clk                                       | ps/axi_slave_gp0/rd_araddr_reg[4]_21[0]                                                                                                            | i_asg/ch[0]/adc_rstn_reg_rep__13                                                                                        |                3 |             14 |         4.67 |
|  adc_clk                                       | ps/axi_slave_gp0/rd_araddr_reg[4]_23[0]                                                                                                            | i_asg/ch[0]/adc_rstn_reg_rep__13                                                                                        |                4 |             14 |         3.50 |
|  adc_clk                                       | ps/axi_slave_gp0/rd_araddr_reg[4]_24[0]                                                                                                            | i_asg/ch[0]/adc_rstn_reg_rep__13                                                                                        |                3 |             14 |         4.67 |
|  adc_clk                                       | i_scope/dec_avg_div_b/q_o[13]_i_1__0_n_0                                                                                                           |                                                                                                                         |                5 |             14 |         2.80 |
|  adc_clk                                       | ps/axi_slave_gp0/rd_araddr_reg[6]_7[0]                                                                                                             | i_asg/ch[0]/adc_rstn_reg_rep__13                                                                                        |                4 |             14 |         3.50 |
|  adc_clk                                       | ps/axi_slave_gp0/rd_araddr_reg[5]_16[0]                                                                                                            | i_asg/ch[0]/adc_rstn_reg_rep__13                                                                                        |                2 |             14 |         7.00 |
|  adc_clk                                       | ps/axi_slave_gp0/rd_araddr_reg[4]_15[0]                                                                                                            | i_asg/ch[0]/adc_rstn_reg_rep__13                                                                                        |                4 |             14 |         3.50 |
|  adc_clk                                       | ps/axi_slave_gp0/rd_araddr_reg[5]_15[0]                                                                                                            | i_asg/ch[0]/adc_rstn_reg_rep__13                                                                                        |                7 |             14 |         2.00 |
|  adc_clk                                       | i_scope/dec_avg_div_a/q_o[13]_i_1_n_0                                                                                                              |                                                                                                                         |                4 |             14 |         3.50 |
|  adc_clk                                       | ps/axi_slave_gp0/wr_awaddr_reg[11]_4[0]                                                                                                            | i_asg/ch[0]/adc_rstn_reg_rep__13                                                                                        |                3 |             14 |         4.67 |
|  adc_clk                                       | ps/axi_slave_gp0/wr_awaddr_reg[0]_2[0]                                                                                                             | i_asg/ch[0]/adc_rstn_reg_rep__13                                                                                        |                4 |             14 |         3.50 |
|  adc_clk                                       | ps/axi_slave_gp0/trigger_o_reg[0]                                                                                                                  | i_asg/ch[0]/adc_rstn_reg_rep__13                                                                                        |                5 |             14 |         2.80 |
|  adc_clk                                       | ps/axi_slave_gp0/wr_wdata_reg[0]_4[0]                                                                                                              | i_custom_register_bank/g_lock_acq_simple.i_simple_lock_acquisition/SR[0]                                                |                8 |             14 |         1.75 |
|  adc_clk                                       | i_custom_register_bank/g_lock_acq_simple.i_simple_lock_acquisition/abort_command_q_reg_0[0]                                                        | i_asg/ch[0]/adc_rstn_reg_rep__13                                                                                        |                5 |             14 |         2.80 |
|  adc_clk                                       | i_custom_register_bank/g_lock_acq_simple.i_simple_lock_acquisition/pending_kp_target_q                                                             | i_custom_register_bank/g_lock_acq_simple.i_simple_lock_acquisition/pending_kp_step_q                                    |                2 |             14 |         7.00 |
|  adc_clk                                       | ps/axi_slave_gp0/rd_araddr_reg[3]_19[0]                                                                                                            | i_asg/ch[0]/adc_rstn_reg_rep__13                                                                                        |                4 |             14 |         3.50 |
|  adc_clk                                       | i_custom_register_bank/g_lock_acq_simple.i_simple_lock_acquisition/pending_kp_target_q                                                             | i_custom_register_bank/g_lock_acq_simple.i_simple_lock_acquisition/pending_hysteresis_q                                 |                3 |             14 |         4.67 |
|  adc_clk                                       |                                                                                                                                                    | i_custom_register_bank/adc_rstn_reg_rep__12[0]                                                                          |                5 |             14 |         2.80 |
|  adc_clk                                       | i_scope/axi_a_dat[63]_i_1_n_0                                                                                                                      |                                                                                                                         |                2 |             14 |         7.00 |
|  adc_clk                                       | ps/axi_slave_gp0/bus\\.wen_reg_14[0]                                                                                                               | i_asg/ch[0]/adc_rstn_reg_rep__13                                                                                        |                6 |             14 |         2.33 |
|  ps/system_i/processing_system7/inst/FCLK_CLK3 | ps/system_i/axi_protocol_converter_0/inst/gen_axilite.gen_b2s_conv.axilite_b2s/SI_REG/b.b_pipe/p_1_in                                              |                                                                                                                         |                4 |             14 |         3.50 |
|  ps/system_i/processing_system7/inst/FCLK_CLK3 | ps/system_i/axi_protocol_converter_0/inst/gen_axilite.gen_b2s_conv.axilite_b2s/SI_REG/b.b_pipe/s_ready_i_reg_0                                     |                                                                                                                         |                4 |             14 |         3.50 |
|  adc_clk                                       | ps/axi_slave_gp0/bus\\.wen_reg_17[0]                                                                                                               | i_asg/ch[0]/adc_rstn_reg_rep__13                                                                                        |                4 |             14 |         3.50 |
|  adc_clk                                       | ps/axi_slave_gp0/bus\\.wen_reg_18[0]                                                                                                               | i_asg/ch[0]/adc_rstn_reg_rep__13                                                                                        |                5 |             14 |         2.80 |
|  adc_clk                                       | i_custom_register_bank/g_lock_acq_simple.i_simple_lock_acquisition/i_kp_ramp/kp_effective_o[13]_i_2_n_0                                            | i_custom_register_bank/g_lock_acq_simple.i_simple_lock_acquisition/i_lock_supervisor/SR[0]                              |                2 |             14 |         7.00 |
|  adc_clk                                       | ps/axi_slave_gp0/rd_araddr_reg[2]_15[0]                                                                                                            | i_asg/ch[0]/adc_rstn_reg_rep__13                                                                                        |                3 |             14 |         4.67 |
|  adc_clk                                       | i_custom_register_bank/g_lock_acq_simple.i_simple_lock_acquisition/i_lock_supervisor/state_q_reg[2]_0[0]                                           | i_asg/ch[0]/adc_rstn_reg_rep__13                                                                                        |                5 |             14 |         2.80 |
|  adc_clk                                       | i_custom_register_bank/g_lock_acq_simple.i_simple_lock_acquisition/i_crossing_detector/mode_o_reg[0][0]                                            | i_custom_register_bank/g_lock_acq_simple.i_simple_lock_acquisition/mode_o_reg[2][0]                                     |                8 |             14 |         1.75 |
|  adc_clk                                       | ps/axi_slave_gp0/rd_araddr_reg[0]_0[0]                                                                                                             | i_asg/ch[0]/adc_rstn_reg_rep__13                                                                                        |                7 |             14 |         2.00 |
|  adc_clk                                       | ps/axi_slave_gp0/rd_araddr_reg[15]_1[0]                                                                                                            | i_asg/ch[0]/adc_rstn_reg_rep__13                                                                                        |                5 |             14 |         2.80 |
|  adc_clk                                       | i_scope/axi_b_dat[63]_i_1_n_0                                                                                                                      |                                                                                                                         |                3 |             14 |         4.67 |
|  adc_clk                                       | i_scope/axi_b_dat[15]_i_1_n_0                                                                                                                      |                                                                                                                         |                4 |             14 |         3.50 |
|  adc_clk                                       | i_scope/axi_b_dat[47]_i_1_n_0                                                                                                                      |                                                                                                                         |                4 |             14 |         3.50 |
|  ps/system_i/processing_system7/inst/FCLK_CLK3 | ps/system_i/axi_register_slice_0/inst/b.b_pipe/m_payload_i[13]_i_1_n_0                                                                             |                                                                                                                         |                2 |             14 |         7.00 |
|  adc_clk                                       | i_custom_register_bank/update_pending_q_reg[0]                                                                                                     | i_asg/ch[0]/adc_rstn_reg_rep__13                                                                                        |                6 |             15 |         2.50 |
|  adc_clk                                       |                                                                                                                                                    | i_ramp_generator/step_q[14]_i_1_n_0                                                                                     |                5 |             15 |         3.00 |
|  adc_clk                                       | i_custom_register_bank/g_lock_acq_simple.i_simple_lock_acquisition/i_event_recorder/fault_code_q                                                   | i_asg/ch[0]/adc_rstn_reg_rep__13                                                                                        |                3 |             15 |         5.00 |
|  adc_clk                                       | ps/axi_slave_gp0/rd_araddr_reg[3]_8[0]                                                                                                             | i_asg/ch[0]/adc_rstn_reg_rep__13                                                                                        |                3 |             16 |         5.33 |
|  adc_clk                                       | ps/axi_slave_gp0/rd_araddr_reg[1]_6[0]                                                                                                             | i_asg/ch[0]/adc_rstn_reg_rep__13                                                                                        |                4 |             16 |         4.00 |
|  adc_clk                                       | i_custom_register_bank/g_lock_acq_simple.i_simple_lock_acquisition/i_kp_ramp/ramp_count_q[0]_i_2_n_0                                               | i_custom_register_bank/g_lock_acq_simple.i_simple_lock_acquisition/i_kp_ramp/ramp_count_q[0]_i_1_n_0                    |                4 |             16 |         4.00 |
|  adc_clk                                       | ps/axi_slave_gp0/rd_araddr_reg[4]_7[0]                                                                                                             | i_asg/ch[0]/adc_rstn_reg_rep__13                                                                                        |                3 |             16 |         5.33 |
|  adc_clk                                       | i_asg/ch[0]/rep_cnt[15]_i_1__0_n_0                                                                                                                 | i_asg/ch[0]/adc_rstn_reg_rep__13                                                                                        |                5 |             16 |         3.20 |
|  ps/system_i/processing_system7/inst/FCLK_CLK3 | ps/system_i/axi_protocol_converter_0/inst/gen_axilite.gen_b2s_conv.axilite_b2s/WR.b_channel_0/bid_fifo_0/sel                                       |                                                                                                                         |                3 |             16 |         5.33 |
|  adc_clk                                       | ps/axi_slave_gp0/rd_araddr_reg[1]_1[0]                                                                                                             | i_asg/ch[0]/adc_rstn_reg_rep__13                                                                                        |                6 |             16 |         2.67 |
|  adc_clk                                       | i_asg/ch[0]/cyc_cnt[15]_i_1__0_n_0                                                                                                                 | i_asg/ch[0]/adc_rstn_reg_rep__13                                                                                        |                4 |             16 |         4.00 |
|  adc_clk                                       | i_ramp_generator/pos_candidate_q[14]_i_2_n_0                                                                                                       | i_custom_register_bank/mode_o_reg[0]_1[0]                                                                               |                4 |             16 |         4.00 |
|  adc_clk                                       |                                                                                                                                                    | i_custom_register_bank/g_lock_acq_simple.i_simple_lock_acquisition/servo_counter_q[0]_i_1_n_0                           |                4 |             16 |         4.00 |
|  adc_clk                                       | i_asg/ch[1]/cyc_cnt[15]_i_1_n_0                                                                                                                    | i_asg/ch[0]/adc_rstn_reg_rep__13                                                                                        |                3 |             16 |         5.33 |
|  adc_clk                                       |                                                                                                                                                    | i_scope/adc_dec_cnt[16]                                                                                                 |                4 |             16 |         4.00 |
|  adc_clk                                       | i_custom_register_bank/g_lock_acq_simple.i_simple_lock_acquisition/pending_kp_target_q                                                             | i_custom_register_bank/g_lock_acq_simple.i_simple_lock_acquisition/pending_kp_div_q                                     |                3 |             16 |         5.33 |
|  adc_clk                                       | i_custom_register_bank/g_lock_acq_simple.i_simple_lock_acquisition/pending_kp_target_q                                                             | i_custom_register_bank/g_lock_acq_simple.i_simple_lock_acquisition/pending_servo_div_q                                  |                4 |             16 |         4.00 |
|  ps/system_i/processing_system7/inst/FCLK_CLK3 |                                                                                                                                                    | ps/system_i/xadc/inst/AXI_XADC_CORE_I/do_reg[15]_i_1_n_0                                                                |                2 |             16 |         8.00 |
|  adc_clk                                       | i_custom_register_bank/g_lock_acq_simple.i_simple_lock_acquisition/i_crossing_detector/crossing_o_reg_0[0]                                         | i_custom_register_bank/g_lock_acq_simple.i_simple_lock_acquisition/mode_o_reg[2][0]                                     |                6 |             16 |         2.67 |
|  adc_clk                                       | i_asg/ch[1]/rep_cnt[15]_i_1_n_0                                                                                                                    | i_asg/ch[0]/adc_rstn_reg_rep__13                                                                                        |                7 |             16 |         2.29 |
|  adc_clk                                       |                                                                                                                                                    | i_custom_register_bank/mode_o_reg[0]_1[0]                                                                               |                5 |             17 |         3.40 |
|  adc_clk                                       | ps/axi_slave_gp0/rd_araddr_reg[3]_16[0]                                                                                                            | i_asg/ch[0]/adc_rstn_reg_rep__13                                                                                        |                6 |             17 |         2.83 |
|  adc_clk                                       | i_scope/dec_avg_div_b/pipe_loop[1].reg_Y[1][16]_i_1__0_n_0                                                                                         |                                                                                                                         |                5 |             17 |         3.40 |
|  adc_clk                                       | i_scope/dec_avg_div_b/SS[0]                                                                                                                        |                                                                                                                         |                5 |             17 |         3.40 |
|  ps/system_i/processing_system7/inst/FCLK_CLK3 | ps/system_i/xadc/inst/AXI_LITE_IPIF_I/I_SLAVE_ATTACHMENT/I_DECODER/E[0]                                                                            | ps/system_i/xadc/inst/AXI_LITE_IPIF_I/I_SLAVE_ATTACHMENT/reset2ip_reset                                                 |                4 |             17 |         4.25 |
|  adc_clk                                       | i_scope/dec_avg_div_a/pipe_loop[1].reg_Y[1][16]_i_1_n_0                                                                                            |                                                                                                                         |                6 |             17 |         2.83 |
|  adc_clk                                       | ps/axi_slave_gp0/rd_do_reg_2[0]                                                                                                                    | i_asg/ch[0]/adc_rstn_reg_rep__13                                                                                        |               10 |             18 |         1.80 |
|  adc_clk                                       | ps/axi_slave_gp0/wr_awaddr_reg[11]_3[0]                                                                                                            | i_asg/ch[0]/adc_rstn_reg_rep__13                                                                                        |                8 |             18 |         2.25 |
|  adc_clk                                       | i_asg/ch[0]/ext_trig_debp[0]_i_1__0_n_0                                                                                                            | i_asg/ch[0]/adc_rstn_reg_rep__13                                                                                        |                5 |             20 |         4.00 |
|  adc_clk                                       | i_asg/ch[0]/ext_trig_in_reg[1]_1                                                                                                                   | i_asg/ch[0]/adc_rstn_reg_rep__13                                                                                        |                5 |             20 |         4.00 |
|  adc_clk                                       | i_asg/ch[0]/ext_trig_in_reg[2]_1                                                                                                                   | i_asg/ch[0]/adc_rstn_reg_rep__13                                                                                        |                5 |             20 |         4.00 |
|  adc_clk                                       | i_asg/ch[0]/ext_trig_in_reg[1]_7                                                                                                                   | i_asg/ch[0]/adc_rstn_reg_rep__13                                                                                        |                5 |             20 |         4.00 |
|  adc_clk                                       | i_asg/ch[0]/ext_trig_in_reg[2]_7                                                                                                                   | i_asg/ch[0]/adc_rstn_reg_rep__13                                                                                        |                5 |             20 |         4.00 |
|  adc_clk                                       | i_scope/asg_trig_debp[0]_i_1_n_0                                                                                                                   | i_asg/ch[0]/adc_rstn_reg_rep__13                                                                                        |                5 |             20 |         4.00 |
|  adc_clk                                       | ps/axi_slave_gp0/rd_araddr_reg[3]_6[0]                                                                                                             | i_asg/ch[0]/adc_rstn_reg_rep__13                                                                                        |                8 |             20 |         2.50 |
|  ps/system_i/processing_system7/inst/FCLK_CLK3 | ps/system_i/xadc/inst/AXI_LITE_IPIF_I/I_SLAVE_ATTACHMENT/s_axi_rresp_i                                                                             | ps/system_i/xadc/inst/AXI_LITE_IPIF_I/I_SLAVE_ATTACHMENT/SR[0]                                                          |                5 |             20 |         4.00 |
|  ps/system_i/processing_system7/inst/FCLK_CLK3 | ps/system_i/axi_protocol_converter_0/inst/gen_axilite.gen_b2s_conv.axilite_b2s/RD.r_channel_0/rd_data_fifo_0/wr_en0                                |                                                                                                                         |                5 |             20 |         4.00 |
|  adc_clk                                       | i_scope/asg_trig_debn[0]_i_1_n_0                                                                                                                   | i_asg/ch[0]/adc_rstn_reg_rep__13                                                                                        |                5 |             20 |         4.00 |
|  adc_clk                                       | ps/axi_slave_gp0/rd_araddr_reg[15]_3[0]                                                                                                            | i_asg/ch[0]/adc_rstn_reg_rep__13                                                                                        |               10 |             20 |         2.00 |
|  adc_clk                                       | i_asg/ch[0]/ext_trig_debn[0]_i_1__0_n_0                                                                                                            | i_asg/ch[0]/adc_rstn_reg_rep__13                                                                                        |                5 |             20 |         4.00 |
|  adc_clk                                       | ps/axi_slave_gp0/rd_araddr_reg[6]_8[0]                                                                                                             | i_asg/ch[0]/adc_rstn_reg_rep__13                                                                                        |                7 |             21 |         3.00 |
|  adc_clk                                       | ps/axi_slave_gp0/rd_araddr_reg[4]_14[0]                                                                                                            | i_asg/ch[0]/adc_rstn_reg_rep__13                                                                                        |               12 |             22 |         1.83 |
|  ps/system_i/processing_system7/inst/FCLK_CLK3 | ps/system_i/axi_register_slice_0/inst/w.w_pipe/s_ready_i_reg_0                                                                                     |                                                                                                                         |                5 |             22 |         4.40 |
|  ps/system_i/processing_system7/inst/FCLK_CLK3 | ps/system_i/axi_register_slice_0/inst/w.w_pipe/p_1_in_0                                                                                            |                                                                                                                         |                5 |             22 |         4.40 |
|  adc_clk                                       | i_custom_register_bank/g_lock_acq_simple.i_simple_lock_acquisition/i_lock_supervisor/sum_snapshot_q[22]_i_1_n_0                                    |                                                                                                                         |                4 |             23 |         5.75 |
|  adc_clk                                       | i_custom_register_bank/g_lock_acq_simple.i_simple_lock_acquisition/i_lock_supervisor/sum_snapshot_q[22]_i_1_n_0                                    | i_custom_register_bank/g_lock_acq_simple.i_simple_lock_acquisition/i_lock_supervisor/abs_sum_snapshot_q[23]_i_1_n_0     |                6 |             24 |         4.00 |
|  adc_clk                                       | i_scope/dec_avg_div_a/cnt                                                                                                                          | i_scope/dec_avg_div_b/SS[0]                                                                                             |                7 |             24 |         3.43 |
|  ps/system_i/processing_system7/inst/FCLK_CLK3 | ps/system_i/axi_protocol_converter_0/inst/gen_axilite.gen_b2s_conv.axilite_b2s/RD.ar_channel_0/ar_cmd_fsm_0/m_valid_i_reg[0]                       |                                                                                                                         |                8 |             24 |         3.00 |
|  adc_clk                                       | i_scope/dec_avg_div_b/cnt                                                                                                                          | i_scope/dec_avg_div_b/SS[0]                                                                                             |                7 |             24 |         3.43 |
|  ps/system_i/processing_system7/inst/FCLK_CLK3 | ps/system_i/axi_protocol_converter_0/inst/gen_axilite.gen_b2s_conv.axilite_b2s/WR.aw_channel_0/aw_cmd_fsm_0/E[0]                                   |                                                                                                                         |               10 |             24 |         2.40 |
|  adc_clk                                       | ps/axi_slave_gp0/rd_araddr_reg[5]_19[0]                                                                                                            | i_asg/ch[0]/adc_rstn_reg_rep__13                                                                                        |               14 |             25 |         1.79 |
|  adc_clk                                       | ps/axi_slave_gp0/wr_awaddr_reg[11]_2[0]                                                                                                            | i_asg/ch[0]/adc_rstn_reg_rep__13                                                                                        |               11 |             25 |         2.27 |
|  ps/system_i/processing_system7/inst/FCLK_CLK3 | ps/system_i/xadc/inst/AXI_LITE_IPIF_I/I_SLAVE_ATTACHMENT/I_DECODER/start                                                                           | ps/system_i/xadc/inst/AXI_LITE_IPIF_I/I_SLAVE_ATTACHMENT/I_DECODER/cs_ce_clr                                            |                8 |             25 |         3.12 |
|  adc_clk                                       | ps/axi_slave_gp0/rd_araddr_reg[3]_15[0]                                                                                                            | i_asg/ch[0]/adc_rstn_reg_rep__13                                                                                        |               11 |             25 |         2.27 |
|  adc_clk                                       | ps/axi_slave_gp0/wr_awaddr_reg[11]_1[0]                                                                                                            | i_asg/ch[0]/adc_rstn_reg_rep__13                                                                                        |               11 |             25 |         2.27 |
|  adc_clk                                       | ps/axi_slave_gp0/rd_araddr_reg[15]_2[0]                                                                                                            | i_asg/ch[0]/adc_rstn_reg_rep__13                                                                                        |                6 |             25 |         4.17 |
|  adc_clk                                       | ps/axi_slave_gp0/wr_awaddr_reg[11]_0[0]                                                                                                            | i_asg/ch[0]/adc_rstn_reg_rep__13                                                                                        |               13 |             25 |         1.92 |
|  ps/system_i/processing_system7/inst/FCLK_CLK3 |                                                                                                                                                    | ps/system_i/xadc/inst/AXI_LITE_IPIF_I/I_SLAVE_ATTACHMENT/SR[0]                                                          |                8 |             26 |         3.25 |
|  adc_clk                                       | i_scope/p_0_in39_out                                                                                                                               | i_scope/adc_wp_cur                                                                                                      |                7 |             28 |         4.00 |
|  adc_clk                                       | ps/axi_slave_gp0/rd_araddr_reg[1]_5[0]                                                                                                             | i_asg/ch[0]/adc_rstn_reg_rep__13                                                                                        |               13 |             28 |         2.15 |
|  adc_clk                                       | ps/axi_slave_gp0/adc_rstn_reg_rep__13[0]                                                                                                           |                                                                                                                         |               11 |             28 |         2.55 |
|  adc_clk                                       | ps/axi_slave_gp0/bus\\.wen_reg_0[0]                                                                                                                | i_asg/ch[0]/adc_rstn_reg_rep__13                                                                                        |               12 |             28 |         2.33 |
|  adc_clk                                       | i_scope/div_dat_got                                                                                                                                | i_asg/ch[0]/adc_rstn_reg_rep__13                                                                                        |                8 |             28 |         3.50 |
|  dac_clk_1x                                    |                                                                                                                                                    |                                                                                                                         |               17 |             29 |         1.71 |
|  adc_clk                                       | ps/axi_slave_gp0/rd_araddr_reg[6]_9[0]                                                                                                             | i_asg/ch[0]/adc_rstn_reg_rep__13                                                                                        |               10 |             30 |         3.00 |
|  adc_clk                                       | ps/axi_slave_gp0/rd_araddr_reg[1]_7[0]                                                                                                             | i_asg/ch[0]/adc_rstn_reg_rep__13                                                                                        |                8 |             30 |         3.75 |
|  adc_clk                                       | i_asg/ch[1]/dac_pnt[61]_i_1_n_0                                                                                                                    | i_asg/ch[0]/adc_rstn_reg_rep__13                                                                                        |                9 |             30 |         3.33 |
|  adc_clk                                       | ps/axi_slave_gp0/rd_araddr_reg[1]_8[0]                                                                                                             | i_asg/ch[0]/adc_rstn_reg_rep__13                                                                                        |                6 |             30 |         5.00 |
|  adc_clk                                       | i_custom_register_bank/g_lock_acq_simple.i_simple_lock_acquisition/E[0]                                                                            | i_asg/ch[0]/adc_rstn_reg_rep__13                                                                                        |                8 |             30 |         3.75 |
|  adc_clk                                       | ps/axi_slave_gp0/rd_araddr_reg[4]_6[0]                                                                                                             | i_asg/ch[0]/adc_rstn_reg_rep__13                                                                                        |               10 |             30 |         3.00 |
|  adc_clk                                       | ps/axi_slave_gp0/rd_araddr_reg[2]_3[0]                                                                                                             | i_asg/ch[0]/adc_rstn_reg_rep__13                                                                                        |                9 |             30 |         3.33 |
|  adc_clk                                       | i_custom_register_bank/g_lock_acq_simple.i_simple_lock_acquisition/i_lock_supervisor/compare_valid_q                                               | i_custom_register_bank/g_lock_acq_simple.i_simple_lock_acquisition/i_lock_supervisor/sample_count_q[7]_i_1_n_0          |               12 |             30 |         2.50 |
|  adc_clk                                       | ps/axi_slave_gp0/rd_araddr_reg[4]_13[0]                                                                                                            | i_asg/ch[0]/adc_rstn_reg_rep__13                                                                                        |                8 |             30 |         3.75 |
|  adc_clk                                       | i_asg/ch[0]/dac_pnt[61]_i_1__0_n_0                                                                                                                 | i_asg/ch[0]/adc_rstn_reg_rep__13                                                                                        |                9 |             30 |         3.33 |
|  adc_clk                                       | ps/axi_slave_gp0/rd_araddr_reg[2]_0[0]                                                                                                             | i_asg/ch[0]/adc_rstn_reg_rep__13                                                                                        |                7 |             30 |         4.29 |
|  adc_clk                                       | ps/axi_slave_gp0/rd_araddr_reg[3]_9[0]                                                                                                             | i_asg/ch[0]/adc_rstn_reg_rep__13                                                                                        |                8 |             30 |         3.75 |
|  adc_clk                                       | i_scope/p_0_in1_in                                                                                                                                 | ps/axi_slave_gp0/adc_rst_do_reg_1[0]                                                                                    |               13 |             31 |         2.38 |
|  adc_clk                                       | i_scope/axi_b_trig_r[1]                                                                                                                            | ps/axi_slave_gp0/adc_rst_do_reg[0]                                                                                      |               12 |             31 |         2.58 |
|  adc_clk                                       | ps/axi_slave_gp0/rd_araddr_reg[8]_3[0]                                                                                                             | i_asg/ch[0]/adc_rstn_reg_rep__13                                                                                        |                9 |             32 |         3.56 |
|  adc_clk                                       | ps/axi_slave_gp0/rd_araddr_reg[6]_5[0]                                                                                                             | i_asg/ch[0]/adc_rstn_reg_rep__13                                                                                        |               14 |             32 |         2.29 |
|  adc_clk                                       | ps/axi_slave_gp0/rd_araddr_reg[6]_10[0]                                                                                                            | i_asg/ch[0]/adc_rstn_reg_rep__13                                                                                        |               11 |             32 |         2.91 |
|  adc_clk                                       | ps/axi_slave_gp0/rd_araddr_reg[7]_0[0]                                                                                                             | i_asg/ch[0]/adc_rstn_reg_rep__13                                                                                        |                8 |             32 |         4.00 |
|  adc_clk                                       | ps/axi_slave_gp0/rd_araddr_reg[5]_20[0]                                                                                                            |                                                                                                                         |                8 |             32 |         4.00 |
|  adc_clk                                       | ps/axi_slave_gp0/rd_araddr_reg[5]_11[0]                                                                                                            | i_asg/ch[0]/adc_rstn_reg_rep__13                                                                                        |                9 |             32 |         3.56 |
|  adc_clk                                       | i_scope/axi_a_dly_cnt[0]_i_1_n_0                                                                                                                   | i_asg/ch[0]/adc_rstn_reg_rep__13                                                                                        |                8 |             32 |         4.00 |
|  adc_clk                                       | ps/axi_slave_gp0/rd_araddr_reg[3]_17[0]                                                                                                            |                                                                                                                         |               10 |             32 |         3.20 |
|  adc_clk                                       | ps/axi_slave_gp0/rd_araddr_reg[1]_0[0]                                                                                                             | i_asg/ch[0]/adc_rstn_reg_rep__13                                                                                        |                8 |             32 |         4.00 |
|  adc_clk                                       | ps/axi_slave_gp0/rd_araddr_reg[1]_4[0]                                                                                                             | i_asg/ch[0]/adc_rstn_reg_rep__13                                                                                        |                9 |             32 |         3.56 |
|  adc_clk                                       | i_custom_debug_capture/capture_busy                                                                                                                | i_custom_debug_capture/decim_cnt_q[0]_i_1_n_0                                                                           |                8 |             32 |         4.00 |
|  adc_clk                                       | ps/axi_slave_gp0/rd_araddr_reg[1]_2[0]                                                                                                             | i_asg/ch[0]/adc_rstn_reg_rep__13                                                                                        |               11 |             32 |         2.91 |
|  adc_clk                                       | ps/axi_slave_gp0/rd_araddr_reg[0]_1[0]                                                                                                             | i_asg/ch[0]/adc_rstn_reg_rep__13                                                                                        |                8 |             32 |         4.00 |
|  adc_clk                                       | ps/axi_slave_gp0/rd_araddr_reg[2]_2[0]                                                                                                             | i_asg/ch[0]/adc_rstn_reg_rep__13                                                                                        |               12 |             32 |         2.67 |
|  adc_clk                                       | i_custom_register_bank/g_lock_acq_simple.i_simple_lock_acquisition/i_lock_supervisor/state_q_reg[2]                                                | i_asg/ch[0]/adc_rstn_reg_rep__13                                                                                        |                8 |             32 |         4.00 |
|  adc_clk                                       | ps/axi_slave_gp0/rd_araddr_reg[2]_12[0]                                                                                                            | i_asg/ch[0]/adc_rstn_reg_rep__13                                                                                        |               11 |             32 |         2.91 |
|  adc_clk                                       | ps/axi_slave_gp0/bus\\.wen_reg_7[0]                                                                                                                | i_asg/ch[0]/adc_rstn_reg_rep__13                                                                                        |               17 |             32 |         1.88 |
|  adc_clk                                       | ps/axi_slave_gp0/bus\\.wen_reg_9[0]                                                                                                                | i_asg/ch[0]/adc_rstn_reg_rep__13                                                                                        |                7 |             32 |         4.57 |
|  adc_clk                                       | ps/axi_slave_gp0/wr_wdata                                                                                                                          |                                                                                                                         |               12 |             32 |         2.67 |
|  adc_clk                                       | ps/axi_slave_gp0/bus\\.wen_reg_13[0]                                                                                                               | i_asg/ch[0]/adc_rstn_reg_rep__13                                                                                        |               11 |             32 |         2.91 |
|  adc_clk                                       | ps/axi_slave_gp0/bus\\.wen_reg_12[0]                                                                                                               | i_asg/ch[0]/adc_rstn_reg_rep__13                                                                                        |               11 |             32 |         2.91 |
|  adc_clk                                       | i_asg/ch[1]/dly_cnt[0]_i_1_n_0                                                                                                                     | i_asg/ch[0]/adc_rstn_reg_rep__13                                                                                        |                8 |             32 |         4.00 |
|  adc_clk                                       | ps/axi_slave_gp0/bus\\.wen_reg_11[0]                                                                                                               | i_asg/ch[0]/adc_rstn_reg_rep__13                                                                                        |                9 |             32 |         3.56 |
|  adc_clk                                       | i_asg/ch[0]/dly_cnt[0]_i_1__0_n_0                                                                                                                  | i_asg/ch[0]/adc_rstn_reg_rep__13                                                                                        |                8 |             32 |         4.00 |
|  adc_clk                                       | ps/axi_slave_gp0/bus\\.ren_reg_1[0]                                                                                                                | i_asg/ch[0]/adc_rstn_reg_rep__13                                                                                        |               21 |             32 |         1.52 |
|  adc_clk                                       | ps/axi_slave_gp0/bus\\.wen_reg_15[0]                                                                                                               | i_asg/ch[0]/adc_rstn_reg_rep__13                                                                                        |               10 |             32 |         3.20 |
|  adc_clk                                       | ps/axi_slave_gp0/bus\\.wen_reg_10[0]                                                                                                               | i_asg/ch[0]/adc_rstn_reg_rep__13                                                                                        |               11 |             32 |         2.91 |
|  adc_clk                                       | ps/axi_slave_gp0/adc_rstn_reg_rep__0_0[0]                                                                                                          |                                                                                                                         |                7 |             32 |         4.57 |
|  adc_clk                                       | ps/axi_slave_gp0/adc_rstn_reg_rep__0[0]                                                                                                            |                                                                                                                         |               11 |             32 |         2.91 |
|  adc_clk                                       | i_asg/ch[0]/dac_pnt[61]_i_1__0_n_0                                                                                                                 | i_asg/ch[0]/dac_pnt[31]_i_1__0_n_0                                                                                      |                8 |             32 |         4.00 |
|  adc_clk                                       | ps/axi_slave_gp0/rd_araddr_reg[3]_18[0]                                                                                                            |                                                                                                                         |                8 |             32 |         4.00 |
|  adc_clk                                       | i_custom_register_bank/capture_start                                                                                                               | i_custom_register_bank/adc_rstn_reg_rep__12_0[0]                                                                        |                9 |             32 |         3.56 |
|  adc_clk                                       | i_custom_register_bank/g_lock_acq_simple.i_simple_lock_acquisition/event_request_q_reg_n_0                                                         | i_asg/ch[0]/adc_rstn_reg_rep__13                                                                                        |                8 |             32 |         4.00 |
|  adc_clk                                       | i_custom_register_bank/g_lock_acq_simple.i_simple_lock_acquisition/p_8_in                                                                          | i_custom_register_bank/g_lock_acq_simple.i_simple_lock_acquisition/i_lock_supervisor/state_q_reg[1]                     |                8 |             32 |         4.00 |
|  adc_clk                                       |                                                                                                                                                    | i_ramp_generator/update_cnt_q[0]_i_1_n_0                                                                                |                8 |             32 |         4.00 |
|  adc_clk                                       | i_custom_register_bank/g_lock_acq_simple.i_simple_lock_acquisition/pending_kp_target_q                                                             | i_custom_register_bank/g_lock_acq_simple.i_simple_lock_acquisition/pending_timeout_q                                    |                8 |             32 |         4.00 |
|  adc_clk                                       | i_scope/i_wr0/E[0]                                                                                                                                 |                                                                                                                         |               12 |             32 |         2.67 |
|  ps/O[0]                                       | pll/dac_rst_reg1                                                                                                                                   | ps/RST0                                                                                                                 |                8 |             32 |         4.00 |
|  ps/system_i/processing_system7/inst/FCLK_CLK3 | ps/system_i/axi_protocol_converter_0/inst/gen_axilite.gen_b2s_conv.axilite_b2s/SI_REG/ar.ar_pipe/s_ready_i_reg_0                                   |                                                                                                                         |                7 |             32 |         4.57 |
|  ps/system_i/processing_system7/inst/FCLK_CLK3 | ps/system_i/axi_protocol_converter_0/inst/gen_axilite.gen_b2s_conv.axilite_b2s/SI_REG/aw.aw_pipe/s_ready_i_reg_0                                   |                                                                                                                         |               10 |             32 |         3.20 |
|  adc_clk                                       | i_scope/i_wr1/E[0]                                                                                                                                 |                                                                                                                         |                9 |             32 |         3.56 |
|  ps/system_i/processing_system7/inst/FCLK_CLK3 | ps/system_i/axi_protocol_converter_0/inst/gen_axilite.gen_b2s_conv.axilite_b2s/WR.b_channel_0/bid_fifo_0/E[0]                                      |                                                                                                                         |               10 |             32 |         3.20 |
|  adc_clk                                       | ps/axi_slave_gp0/wr_awaddr_reg[0]_1[0]                                                                                                             |                                                                                                                         |               16 |             32 |         2.00 |
|  adc_clk                                       | i_scope/dec_avg_div_b/reg_X[0][31]_i_1__0_n_0                                                                                                      |                                                                                                                         |                7 |             32 |         4.57 |
|  adc_clk                                       | ps/axi_slave_gp0/rd_araddr_reg[3]_5[0]                                                                                                             | i_asg/ch[0]/adc_rstn_reg_rep__13                                                                                        |               14 |             32 |         2.29 |
|  adc_clk                                       | i_scope/dec_avg_div_a/reg_X[0][31]_i_1_n_0                                                                                                         |                                                                                                                         |                4 |             32 |         8.00 |
|  adc_clk                                       | i_scope/adc_we_cnt0                                                                                                                                | i_scope/adc_we_cnt[0]_i_1_n_0                                                                                           |                8 |             32 |         4.00 |
|  adc_clk                                       | i_scope/adc_dly_cnt[0]_i_1_n_0                                                                                                                     | i_asg/ch[0]/adc_rstn_reg_rep__13                                                                                        |                8 |             32 |         4.00 |
|  adc_clk                                       | ps/axi_slave_gp0/rd_araddr_reg[2]_4[0]                                                                                                             | i_asg/ch[0]/adc_rstn_reg_rep__13                                                                                        |               18 |             32 |         1.78 |
|  ps/system_i/processing_system7/inst/FCLK_CLK3 | ps/system_i/axi_protocol_converter_0/inst/gen_axilite.gen_b2s_conv.axilite_b2s/RD.ar_channel_0/ar_cmd_fsm_0/m_valid_i_reg_1[0]                     |                                                                                                                         |                7 |             32 |         4.57 |
|  adc_clk                                       | i_scope/axi_b_dly_cnt[0]_i_1_n_0                                                                                                                   | i_asg/ch[0]/adc_rstn_reg_rep__13                                                                                        |                8 |             32 |         4.00 |
|  ps/system_i/processing_system7/inst/FCLK_CLK3 | ps/system_i/axi_register_slice_0/inst/ar.ar_pipe/m_payload_i[61]_i_1__0_n_0                                                                        |                                                                                                                         |                7 |             32 |         4.57 |
|  ps/system_i/processing_system7/inst/FCLK_CLK3 | ps/system_i/axi_register_slice_0/inst/aw.aw_pipe/m_payload_i[61]_i_1_n_0                                                                           |                                                                                                                         |                7 |             32 |         4.57 |
|  adc_clk                                       | ps/axi_slave_gp0/rd_araddr_reg[5]_14[0]                                                                                                            | i_asg/ch[0]/adc_rstn_reg_rep__13                                                                                        |               14 |             32 |         2.29 |
|  adc_clk                                       | i_asg/ch[1]/dac_pnt[61]_i_1_n_0                                                                                                                    | i_asg/ch[1]/dac_pnt[31]_i_1_n_0                                                                                         |                9 |             32 |         3.56 |
|  ps/system_i/processing_system7/inst/FCLK_CLK3 | ps/system_i/axi_protocol_converter_0/inst/gen_axilite.gen_b2s_conv.axilite_b2s/SI_REG/r.r_pipe/p_1_in                                              |                                                                                                                         |                8 |             33 |         4.12 |
|  ps/system_i/processing_system7/inst/FCLK_CLK3 | ps/system_i/axi_protocol_converter_0/inst/gen_axilite.gen_b2s_conv.axilite_b2s/SI_REG/r.r_pipe/s_ready_i_reg_0                                     |                                                                                                                         |                9 |             33 |         3.67 |
|  ps/system_i/processing_system7/inst/FCLK_CLK3 | ps/system_i/axi_register_slice_0/inst/r.r_pipe/p_1_in_0                                                                                            |                                                                                                                         |                6 |             33 |         5.50 |
|  ps/system_i/processing_system7/inst/FCLK_CLK3 | ps/system_i/axi_register_slice_0/inst/r.r_pipe/s_ready_i_reg_0                                                                                     |                                                                                                                         |                7 |             33 |         4.71 |
|  adc_clk                                       | ps/axi_slave_gp0/rd_arid                                                                                                                           |                                                                                                                         |               14 |             35 |         2.50 |
|  adc_clk                                       | ps/axi_slave_gp0/wr_awid                                                                                                                           |                                                                                                                         |               13 |             35 |         2.69 |
|  adc_clk                                       | ps/axi_master_0/axi_awaddr_o0_in                                                                                                                   | ps/axi_master_0/axi_awaddr_o[31]_i_1_n_0                                                                                |                6 |             36 |         6.00 |
|  adc_clk                                       | ps/axi_master_1/axi_awaddr_o0_in                                                                                                                   | ps/axi_master_1/axi_awaddr_o[31]_i_1__0_n_0                                                                             |                6 |             36 |         6.00 |
|  adc_clk                                       | i_custom_register_bank/g_lock_acq_simple.i_simple_lock_acquisition/i_crossing_detector/E[0]                                                        |                                                                                                                         |               15 |             45 |         3.00 |
|  adc_clk                                       | i_custom_register_bank/g_lock_acq_simple.i_simple_lock_acquisition/i_lock_supervisor/error_abs_sum_q                                               | i_custom_register_bank/g_lock_acq_simple.i_simple_lock_acquisition/i_lock_supervisor/error_abs_sum_q[23]_i_1_n_0        |                9 |             48 |         5.33 |
|  adc_clk                                       | ps/axi_master_0/axi_awfifo_reg_0_15_0_5_i_1_n_0                                                                                                    |                                                                                                                         |                7 |             56 |         8.00 |
|  adc_clk                                       | ps/axi_master_1/axi_awfifo_reg_0_15_0_5_i_1__0_n_0                                                                                                 |                                                                                                                         |                7 |             56 |         8.00 |
|  adc_clk                                       | i_hk/dna_value0                                                                                                                                    | i_asg/ch[0]/adc_rstn_reg_rep__13                                                                                        |               12 |             57 |         4.75 |
|  adc_clk                                       | i_scope/i_wr1/next_address                                                                                                                         |                                                                                                                         |               21 |             62 |         2.95 |
|  adc_clk                                       | i_scope/i_wr0/next_address                                                                                                                         |                                                                                                                         |               18 |             62 |         3.44 |
|  adc_clk                                       | i_scope/dec_avg_div_a/pipe_loop[1].reg_X[1][31]_i_1_n_0                                                                                            |                                                                                                                         |               20 |             63 |         3.15 |
|  adc_clk                                       | i_scope/dec_avg_div_b/pipe_loop[1].reg_X[1][31]_i_1__0_n_0                                                                                         |                                                                                                                         |               21 |             63 |         3.00 |
|  adc_clk                                       | ps/axi_master_1/axi_wdata_o0_in                                                                                                                    | ps/axi_master_1/axi_wdata_o[63]_i_1__0_n_0                                                                              |               11 |             64 |         5.82 |
|  adc_clk                                       | i_scope/i_wr1/clear                                                                                                                                |                                                                                                                         |               26 |             64 |         2.46 |
|  adc_clk                                       | ps/axi_master_0/axi_wdata_o0_in                                                                                                                    | ps/axi_master_0/axi_wdata_o[63]_i_1_n_0                                                                                 |               11 |             64 |         5.82 |
|  adc_clk                                       | i_scope/dat_got                                                                                                                                    | i_asg/ch[0]/adc_rstn_reg_rep__13                                                                                        |               16 |             64 |         4.00 |
|  adc_clk                                       | i_scope/dat_got0                                                                                                                                   | i_asg/ch[0]/adc_rstn_reg_rep__13                                                                                        |               11 |             64 |         5.82 |
|  adc_clk                                       | i_scope/i_wr0/clear                                                                                                                                |                                                                                                                         |               18 |             64 |         3.56 |
|  adc_clk                                       | i_scope/axi_b_fifo_o[74]_i_1_n_0                                                                                                                   |                                                                                                                         |               13 |             75 |         5.77 |
|  adc_clk                                       | i_scope/axi_a_fifo_o[74]_i_1_n_0                                                                                                                   |                                                                                                                         |               16 |             75 |         4.69 |
|  adc_clk                                       | i_scope/axi_a_dat_dv                                                                                                                               |                                                                                                                         |               10 |             75 |         7.50 |
|  adc_clk                                       | i_scope/axi_b_dat_dv                                                                                                                               |                                                                                                                         |               10 |             75 |         7.50 |
|  adc_clk                                       |                                                                                                                                                    | i_scope/i_dfilt1_cha/pp_mult_i_2_n_0                                                                                    |               26 |             81 |         3.12 |
|  adc_clk                                       |                                                                                                                                                    | i_scope/i_dfilt1_chb/pp_mult_i_2__0_n_0                                                                                 |               23 |             96 |         4.17 |
|  adc_clk                                       | ps/axi_master_1/axi_wfifo_reg_0_15_0_5_i_1__0_n_0                                                                                                  |                                                                                                                         |               13 |            104 |         8.00 |
|  adc_clk                                       | ps/axi_master_0/axi_wfifo_reg_0_15_0_5_i_1_n_0                                                                                                     |                                                                                                                         |               13 |            104 |         8.00 |
|  ps/system_i/processing_system7/inst/FCLK_CLK3 |                                                                                                                                                    | ps/system_i/xadc/inst/AXI_LITE_IPIF_I/I_SLAVE_ATTACHMENT/reset2ip_reset                                                 |               26 |            115 |         4.42 |
|  ps/system_i/processing_system7/inst/FCLK_CLK3 |                                                                                                                                                    |                                                                                                                         |               39 |            119 |         3.05 |
|  adc_clk                                       | i_custom_register_bank/g_lock_acq_simple.i_simple_lock_acquisition/i_event_recorder/out2_o[31]_i_1_n_0                                             |                                                                                                                         |               51 |            139 |         2.73 |
|  adc_clk                                       | i_custom_register_bank/g_lock_acq_simple.i_simple_lock_acquisition/i_lock_supervisor/E[0]                                                          |                                                                                                                         |               37 |            145 |         3.92 |
|  adc_clk                                       | i_custom_register_bank/g_lock_acq_simple.i_simple_lock_acquisition/pending_kp_target_q                                                             |                                                                                                                         |               87 |            278 |         3.20 |
|  adc_clk                                       | i_custom_register_bank/g_lock_acq_simple.i_simple_lock_acquisition/active_timeout_q[31]_i_1_n_0                                                    |                                                                                                                         |              100 |            325 |         3.25 |
|  adc_clk                                       | rstn                                                                                                                                               |                                                                                                                         |              156 |            407 |         2.61 |
|  adc_clk                                       |                                                                                                                                                    |                                                                                                                         |              134 |            452 |         3.37 |
|  adc_clk                                       |                                                                                                                                                    | i_asg/ch[0]/adc_rstn_reg_rep__13                                                                                        |              272 |            865 |         3.18 |
+------------------------------------------------+----------------------------------------------------------------------------------------------------------------------------------------------------+-------------------------------------------------------------------------------------------------------------------------+------------------+----------------+--------------+


