Copyright 1986-2020 Xilinx, Inc. All Rights Reserved.
-----------------------------------------------------------------------------------------------------------------------------------------------------------------------------------------------------------------
| Tool Version : Vivado v.2020.1 (win64) Build 2902540 Wed May 27 19:54:49 MDT 2020
| Date         : Fri Sep 11 16:14:18 2026
| Host         : lin running 64-bit major release  (build 9200)
| Command      : report_timing_summary -max_paths 10 -file red_pitaya_top_timing_summary_routed.rpt -pb red_pitaya_top_timing_summary_routed.pb -rpx red_pitaya_top_timing_summary_routed.rpx -warn_on_violation
| Design       : red_pitaya_top
| Device       : 7z010-clg400
| Speed File   : -1  PRODUCTION 1.12 2019-11-22
-----------------------------------------------------------------------------------------------------------------------------------------------------------------------------------------------------------------

Timing Summary Report

------------------------------------------------------------------------------------------------
| Timer Settings
| --------------
------------------------------------------------------------------------------------------------

  Enable Multi Corner Analysis               :  Yes
  Enable Pessimism Removal                   :  Yes
  Pessimism Removal Resolution               :  Nearest Common Node
  Enable Input Delay Default Clock           :  No
  Enable Preset / Clear Arcs                 :  No
  Disable Flight Delays                      :  No
  Ignore I/O Paths                           :  No
  Timing Early Launch at Borrowing Latches   :  No
  Borrow Time for Max Delay Exceptions       :  Yes
  Merge Timing Exceptions                    :  Yes

  Corner  Analyze    Analyze    
  Name    Max Paths  Min Paths  
  ------  ---------  ---------  
  Slow    Yes        Yes        
  Fast    Yes        Yes        



check_timing report

Table of Contents
-----------------
1. checking no_clock (0)
2. checking constant_clock (0)
3. checking pulse_width_clock (0)
4. checking unconstrained_internal_endpoints (0)
5. checking no_input_delay (16)
6. checking no_output_delay (40)
7. checking multiple_clock (0)
8. checking generated_clocks (0)
9. checking loops (0)
10. checking partial_input_delay (0)
11. checking partial_output_delay (0)
12. checking latch_loops (0)

1. checking no_clock (0)
------------------------
 There are 0 register/latch pins with no clock.


2. checking constant_clock (0)
------------------------------
 There are 0 register/latch pins with constant_clock.


3. checking pulse_width_clock (0)
---------------------------------
 There are 0 register/latch pins which need pulse_width check


4. checking unconstrained_internal_endpoints (0)
------------------------------------------------
 There are 0 pins that are not constrained for maximum delay.

 There are 0 pins that are not constrained for maximum delay due to constant clock.


5. checking no_input_delay (16)
-------------------------------
 There are 16 input ports with no input delay specified. (HIGH)

 There are 0 input ports with no input delay but user has a false path constraint.


6. checking no_output_delay (40)
--------------------------------
 There are 40 ports with no output delay specified. (HIGH)

 There are 0 ports with no output delay but user has a false path constraint

 There are 0 ports with no output delay but with a timing clock defined on it or propagating through it


7. checking multiple_clock (0)
------------------------------
 There are 0 register/latch pins with multiple clocks.


8. checking generated_clocks (0)
--------------------------------
 There are 0 generated clocks that are not connected to a clock source.


9. checking loops (0)
---------------------
 There are 0 combinational loops in the design.


10. checking partial_input_delay (0)
------------------------------------
 There are 0 input ports with partial input delay specified.


11. checking partial_output_delay (0)
-------------------------------------
 There are 0 ports with partial output delay specified.


12. checking latch_loops (0)
----------------------------
 There are 0 combinational latch loops in the design through latch input



------------------------------------------------------------------------------------------------
| Design Timing Summary
| ---------------------
------------------------------------------------------------------------------------------------

    WNS(ns)      TNS(ns)  TNS Failing Endpoints  TNS Total Endpoints      WHS(ns)      THS(ns)  THS Failing Endpoints  THS Total Endpoints     WPWS(ns)     TPWS(ns)  TPWS Failing Endpoints  TPWS Total Endpoints  
    -------      -------  ---------------------  -------------------      -------      -------  ---------------------  -------------------     --------     --------  ----------------------  --------------------  
      0.024        0.000                      0                25816        0.049        0.000                      0                25816        1.000        0.000                       0                  9649  


All user specified timing constraints are met.


------------------------------------------------------------------------------------------------
| Clock Summary
| -------------
------------------------------------------------------------------------------------------------

Clock             Waveform(ns)         Period(ns)      Frequency(MHz)
-----             ------------         ----------      --------------
adc_clk           {0.000 4.000}        8.000           125.000         
  clk_fb          {0.000 4.000}        8.000           125.000         
  pll_adc_clk     {0.000 4.000}        8.000           125.000         
    dna_clk       {0.000 64.000}       128.000         7.812           
  pll_dac_clk_1x  {0.000 4.000}        8.000           125.000         
  pll_dac_clk_2p  {-0.500 1.500}       4.000           250.000         
  pll_dac_clk_2x  {0.000 2.000}        4.000           250.000         
clk_fpga_0        {0.000 4.000}        8.000           125.000         
clk_fpga_1        {0.000 2.000}        4.000           250.000         
clk_fpga_2        {0.000 10.000}       20.000          50.000          
clk_fpga_3        {0.000 2.500}        5.000           200.000         
rx_clk            {0.000 2.000}        4.000           250.000         


------------------------------------------------------------------------------------------------
| Intra Clock Table
| -----------------
------------------------------------------------------------------------------------------------

Clock                 WNS(ns)      TNS(ns)  TNS Failing Endpoints  TNS Total Endpoints      WHS(ns)      THS(ns)  THS Failing Endpoints  THS Total Endpoints     WPWS(ns)     TPWS(ns)  TPWS Failing Endpoints  TPWS Total Endpoints  
-----                 -------      -------  ---------------------  -------------------      -------      -------  ---------------------  -------------------     --------     --------  ----------------------  --------------------  
adc_clk                                                                                                                                                             2.000        0.000                       0                     1  
  clk_fb                                                                                                                                                            6.751        0.000                       0                     2  
  pll_adc_clk           0.024        0.000                      0                23725        0.049        0.000                      0                23725        2.750        0.000                       0                  8594  
    dna_clk                                                                                                                                                       118.000        0.000                       0                     1  
  pll_dac_clk_1x        0.585        0.000                      0                   45        0.160        0.000                      0                   45        3.500        0.000                       0                    47  
  pll_dac_clk_2p                                                                                                                                                    1.845        0.000                       0                     3  
  pll_dac_clk_2x                                                                                                                                                    1.845        0.000                       0                     3  
clk_fpga_0              4.505        0.000                      0                   32        0.117        0.000                      0                   32        3.500        0.000                       0                    33  
clk_fpga_3              0.271        0.000                      0                 1969        0.096        0.000                      0                 1969        1.000        0.000                       0                   965  


------------------------------------------------------------------------------------------------
| Inter Clock Table
| -----------------
------------------------------------------------------------------------------------------------

From Clock      To Clock            WNS(ns)      TNS(ns)  TNS Failing Endpoints  TNS Total Endpoints      WHS(ns)      THS(ns)  THS Failing Endpoints  THS Total Endpoints  
----------      --------            -------      -------  ---------------------  -------------------      -------      -------  ---------------------  -------------------  
adc_clk         pll_adc_clk           3.054        0.000                      0                  112        0.066        0.000                      0                  112  
dna_clk         pll_adc_clk           1.522        0.000                      0                    1        2.766        0.000                      0                    1  
pll_adc_clk     dna_clk               0.265        0.000                      0                    2        0.242        0.000                      0                    2  
pll_adc_clk     pll_dac_clk_1x        2.584        0.000                      0                   28        0.377        0.000                      0                   28  


------------------------------------------------------------------------------------------------
| Other Path Groups Table
| -----------------------
------------------------------------------------------------------------------------------------

Path Group         From Clock         To Clock               WNS(ns)      TNS(ns)  TNS Failing Endpoints  TNS Total Endpoints      WHS(ns)      THS(ns)  THS Failing Endpoints  THS Total Endpoints  
----------         ----------         --------               -------      -------  ---------------------  -------------------      -------      -------  ---------------------  -------------------  
**async_default**  pll_adc_clk        pll_adc_clk              1.296        0.000                      0                   14        2.455        0.000                      0                   14  


------------------------------------------------------------------------------------------------
| Timing Details
| --------------
------------------------------------------------------------------------------------------------


---------------------------------------------------------------------------------------------------
From Clock:  adc_clk
  To Clock:  adc_clk

Setup :           NA  Failing Endpoints,  Worst Slack           NA  ,  Total Violation           NA
Hold  :           NA  Failing Endpoints,  Worst Slack           NA  ,  Total Violation           NA
PW    :            0  Failing Endpoints,  Worst Slack        2.000ns,  Total Violation        0.000ns
---------------------------------------------------------------------------------------------------


Pulse Width Checks
--------------------------------------------------------------------------------------
Clock Name:         adc_clk
Waveform(ns):       { 0.000 4.000 }
Period(ns):         8.000
Sources:            { adc_clk_i[1] }

Check Type        Corner  Lib Pin           Reference Pin  Required(ns)  Actual(ns)  Slack(ns)  Location        Pin
Min Period        n/a     PLLE2_ADV/CLKIN1  n/a            1.249         8.000       6.751      PLLE2_ADV_X0Y0  pll/pll/CLKIN1
Max Period        n/a     PLLE2_ADV/CLKIN1  n/a            52.633        8.000       44.633     PLLE2_ADV_X0Y0  pll/pll/CLKIN1
Low Pulse Width   Fast    PLLE2_ADV/CLKIN1  n/a            2.000         4.000       2.000      PLLE2_ADV_X0Y0  pll/pll/CLKIN1
Low Pulse Width   Slow    PLLE2_ADV/CLKIN1  n/a            2.000         4.000       2.000      PLLE2_ADV_X0Y0  pll/pll/CLKIN1
High Pulse Width  Slow    PLLE2_ADV/CLKIN1  n/a            2.000         4.000       2.000      PLLE2_ADV_X0Y0  pll/pll/CLKIN1
High Pulse Width  Fast    PLLE2_ADV/CLKIN1  n/a            2.000         4.000       2.000      PLLE2_ADV_X0Y0  pll/pll/CLKIN1



---------------------------------------------------------------------------------------------------
From Clock:  clk_fb
  To Clock:  clk_fb

Setup :           NA  Failing Endpoints,  Worst Slack           NA  ,  Total Violation           NA
Hold  :           NA  Failing Endpoints,  Worst Slack           NA  ,  Total Violation           NA
PW    :            0  Failing Endpoints,  Worst Slack        6.751ns,  Total Violation        0.000ns
---------------------------------------------------------------------------------------------------


Pulse Width Checks
--------------------------------------------------------------------------------------
Clock Name:         clk_fb
Waveform(ns):       { 0.000 4.000 }
Period(ns):         8.000
Sources:            { pll/pll/CLKFBOUT }

Check Type  Corner  Lib Pin             Reference Pin  Required(ns)  Actual(ns)  Slack(ns)  Location        Pin
Min Period  n/a     PLLE2_ADV/CLKFBOUT  n/a            1.249         8.000       6.751      PLLE2_ADV_X0Y0  pll/pll/CLKFBOUT
Min Period  n/a     PLLE2_ADV/CLKFBIN   n/a            1.249         8.000       6.751      PLLE2_ADV_X0Y0  pll/pll/CLKFBIN
Max Period  n/a     PLLE2_ADV/CLKFBIN   n/a            52.633        8.000       44.633     PLLE2_ADV_X0Y0  pll/pll/CLKFBIN
Max Period  n/a     PLLE2_ADV/CLKFBOUT  n/a            160.000       8.000       152.000    PLLE2_ADV_X0Y0  pll/pll/CLKFBOUT



---------------------------------------------------------------------------------------------------
From Clock:  pll_adc_clk
  To Clock:  pll_adc_clk

Setup :            0  Failing Endpoints,  Worst Slack        0.024ns,  Total Violation        0.000ns
Hold  :            0  Failing Endpoints,  Worst Slack        0.049ns,  Total Violation        0.000ns
PW    :            0  Failing Endpoints,  Worst Slack        2.750ns,  Total Violation        0.000ns
---------------------------------------------------------------------------------------------------


Max Delay Paths
--------------------------------------------------------------------------------------
Slack (MET) :             0.024ns  (required time - arrival time)
  Source:                 ps/axi_slave_gp0/rd_do_reg/C
                            (rising edge-triggered cell FDRE clocked by pll_adc_clk  {rise@0.000ns fall@4.000ns period=8.000ns})
  Destination:            i_scope/set_a_axi_cur_reg[20]/CE
                            (rising edge-triggered cell FDRE clocked by pll_adc_clk  {rise@0.000ns fall@4.000ns period=8.000ns})
  Path Group:             pll_adc_clk
  Path Type:              Setup (Max at Slow Process Corner)
  Requirement:            8.000ns  (pll_adc_clk rise@8.000ns - pll_adc_clk rise@0.000ns)
  Data Path Delay:        7.487ns  (logic 1.688ns (22.545%)  route 5.799ns (77.455%))
  Logic Levels:           6  (LUT2=2 LUT3=1 LUT4=1 LUT6=2)
  Clock Path Skew:        -0.013ns (DCD - SCD + CPR)
    Destination Clock Delay (DCD):    5.436ns = ( 13.436 - 8.000 ) 
    Source Clock Delay      (SCD):    5.907ns
    Clock Pessimism Removal (CPR):    0.458ns
  Clock Uncertainty:      0.069ns  ((TSJ^2 + DJ^2)^1/2) / 2 + PE
    Total System Jitter     (TSJ):    0.071ns
    Discrete Jitter          (DJ):    0.118ns
    Phase Error              (PE):    0.000ns

    Location             Delay type                Incr(ns)  Path(ns)    Netlist Resource(s)
  -------------------------------------------------------------------    -------------------
                         (clock pll_adc_clk rise edge)
                                                      0.000     0.000 r  
    U18                                               0.000     0.000 r  adc_clk_i[1] (IN)
                         net (fo=0)                   0.000     0.000    adc_clk_i[1]
    U18                  IBUFDS (Prop_ibufds_I_O)     0.983     0.983 r  i_clk/O
                         net (fo=1, routed)           1.306     2.289    pll/adc_clk_in
    PLLE2_ADV_X0Y0       PLLE2_ADV (Prop_plle2_adv_CLKIN1_CLKOUT0)
                                                      0.089     2.378 r  pll/pll/CLKOUT0
                         net (fo=1, routed)           1.754     4.132    pll_adc_clk
    BUFGCTRL_X0Y0        BUFG (Prop_bufg_I_O)         0.101     4.233 r  bufg_adc_clk/O
                         net (fo=8602, routed)        1.674     5.907    ps/axi_slave_gp0/clk_i
    SLICE_X16Y43         FDRE                                         r  ps/axi_slave_gp0/rd_do_reg/C
  -------------------------------------------------------------------    -------------------
    SLICE_X16Y43         FDRE (Prop_fdre_C_Q)         0.518     6.425 r  ps/axi_slave_gp0/rd_do_reg/Q
                         net (fo=165, routed)         1.155     7.580    ps/axi_slave_gp0/rd_do
    SLICE_X14Y42         LUT3 (Prop_lut3_I2_O)        0.152     7.732 f  ps/axi_slave_gp0/buf_a_addr[6]_i_1/O
                         net (fo=68, routed)          0.872     8.605    ps/axi_slave_gp0/rd_araddr_reg[8]_0
    SLICE_X12Y42         LUT4 (Prop_lut4_I0_O)        0.324     8.929 f  ps/axi_slave_gp0/set_a_hyst[13]_i_4/O
                         net (fo=1, routed)           0.512     9.441    ps/axi_slave_gp0/set_a_hyst[13]_i_4_n_0
    SLICE_X12Y35         LUT6 (Prop_lut6_I0_O)        0.328     9.769 r  ps/axi_slave_gp0/set_a_hyst[13]_i_2/O
                         net (fo=8, routed)           0.215     9.983    ps/axi_slave_gp0/set_a_hyst[13]_i_2_n_0
    SLICE_X12Y35         LUT2 (Prop_lut2_I1_O)        0.124    10.107 f  ps/axi_slave_gp0/r3_sum_i_26/O
                         net (fo=8, routed)           1.068    11.175    ps/axi_slave_gp0/r3_sum_i_26_n_0
    SLICE_X15Y24         LUT6 (Prop_lut6_I5_O)        0.124    11.299 r  ps/axi_slave_gp0/clear_do_i_2__0/O
                         net (fo=66, routed)          0.763    12.061    i_scope/i_wr0/set_a_axi_cur_reg[0]
    SLICE_X14Y20         LUT2 (Prop_lut2_I1_O)        0.118    12.179 r  i_scope/i_wr0/set_a_axi_cur[31]_i_1/O
                         net (fo=32, routed)          1.215    13.394    i_scope/i_wr0_n_64
    SLICE_X5Y13          FDRE                                         r  i_scope/set_a_axi_cur_reg[20]/CE
  -------------------------------------------------------------------    -------------------

                         (clock pll_adc_clk rise edge)
                                                      8.000     8.000 r  
    U18                                               0.000     8.000 r  adc_clk_i[1] (IN)
                         net (fo=0)                   0.000     8.000    adc_clk_i[1]
    U18                  IBUFDS (Prop_ibufds_I_O)     0.940     8.940 r  i_clk/O
                         net (fo=1, routed)           1.181    10.121    pll/adc_clk_in
    PLLE2_ADV_X0Y0       PLLE2_ADV (Prop_plle2_adv_CLKIN1_CLKOUT0)
                                                      0.084    10.205 r  pll/pll/CLKOUT0
                         net (fo=1, routed)           1.594    11.799    pll_adc_clk
    BUFGCTRL_X0Y0        BUFG (Prop_bufg_I_O)         0.091    11.890 r  bufg_adc_clk/O
                         net (fo=8602, routed)        1.546    13.436    i_scope/clk_i
    SLICE_X5Y13          FDRE                                         r  i_scope/set_a_axi_cur_reg[20]/C
                         clock pessimism              0.458    13.894    
                         clock uncertainty           -0.069    13.825    
    SLICE_X5Y13          FDRE (Setup_fdre_C_CE)      -0.407    13.418    i_scope/set_a_axi_cur_reg[20]
  -------------------------------------------------------------------
                         required time                         13.418    
                         arrival time                         -13.394    
  -------------------------------------------------------------------
                         slack                                  0.024    

Slack (MET) :             0.032ns  (required time - arrival time)
  Source:                 i_laser_lock_core/i_lpf_core/acc_q_reg[0]/C
                            (rising edge-triggered cell FDRE clocked by pll_adc_clk  {rise@0.000ns fall@4.000ns period=8.000ns})
  Destination:            i_laser_lock_core/i_lpf_core/y_o_reg[0]/D
                            (rising edge-triggered cell FDRE clocked by pll_adc_clk  {rise@0.000ns fall@4.000ns period=8.000ns})
  Path Group:             pll_adc_clk
  Path Type:              Setup (Max at Slow Process Corner)
  Requirement:            8.000ns  (pll_adc_clk rise@8.000ns - pll_adc_clk rise@0.000ns)
  Data Path Delay:        7.866ns  (logic 4.763ns (60.550%)  route 3.103ns (39.450%))
  Logic Levels:           19  (CARRY4=15 LUT1=1 LUT2=2 LUT3=1)
  Clock Path Skew:        -0.065ns (DCD - SCD + CPR)
    Destination Clock Delay (DCD):    5.461ns = ( 13.461 - 8.000 ) 
    Source Clock Delay      (SCD):    5.984ns
    Clock Pessimism Removal (CPR):    0.458ns
  Clock Uncertainty:      0.069ns  ((TSJ^2 + DJ^2)^1/2) / 2 + PE
    Total System Jitter     (TSJ):    0.071ns
    Discrete Jitter          (DJ):    0.118ns
    Phase Error              (PE):    0.000ns

    Location             Delay type                Incr(ns)  Path(ns)    Netlist Resource(s)
  -------------------------------------------------------------------    -------------------
                         (clock pll_adc_clk rise edge)
                                                      0.000     0.000 r  
    U18                                               0.000     0.000 r  adc_clk_i[1] (IN)
                         net (fo=0)                   0.000     0.000    adc_clk_i[1]
    U18                  IBUFDS (Prop_ibufds_I_O)     0.983     0.983 r  i_clk/O
                         net (fo=1, routed)           1.306     2.289    pll/adc_clk_in
    PLLE2_ADV_X0Y0       PLLE2_ADV (Prop_plle2_adv_CLKIN1_CLKOUT0)
                                                      0.089     2.378 r  pll/pll/CLKOUT0
                         net (fo=1, routed)           1.754     4.132    pll_adc_clk
    BUFGCTRL_X0Y0        BUFG (Prop_bufg_I_O)         0.101     4.233 r  bufg_adc_clk/O
                         net (fo=8602, routed)        1.751     5.984    i_laser_lock_core/i_lpf_core/adc_clk
    SLICE_X37Y7          FDRE                                         r  i_laser_lock_core/i_lpf_core/acc_q_reg[0]/C
  -------------------------------------------------------------------    -------------------
    SLICE_X37Y7          FDRE (Prop_fdre_C_Q)         0.456     6.440 f  i_laser_lock_core/i_lpf_core/acc_q_reg[0]/Q
                         net (fo=4, routed)           0.539     6.979    i_laser_lock_core/i_lpf_core/acc_q_reg[0]
    SLICE_X35Y6          LUT1 (Prop_lut1_I0_O)        0.124     7.103 r  i_laser_lock_core/i_lpf_core/delta_w_carry_i_1/O
                         net (fo=1, routed)           0.330     7.433    i_laser_lock_core/i_lpf_core/delta_w_carry_i_1_n_0
    SLICE_X35Y7          CARRY4 (Prop_carry4_CYINIT_CO[3])
                                                      0.580     8.013 r  i_laser_lock_core/i_lpf_core/delta_w_carry/CO[3]
                         net (fo=1, routed)           0.000     8.013    i_laser_lock_core/i_lpf_core/delta_w_carry_n_0
    SLICE_X35Y8          CARRY4 (Prop_carry4_CI_CO[3])
                                                      0.114     8.127 r  i_laser_lock_core/i_lpf_core/delta_w_carry__0/CO[3]
                         net (fo=1, routed)           0.000     8.127    i_laser_lock_core/i_lpf_core/delta_w_carry__0_n_0
    SLICE_X35Y9          CARRY4 (Prop_carry4_CI_CO[3])
                                                      0.114     8.241 r  i_laser_lock_core/i_lpf_core/delta_w_carry__1/CO[3]
                         net (fo=1, routed)           0.000     8.241    i_laser_lock_core/i_lpf_core/delta_w_carry__1_n_0
    SLICE_X35Y10         CARRY4 (Prop_carry4_CI_CO[3])
                                                      0.114     8.355 r  i_laser_lock_core/i_lpf_core/delta_w_carry__2/CO[3]
                         net (fo=1, routed)           0.000     8.355    i_laser_lock_core/i_lpf_core/delta_w_carry__2_n_0
    SLICE_X35Y11         CARRY4 (Prop_carry4_CI_CO[3])
                                                      0.114     8.469 r  i_laser_lock_core/i_lpf_core/delta_w_carry__3/CO[3]
                         net (fo=1, routed)           0.000     8.469    i_laser_lock_core/i_lpf_core/delta_w_carry__3_n_0
    SLICE_X35Y12         CARRY4 (Prop_carry4_CI_CO[3])
                                                      0.114     8.583 r  i_laser_lock_core/i_lpf_core/delta_w_carry__4/CO[3]
                         net (fo=1, routed)           0.000     8.583    i_laser_lock_core/i_lpf_core/delta_w_carry__4_n_0
    SLICE_X35Y13         CARRY4 (Prop_carry4_CI_O[0])
                                                      0.222     8.805 r  i_laser_lock_core/i_lpf_core/delta_w_carry__5/O[0]
                         net (fo=3, routed)           0.799     9.604    i_laser_lock_core/i_lpf_core/delta_w_carry__5_n_7
    SLICE_X36Y11         LUT2 (Prop_lut2_I1_O)        0.299     9.903 r  i_laser_lock_core/i_lpf_core/acc_next_w_carry__2_i_3/O
                         net (fo=1, routed)           0.000     9.903    i_laser_lock_core/i_lpf_core/acc_next_w_carry__2_i_3_n_0
    SLICE_X36Y11         CARRY4 (Prop_carry4_S[1]_CO[3])
                                                      0.550    10.453 r  i_laser_lock_core/i_lpf_core/acc_next_w_carry__2/CO[3]
                         net (fo=1, routed)           0.000    10.453    i_laser_lock_core/i_lpf_core/acc_next_w_carry__2_n_0
    SLICE_X36Y12         CARRY4 (Prop_carry4_CI_CO[3])
                                                      0.114    10.567 r  i_laser_lock_core/i_lpf_core/acc_next_w_carry__3/CO[3]
                         net (fo=1, routed)           0.000    10.567    i_laser_lock_core/i_lpf_core/acc_next_w_carry__3_n_0
    SLICE_X36Y13         CARRY4 (Prop_carry4_CI_CO[3])
                                                      0.114    10.681 r  i_laser_lock_core/i_lpf_core/acc_next_w_carry__4/CO[3]
                         net (fo=1, routed)           0.000    10.681    i_laser_lock_core/i_lpf_core/acc_next_w_carry__4_n_0
    SLICE_X36Y14         CARRY4 (Prop_carry4_CI_CO[3])
                                                      0.114    10.795 r  i_laser_lock_core/i_lpf_core/acc_next_w_carry__5/CO[3]
                         net (fo=1, routed)           0.000    10.795    i_laser_lock_core/i_lpf_core/acc_next_w_carry__5_n_0
    SLICE_X36Y15         CARRY4 (Prop_carry4_CI_O[3])
                                                      0.313    11.108 f  i_laser_lock_core/i_lpf_core/acc_next_w_carry__6/O[3]
                         net (fo=26, routed)          0.762    11.871    i_laser_lock_core/i_lpf_core/p_0_in0
    SLICE_X39Y12         LUT2 (Prop_lut2_I1_O)        0.306    12.177 r  i_laser_lock_core/i_lpf_core/y_saturated_w1_carry_i_4/O
                         net (fo=1, routed)           0.000    12.177    i_laser_lock_core/i_lpf_core/y_saturated_w1_carry_i_4_n_0
    SLICE_X39Y12         CARRY4 (Prop_carry4_S[3]_CO[3])
                                                      0.401    12.578 r  i_laser_lock_core/i_lpf_core/y_saturated_w1_carry/CO[3]
                         net (fo=1, routed)           0.000    12.578    i_laser_lock_core/i_lpf_core/y_saturated_w1_carry_n_0
    SLICE_X39Y13         CARRY4 (Prop_carry4_CI_CO[3])
                                                      0.114    12.692 r  i_laser_lock_core/i_lpf_core/y_saturated_w1_carry__0/CO[3]
                         net (fo=1, routed)           0.000    12.692    i_laser_lock_core/i_lpf_core/y_saturated_w1_carry__0_n_0
    SLICE_X39Y14         CARRY4 (Prop_carry4_CI_CO[1])
                                                      0.157    12.849 r  i_laser_lock_core/i_lpf_core/y_saturated_w1_carry__1/CO[1]
                         net (fo=14, routed)          0.673    13.521    i_laser_lock_core/i_lpf_core/y_saturated_w10_in
    SLICE_X40Y14         LUT3 (Prop_lut3_I0_O)        0.329    13.850 r  i_laser_lock_core/i_lpf_core/y_o[0]_i_1/O
                         net (fo=1, routed)           0.000    13.850    i_laser_lock_core/i_lpf_core/y_saturated_w[0]
    SLICE_X40Y14         FDRE                                         r  i_laser_lock_core/i_lpf_core/y_o_reg[0]/D
  -------------------------------------------------------------------    -------------------

                         (clock pll_adc_clk rise edge)
                                                      8.000     8.000 r  
    U18                                               0.000     8.000 r  adc_clk_i[1] (IN)
                         net (fo=0)                   0.000     8.000    adc_clk_i[1]
    U18                  IBUFDS (Prop_ibufds_I_O)     0.940     8.940 r  i_clk/O
                         net (fo=1, routed)           1.181    10.121    pll/adc_clk_in
    PLLE2_ADV_X0Y0       PLLE2_ADV (Prop_plle2_adv_CLKIN1_CLKOUT0)
                                                      0.084    10.205 r  pll/pll/CLKOUT0
                         net (fo=1, routed)           1.594    11.799    pll_adc_clk
    BUFGCTRL_X0Y0        BUFG (Prop_bufg_I_O)         0.091    11.890 r  bufg_adc_clk/O
                         net (fo=8602, routed)        1.571    13.461    i_laser_lock_core/i_lpf_core/adc_clk
    SLICE_X40Y14         FDRE                                         r  i_laser_lock_core/i_lpf_core/y_o_reg[0]/C
                         clock pessimism              0.458    13.919    
                         clock uncertainty           -0.069    13.850    
    SLICE_X40Y14         FDRE (Setup_fdre_C_D)        0.032    13.882    i_laser_lock_core/i_lpf_core/y_o_reg[0]
  -------------------------------------------------------------------
                         required time                         13.882    
                         arrival time                         -13.850    
  -------------------------------------------------------------------
                         slack                                  0.032    

Slack (MET) :             0.041ns  (required time - arrival time)
  Source:                 i_laser_lock_core/i_lpf_core/acc_q_reg[0]/C
                            (rising edge-triggered cell FDRE clocked by pll_adc_clk  {rise@0.000ns fall@4.000ns period=8.000ns})
  Destination:            i_laser_lock_core/i_lpf_core/y_o_reg[8]/D
                            (rising edge-triggered cell FDRE clocked by pll_adc_clk  {rise@0.000ns fall@4.000ns period=8.000ns})
  Path Group:             pll_adc_clk
  Path Type:              Setup (Max at Slow Process Corner)
  Requirement:            8.000ns  (pll_adc_clk rise@8.000ns - pll_adc_clk rise@0.000ns)
  Data Path Delay:        7.856ns  (logic 4.763ns (60.631%)  route 3.093ns (39.369%))
  Logic Levels:           19  (CARRY4=15 LUT1=1 LUT2=2 LUT3=1)
  Clock Path Skew:        -0.065ns (DCD - SCD + CPR)
    Destination Clock Delay (DCD):    5.461ns = ( 13.461 - 8.000 ) 
    Source Clock Delay      (SCD):    5.984ns
    Clock Pessimism Removal (CPR):    0.458ns
  Clock Uncertainty:      0.069ns  ((TSJ^2 + DJ^2)^1/2) / 2 + PE
    Total System Jitter     (TSJ):    0.071ns
    Discrete Jitter          (DJ):    0.118ns
    Phase Error              (PE):    0.000ns

    Location             Delay type                Incr(ns)  Path(ns)    Netlist Resource(s)
  -------------------------------------------------------------------    -------------------
                         (clock pll_adc_clk rise edge)
                                                      0.000     0.000 r  
    U18                                               0.000     0.000 r  adc_clk_i[1] (IN)
                         net (fo=0)                   0.000     0.000    adc_clk_i[1]
    U18                  IBUFDS (Prop_ibufds_I_O)     0.983     0.983 r  i_clk/O
                         net (fo=1, routed)           1.306     2.289    pll/adc_clk_in
    PLLE2_ADV_X0Y0       PLLE2_ADV (Prop_plle2_adv_CLKIN1_CLKOUT0)
                                                      0.089     2.378 r  pll/pll/CLKOUT0
                         net (fo=1, routed)           1.754     4.132    pll_adc_clk
    BUFGCTRL_X0Y0        BUFG (Prop_bufg_I_O)         0.101     4.233 r  bufg_adc_clk/O
                         net (fo=8602, routed)        1.751     5.984    i_laser_lock_core/i_lpf_core/adc_clk
    SLICE_X37Y7          FDRE                                         r  i_laser_lock_core/i_lpf_core/acc_q_reg[0]/C
  -------------------------------------------------------------------    -------------------
    SLICE_X37Y7          FDRE (Prop_fdre_C_Q)         0.456     6.440 f  i_laser_lock_core/i_lpf_core/acc_q_reg[0]/Q
                         net (fo=4, routed)           0.539     6.979    i_laser_lock_core/i_lpf_core/acc_q_reg[0]
    SLICE_X35Y6          LUT1 (Prop_lut1_I0_O)        0.124     7.103 r  i_laser_lock_core/i_lpf_core/delta_w_carry_i_1/O
                         net (fo=1, routed)           0.330     7.433    i_laser_lock_core/i_lpf_core/delta_w_carry_i_1_n_0
    SLICE_X35Y7          CARRY4 (Prop_carry4_CYINIT_CO[3])
                                                      0.580     8.013 r  i_laser_lock_core/i_lpf_core/delta_w_carry/CO[3]
                         net (fo=1, routed)           0.000     8.013    i_laser_lock_core/i_lpf_core/delta_w_carry_n_0
    SLICE_X35Y8          CARRY4 (Prop_carry4_CI_CO[3])
                                                      0.114     8.127 r  i_laser_lock_core/i_lpf_core/delta_w_carry__0/CO[3]
                         net (fo=1, routed)           0.000     8.127    i_laser_lock_core/i_lpf_core/delta_w_carry__0_n_0
    SLICE_X35Y9          CARRY4 (Prop_carry4_CI_CO[3])
                                                      0.114     8.241 r  i_laser_lock_core/i_lpf_core/delta_w_carry__1/CO[3]
                         net (fo=1, routed)           0.000     8.241    i_laser_lock_core/i_lpf_core/delta_w_carry__1_n_0
    SLICE_X35Y10         CARRY4 (Prop_carry4_CI_CO[3])
                                                      0.114     8.355 r  i_laser_lock_core/i_lpf_core/delta_w_carry__2/CO[3]
                         net (fo=1, routed)           0.000     8.355    i_laser_lock_core/i_lpf_core/delta_w_carry__2_n_0
    SLICE_X35Y11         CARRY4 (Prop_carry4_CI_CO[3])
                                                      0.114     8.469 r  i_laser_lock_core/i_lpf_core/delta_w_carry__3/CO[3]
                         net (fo=1, routed)           0.000     8.469    i_laser_lock_core/i_lpf_core/delta_w_carry__3_n_0
    SLICE_X35Y12         CARRY4 (Prop_carry4_CI_CO[3])
                                                      0.114     8.583 r  i_laser_lock_core/i_lpf_core/delta_w_carry__4/CO[3]
                         net (fo=1, routed)           0.000     8.583    i_laser_lock_core/i_lpf_core/delta_w_carry__4_n_0
    SLICE_X35Y13         CARRY4 (Prop_carry4_CI_O[0])
                                                      0.222     8.805 r  i_laser_lock_core/i_lpf_core/delta_w_carry__5/O[0]
                         net (fo=3, routed)           0.799     9.604    i_laser_lock_core/i_lpf_core/delta_w_carry__5_n_7
    SLICE_X36Y11         LUT2 (Prop_lut2_I1_O)        0.299     9.903 r  i_laser_lock_core/i_lpf_core/acc_next_w_carry__2_i_3/O
                         net (fo=1, routed)           0.000     9.903    i_laser_lock_core/i_lpf_core/acc_next_w_carry__2_i_3_n_0
    SLICE_X36Y11         CARRY4 (Prop_carry4_S[1]_CO[3])
                                                      0.550    10.453 r  i_laser_lock_core/i_lpf_core/acc_next_w_carry__2/CO[3]
                         net (fo=1, routed)           0.000    10.453    i_laser_lock_core/i_lpf_core/acc_next_w_carry__2_n_0
    SLICE_X36Y12         CARRY4 (Prop_carry4_CI_CO[3])
                                                      0.114    10.567 r  i_laser_lock_core/i_lpf_core/acc_next_w_carry__3/CO[3]
                         net (fo=1, routed)           0.000    10.567    i_laser_lock_core/i_lpf_core/acc_next_w_carry__3_n_0
    SLICE_X36Y13         CARRY4 (Prop_carry4_CI_CO[3])
                                                      0.114    10.681 r  i_laser_lock_core/i_lpf_core/acc_next_w_carry__4/CO[3]
                         net (fo=1, routed)           0.000    10.681    i_laser_lock_core/i_lpf_core/acc_next_w_carry__4_n_0
    SLICE_X36Y14         CARRY4 (Prop_carry4_CI_CO[3])
                                                      0.114    10.795 r  i_laser_lock_core/i_lpf_core/acc_next_w_carry__5/CO[3]
                         net (fo=1, routed)           0.000    10.795    i_laser_lock_core/i_lpf_core/acc_next_w_carry__5_n_0
    SLICE_X36Y15         CARRY4 (Prop_carry4_CI_O[3])
                                                      0.313    11.108 f  i_laser_lock_core/i_lpf_core/acc_next_w_carry__6/O[3]
                         net (fo=26, routed)          0.762    11.871    i_laser_lock_core/i_lpf_core/p_0_in0
    SLICE_X39Y12         LUT2 (Prop_lut2_I1_O)        0.306    12.177 r  i_laser_lock_core/i_lpf_core/y_saturated_w1_carry_i_4/O
                         net (fo=1, routed)           0.000    12.177    i_laser_lock_core/i_lpf_core/y_saturated_w1_carry_i_4_n_0
    SLICE_X39Y12         CARRY4 (Prop_carry4_S[3]_CO[3])
                                                      0.401    12.578 r  i_laser_lock_core/i_lpf_core/y_saturated_w1_carry/CO[3]
                         net (fo=1, routed)           0.000    12.578    i_laser_lock_core/i_lpf_core/y_saturated_w1_carry_n_0
    SLICE_X39Y13         CARRY4 (Prop_carry4_CI_CO[3])
                                                      0.114    12.692 r  i_laser_lock_core/i_lpf_core/y_saturated_w1_carry__0/CO[3]
                         net (fo=1, routed)           0.000    12.692    i_laser_lock_core/i_lpf_core/y_saturated_w1_carry__0_n_0
    SLICE_X39Y14         CARRY4 (Prop_carry4_CI_CO[1])
                                                      0.157    12.849 r  i_laser_lock_core/i_lpf_core/y_saturated_w1_carry__1/CO[1]
                         net (fo=14, routed)          0.662    13.511    i_laser_lock_core/i_lpf_core/y_saturated_w10_in
    SLICE_X40Y14         LUT3 (Prop_lut3_I0_O)        0.329    13.840 r  i_laser_lock_core/i_lpf_core/y_o[8]_i_1/O
                         net (fo=1, routed)           0.000    13.840    i_laser_lock_core/i_lpf_core/y_saturated_w[8]
    SLICE_X40Y14         FDRE                                         r  i_laser_lock_core/i_lpf_core/y_o_reg[8]/D
  -------------------------------------------------------------------    -------------------

                         (clock pll_adc_clk rise edge)
                                                      8.000     8.000 r  
    U18                                               0.000     8.000 r  adc_clk_i[1] (IN)
                         net (fo=0)                   0.000     8.000    adc_clk_i[1]
    U18                  IBUFDS (Prop_ibufds_I_O)     0.940     8.940 r  i_clk/O
                         net (fo=1, routed)           1.181    10.121    pll/adc_clk_in
    PLLE2_ADV_X0Y0       PLLE2_ADV (Prop_plle2_adv_CLKIN1_CLKOUT0)
                                                      0.084    10.205 r  pll/pll/CLKOUT0
                         net (fo=1, routed)           1.594    11.799    pll_adc_clk
    BUFGCTRL_X0Y0        BUFG (Prop_bufg_I_O)         0.091    11.890 r  bufg_adc_clk/O
                         net (fo=8602, routed)        1.571    13.461    i_laser_lock_core/i_lpf_core/adc_clk
    SLICE_X40Y14         FDRE                                         r  i_laser_lock_core/i_lpf_core/y_o_reg[8]/C
                         clock pessimism              0.458    13.919    
                         clock uncertainty           -0.069    13.850    
    SLICE_X40Y14         FDRE (Setup_fdre_C_D)        0.031    13.881    i_laser_lock_core/i_lpf_core/y_o_reg[8]
  -------------------------------------------------------------------
                         required time                         13.881    
                         arrival time                         -13.840    
  -------------------------------------------------------------------
                         slack                                  0.041    

Slack (MET) :             0.043ns  (required time - arrival time)
  Source:                 i_laser_lock_core/i_lpf_core/acc_q_reg[0]/C
                            (rising edge-triggered cell FDRE clocked by pll_adc_clk  {rise@0.000ns fall@4.000ns period=8.000ns})
  Destination:            i_laser_lock_core/i_lpf_core/y_o_reg[4]/D
                            (rising edge-triggered cell FDRE clocked by pll_adc_clk  {rise@0.000ns fall@4.000ns period=8.000ns})
  Path Group:             pll_adc_clk
  Path Type:              Setup (Max at Slow Process Corner)
  Requirement:            8.000ns  (pll_adc_clk rise@8.000ns - pll_adc_clk rise@0.000ns)
  Data Path Delay:        7.854ns  (logic 4.763ns (60.642%)  route 3.091ns (39.358%))
  Logic Levels:           19  (CARRY4=15 LUT1=1 LUT2=2 LUT3=1)
  Clock Path Skew:        -0.065ns (DCD - SCD + CPR)
    Destination Clock Delay (DCD):    5.461ns = ( 13.461 - 8.000 ) 
    Source Clock Delay      (SCD):    5.984ns
    Clock Pessimism Removal (CPR):    0.458ns
  Clock Uncertainty:      0.069ns  ((TSJ^2 + DJ^2)^1/2) / 2 + PE
    Total System Jitter     (TSJ):    0.071ns
    Discrete Jitter          (DJ):    0.118ns
    Phase Error              (PE):    0.000ns

    Location             Delay type                Incr(ns)  Path(ns)    Netlist Resource(s)
  -------------------------------------------------------------------    -------------------
                         (clock pll_adc_clk rise edge)
                                                      0.000     0.000 r  
    U18                                               0.000     0.000 r  adc_clk_i[1] (IN)
                         net (fo=0)                   0.000     0.000    adc_clk_i[1]
    U18                  IBUFDS (Prop_ibufds_I_O)     0.983     0.983 r  i_clk/O
                         net (fo=1, routed)           1.306     2.289    pll/adc_clk_in
    PLLE2_ADV_X0Y0       PLLE2_ADV (Prop_plle2_adv_CLKIN1_CLKOUT0)
                                                      0.089     2.378 r  pll/pll/CLKOUT0
                         net (fo=1, routed)           1.754     4.132    pll_adc_clk
    BUFGCTRL_X0Y0        BUFG (Prop_bufg_I_O)         0.101     4.233 r  bufg_adc_clk/O
                         net (fo=8602, routed)        1.751     5.984    i_laser_lock_core/i_lpf_core/adc_clk
    SLICE_X37Y7          FDRE                                         r  i_laser_lock_core/i_lpf_core/acc_q_reg[0]/C
  -------------------------------------------------------------------    -------------------
    SLICE_X37Y7          FDRE (Prop_fdre_C_Q)         0.456     6.440 f  i_laser_lock_core/i_lpf_core/acc_q_reg[0]/Q
                         net (fo=4, routed)           0.539     6.979    i_laser_lock_core/i_lpf_core/acc_q_reg[0]
    SLICE_X35Y6          LUT1 (Prop_lut1_I0_O)        0.124     7.103 r  i_laser_lock_core/i_lpf_core/delta_w_carry_i_1/O
                         net (fo=1, routed)           0.330     7.433    i_laser_lock_core/i_lpf_core/delta_w_carry_i_1_n_0
    SLICE_X35Y7          CARRY4 (Prop_carry4_CYINIT_CO[3])
                                                      0.580     8.013 r  i_laser_lock_core/i_lpf_core/delta_w_carry/CO[3]
                         net (fo=1, routed)           0.000     8.013    i_laser_lock_core/i_lpf_core/delta_w_carry_n_0
    SLICE_X35Y8          CARRY4 (Prop_carry4_CI_CO[3])
                                                      0.114     8.127 r  i_laser_lock_core/i_lpf_core/delta_w_carry__0/CO[3]
                         net (fo=1, routed)           0.000     8.127    i_laser_lock_core/i_lpf_core/delta_w_carry__0_n_0
    SLICE_X35Y9          CARRY4 (Prop_carry4_CI_CO[3])
                                                      0.114     8.241 r  i_laser_lock_core/i_lpf_core/delta_w_carry__1/CO[3]
                         net (fo=1, routed)           0.000     8.241    i_laser_lock_core/i_lpf_core/delta_w_carry__1_n_0
    SLICE_X35Y10         CARRY4 (Prop_carry4_CI_CO[3])
                                                      0.114     8.355 r  i_laser_lock_core/i_lpf_core/delta_w_carry__2/CO[3]
                         net (fo=1, routed)           0.000     8.355    i_laser_lock_core/i_lpf_core/delta_w_carry__2_n_0
    SLICE_X35Y11         CARRY4 (Prop_carry4_CI_CO[3])
                                                      0.114     8.469 r  i_laser_lock_core/i_lpf_core/delta_w_carry__3/CO[3]
                         net (fo=1, routed)           0.000     8.469    i_laser_lock_core/i_lpf_core/delta_w_carry__3_n_0
    SLICE_X35Y12         CARRY4 (Prop_carry4_CI_CO[3])
                                                      0.114     8.583 r  i_laser_lock_core/i_lpf_core/delta_w_carry__4/CO[3]
                         net (fo=1, routed)           0.000     8.583    i_laser_lock_core/i_lpf_core/delta_w_carry__4_n_0
    SLICE_X35Y13         CARRY4 (Prop_carry4_CI_O[0])
                                                      0.222     8.805 r  i_laser_lock_core/i_lpf_core/delta_w_carry__5/O[0]
                         net (fo=3, routed)           0.799     9.604    i_laser_lock_core/i_lpf_core/delta_w_carry__5_n_7
    SLICE_X36Y11         LUT2 (Prop_lut2_I1_O)        0.299     9.903 r  i_laser_lock_core/i_lpf_core/acc_next_w_carry__2_i_3/O
                         net (fo=1, routed)           0.000     9.903    i_laser_lock_core/i_lpf_core/acc_next_w_carry__2_i_3_n_0
    SLICE_X36Y11         CARRY4 (Prop_carry4_S[1]_CO[3])
                                                      0.550    10.453 r  i_laser_lock_core/i_lpf_core/acc_next_w_carry__2/CO[3]
                         net (fo=1, routed)           0.000    10.453    i_laser_lock_core/i_lpf_core/acc_next_w_carry__2_n_0
    SLICE_X36Y12         CARRY4 (Prop_carry4_CI_CO[3])
                                                      0.114    10.567 r  i_laser_lock_core/i_lpf_core/acc_next_w_carry__3/CO[3]
                         net (fo=1, routed)           0.000    10.567    i_laser_lock_core/i_lpf_core/acc_next_w_carry__3_n_0
    SLICE_X36Y13         CARRY4 (Prop_carry4_CI_CO[3])
                                                      0.114    10.681 r  i_laser_lock_core/i_lpf_core/acc_next_w_carry__4/CO[3]
                         net (fo=1, routed)           0.000    10.681    i_laser_lock_core/i_lpf_core/acc_next_w_carry__4_n_0
    SLICE_X36Y14         CARRY4 (Prop_carry4_CI_CO[3])
                                                      0.114    10.795 r  i_laser_lock_core/i_lpf_core/acc_next_w_carry__5/CO[3]
                         net (fo=1, routed)           0.000    10.795    i_laser_lock_core/i_lpf_core/acc_next_w_carry__5_n_0
    SLICE_X36Y15         CARRY4 (Prop_carry4_CI_O[3])
                                                      0.313    11.108 f  i_laser_lock_core/i_lpf_core/acc_next_w_carry__6/O[3]
                         net (fo=26, routed)          0.762    11.871    i_laser_lock_core/i_lpf_core/p_0_in0
    SLICE_X39Y12         LUT2 (Prop_lut2_I1_O)        0.306    12.177 r  i_laser_lock_core/i_lpf_core/y_saturated_w1_carry_i_4/O
                         net (fo=1, routed)           0.000    12.177    i_laser_lock_core/i_lpf_core/y_saturated_w1_carry_i_4_n_0
    SLICE_X39Y12         CARRY4 (Prop_carry4_S[3]_CO[3])
                                                      0.401    12.578 r  i_laser_lock_core/i_lpf_core/y_saturated_w1_carry/CO[3]
                         net (fo=1, routed)           0.000    12.578    i_laser_lock_core/i_lpf_core/y_saturated_w1_carry_n_0
    SLICE_X39Y13         CARRY4 (Prop_carry4_CI_CO[3])
                                                      0.114    12.692 r  i_laser_lock_core/i_lpf_core/y_saturated_w1_carry__0/CO[3]
                         net (fo=1, routed)           0.000    12.692    i_laser_lock_core/i_lpf_core/y_saturated_w1_carry__0_n_0
    SLICE_X39Y14         CARRY4 (Prop_carry4_CI_CO[1])
                                                      0.157    12.849 r  i_laser_lock_core/i_lpf_core/y_saturated_w1_carry__1/CO[1]
                         net (fo=14, routed)          0.661    13.509    i_laser_lock_core/i_lpf_core/y_saturated_w10_in
    SLICE_X41Y14         LUT3 (Prop_lut3_I0_O)        0.329    13.838 r  i_laser_lock_core/i_lpf_core/y_o[4]_i_1/O
                         net (fo=1, routed)           0.000    13.838    i_laser_lock_core/i_lpf_core/y_saturated_w[4]
    SLICE_X41Y14         FDRE                                         r  i_laser_lock_core/i_lpf_core/y_o_reg[4]/D
  -------------------------------------------------------------------    -------------------

                         (clock pll_adc_clk rise edge)
                                                      8.000     8.000 r  
    U18                                               0.000     8.000 r  adc_clk_i[1] (IN)
                         net (fo=0)                   0.000     8.000    adc_clk_i[1]
    U18                  IBUFDS (Prop_ibufds_I_O)     0.940     8.940 r  i_clk/O
                         net (fo=1, routed)           1.181    10.121    pll/adc_clk_in
    PLLE2_ADV_X0Y0       PLLE2_ADV (Prop_plle2_adv_CLKIN1_CLKOUT0)
                                                      0.084    10.205 r  pll/pll/CLKOUT0
                         net (fo=1, routed)           1.594    11.799    pll_adc_clk
    BUFGCTRL_X0Y0        BUFG (Prop_bufg_I_O)         0.091    11.890 r  bufg_adc_clk/O
                         net (fo=8602, routed)        1.571    13.461    i_laser_lock_core/i_lpf_core/adc_clk
    SLICE_X41Y14         FDRE                                         r  i_laser_lock_core/i_lpf_core/y_o_reg[4]/C
                         clock pessimism              0.458    13.919    
                         clock uncertainty           -0.069    13.850    
    SLICE_X41Y14         FDRE (Setup_fdre_C_D)        0.031    13.881    i_laser_lock_core/i_lpf_core/y_o_reg[4]
  -------------------------------------------------------------------
                         required time                         13.881    
                         arrival time                         -13.838    
  -------------------------------------------------------------------
                         slack                                  0.043    

Slack (MET) :             0.043ns  (required time - arrival time)
  Source:                 i_laser_lock_core/i_lpf_core/acc_q_reg[0]/C
                            (rising edge-triggered cell FDRE clocked by pll_adc_clk  {rise@0.000ns fall@4.000ns period=8.000ns})
  Destination:            i_laser_lock_core/i_lpf_core/y_o_reg[1]/D
                            (rising edge-triggered cell FDRE clocked by pll_adc_clk  {rise@0.000ns fall@4.000ns period=8.000ns})
  Path Group:             pll_adc_clk
  Path Type:              Setup (Max at Slow Process Corner)
  Requirement:            8.000ns  (pll_adc_clk rise@8.000ns - pll_adc_clk rise@0.000ns)
  Data Path Delay:        7.852ns  (logic 4.763ns (60.662%)  route 3.089ns (39.338%))
  Logic Levels:           19  (CARRY4=15 LUT1=1 LUT2=2 LUT3=1)
  Clock Path Skew:        -0.065ns (DCD - SCD + CPR)
    Destination Clock Delay (DCD):    5.461ns = ( 13.461 - 8.000 ) 
    Source Clock Delay      (SCD):    5.984ns
    Clock Pessimism Removal (CPR):    0.458ns
  Clock Uncertainty:      0.069ns  ((TSJ^2 + DJ^2)^1/2) / 2 + PE
    Total System Jitter     (TSJ):    0.071ns
    Discrete Jitter          (DJ):    0.118ns
    Phase Error              (PE):    0.000ns

    Location             Delay type                Incr(ns)  Path(ns)    Netlist Resource(s)
  -------------------------------------------------------------------    -------------------
                         (clock pll_adc_clk rise edge)
                                                      0.000     0.000 r  
    U18                                               0.000     0.000 r  adc_clk_i[1] (IN)
                         net (fo=0)                   0.000     0.000    adc_clk_i[1]
    U18                  IBUFDS (Prop_ibufds_I_O)     0.983     0.983 r  i_clk/O
                         net (fo=1, routed)           1.306     2.289    pll/adc_clk_in
    PLLE2_ADV_X0Y0       PLLE2_ADV (Prop_plle2_adv_CLKIN1_CLKOUT0)
                                                      0.089     2.378 r  pll/pll/CLKOUT0
                         net (fo=1, routed)           1.754     4.132    pll_adc_clk
    BUFGCTRL_X0Y0        BUFG (Prop_bufg_I_O)         0.101     4.233 r  bufg_adc_clk/O
                         net (fo=8602, routed)        1.751     5.984    i_laser_lock_core/i_lpf_core/adc_clk
    SLICE_X37Y7          FDRE                                         r  i_laser_lock_core/i_lpf_core/acc_q_reg[0]/C
  -------------------------------------------------------------------    -------------------
    SLICE_X37Y7          FDRE (Prop_fdre_C_Q)         0.456     6.440 f  i_laser_lock_core/i_lpf_core/acc_q_reg[0]/Q
                         net (fo=4, routed)           0.539     6.979    i_laser_lock_core/i_lpf_core/acc_q_reg[0]
    SLICE_X35Y6          LUT1 (Prop_lut1_I0_O)        0.124     7.103 r  i_laser_lock_core/i_lpf_core/delta_w_carry_i_1/O
                         net (fo=1, routed)           0.330     7.433    i_laser_lock_core/i_lpf_core/delta_w_carry_i_1_n_0
    SLICE_X35Y7          CARRY4 (Prop_carry4_CYINIT_CO[3])
                                                      0.580     8.013 r  i_laser_lock_core/i_lpf_core/delta_w_carry/CO[3]
                         net (fo=1, routed)           0.000     8.013    i_laser_lock_core/i_lpf_core/delta_w_carry_n_0
    SLICE_X35Y8          CARRY4 (Prop_carry4_CI_CO[3])
                                                      0.114     8.127 r  i_laser_lock_core/i_lpf_core/delta_w_carry__0/CO[3]
                         net (fo=1, routed)           0.000     8.127    i_laser_lock_core/i_lpf_core/delta_w_carry__0_n_0
    SLICE_X35Y9          CARRY4 (Prop_carry4_CI_CO[3])
                                                      0.114     8.241 r  i_laser_lock_core/i_lpf_core/delta_w_carry__1/CO[3]
                         net (fo=1, routed)           0.000     8.241    i_laser_lock_core/i_lpf_core/delta_w_carry__1_n_0
    SLICE_X35Y10         CARRY4 (Prop_carry4_CI_CO[3])
                                                      0.114     8.355 r  i_laser_lock_core/i_lpf_core/delta_w_carry__2/CO[3]
                         net (fo=1, routed)           0.000     8.355    i_laser_lock_core/i_lpf_core/delta_w_carry__2_n_0
    SLICE_X35Y11         CARRY4 (Prop_carry4_CI_CO[3])
                                                      0.114     8.469 r  i_laser_lock_core/i_lpf_core/delta_w_carry__3/CO[3]
                         net (fo=1, routed)           0.000     8.469    i_laser_lock_core/i_lpf_core/delta_w_carry__3_n_0
    SLICE_X35Y12         CARRY4 (Prop_carry4_CI_CO[3])
                                                      0.114     8.583 r  i_laser_lock_core/i_lpf_core/delta_w_carry__4/CO[3]
                         net (fo=1, routed)           0.000     8.583    i_laser_lock_core/i_lpf_core/delta_w_carry__4_n_0
    SLICE_X35Y13         CARRY4 (Prop_carry4_CI_O[0])
                                                      0.222     8.805 r  i_laser_lock_core/i_lpf_core/delta_w_carry__5/O[0]
                         net (fo=3, routed)           0.799     9.604    i_laser_lock_core/i_lpf_core/delta_w_carry__5_n_7
    SLICE_X36Y11         LUT2 (Prop_lut2_I1_O)        0.299     9.903 r  i_laser_lock_core/i_lpf_core/acc_next_w_carry__2_i_3/O
                         net (fo=1, routed)           0.000     9.903    i_laser_lock_core/i_lpf_core/acc_next_w_carry__2_i_3_n_0
    SLICE_X36Y11         CARRY4 (Prop_carry4_S[1]_CO[3])
                                                      0.550    10.453 r  i_laser_lock_core/i_lpf_core/acc_next_w_carry__2/CO[3]
                         net (fo=1, routed)           0.000    10.453    i_laser_lock_core/i_lpf_core/acc_next_w_carry__2_n_0
    SLICE_X36Y12         CARRY4 (Prop_carry4_CI_CO[3])
                                                      0.114    10.567 r  i_laser_lock_core/i_lpf_core/acc_next_w_carry__3/CO[3]
                         net (fo=1, routed)           0.000    10.567    i_laser_lock_core/i_lpf_core/acc_next_w_carry__3_n_0
    SLICE_X36Y13         CARRY4 (Prop_carry4_CI_CO[3])
                                                      0.114    10.681 r  i_laser_lock_core/i_lpf_core/acc_next_w_carry__4/CO[3]
                         net (fo=1, routed)           0.000    10.681    i_laser_lock_core/i_lpf_core/acc_next_w_carry__4_n_0
    SLICE_X36Y14         CARRY4 (Prop_carry4_CI_CO[3])
                                                      0.114    10.795 r  i_laser_lock_core/i_lpf_core/acc_next_w_carry__5/CO[3]
                         net (fo=1, routed)           0.000    10.795    i_laser_lock_core/i_lpf_core/acc_next_w_carry__5_n_0
    SLICE_X36Y15         CARRY4 (Prop_carry4_CI_O[3])
                                                      0.313    11.108 f  i_laser_lock_core/i_lpf_core/acc_next_w_carry__6/O[3]
                         net (fo=26, routed)          0.762    11.871    i_laser_lock_core/i_lpf_core/p_0_in0
    SLICE_X39Y12         LUT2 (Prop_lut2_I1_O)        0.306    12.177 r  i_laser_lock_core/i_lpf_core/y_saturated_w1_carry_i_4/O
                         net (fo=1, routed)           0.000    12.177    i_laser_lock_core/i_lpf_core/y_saturated_w1_carry_i_4_n_0
    SLICE_X39Y12         CARRY4 (Prop_carry4_S[3]_CO[3])
                                                      0.401    12.578 r  i_laser_lock_core/i_lpf_core/y_saturated_w1_carry/CO[3]
                         net (fo=1, routed)           0.000    12.578    i_laser_lock_core/i_lpf_core/y_saturated_w1_carry_n_0
    SLICE_X39Y13         CARRY4 (Prop_carry4_CI_CO[3])
                                                      0.114    12.692 r  i_laser_lock_core/i_lpf_core/y_saturated_w1_carry__0/CO[3]
                         net (fo=1, routed)           0.000    12.692    i_laser_lock_core/i_lpf_core/y_saturated_w1_carry__0_n_0
    SLICE_X39Y14         CARRY4 (Prop_carry4_CI_CO[1])
                                                      0.157    12.849 r  i_laser_lock_core/i_lpf_core/y_saturated_w1_carry__1/CO[1]
                         net (fo=14, routed)          0.658    13.507    i_laser_lock_core/i_lpf_core/y_saturated_w10_in
    SLICE_X40Y14         LUT3 (Prop_lut3_I0_O)        0.329    13.836 r  i_laser_lock_core/i_lpf_core/y_o[1]_i_1/O
                         net (fo=1, routed)           0.000    13.836    i_laser_lock_core/i_lpf_core/y_saturated_w[1]
    SLICE_X40Y14         FDRE                                         r  i_laser_lock_core/i_lpf_core/y_o_reg[1]/D
  -------------------------------------------------------------------    -------------------

                         (clock pll_adc_clk rise edge)
                                                      8.000     8.000 r  
    U18                                               0.000     8.000 r  adc_clk_i[1] (IN)
                         net (fo=0)                   0.000     8.000    adc_clk_i[1]
    U18                  IBUFDS (Prop_ibufds_I_O)     0.940     8.940 r  i_clk/O
                         net (fo=1, routed)           1.181    10.121    pll/adc_clk_in
    PLLE2_ADV_X0Y0       PLLE2_ADV (Prop_plle2_adv_CLKIN1_CLKOUT0)
                                                      0.084    10.205 r  pll/pll/CLKOUT0
                         net (fo=1, routed)           1.594    11.799    pll_adc_clk
    BUFGCTRL_X0Y0        BUFG (Prop_bufg_I_O)         0.091    11.890 r  bufg_adc_clk/O
                         net (fo=8602, routed)        1.571    13.461    i_laser_lock_core/i_lpf_core/adc_clk
    SLICE_X40Y14         FDRE                                         r  i_laser_lock_core/i_lpf_core/y_o_reg[1]/C
                         clock pessimism              0.458    13.919    
                         clock uncertainty           -0.069    13.850    
    SLICE_X40Y14         FDRE (Setup_fdre_C_D)        0.029    13.879    i_laser_lock_core/i_lpf_core/y_o_reg[1]
  -------------------------------------------------------------------
                         required time                         13.879    
                         arrival time                         -13.836    
  -------------------------------------------------------------------
                         slack                                  0.043    

Slack (MET) :             0.044ns  (required time - arrival time)
  Source:                 i_laser_lock_core/i_lpf_core/acc_q_reg[0]/C
                            (rising edge-triggered cell FDRE clocked by pll_adc_clk  {rise@0.000ns fall@4.000ns period=8.000ns})
  Destination:            i_laser_lock_core/i_lpf_core/y_o_reg[5]/D
                            (rising edge-triggered cell FDRE clocked by pll_adc_clk  {rise@0.000ns fall@4.000ns period=8.000ns})
  Path Group:             pll_adc_clk
  Path Type:              Setup (Max at Slow Process Corner)
  Requirement:            8.000ns  (pll_adc_clk rise@8.000ns - pll_adc_clk rise@0.000ns)
  Data Path Delay:        7.853ns  (logic 4.763ns (60.650%)  route 3.090ns (39.350%))
  Logic Levels:           19  (CARRY4=15 LUT1=1 LUT2=2 LUT3=1)
  Clock Path Skew:        -0.065ns (DCD - SCD + CPR)
    Destination Clock Delay (DCD):    5.461ns = ( 13.461 - 8.000 ) 
    Source Clock Delay      (SCD):    5.984ns
    Clock Pessimism Removal (CPR):    0.458ns
  Clock Uncertainty:      0.069ns  ((TSJ^2 + DJ^2)^1/2) / 2 + PE
    Total System Jitter     (TSJ):    0.071ns
    Discrete Jitter          (DJ):    0.118ns
    Phase Error              (PE):    0.000ns

    Location             Delay type                Incr(ns)  Path(ns)    Netlist Resource(s)
  -------------------------------------------------------------------    -------------------
                         (clock pll_adc_clk rise edge)
                                                      0.000     0.000 r  
    U18                                               0.000     0.000 r  adc_clk_i[1] (IN)
                         net (fo=0)                   0.000     0.000    adc_clk_i[1]
    U18                  IBUFDS (Prop_ibufds_I_O)     0.983     0.983 r  i_clk/O
                         net (fo=1, routed)           1.306     2.289    pll/adc_clk_in
    PLLE2_ADV_X0Y0       PLLE2_ADV (Prop_plle2_adv_CLKIN1_CLKOUT0)
                                                      0.089     2.378 r  pll/pll/CLKOUT0
                         net (fo=1, routed)           1.754     4.132    pll_adc_clk
    BUFGCTRL_X0Y0        BUFG (Prop_bufg_I_O)         0.101     4.233 r  bufg_adc_clk/O
                         net (fo=8602, routed)        1.751     5.984    i_laser_lock_core/i_lpf_core/adc_clk
    SLICE_X37Y7          FDRE                                         r  i_laser_lock_core/i_lpf_core/acc_q_reg[0]/C
  -------------------------------------------------------------------    -------------------
    SLICE_X37Y7          FDRE (Prop_fdre_C_Q)         0.456     6.440 f  i_laser_lock_core/i_lpf_core/acc_q_reg[0]/Q
                         net (fo=4, routed)           0.539     6.979    i_laser_lock_core/i_lpf_core/acc_q_reg[0]
    SLICE_X35Y6          LUT1 (Prop_lut1_I0_O)        0.124     7.103 r  i_laser_lock_core/i_lpf_core/delta_w_carry_i_1/O
                         net (fo=1, routed)           0.330     7.433    i_laser_lock_core/i_lpf_core/delta_w_carry_i_1_n_0
    SLICE_X35Y7          CARRY4 (Prop_carry4_CYINIT_CO[3])
                                                      0.580     8.013 r  i_laser_lock_core/i_lpf_core/delta_w_carry/CO[3]
                         net (fo=1, routed)           0.000     8.013    i_laser_lock_core/i_lpf_core/delta_w_carry_n_0
    SLICE_X35Y8          CARRY4 (Prop_carry4_CI_CO[3])
                                                      0.114     8.127 r  i_laser_lock_core/i_lpf_core/delta_w_carry__0/CO[3]
                         net (fo=1, routed)           0.000     8.127    i_laser_lock_core/i_lpf_core/delta_w_carry__0_n_0
    SLICE_X35Y9          CARRY4 (Prop_carry4_CI_CO[3])
                                                      0.114     8.241 r  i_laser_lock_core/i_lpf_core/delta_w_carry__1/CO[3]
                         net (fo=1, routed)           0.000     8.241    i_laser_lock_core/i_lpf_core/delta_w_carry__1_n_0
    SLICE_X35Y10         CARRY4 (Prop_carry4_CI_CO[3])
                                                      0.114     8.355 r  i_laser_lock_core/i_lpf_core/delta_w_carry__2/CO[3]
                         net (fo=1, routed)           0.000     8.355    i_laser_lock_core/i_lpf_core/delta_w_carry__2_n_0
    SLICE_X35Y11         CARRY4 (Prop_carry4_CI_CO[3])
                                                      0.114     8.469 r  i_laser_lock_core/i_lpf_core/delta_w_carry__3/CO[3]
                         net (fo=1, routed)           0.000     8.469    i_laser_lock_core/i_lpf_core/delta_w_carry__3_n_0
    SLICE_X35Y12         CARRY4 (Prop_carry4_CI_CO[3])
                                                      0.114     8.583 r  i_laser_lock_core/i_lpf_core/delta_w_carry__4/CO[3]
                         net (fo=1, routed)           0.000     8.583    i_laser_lock_core/i_lpf_core/delta_w_carry__4_n_0
    SLICE_X35Y13         CARRY4 (Prop_carry4_CI_O[0])
                                                      0.222     8.805 r  i_laser_lock_core/i_lpf_core/delta_w_carry__5/O[0]
                         net (fo=3, routed)           0.799     9.604    i_laser_lock_core/i_lpf_core/delta_w_carry__5_n_7
    SLICE_X36Y11         LUT2 (Prop_lut2_I1_O)        0.299     9.903 r  i_laser_lock_core/i_lpf_core/acc_next_w_carry__2_i_3/O
                         net (fo=1, routed)           0.000     9.903    i_laser_lock_core/i_lpf_core/acc_next_w_carry__2_i_3_n_0
    SLICE_X36Y11         CARRY4 (Prop_carry4_S[1]_CO[3])
                                                      0.550    10.453 r  i_laser_lock_core/i_lpf_core/acc_next_w_carry__2/CO[3]
                         net (fo=1, routed)           0.000    10.453    i_laser_lock_core/i_lpf_core/acc_next_w_carry__2_n_0
    SLICE_X36Y12         CARRY4 (Prop_carry4_CI_CO[3])
                                                      0.114    10.567 r  i_laser_lock_core/i_lpf_core/acc_next_w_carry__3/CO[3]
                         net (fo=1, routed)           0.000    10.567    i_laser_lock_core/i_lpf_core/acc_next_w_carry__3_n_0
    SLICE_X36Y13         CARRY4 (Prop_carry4_CI_CO[3])
                                                      0.114    10.681 r  i_laser_lock_core/i_lpf_core/acc_next_w_carry__4/CO[3]
                         net (fo=1, routed)           0.000    10.681    i_laser_lock_core/i_lpf_core/acc_next_w_carry__4_n_0
    SLICE_X36Y14         CARRY4 (Prop_carry4_CI_CO[3])
                                                      0.114    10.795 r  i_laser_lock_core/i_lpf_core/acc_next_w_carry__5/CO[3]
                         net (fo=1, routed)           0.000    10.795    i_laser_lock_core/i_lpf_core/acc_next_w_carry__5_n_0
    SLICE_X36Y15         CARRY4 (Prop_carry4_CI_O[3])
                                                      0.313    11.108 f  i_laser_lock_core/i_lpf_core/acc_next_w_carry__6/O[3]
                         net (fo=26, routed)          0.762    11.871    i_laser_lock_core/i_lpf_core/p_0_in0
    SLICE_X39Y12         LUT2 (Prop_lut2_I1_O)        0.306    12.177 r  i_laser_lock_core/i_lpf_core/y_saturated_w1_carry_i_4/O
                         net (fo=1, routed)           0.000    12.177    i_laser_lock_core/i_lpf_core/y_saturated_w1_carry_i_4_n_0
    SLICE_X39Y12         CARRY4 (Prop_carry4_S[3]_CO[3])
                                                      0.401    12.578 r  i_laser_lock_core/i_lpf_core/y_saturated_w1_carry/CO[3]
                         net (fo=1, routed)           0.000    12.578    i_laser_lock_core/i_lpf_core/y_saturated_w1_carry_n_0
    SLICE_X39Y13         CARRY4 (Prop_carry4_CI_CO[3])
                                                      0.114    12.692 r  i_laser_lock_core/i_lpf_core/y_saturated_w1_carry__0/CO[3]
                         net (fo=1, routed)           0.000    12.692    i_laser_lock_core/i_lpf_core/y_saturated_w1_carry__0_n_0
    SLICE_X39Y14         CARRY4 (Prop_carry4_CI_CO[1])
                                                      0.157    12.849 r  i_laser_lock_core/i_lpf_core/y_saturated_w1_carry__1/CO[1]
                         net (fo=14, routed)          0.660    13.508    i_laser_lock_core/i_lpf_core/y_saturated_w10_in
    SLICE_X40Y14         LUT3 (Prop_lut3_I0_O)        0.329    13.837 r  i_laser_lock_core/i_lpf_core/y_o[5]_i_1/O
                         net (fo=1, routed)           0.000    13.837    i_laser_lock_core/i_lpf_core/y_saturated_w[5]
    SLICE_X40Y14         FDRE                                         r  i_laser_lock_core/i_lpf_core/y_o_reg[5]/D
  -------------------------------------------------------------------    -------------------

                         (clock pll_adc_clk rise edge)
                                                      8.000     8.000 r  
    U18                                               0.000     8.000 r  adc_clk_i[1] (IN)
                         net (fo=0)                   0.000     8.000    adc_clk_i[1]
    U18                  IBUFDS (Prop_ibufds_I_O)     0.940     8.940 r  i_clk/O
                         net (fo=1, routed)           1.181    10.121    pll/adc_clk_in
    PLLE2_ADV_X0Y0       PLLE2_ADV (Prop_plle2_adv_CLKIN1_CLKOUT0)
                                                      0.084    10.205 r  pll/pll/CLKOUT0
                         net (fo=1, routed)           1.594    11.799    pll_adc_clk
    BUFGCTRL_X0Y0        BUFG (Prop_bufg_I_O)         0.091    11.890 r  bufg_adc_clk/O
                         net (fo=8602, routed)        1.571    13.461    i_laser_lock_core/i_lpf_core/adc_clk
    SLICE_X40Y14         FDRE                                         r  i_laser_lock_core/i_lpf_core/y_o_reg[5]/C
                         clock pessimism              0.458    13.919    
                         clock uncertainty           -0.069    13.850    
    SLICE_X40Y14         FDRE (Setup_fdre_C_D)        0.031    13.881    i_laser_lock_core/i_lpf_core/y_o_reg[5]
  -------------------------------------------------------------------
                         required time                         13.881    
                         arrival time                         -13.837    
  -------------------------------------------------------------------
                         slack                                  0.044    

Slack (MET) :             0.055ns  (required time - arrival time)
  Source:                 i_laser_lock_core/i_lpf_core/acc_q_reg[0]/C
                            (rising edge-triggered cell FDRE clocked by pll_adc_clk  {rise@0.000ns fall@4.000ns period=8.000ns})
  Destination:            i_laser_lock_core/i_lpf_core/y_o_reg[3]/D
                            (rising edge-triggered cell FDRE clocked by pll_adc_clk  {rise@0.000ns fall@4.000ns period=8.000ns})
  Path Group:             pll_adc_clk
  Path Type:              Setup (Max at Slow Process Corner)
  Requirement:            8.000ns  (pll_adc_clk rise@8.000ns - pll_adc_clk rise@0.000ns)
  Data Path Delay:        7.842ns  (logic 4.763ns (60.739%)  route 3.079ns (39.261%))
  Logic Levels:           19  (CARRY4=15 LUT1=1 LUT2=2 LUT3=1)
  Clock Path Skew:        -0.065ns (DCD - SCD + CPR)
    Destination Clock Delay (DCD):    5.461ns = ( 13.461 - 8.000 ) 
    Source Clock Delay      (SCD):    5.984ns
    Clock Pessimism Removal (CPR):    0.458ns
  Clock Uncertainty:      0.069ns  ((TSJ^2 + DJ^2)^1/2) / 2 + PE
    Total System Jitter     (TSJ):    0.071ns
    Discrete Jitter          (DJ):    0.118ns
    Phase Error              (PE):    0.000ns

    Location             Delay type                Incr(ns)  Path(ns)    Netlist Resource(s)
  -------------------------------------------------------------------    -------------------
                         (clock pll_adc_clk rise edge)
                                                      0.000     0.000 r  
    U18                                               0.000     0.000 r  adc_clk_i[1] (IN)
                         net (fo=0)                   0.000     0.000    adc_clk_i[1]
    U18                  IBUFDS (Prop_ibufds_I_O)     0.983     0.983 r  i_clk/O
                         net (fo=1, routed)           1.306     2.289    pll/adc_clk_in
    PLLE2_ADV_X0Y0       PLLE2_ADV (Prop_plle2_adv_CLKIN1_CLKOUT0)
                                                      0.089     2.378 r  pll/pll/CLKOUT0
                         net (fo=1, routed)           1.754     4.132    pll_adc_clk
    BUFGCTRL_X0Y0        BUFG (Prop_bufg_I_O)         0.101     4.233 r  bufg_adc_clk/O
                         net (fo=8602, routed)        1.751     5.984    i_laser_lock_core/i_lpf_core/adc_clk
    SLICE_X37Y7          FDRE                                         r  i_laser_lock_core/i_lpf_core/acc_q_reg[0]/C
  -------------------------------------------------------------------    -------------------
    SLICE_X37Y7          FDRE (Prop_fdre_C_Q)         0.456     6.440 f  i_laser_lock_core/i_lpf_core/acc_q_reg[0]/Q
                         net (fo=4, routed)           0.539     6.979    i_laser_lock_core/i_lpf_core/acc_q_reg[0]
    SLICE_X35Y6          LUT1 (Prop_lut1_I0_O)        0.124     7.103 r  i_laser_lock_core/i_lpf_core/delta_w_carry_i_1/O
                         net (fo=1, routed)           0.330     7.433    i_laser_lock_core/i_lpf_core/delta_w_carry_i_1_n_0
    SLICE_X35Y7          CARRY4 (Prop_carry4_CYINIT_CO[3])
                                                      0.580     8.013 r  i_laser_lock_core/i_lpf_core/delta_w_carry/CO[3]
                         net (fo=1, routed)           0.000     8.013    i_laser_lock_core/i_lpf_core/delta_w_carry_n_0
    SLICE_X35Y8          CARRY4 (Prop_carry4_CI_CO[3])
                                                      0.114     8.127 r  i_laser_lock_core/i_lpf_core/delta_w_carry__0/CO[3]
                         net (fo=1, routed)           0.000     8.127    i_laser_lock_core/i_lpf_core/delta_w_carry__0_n_0
    SLICE_X35Y9          CARRY4 (Prop_carry4_CI_CO[3])
                                                      0.114     8.241 r  i_laser_lock_core/i_lpf_core/delta_w_carry__1/CO[3]
                         net (fo=1, routed)           0.000     8.241    i_laser_lock_core/i_lpf_core/delta_w_carry__1_n_0
    SLICE_X35Y10         CARRY4 (Prop_carry4_CI_CO[3])
                                                      0.114     8.355 r  i_laser_lock_core/i_lpf_core/delta_w_carry__2/CO[3]
                         net (fo=1, routed)           0.000     8.355    i_laser_lock_core/i_lpf_core/delta_w_carry__2_n_0
    SLICE_X35Y11         CARRY4 (Prop_carry4_CI_CO[3])
                                                      0.114     8.469 r  i_laser_lock_core/i_lpf_core/delta_w_carry__3/CO[3]
                         net (fo=1, routed)           0.000     8.469    i_laser_lock_core/i_lpf_core/delta_w_carry__3_n_0
    SLICE_X35Y12         CARRY4 (Prop_carry4_CI_CO[3])
                                                      0.114     8.583 r  i_laser_lock_core/i_lpf_core/delta_w_carry__4/CO[3]
                         net (fo=1, routed)           0.000     8.583    i_laser_lock_core/i_lpf_core/delta_w_carry__4_n_0
    SLICE_X35Y13         CARRY4 (Prop_carry4_CI_O[0])
                                                      0.222     8.805 r  i_laser_lock_core/i_lpf_core/delta_w_carry__5/O[0]
                         net (fo=3, routed)           0.799     9.604    i_laser_lock_core/i_lpf_core/delta_w_carry__5_n_7
    SLICE_X36Y11         LUT2 (Prop_lut2_I1_O)        0.299     9.903 r  i_laser_lock_core/i_lpf_core/acc_next_w_carry__2_i_3/O
                         net (fo=1, routed)           0.000     9.903    i_laser_lock_core/i_lpf_core/acc_next_w_carry__2_i_3_n_0
    SLICE_X36Y11         CARRY4 (Prop_carry4_S[1]_CO[3])
                                                      0.550    10.453 r  i_laser_lock_core/i_lpf_core/acc_next_w_carry__2/CO[3]
                         net (fo=1, routed)           0.000    10.453    i_laser_lock_core/i_lpf_core/acc_next_w_carry__2_n_0
    SLICE_X36Y12         CARRY4 (Prop_carry4_CI_CO[3])
                                                      0.114    10.567 r  i_laser_lock_core/i_lpf_core/acc_next_w_carry__3/CO[3]
                         net (fo=1, routed)           0.000    10.567    i_laser_lock_core/i_lpf_core/acc_next_w_carry__3_n_0
    SLICE_X36Y13         CARRY4 (Prop_carry4_CI_CO[3])
                                                      0.114    10.681 r  i_laser_lock_core/i_lpf_core/acc_next_w_carry__4/CO[3]
                         net (fo=1, routed)           0.000    10.681    i_laser_lock_core/i_lpf_core/acc_next_w_carry__4_n_0
    SLICE_X36Y14         CARRY4 (Prop_carry4_CI_CO[3])
                                                      0.114    10.795 r  i_laser_lock_core/i_lpf_core/acc_next_w_carry__5/CO[3]
                         net (fo=1, routed)           0.000    10.795    i_laser_lock_core/i_lpf_core/acc_next_w_carry__5_n_0
    SLICE_X36Y15         CARRY4 (Prop_carry4_CI_O[3])
                                                      0.313    11.108 f  i_laser_lock_core/i_lpf_core/acc_next_w_carry__6/O[3]
                         net (fo=26, routed)          0.762    11.871    i_laser_lock_core/i_lpf_core/p_0_in0
    SLICE_X39Y12         LUT2 (Prop_lut2_I1_O)        0.306    12.177 r  i_laser_lock_core/i_lpf_core/y_saturated_w1_carry_i_4/O
                         net (fo=1, routed)           0.000    12.177    i_laser_lock_core/i_lpf_core/y_saturated_w1_carry_i_4_n_0
    SLICE_X39Y12         CARRY4 (Prop_carry4_S[3]_CO[3])
                                                      0.401    12.578 r  i_laser_lock_core/i_lpf_core/y_saturated_w1_carry/CO[3]
                         net (fo=1, routed)           0.000    12.578    i_laser_lock_core/i_lpf_core/y_saturated_w1_carry_n_0
    SLICE_X39Y13         CARRY4 (Prop_carry4_CI_CO[3])
                                                      0.114    12.692 r  i_laser_lock_core/i_lpf_core/y_saturated_w1_carry__0/CO[3]
                         net (fo=1, routed)           0.000    12.692    i_laser_lock_core/i_lpf_core/y_saturated_w1_carry__0_n_0
    SLICE_X39Y14         CARRY4 (Prop_carry4_CI_CO[1])
                                                      0.157    12.849 r  i_laser_lock_core/i_lpf_core/y_saturated_w1_carry__1/CO[1]
                         net (fo=14, routed)          0.648    13.497    i_laser_lock_core/i_lpf_core/y_saturated_w10_in
    SLICE_X41Y14         LUT3 (Prop_lut3_I0_O)        0.329    13.826 r  i_laser_lock_core/i_lpf_core/y_o[3]_i_1/O
                         net (fo=1, routed)           0.000    13.826    i_laser_lock_core/i_lpf_core/y_saturated_w[3]
    SLICE_X41Y14         FDRE                                         r  i_laser_lock_core/i_lpf_core/y_o_reg[3]/D
  -------------------------------------------------------------------    -------------------

                         (clock pll_adc_clk rise edge)
                                                      8.000     8.000 r  
    U18                                               0.000     8.000 r  adc_clk_i[1] (IN)
                         net (fo=0)                   0.000     8.000    adc_clk_i[1]
    U18                  IBUFDS (Prop_ibufds_I_O)     0.940     8.940 r  i_clk/O
                         net (fo=1, routed)           1.181    10.121    pll/adc_clk_in
    PLLE2_ADV_X0Y0       PLLE2_ADV (Prop_plle2_adv_CLKIN1_CLKOUT0)
                                                      0.084    10.205 r  pll/pll/CLKOUT0
                         net (fo=1, routed)           1.594    11.799    pll_adc_clk
    BUFGCTRL_X0Y0        BUFG (Prop_bufg_I_O)         0.091    11.890 r  bufg_adc_clk/O
                         net (fo=8602, routed)        1.571    13.461    i_laser_lock_core/i_lpf_core/adc_clk
    SLICE_X41Y14         FDRE                                         r  i_laser_lock_core/i_lpf_core/y_o_reg[3]/C
                         clock pessimism              0.458    13.919    
                         clock uncertainty           -0.069    13.850    
    SLICE_X41Y14         FDRE (Setup_fdre_C_D)        0.031    13.881    i_laser_lock_core/i_lpf_core/y_o_reg[3]
  -------------------------------------------------------------------
                         required time                         13.881    
                         arrival time                         -13.826    
  -------------------------------------------------------------------
                         slack                                  0.055    

Slack (MET) :             0.056ns  (required time - arrival time)
  Source:                 i_laser_lock_core/i_lpf_core/acc_q_reg[0]/C
                            (rising edge-triggered cell FDRE clocked by pll_adc_clk  {rise@0.000ns fall@4.000ns period=8.000ns})
  Destination:            i_laser_lock_core/i_lpf_core/y_o_reg[9]/D
                            (rising edge-triggered cell FDRE clocked by pll_adc_clk  {rise@0.000ns fall@4.000ns period=8.000ns})
  Path Group:             pll_adc_clk
  Path Type:              Setup (Max at Slow Process Corner)
  Requirement:            8.000ns  (pll_adc_clk rise@8.000ns - pll_adc_clk rise@0.000ns)
  Data Path Delay:        7.842ns  (logic 4.763ns (60.736%)  route 3.079ns (39.264%))
  Logic Levels:           19  (CARRY4=15 LUT1=1 LUT2=2 LUT3=1)
  Clock Path Skew:        -0.065ns (DCD - SCD + CPR)
    Destination Clock Delay (DCD):    5.461ns = ( 13.461 - 8.000 ) 
    Source Clock Delay      (SCD):    5.984ns
    Clock Pessimism Removal (CPR):    0.458ns
  Clock Uncertainty:      0.069ns  ((TSJ^2 + DJ^2)^1/2) / 2 + PE
    Total System Jitter     (TSJ):    0.071ns
    Discrete Jitter          (DJ):    0.118ns
    Phase Error              (PE):    0.000ns

    Location             Delay type                Incr(ns)  Path(ns)    Netlist Resource(s)
  -------------------------------------------------------------------    -------------------
                         (clock pll_adc_clk rise edge)
                                                      0.000     0.000 r  
    U18                                               0.000     0.000 r  adc_clk_i[1] (IN)
                         net (fo=0)                   0.000     0.000    adc_clk_i[1]
    U18                  IBUFDS (Prop_ibufds_I_O)     0.983     0.983 r  i_clk/O
                         net (fo=1, routed)           1.306     2.289    pll/adc_clk_in
    PLLE2_ADV_X0Y0       PLLE2_ADV (Prop_plle2_adv_CLKIN1_CLKOUT0)
                                                      0.089     2.378 r  pll/pll/CLKOUT0
                         net (fo=1, routed)           1.754     4.132    pll_adc_clk
    BUFGCTRL_X0Y0        BUFG (Prop_bufg_I_O)         0.101     4.233 r  bufg_adc_clk/O
                         net (fo=8602, routed)        1.751     5.984    i_laser_lock_core/i_lpf_core/adc_clk
    SLICE_X37Y7          FDRE                                         r  i_laser_lock_core/i_lpf_core/acc_q_reg[0]/C
  -------------------------------------------------------------------    -------------------
    SLICE_X37Y7          FDRE (Prop_fdre_C_Q)         0.456     6.440 f  i_laser_lock_core/i_lpf_core/acc_q_reg[0]/Q
                         net (fo=4, routed)           0.539     6.979    i_laser_lock_core/i_lpf_core/acc_q_reg[0]
    SLICE_X35Y6          LUT1 (Prop_lut1_I0_O)        0.124     7.103 r  i_laser_lock_core/i_lpf_core/delta_w_carry_i_1/O
                         net (fo=1, routed)           0.330     7.433    i_laser_lock_core/i_lpf_core/delta_w_carry_i_1_n_0
    SLICE_X35Y7          CARRY4 (Prop_carry4_CYINIT_CO[3])
                                                      0.580     8.013 r  i_laser_lock_core/i_lpf_core/delta_w_carry/CO[3]
                         net (fo=1, routed)           0.000     8.013    i_laser_lock_core/i_lpf_core/delta_w_carry_n_0
    SLICE_X35Y8          CARRY4 (Prop_carry4_CI_CO[3])
                                                      0.114     8.127 r  i_laser_lock_core/i_lpf_core/delta_w_carry__0/CO[3]
                         net (fo=1, routed)           0.000     8.127    i_laser_lock_core/i_lpf_core/delta_w_carry__0_n_0
    SLICE_X35Y9          CARRY4 (Prop_carry4_CI_CO[3])
                                                      0.114     8.241 r  i_laser_lock_core/i_lpf_core/delta_w_carry__1/CO[3]
                         net (fo=1, routed)           0.000     8.241    i_laser_lock_core/i_lpf_core/delta_w_carry__1_n_0
    SLICE_X35Y10         CARRY4 (Prop_carry4_CI_CO[3])
                                                      0.114     8.355 r  i_laser_lock_core/i_lpf_core/delta_w_carry__2/CO[3]
                         net (fo=1, routed)           0.000     8.355    i_laser_lock_core/i_lpf_core/delta_w_carry__2_n_0
    SLICE_X35Y11         CARRY4 (Prop_carry4_CI_CO[3])
                                                      0.114     8.469 r  i_laser_lock_core/i_lpf_core/delta_w_carry__3/CO[3]
                         net (fo=1, routed)           0.000     8.469    i_laser_lock_core/i_lpf_core/delta_w_carry__3_n_0
    SLICE_X35Y12         CARRY4 (Prop_carry4_CI_CO[3])
                                                      0.114     8.583 r  i_laser_lock_core/i_lpf_core/delta_w_carry__4/CO[3]
                         net (fo=1, routed)           0.000     8.583    i_laser_lock_core/i_lpf_core/delta_w_carry__4_n_0
    SLICE_X35Y13         CARRY4 (Prop_carry4_CI_O[0])
                                                      0.222     8.805 r  i_laser_lock_core/i_lpf_core/delta_w_carry__5/O[0]
                         net (fo=3, routed)           0.799     9.604    i_laser_lock_core/i_lpf_core/delta_w_carry__5_n_7
    SLICE_X36Y11         LUT2 (Prop_lut2_I1_O)        0.299     9.903 r  i_laser_lock_core/i_lpf_core/acc_next_w_carry__2_i_3/O
                         net (fo=1, routed)           0.000     9.903    i_laser_lock_core/i_lpf_core/acc_next_w_carry__2_i_3_n_0
    SLICE_X36Y11         CARRY4 (Prop_carry4_S[1]_CO[3])
                                                      0.550    10.453 r  i_laser_lock_core/i_lpf_core/acc_next_w_carry__2/CO[3]
                         net (fo=1, routed)           0.000    10.453    i_laser_lock_core/i_lpf_core/acc_next_w_carry__2_n_0
    SLICE_X36Y12         CARRY4 (Prop_carry4_CI_CO[3])
                                                      0.114    10.567 r  i_laser_lock_core/i_lpf_core/acc_next_w_carry__3/CO[3]
                         net (fo=1, routed)           0.000    10.567    i_laser_lock_core/i_lpf_core/acc_next_w_carry__3_n_0
    SLICE_X36Y13         CARRY4 (Prop_carry4_CI_CO[3])
                                                      0.114    10.681 r  i_laser_lock_core/i_lpf_core/acc_next_w_carry__4/CO[3]
                         net (fo=1, routed)           0.000    10.681    i_laser_lock_core/i_lpf_core/acc_next_w_carry__4_n_0
    SLICE_X36Y14         CARRY4 (Prop_carry4_CI_CO[3])
                                                      0.114    10.795 r  i_laser_lock_core/i_lpf_core/acc_next_w_carry__5/CO[3]
                         net (fo=1, routed)           0.000    10.795    i_laser_lock_core/i_lpf_core/acc_next_w_carry__5_n_0
    SLICE_X36Y15         CARRY4 (Prop_carry4_CI_O[3])
                                                      0.313    11.108 f  i_laser_lock_core/i_lpf_core/acc_next_w_carry__6/O[3]
                         net (fo=26, routed)          0.762    11.871    i_laser_lock_core/i_lpf_core/p_0_in0
    SLICE_X39Y12         LUT2 (Prop_lut2_I1_O)        0.306    12.177 r  i_laser_lock_core/i_lpf_core/y_saturated_w1_carry_i_4/O
                         net (fo=1, routed)           0.000    12.177    i_laser_lock_core/i_lpf_core/y_saturated_w1_carry_i_4_n_0
    SLICE_X39Y12         CARRY4 (Prop_carry4_S[3]_CO[3])
                                                      0.401    12.578 r  i_laser_lock_core/i_lpf_core/y_saturated_w1_carry/CO[3]
                         net (fo=1, routed)           0.000    12.578    i_laser_lock_core/i_lpf_core/y_saturated_w1_carry_n_0
    SLICE_X39Y13         CARRY4 (Prop_carry4_CI_CO[3])
                                                      0.114    12.692 r  i_laser_lock_core/i_lpf_core/y_saturated_w1_carry__0/CO[3]
                         net (fo=1, routed)           0.000    12.692    i_laser_lock_core/i_lpf_core/y_saturated_w1_carry__0_n_0
    SLICE_X39Y14         CARRY4 (Prop_carry4_CI_CO[1])
                                                      0.157    12.849 r  i_laser_lock_core/i_lpf_core/y_saturated_w1_carry__1/CO[1]
                         net (fo=14, routed)          0.649    13.497    i_laser_lock_core/i_lpf_core/y_saturated_w10_in
    SLICE_X41Y14         LUT3 (Prop_lut3_I0_O)        0.329    13.826 r  i_laser_lock_core/i_lpf_core/y_o[9]_i_1/O
                         net (fo=1, routed)           0.000    13.826    i_laser_lock_core/i_lpf_core/y_saturated_w[9]
    SLICE_X41Y14         FDRE                                         r  i_laser_lock_core/i_lpf_core/y_o_reg[9]/D
  -------------------------------------------------------------------    -------------------

                         (clock pll_adc_clk rise edge)
                                                      8.000     8.000 r  
    U18                                               0.000     8.000 r  adc_clk_i[1] (IN)
                         net (fo=0)                   0.000     8.000    adc_clk_i[1]
    U18                  IBUFDS (Prop_ibufds_I_O)     0.940     8.940 r  i_clk/O
                         net (fo=1, routed)           1.181    10.121    pll/adc_clk_in
    PLLE2_ADV_X0Y0       PLLE2_ADV (Prop_plle2_adv_CLKIN1_CLKOUT0)
                                                      0.084    10.205 r  pll/pll/CLKOUT0
                         net (fo=1, routed)           1.594    11.799    pll_adc_clk
    BUFGCTRL_X0Y0        BUFG (Prop_bufg_I_O)         0.091    11.890 r  bufg_adc_clk/O
                         net (fo=8602, routed)        1.571    13.461    i_laser_lock_core/i_lpf_core/adc_clk
    SLICE_X41Y14         FDRE                                         r  i_laser_lock_core/i_lpf_core/y_o_reg[9]/C
                         clock pessimism              0.458    13.919    
                         clock uncertainty           -0.069    13.850    
    SLICE_X41Y14         FDRE (Setup_fdre_C_D)        0.032    13.882    i_laser_lock_core/i_lpf_core/y_o_reg[9]
  -------------------------------------------------------------------
                         required time                         13.882    
                         arrival time                         -13.826    
  -------------------------------------------------------------------
                         slack                                  0.056    

Slack (MET) :             0.057ns  (required time - arrival time)
  Source:                 i_laser_lock_core/i_lpf_core/acc_q_reg[0]/C
                            (rising edge-triggered cell FDRE clocked by pll_adc_clk  {rise@0.000ns fall@4.000ns period=8.000ns})
  Destination:            i_laser_lock_core/i_lpf_core/y_o_reg[6]/D
                            (rising edge-triggered cell FDRE clocked by pll_adc_clk  {rise@0.000ns fall@4.000ns period=8.000ns})
  Path Group:             pll_adc_clk
  Path Type:              Setup (Max at Slow Process Corner)
  Requirement:            8.000ns  (pll_adc_clk rise@8.000ns - pll_adc_clk rise@0.000ns)
  Data Path Delay:        7.838ns  (logic 4.763ns (60.770%)  route 3.075ns (39.230%))
  Logic Levels:           19  (CARRY4=15 LUT1=1 LUT2=2 LUT3=1)
  Clock Path Skew:        -0.065ns (DCD - SCD + CPR)
    Destination Clock Delay (DCD):    5.461ns = ( 13.461 - 8.000 ) 
    Source Clock Delay      (SCD):    5.984ns
    Clock Pessimism Removal (CPR):    0.458ns
  Clock Uncertainty:      0.069ns  ((TSJ^2 + DJ^2)^1/2) / 2 + PE
    Total System Jitter     (TSJ):    0.071ns
    Discrete Jitter          (DJ):    0.118ns
    Phase Error              (PE):    0.000ns

    Location             Delay type                Incr(ns)  Path(ns)    Netlist Resource(s)
  -------------------------------------------------------------------    -------------------
                         (clock pll_adc_clk rise edge)
                                                      0.000     0.000 r  
    U18                                               0.000     0.000 r  adc_clk_i[1] (IN)
                         net (fo=0)                   0.000     0.000    adc_clk_i[1]
    U18                  IBUFDS (Prop_ibufds_I_O)     0.983     0.983 r  i_clk/O
                         net (fo=1, routed)           1.306     2.289    pll/adc_clk_in
    PLLE2_ADV_X0Y0       PLLE2_ADV (Prop_plle2_adv_CLKIN1_CLKOUT0)
                                                      0.089     2.378 r  pll/pll/CLKOUT0
                         net (fo=1, routed)           1.754     4.132    pll_adc_clk
    BUFGCTRL_X0Y0        BUFG (Prop_bufg_I_O)         0.101     4.233 r  bufg_adc_clk/O
                         net (fo=8602, routed)        1.751     5.984    i_laser_lock_core/i_lpf_core/adc_clk
    SLICE_X37Y7          FDRE                                         r  i_laser_lock_core/i_lpf_core/acc_q_reg[0]/C
  -------------------------------------------------------------------    -------------------
    SLICE_X37Y7          FDRE (Prop_fdre_C_Q)         0.456     6.440 f  i_laser_lock_core/i_lpf_core/acc_q_reg[0]/Q
                         net (fo=4, routed)           0.539     6.979    i_laser_lock_core/i_lpf_core/acc_q_reg[0]
    SLICE_X35Y6          LUT1 (Prop_lut1_I0_O)        0.124     7.103 r  i_laser_lock_core/i_lpf_core/delta_w_carry_i_1/O
                         net (fo=1, routed)           0.330     7.433    i_laser_lock_core/i_lpf_core/delta_w_carry_i_1_n_0
    SLICE_X35Y7          CARRY4 (Prop_carry4_CYINIT_CO[3])
                                                      0.580     8.013 r  i_laser_lock_core/i_lpf_core/delta_w_carry/CO[3]
                         net (fo=1, routed)           0.000     8.013    i_laser_lock_core/i_lpf_core/delta_w_carry_n_0
    SLICE_X35Y8          CARRY4 (Prop_carry4_CI_CO[3])
                                                      0.114     8.127 r  i_laser_lock_core/i_lpf_core/delta_w_carry__0/CO[3]
                         net (fo=1, routed)           0.000     8.127    i_laser_lock_core/i_lpf_core/delta_w_carry__0_n_0
    SLICE_X35Y9          CARRY4 (Prop_carry4_CI_CO[3])
                                                      0.114     8.241 r  i_laser_lock_core/i_lpf_core/delta_w_carry__1/CO[3]
                         net (fo=1, routed)           0.000     8.241    i_laser_lock_core/i_lpf_core/delta_w_carry__1_n_0
    SLICE_X35Y10         CARRY4 (Prop_carry4_CI_CO[3])
                                                      0.114     8.355 r  i_laser_lock_core/i_lpf_core/delta_w_carry__2/CO[3]
                         net (fo=1, routed)           0.000     8.355    i_laser_lock_core/i_lpf_core/delta_w_carry__2_n_0
    SLICE_X35Y11         CARRY4 (Prop_carry4_CI_CO[3])
                                                      0.114     8.469 r  i_laser_lock_core/i_lpf_core/delta_w_carry__3/CO[3]
                         net (fo=1, routed)           0.000     8.469    i_laser_lock_core/i_lpf_core/delta_w_carry__3_n_0
    SLICE_X35Y12         CARRY4 (Prop_carry4_CI_CO[3])
                                                      0.114     8.583 r  i_laser_lock_core/i_lpf_core/delta_w_carry__4/CO[3]
                         net (fo=1, routed)           0.000     8.583    i_laser_lock_core/i_lpf_core/delta_w_carry__4_n_0
    SLICE_X35Y13         CARRY4 (Prop_carry4_CI_O[0])
                                                      0.222     8.805 r  i_laser_lock_core/i_lpf_core/delta_w_carry__5/O[0]
                         net (fo=3, routed)           0.799     9.604    i_laser_lock_core/i_lpf_core/delta_w_carry__5_n_7
    SLICE_X36Y11         LUT2 (Prop_lut2_I1_O)        0.299     9.903 r  i_laser_lock_core/i_lpf_core/acc_next_w_carry__2_i_3/O
                         net (fo=1, routed)           0.000     9.903    i_laser_lock_core/i_lpf_core/acc_next_w_carry__2_i_3_n_0
    SLICE_X36Y11         CARRY4 (Prop_carry4_S[1]_CO[3])
                                                      0.550    10.453 r  i_laser_lock_core/i_lpf_core/acc_next_w_carry__2/CO[3]
                         net (fo=1, routed)           0.000    10.453    i_laser_lock_core/i_lpf_core/acc_next_w_carry__2_n_0
    SLICE_X36Y12         CARRY4 (Prop_carry4_CI_CO[3])
                                                      0.114    10.567 r  i_laser_lock_core/i_lpf_core/acc_next_w_carry__3/CO[3]
                         net (fo=1, routed)           0.000    10.567    i_laser_lock_core/i_lpf_core/acc_next_w_carry__3_n_0
    SLICE_X36Y13         CARRY4 (Prop_carry4_CI_CO[3])
                                                      0.114    10.681 r  i_laser_lock_core/i_lpf_core/acc_next_w_carry__4/CO[3]
                         net (fo=1, routed)           0.000    10.681    i_laser_lock_core/i_lpf_core/acc_next_w_carry__4_n_0
    SLICE_X36Y14         CARRY4 (Prop_carry4_CI_CO[3])
                                                      0.114    10.795 r  i_laser_lock_core/i_lpf_core/acc_next_w_carry__5/CO[3]
                         net (fo=1, routed)           0.000    10.795    i_laser_lock_core/i_lpf_core/acc_next_w_carry__5_n_0
    SLICE_X36Y15         CARRY4 (Prop_carry4_CI_O[3])
                                                      0.313    11.108 f  i_laser_lock_core/i_lpf_core/acc_next_w_carry__6/O[3]
                         net (fo=26, routed)          0.762    11.871    i_laser_lock_core/i_lpf_core/p_0_in0
    SLICE_X39Y12         LUT2 (Prop_lut2_I1_O)        0.306    12.177 r  i_laser_lock_core/i_lpf_core/y_saturated_w1_carry_i_4/O
                         net (fo=1, routed)           0.000    12.177    i_laser_lock_core/i_lpf_core/y_saturated_w1_carry_i_4_n_0
    SLICE_X39Y12         CARRY4 (Prop_carry4_S[3]_CO[3])
                                                      0.401    12.578 r  i_laser_lock_core/i_lpf_core/y_saturated_w1_carry/CO[3]
                         net (fo=1, routed)           0.000    12.578    i_laser_lock_core/i_lpf_core/y_saturated_w1_carry_n_0
    SLICE_X39Y13         CARRY4 (Prop_carry4_CI_CO[3])
                                                      0.114    12.692 r  i_laser_lock_core/i_lpf_core/y_saturated_w1_carry__0/CO[3]
                         net (fo=1, routed)           0.000    12.692    i_laser_lock_core/i_lpf_core/y_saturated_w1_carry__0_n_0
    SLICE_X39Y14         CARRY4 (Prop_carry4_CI_CO[1])
                                                      0.157    12.849 r  i_laser_lock_core/i_lpf_core/y_saturated_w1_carry__1/CO[1]
                         net (fo=14, routed)          0.644    13.493    i_laser_lock_core/i_lpf_core/y_saturated_w10_in
    SLICE_X41Y14         LUT3 (Prop_lut3_I0_O)        0.329    13.822 r  i_laser_lock_core/i_lpf_core/y_o[6]_i_1/O
                         net (fo=1, routed)           0.000    13.822    i_laser_lock_core/i_lpf_core/y_saturated_w[6]
    SLICE_X41Y14         FDRE                                         r  i_laser_lock_core/i_lpf_core/y_o_reg[6]/D
  -------------------------------------------------------------------    -------------------

                         (clock pll_adc_clk rise edge)
                                                      8.000     8.000 r  
    U18                                               0.000     8.000 r  adc_clk_i[1] (IN)
                         net (fo=0)                   0.000     8.000    adc_clk_i[1]
    U18                  IBUFDS (Prop_ibufds_I_O)     0.940     8.940 r  i_clk/O
                         net (fo=1, routed)           1.181    10.121    pll/adc_clk_in
    PLLE2_ADV_X0Y0       PLLE2_ADV (Prop_plle2_adv_CLKIN1_CLKOUT0)
                                                      0.084    10.205 r  pll/pll/CLKOUT0
                         net (fo=1, routed)           1.594    11.799    pll_adc_clk
    BUFGCTRL_X0Y0        BUFG (Prop_bufg_I_O)         0.091    11.890 r  bufg_adc_clk/O
                         net (fo=8602, routed)        1.571    13.461    i_laser_lock_core/i_lpf_core/adc_clk
    SLICE_X41Y14         FDRE                                         r  i_laser_lock_core/i_lpf_core/y_o_reg[6]/C
                         clock pessimism              0.458    13.919    
                         clock uncertainty           -0.069    13.850    
    SLICE_X41Y14         FDRE (Setup_fdre_C_D)        0.029    13.879    i_laser_lock_core/i_lpf_core/y_o_reg[6]
  -------------------------------------------------------------------
                         required time                         13.879    
                         arrival time                         -13.822    
  -------------------------------------------------------------------
                         slack                                  0.057    

Slack (MET) :             0.076ns  (required time - arrival time)
  Source:                 i_out2_lock_controller/s3_correction_limit_reg[12]/C
                            (rising edge-triggered cell FDRE clocked by pll_adc_clk  {rise@0.000ns fall@4.000ns period=8.000ns})
  Destination:            i_out2_lock_controller/s4_correction_reg[0]/D
                            (rising edge-triggered cell FDRE clocked by pll_adc_clk  {rise@0.000ns fall@4.000ns period=8.000ns})
  Path Group:             pll_adc_clk
  Path Type:              Setup (Max at Slow Process Corner)
  Requirement:            8.000ns  (pll_adc_clk rise@8.000ns - pll_adc_clk rise@0.000ns)
  Data Path Delay:        7.834ns  (logic 4.235ns (54.061%)  route 3.599ns (45.939%))
  Logic Levels:           15  (CARRY4=12 LUT2=1 LUT3=1 LUT5=1)
  Clock Path Skew:        -0.052ns (DCD - SCD + CPR)
    Destination Clock Delay (DCD):    5.377ns = ( 13.377 - 8.000 ) 
    Source Clock Delay      (SCD):    5.887ns
    Clock Pessimism Removal (CPR):    0.458ns
  Clock Uncertainty:      0.069ns  ((TSJ^2 + DJ^2)^1/2) / 2 + PE
    Total System Jitter     (TSJ):    0.071ns
    Discrete Jitter          (DJ):    0.118ns
    Phase Error              (PE):    0.000ns

    Location             Delay type                Incr(ns)  Path(ns)    Netlist Resource(s)
  -------------------------------------------------------------------    -------------------
                         (clock pll_adc_clk rise edge)
                                                      0.000     0.000 r  
    U18                                               0.000     0.000 r  adc_clk_i[1] (IN)
                         net (fo=0)                   0.000     0.000    adc_clk_i[1]
    U18                  IBUFDS (Prop_ibufds_I_O)     0.983     0.983 r  i_clk/O
                         net (fo=1, routed)           1.306     2.289    pll/adc_clk_in
    PLLE2_ADV_X0Y0       PLLE2_ADV (Prop_plle2_adv_CLKIN1_CLKOUT0)
                                                      0.089     2.378 r  pll/pll/CLKOUT0
                         net (fo=1, routed)           1.754     4.132    pll_adc_clk
    BUFGCTRL_X0Y0        BUFG (Prop_bufg_I_O)         0.101     4.233 r  bufg_adc_clk/O
                         net (fo=8602, routed)        1.654     5.887    i_out2_lock_controller/adc_clk
    SLICE_X28Y24         FDRE                                         r  i_out2_lock_controller/s3_correction_limit_reg[12]/C
  -------------------------------------------------------------------    -------------------
    SLICE_X28Y24         FDRE (Prop_fdre_C_Q)         0.478     6.365 r  i_out2_lock_controller/s3_correction_limit_reg[12]/Q
                         net (fo=5, routed)           0.615     6.980    i_out2_lock_controller/s3_correction_limit[12]
    SLICE_X26Y24         CARRY4 (Prop_carry4_S[0]_CO[3])
                                                      0.827     7.807 r  i_out2_lock_controller/correction_limit_abs_w1_inferred__0/i__carry/CO[3]
                         net (fo=1, routed)           0.009     7.816    i_out2_lock_controller/correction_limit_abs_w1_inferred__0/i__carry_n_0
    SLICE_X26Y25         CARRY4 (Prop_carry4_CI_CO[3])
                                                      0.114     7.930 r  i_out2_lock_controller/correction_limit_abs_w1_inferred__0/i__carry__0/CO[3]
                         net (fo=1, routed)           0.000     7.930    i_out2_lock_controller/correction_limit_abs_w1_inferred__0/i__carry__0_n_0
    SLICE_X26Y26         CARRY4 (Prop_carry4_CI_CO[1])
                                                      0.157     8.087 f  i_out2_lock_controller/correction_limit_abs_w1_inferred__0/i__carry__1/CO[1]
                         net (fo=42, routed)          0.429     8.516    i_out2_lock_controller/correction_limit_abs_w1
    SLICE_X28Y26         LUT2 (Prop_lut2_I1_O)        0.329     8.845 r  i_out2_lock_controller/s4_correction[4]_i_3/O
                         net (fo=1, routed)           0.489     9.335    i_out2_lock_controller/s4_correction[4]_i_3_n_0
    SLICE_X27Y26         CARRY4 (Prop_carry4_CYINIT_CO[3])
                                                      0.580     9.915 r  i_out2_lock_controller/s4_correction_reg[4]_i_2/CO[3]
                         net (fo=1, routed)           0.000     9.915    i_out2_lock_controller/s4_correction_reg[4]_i_2_n_0
    SLICE_X27Y27         CARRY4 (Prop_carry4_CI_CO[3])
                                                      0.114    10.029 r  i_out2_lock_controller/s4_correction_reg[8]_i_2/CO[3]
                         net (fo=1, routed)           0.000    10.029    i_out2_lock_controller/s4_correction_reg[8]_i_2_n_0
    SLICE_X27Y28         CARRY4 (Prop_carry4_CI_CO[3])
                                                      0.114    10.143 r  i_out2_lock_controller/s4_correction_reg[12]_i_2/CO[3]
                         net (fo=1, routed)           0.000    10.143    i_out2_lock_controller/s4_correction_reg[12]_i_2_n_0
    SLICE_X27Y29         CARRY4 (Prop_carry4_CI_CO[3])
                                                      0.114    10.257 r  i_out2_lock_controller/s4_correction_reg[16]_i_2/CO[3]
                         net (fo=1, routed)           0.000    10.257    i_out2_lock_controller/s4_correction_reg[16]_i_2_n_0
    SLICE_X27Y30         CARRY4 (Prop_carry4_CI_CO[3])
                                                      0.114    10.371 r  i_out2_lock_controller/s4_correction_reg[20]_i_2/CO[3]
                         net (fo=1, routed)           0.000    10.371    i_out2_lock_controller/s4_correction_reg[20]_i_2_n_0
    SLICE_X27Y31         CARRY4 (Prop_carry4_CI_CO[3])
                                                      0.114    10.485 r  i_out2_lock_controller/s4_correction_reg[24]_i_2/CO[3]
                         net (fo=1, routed)           0.000    10.485    i_out2_lock_controller/s4_correction_reg[24]_i_2_n_0
    SLICE_X27Y32         CARRY4 (Prop_carry4_CI_CO[3])
                                                      0.114    10.599 r  i_out2_lock_controller/s4_correction_reg[28]_i_2/CO[3]
                         net (fo=1, routed)           0.000    10.599    i_out2_lock_controller/s4_correction_reg[28]_i_2_n_0
    SLICE_X27Y33         CARRY4 (Prop_carry4_CI_O[2])
                                                      0.239    10.838 r  i_out2_lock_controller/s4_correction_reg[31]_i_2/O[2]
                         net (fo=3, routed)           0.834    11.672    i_out2_lock_controller/s4_correction2[31]
    SLICE_X26Y31         LUT3 (Prop_lut3_I0_O)        0.302    11.974 r  i_out2_lock_controller/s4_correction1_carry__2_i_5/O
                         net (fo=1, routed)           0.000    11.974    i_out2_lock_controller/s4_correction1_carry__2_i_5_n_0
    SLICE_X26Y31         CARRY4 (Prop_carry4_S[3]_CO[3])
                                                      0.401    12.375 r  i_out2_lock_controller/s4_correction1_carry__2/CO[3]
                         net (fo=33, routed)          1.222    13.597    i_out2_lock_controller/s4_correction1_carry__2_n_0
    SLICE_X29Y28         LUT5 (Prop_lut5_I1_O)        0.124    13.721 r  i_out2_lock_controller/s4_correction[0]_i_1/O
                         net (fo=1, routed)           0.000    13.721    i_out2_lock_controller/s4_correction[0]_i_1_n_0
    SLICE_X29Y28         FDRE                                         r  i_out2_lock_controller/s4_correction_reg[0]/D
  -------------------------------------------------------------------    -------------------

                         (clock pll_adc_clk rise edge)
                                                      8.000     8.000 r  
    U18                                               0.000     8.000 r  adc_clk_i[1] (IN)
                         net (fo=0)                   0.000     8.000    adc_clk_i[1]
    U18                  IBUFDS (Prop_ibufds_I_O)     0.940     8.940 r  i_clk/O
                         net (fo=1, routed)           1.181    10.121    pll/adc_clk_in
    PLLE2_ADV_X0Y0       PLLE2_ADV (Prop_plle2_adv_CLKIN1_CLKOUT0)
                                                      0.084    10.205 r  pll/pll/CLKOUT0
                         net (fo=1, routed)           1.594    11.799    pll_adc_clk
    BUFGCTRL_X0Y0        BUFG (Prop_bufg_I_O)         0.091    11.890 r  bufg_adc_clk/O
                         net (fo=8602, routed)        1.487    13.377    i_out2_lock_controller/adc_clk
    SLICE_X29Y28         FDRE                                         r  i_out2_lock_controller/s4_correction_reg[0]/C
                         clock pessimism              0.458    13.835    
                         clock uncertainty           -0.069    13.766    
    SLICE_X29Y28         FDRE (Setup_fdre_C_D)        0.031    13.797    i_out2_lock_controller/s4_correction_reg[0]
  -------------------------------------------------------------------
                         required time                         13.797    
                         arrival time                         -13.721    
  -------------------------------------------------------------------
                         slack                                  0.076    





Min Delay Paths
--------------------------------------------------------------------------------------
Slack (MET) :             0.049ns  (arrival time - required time)
  Source:                 adc_dat_reg[1][3]/C
                            (rising edge-triggered cell FDRE clocked by pll_adc_clk  {rise@0.000ns fall@4.000ns period=8.000ns})
  Destination:            i_custom_debug_capture/mem_ch2_reg_0/DIADI[3]
                            (rising edge-triggered cell RAMB36E1 clocked by pll_adc_clk  {rise@0.000ns fall@4.000ns period=8.000ns})
  Path Group:             pll_adc_clk
  Path Type:              Hold (Min at Fast Process Corner)
  Requirement:            0.000ns  (pll_adc_clk rise@0.000ns - pll_adc_clk rise@0.000ns)
  Data Path Delay:        0.261ns  (logic 0.141ns (54.034%)  route 0.120ns (45.966%))
  Logic Levels:           0  
  Clock Path Skew:        0.056ns (DCD - SCD - CPR)
    Destination Clock Delay (DCD):    2.406ns
    Source Clock Delay      (SCD):    1.971ns
    Clock Pessimism Removal (CPR):    0.379ns

    Location             Delay type                Incr(ns)  Path(ns)    Netlist Resource(s)
  -------------------------------------------------------------------    -------------------
                         (clock pll_adc_clk rise edge)
                                                      0.000     0.000 r  
    U18                                               0.000     0.000 r  adc_clk_i[1] (IN)
                         net (fo=0)                   0.000     0.000    adc_clk_i[1]
    U18                  IBUFDS (Prop_ibufds_I_O)     0.401     0.401 r  i_clk/O
                         net (fo=1, routed)           0.440     0.842    pll/adc_clk_in
    PLLE2_ADV_X0Y0       PLLE2_ADV (Prop_plle2_adv_CLKIN1_CLKOUT0)
                                                      0.051     0.893 r  pll/pll/CLKOUT0
                         net (fo=1, routed)           0.497     1.390    pll_adc_clk
    BUFGCTRL_X0Y0        BUFG (Prop_bufg_I_O)         0.026     1.416 r  bufg_adc_clk/O
                         net (fo=8602, routed)        0.556     1.971    adc_clk
    SLICE_X35Y18         FDRE                                         r  adc_dat_reg[1][3]/C
  -------------------------------------------------------------------    -------------------
    SLICE_X35Y18         FDRE (Prop_fdre_C_Q)         0.141     2.112 r  adc_dat_reg[1][3]/Q
                         net (fo=2, routed)           0.120     2.232    i_custom_debug_capture/mem_ch2_reg_1_0[3]
    RAMB36_X2Y3          RAMB36E1                                     r  i_custom_debug_capture/mem_ch2_reg_0/DIADI[3]
  -------------------------------------------------------------------    -------------------

                         (clock pll_adc_clk rise edge)
                                                      0.000     0.000 r  
    U18                                               0.000     0.000 r  adc_clk_i[1] (IN)
                         net (fo=0)                   0.000     0.000    adc_clk_i[1]
    U18                  IBUFDS (Prop_ibufds_I_O)     0.433     0.433 r  i_clk/O
                         net (fo=1, routed)           0.481     0.914    pll/adc_clk_in
    PLLE2_ADV_X0Y0       PLLE2_ADV (Prop_plle2_adv_CLKIN1_CLKOUT0)
                                                      0.054     0.968 r  pll/pll/CLKOUT0
                         net (fo=1, routed)           0.544     1.512    pll_adc_clk
    BUFGCTRL_X0Y0        BUFG (Prop_bufg_I_O)         0.029     1.541 r  bufg_adc_clk/O
                         net (fo=8602, routed)        0.865     2.406    i_custom_debug_capture/adc_clk
    RAMB36_X2Y3          RAMB36E1                                     r  i_custom_debug_capture/mem_ch2_reg_0/CLKARDCLK
                         clock pessimism             -0.379     2.028    
    RAMB36_X2Y3          RAMB36E1 (Hold_ramb36e1_CLKARDCLK_DIADI[3])
                                                      0.155     2.183    i_custom_debug_capture/mem_ch2_reg_0
  -------------------------------------------------------------------
                         required time                         -2.183    
                         arrival time                           2.232    
  -------------------------------------------------------------------
                         slack                                  0.049    

Slack (MET) :             0.049ns  (arrival time - required time)
  Source:                 adc_dat_reg[1][7]/C
                            (rising edge-triggered cell FDRE clocked by pll_adc_clk  {rise@0.000ns fall@4.000ns period=8.000ns})
  Destination:            i_custom_debug_capture/mem_ch2_reg_0/DIADI[7]
                            (rising edge-triggered cell RAMB36E1 clocked by pll_adc_clk  {rise@0.000ns fall@4.000ns period=8.000ns})
  Path Group:             pll_adc_clk
  Path Type:              Hold (Min at Fast Process Corner)
  Requirement:            0.000ns  (pll_adc_clk rise@0.000ns - pll_adc_clk rise@0.000ns)
  Data Path Delay:        0.261ns  (logic 0.141ns (54.034%)  route 0.120ns (45.966%))
  Logic Levels:           0  
  Clock Path Skew:        0.056ns (DCD - SCD - CPR)
    Destination Clock Delay (DCD):    2.406ns
    Source Clock Delay      (SCD):    1.971ns
    Clock Pessimism Removal (CPR):    0.379ns

    Location             Delay type                Incr(ns)  Path(ns)    Netlist Resource(s)
  -------------------------------------------------------------------    -------------------
                         (clock pll_adc_clk rise edge)
                                                      0.000     0.000 r  
    U18                                               0.000     0.000 r  adc_clk_i[1] (IN)
                         net (fo=0)                   0.000     0.000    adc_clk_i[1]
    U18                  IBUFDS (Prop_ibufds_I_O)     0.401     0.401 r  i_clk/O
                         net (fo=1, routed)           0.440     0.842    pll/adc_clk_in
    PLLE2_ADV_X0Y0       PLLE2_ADV (Prop_plle2_adv_CLKIN1_CLKOUT0)
                                                      0.051     0.893 r  pll/pll/CLKOUT0
                         net (fo=1, routed)           0.497     1.390    pll_adc_clk
    BUFGCTRL_X0Y0        BUFG (Prop_bufg_I_O)         0.026     1.416 r  bufg_adc_clk/O
                         net (fo=8602, routed)        0.556     1.971    adc_clk
    SLICE_X35Y18         FDRE                                         r  adc_dat_reg[1][7]/C
  -------------------------------------------------------------------    -------------------
    SLICE_X35Y18         FDRE (Prop_fdre_C_Q)         0.141     2.112 r  adc_dat_reg[1][7]/Q
                         net (fo=2, routed)           0.120     2.232    i_custom_debug_capture/mem_ch2_reg_1_0[7]
    RAMB36_X2Y3          RAMB36E1                                     r  i_custom_debug_capture/mem_ch2_reg_0/DIADI[7]
  -------------------------------------------------------------------    -------------------

                         (clock pll_adc_clk rise edge)
                                                      0.000     0.000 r  
    U18                                               0.000     0.000 r  adc_clk_i[1] (IN)
                         net (fo=0)                   0.000     0.000    adc_clk_i[1]
    U18                  IBUFDS (Prop_ibufds_I_O)     0.433     0.433 r  i_clk/O
                         net (fo=1, routed)           0.481     0.914    pll/adc_clk_in
    PLLE2_ADV_X0Y0       PLLE2_ADV (Prop_plle2_adv_CLKIN1_CLKOUT0)
                                                      0.054     0.968 r  pll/pll/CLKOUT0
                         net (fo=1, routed)           0.544     1.512    pll_adc_clk
    BUFGCTRL_X0Y0        BUFG (Prop_bufg_I_O)         0.029     1.541 r  bufg_adc_clk/O
                         net (fo=8602, routed)        0.865     2.406    i_custom_debug_capture/adc_clk
    RAMB36_X2Y3          RAMB36E1                                     r  i_custom_debug_capture/mem_ch2_reg_0/CLKARDCLK
                         clock pessimism             -0.379     2.028    
    RAMB36_X2Y3          RAMB36E1 (Hold_ramb36e1_CLKARDCLK_DIADI[7])
                                                      0.155     2.183    i_custom_debug_capture/mem_ch2_reg_0
  -------------------------------------------------------------------
                         required time                         -2.183    
                         arrival time                           2.232    
  -------------------------------------------------------------------
                         slack                                  0.049    

Slack (MET) :             0.050ns  (arrival time - required time)
  Source:                 i_custom_register_bank/g_lock_acq_simple.i_simple_lock_acquisition/cycle_counter_q_reg[22]/C
                            (rising edge-triggered cell FDRE clocked by pll_adc_clk  {rise@0.000ns fall@4.000ns period=8.000ns})
  Destination:            i_custom_register_bank/g_lock_acq_simple.i_simple_lock_acquisition/event_snapshot_timestamp_q_reg[22]/D
                            (rising edge-triggered cell FDRE clocked by pll_adc_clk  {rise@0.000ns fall@4.000ns period=8.000ns})
  Path Group:             pll_adc_clk
  Path Type:              Hold (Min at Fast Process Corner)
  Requirement:            0.000ns  (pll_adc_clk rise@0.000ns - pll_adc_clk rise@0.000ns)
  Data Path Delay:        0.370ns  (logic 0.141ns (38.083%)  route 0.229ns (61.916%))
  Logic Levels:           0  
  Clock Path Skew:        0.268ns (DCD - SCD - CPR)
    Destination Clock Delay (DCD):    2.402ns
    Source Clock Delay      (SCD):    2.008ns
    Clock Pessimism Removal (CPR):    0.125ns

    Location             Delay type                Incr(ns)  Path(ns)    Netlist Resource(s)
  -------------------------------------------------------------------    -------------------
                         (clock pll_adc_clk rise edge)
                                                      0.000     0.000 r  
    U18                                               0.000     0.000 r  adc_clk_i[1] (IN)
                         net (fo=0)                   0.000     0.000    adc_clk_i[1]
    U18                  IBUFDS (Prop_ibufds_I_O)     0.401     0.401 r  i_clk/O
                         net (fo=1, routed)           0.440     0.842    pll/adc_clk_in
    PLLE2_ADV_X0Y0       PLLE2_ADV (Prop_plle2_adv_CLKIN1_CLKOUT0)
                                                      0.051     0.893 r  pll/pll/CLKOUT0
                         net (fo=1, routed)           0.497     1.390    pll_adc_clk
    BUFGCTRL_X0Y0        BUFG (Prop_bufg_I_O)         0.026     1.416 r  bufg_adc_clk/O
                         net (fo=8602, routed)        0.593     2.008    i_custom_register_bank/g_lock_acq_simple.i_simple_lock_acquisition/adc_clk
    SLICE_X40Y48         FDRE                                         r  i_custom_register_bank/g_lock_acq_simple.i_simple_lock_acquisition/cycle_counter_q_reg[22]/C
  -------------------------------------------------------------------    -------------------
    SLICE_X40Y48         FDRE (Prop_fdre_C_Q)         0.141     2.149 r  i_custom_register_bank/g_lock_acq_simple.i_simple_lock_acquisition/cycle_counter_q_reg[22]/Q
                         net (fo=2, routed)           0.229     2.378    i_custom_register_bank/g_lock_acq_simple.i_simple_lock_acquisition/cycle_counter_q_reg[22]
    SLICE_X42Y52         FDRE                                         r  i_custom_register_bank/g_lock_acq_simple.i_simple_lock_acquisition/event_snapshot_timestamp_q_reg[22]/D
  -------------------------------------------------------------------    -------------------

                         (clock pll_adc_clk rise edge)
                                                      0.000     0.000 r  
    U18                                               0.000     0.000 r  adc_clk_i[1] (IN)
                         net (fo=0)                   0.000     0.000    adc_clk_i[1]
    U18                  IBUFDS (Prop_ibufds_I_O)     0.433     0.433 r  i_clk/O
                         net (fo=1, routed)           0.481     0.914    pll/adc_clk_in
    PLLE2_ADV_X0Y0       PLLE2_ADV (Prop_plle2_adv_CLKIN1_CLKOUT0)
                                                      0.054     0.968 r  pll/pll/CLKOUT0
                         net (fo=1, routed)           0.544     1.512    pll_adc_clk
    BUFGCTRL_X0Y0        BUFG (Prop_bufg_I_O)         0.029     1.541 r  bufg_adc_clk/O
                         net (fo=8602, routed)        0.861     2.402    i_custom_register_bank/g_lock_acq_simple.i_simple_lock_acquisition/adc_clk
    SLICE_X42Y52         FDRE                                         r  i_custom_register_bank/g_lock_acq_simple.i_simple_lock_acquisition/event_snapshot_timestamp_q_reg[22]/C
                         clock pessimism             -0.125     2.277    
    SLICE_X42Y52         FDRE (Hold_fdre_C_D)         0.052     2.329    i_custom_register_bank/g_lock_acq_simple.i_simple_lock_acquisition/event_snapshot_timestamp_q_reg[22]
  -------------------------------------------------------------------
                         required time                         -2.329    
                         arrival time                           2.378    
  -------------------------------------------------------------------
                         slack                                  0.050    

Slack (MET) :             0.051ns  (arrival time - required time)
  Source:                 i_scope/i_wr1/axi_waddr_o_reg[18]/C
                            (rising edge-triggered cell FDRE clocked by pll_adc_clk  {rise@0.000ns fall@4.000ns period=8.000ns})
  Destination:            ps/axi_master_1/axi_awfifo_reg_0_15_18_23/RAMA/I
                            (rising edge-triggered cell RAMD32 clocked by pll_adc_clk  {rise@0.000ns fall@4.000ns period=8.000ns})
  Path Group:             pll_adc_clk
  Path Type:              Hold (Min at Fast Process Corner)
  Requirement:            0.000ns  (pll_adc_clk rise@0.000ns - pll_adc_clk rise@0.000ns)
  Data Path Delay:        0.211ns  (logic 0.141ns (66.741%)  route 0.070ns (33.259%))
  Logic Levels:           0  
  Clock Path Skew:        0.013ns (DCD - SCD - CPR)
    Destination Clock Delay (DCD):    2.387ns
    Source Clock Delay      (SCD):    1.994ns
    Clock Pessimism Removal (CPR):    0.380ns

    Location             Delay type                Incr(ns)  Path(ns)    Netlist Resource(s)
  -------------------------------------------------------------------    -------------------
                         (clock pll_adc_clk rise edge)
                                                      0.000     0.000 r  
    U18                                               0.000     0.000 r  adc_clk_i[1] (IN)
                         net (fo=0)                   0.000     0.000    adc_clk_i[1]
    U18                  IBUFDS (Prop_ibufds_I_O)     0.401     0.401 r  i_clk/O
                         net (fo=1, routed)           0.440     0.842    pll/adc_clk_in
    PLLE2_ADV_X0Y0       PLLE2_ADV (Prop_plle2_adv_CLKIN1_CLKOUT0)
                                                      0.051     0.893 r  pll/pll/CLKOUT0
                         net (fo=1, routed)           0.497     1.390    pll_adc_clk
    BUFGCTRL_X0Y0        BUFG (Prop_bufg_I_O)         0.026     1.416 r  bufg_adc_clk/O
                         net (fo=8602, routed)        0.579     1.994    i_scope/i_wr1/clk_i
    SLICE_X1Y13          FDRE                                         r  i_scope/i_wr1/axi_waddr_o_reg[18]/C
  -------------------------------------------------------------------    -------------------
    SLICE_X1Y13          FDRE (Prop_fdre_C_Q)         0.141     2.135 r  i_scope/i_wr1/axi_waddr_o_reg[18]/Q
                         net (fo=2, routed)           0.070     2.205    ps/axi_master_1/axi_awfifo_reg_0_15_18_23/DIA0
    SLICE_X0Y13          RAMD32                                       r  ps/axi_master_1/axi_awfifo_reg_0_15_18_23/RAMA/I
  -------------------------------------------------------------------    -------------------

                         (clock pll_adc_clk rise edge)
                                                      0.000     0.000 r  
    U18                                               0.000     0.000 r  adc_clk_i[1] (IN)
                         net (fo=0)                   0.000     0.000    adc_clk_i[1]
    U18                  IBUFDS (Prop_ibufds_I_O)     0.433     0.433 r  i_clk/O
                         net (fo=1, routed)           0.481     0.914    pll/adc_clk_in
    PLLE2_ADV_X0Y0       PLLE2_ADV (Prop_plle2_adv_CLKIN1_CLKOUT0)
                                                      0.054     0.968 r  pll/pll/CLKOUT0
                         net (fo=1, routed)           0.544     1.512    pll_adc_clk
    BUFGCTRL_X0Y0        BUFG (Prop_bufg_I_O)         0.029     1.541 r  bufg_adc_clk/O
                         net (fo=8602, routed)        0.846     2.387    ps/axi_master_1/axi_awfifo_reg_0_15_18_23/WCLK
    SLICE_X0Y13          RAMD32                                       r  ps/axi_master_1/axi_awfifo_reg_0_15_18_23/RAMA/CLK
                         clock pessimism             -0.380     2.007    
    SLICE_X0Y13          RAMD32 (Hold_ramd32_CLK_I)
                                                      0.147     2.154    ps/axi_master_1/axi_awfifo_reg_0_15_18_23/RAMA
  -------------------------------------------------------------------
                         required time                         -2.154    
                         arrival time                           2.205    
  -------------------------------------------------------------------
                         slack                                  0.051    

Slack (MET) :             0.053ns  (arrival time - required time)
  Source:                 i_scope/adc_a_sum_reg[20]/C
                            (rising edge-triggered cell FDRE clocked by pll_adc_clk  {rise@0.000ns fall@4.000ns period=8.000ns})
  Destination:            i_scope/a_sum_in_reg[20]/D
                            (rising edge-triggered cell FDRE clocked by pll_adc_clk  {rise@0.000ns fall@4.000ns period=8.000ns})
  Path Group:             pll_adc_clk
  Path Type:              Hold (Min at Fast Process Corner)
  Requirement:            0.000ns  (pll_adc_clk rise@0.000ns - pll_adc_clk rise@0.000ns)
  Data Path Delay:        0.361ns  (logic 0.164ns (45.475%)  route 0.197ns (54.525%))
  Logic Levels:           0  
  Clock Path Skew:        0.261ns (DCD - SCD - CPR)
    Destination Clock Delay (DCD):    2.367ns
    Source Clock Delay      (SCD):    1.975ns
    Clock Pessimism Removal (CPR):    0.130ns

    Location             Delay type                Incr(ns)  Path(ns)    Netlist Resource(s)
  -------------------------------------------------------------------    -------------------
                         (clock pll_adc_clk rise edge)
                                                      0.000     0.000 r  
    U18                                               0.000     0.000 r  adc_clk_i[1] (IN)
                         net (fo=0)                   0.000     0.000    adc_clk_i[1]
    U18                  IBUFDS (Prop_ibufds_I_O)     0.401     0.401 r  i_clk/O
                         net (fo=1, routed)           0.440     0.842    pll/adc_clk_in
    PLLE2_ADV_X0Y0       PLLE2_ADV (Prop_plle2_adv_CLKIN1_CLKOUT0)
                                                      0.051     0.893 r  pll/pll/CLKOUT0
                         net (fo=1, routed)           0.497     1.390    pll_adc_clk
    BUFGCTRL_X0Y0        BUFG (Prop_bufg_I_O)         0.026     1.416 r  bufg_adc_clk/O
                         net (fo=8602, routed)        0.560     1.975    i_scope/clk_i
    SLICE_X20Y6          FDRE                                         r  i_scope/adc_a_sum_reg[20]/C
  -------------------------------------------------------------------    -------------------
    SLICE_X20Y6          FDRE (Prop_fdre_C_Q)         0.164     2.139 r  i_scope/adc_a_sum_reg[20]/Q
                         net (fo=2, routed)           0.197     2.336    i_scope/adc_a_sum_reg_n_0_[20]
    SLICE_X23Y10         FDRE                                         r  i_scope/a_sum_in_reg[20]/D
  -------------------------------------------------------------------    -------------------

                         (clock pll_adc_clk rise edge)
                                                      0.000     0.000 r  
    U18                                               0.000     0.000 r  adc_clk_i[1] (IN)
                         net (fo=0)                   0.000     0.000    adc_clk_i[1]
    U18                  IBUFDS (Prop_ibufds_I_O)     0.433     0.433 r  i_clk/O
                         net (fo=1, routed)           0.481     0.914    pll/adc_clk_in
    PLLE2_ADV_X0Y0       PLLE2_ADV (Prop_plle2_adv_CLKIN1_CLKOUT0)
                                                      0.054     0.968 r  pll/pll/CLKOUT0
                         net (fo=1, routed)           0.544     1.512    pll_adc_clk
    BUFGCTRL_X0Y0        BUFG (Prop_bufg_I_O)         0.029     1.541 r  bufg_adc_clk/O
                         net (fo=8602, routed)        0.826     2.367    i_scope/clk_i
    SLICE_X23Y10         FDRE                                         r  i_scope/a_sum_in_reg[20]/C
                         clock pessimism             -0.130     2.237    
    SLICE_X23Y10         FDRE (Hold_fdre_C_D)         0.046     2.283    i_scope/a_sum_in_reg[20]
  -------------------------------------------------------------------
                         required time                         -2.283    
                         arrival time                           2.336    
  -------------------------------------------------------------------
                         slack                                  0.053    

Slack (MET) :             0.054ns  (arrival time - required time)
  Source:                 adc_dat_reg[1][6]/C
                            (rising edge-triggered cell FDRE clocked by pll_adc_clk  {rise@0.000ns fall@4.000ns period=8.000ns})
  Destination:            i_custom_debug_capture/mem_ch2_reg_0/DIADI[6]
                            (rising edge-triggered cell RAMB36E1 clocked by pll_adc_clk  {rise@0.000ns fall@4.000ns period=8.000ns})
  Path Group:             pll_adc_clk
  Path Type:              Hold (Min at Fast Process Corner)
  Requirement:            0.000ns  (pll_adc_clk rise@0.000ns - pll_adc_clk rise@0.000ns)
  Data Path Delay:        0.262ns  (logic 0.141ns (53.814%)  route 0.121ns (46.186%))
  Logic Levels:           0  
  Clock Path Skew:        0.053ns (DCD - SCD - CPR)
    Destination Clock Delay (DCD):    2.406ns
    Source Clock Delay      (SCD):    1.974ns
    Clock Pessimism Removal (CPR):    0.379ns

    Location             Delay type                Incr(ns)  Path(ns)    Netlist Resource(s)
  -------------------------------------------------------------------    -------------------
                         (clock pll_adc_clk rise edge)
                                                      0.000     0.000 r  
    U18                                               0.000     0.000 r  adc_clk_i[1] (IN)
                         net (fo=0)                   0.000     0.000    adc_clk_i[1]
    U18                  IBUFDS (Prop_ibufds_I_O)     0.401     0.401 r  i_clk/O
                         net (fo=1, routed)           0.440     0.842    pll/adc_clk_in
    PLLE2_ADV_X0Y0       PLLE2_ADV (Prop_plle2_adv_CLKIN1_CLKOUT0)
                                                      0.051     0.893 r  pll/pll/CLKOUT0
                         net (fo=1, routed)           0.497     1.390    pll_adc_clk
    BUFGCTRL_X0Y0        BUFG (Prop_bufg_I_O)         0.026     1.416 r  bufg_adc_clk/O
                         net (fo=8602, routed)        0.559     1.974    adc_clk
    SLICE_X35Y15         FDRE                                         r  adc_dat_reg[1][6]/C
  -------------------------------------------------------------------    -------------------
    SLICE_X35Y15         FDRE (Prop_fdre_C_Q)         0.141     2.115 r  adc_dat_reg[1][6]/Q
                         net (fo=2, routed)           0.121     2.236    i_custom_debug_capture/mem_ch2_reg_1_0[6]
    RAMB36_X2Y3          RAMB36E1                                     r  i_custom_debug_capture/mem_ch2_reg_0/DIADI[6]
  -------------------------------------------------------------------    -------------------

                         (clock pll_adc_clk rise edge)
                                                      0.000     0.000 r  
    U18                                               0.000     0.000 r  adc_clk_i[1] (IN)
                         net (fo=0)                   0.000     0.000    adc_clk_i[1]
    U18                  IBUFDS (Prop_ibufds_I_O)     0.433     0.433 r  i_clk/O
                         net (fo=1, routed)           0.481     0.914    pll/adc_clk_in
    PLLE2_ADV_X0Y0       PLLE2_ADV (Prop_plle2_adv_CLKIN1_CLKOUT0)
                                                      0.054     0.968 r  pll/pll/CLKOUT0
                         net (fo=1, routed)           0.544     1.512    pll_adc_clk
    BUFGCTRL_X0Y0        BUFG (Prop_bufg_I_O)         0.029     1.541 r  bufg_adc_clk/O
                         net (fo=8602, routed)        0.865     2.406    i_custom_debug_capture/adc_clk
    RAMB36_X2Y3          RAMB36E1                                     r  i_custom_debug_capture/mem_ch2_reg_0/CLKARDCLK
                         clock pessimism             -0.379     2.028    
    RAMB36_X2Y3          RAMB36E1 (Hold_ramb36e1_CLKARDCLK_DIADI[6])
                                                      0.155     2.183    i_custom_debug_capture/mem_ch2_reg_0
  -------------------------------------------------------------------
                         required time                         -2.183    
                         arrival time                           2.236    
  -------------------------------------------------------------------
                         slack                                  0.054    

Slack (MET) :             0.054ns  (arrival time - required time)
  Source:                 i_scope/adc_b_dat_reg[0]/C
                            (rising edge-triggered cell FDRE clocked by pll_adc_clk  {rise@0.000ns fall@4.000ns period=8.000ns})
  Destination:            i_scope/axi_b_dat_align_reg[1][0]_srl2/D
                            (rising edge-triggered cell SRL16E clocked by pll_adc_clk  {rise@0.000ns fall@4.000ns period=8.000ns})
  Path Group:             pll_adc_clk
  Path Type:              Hold (Min at Fast Process Corner)
  Requirement:            0.000ns  (pll_adc_clk rise@0.000ns - pll_adc_clk rise@0.000ns)
  Data Path Delay:        0.422ns  (logic 0.164ns (38.884%)  route 0.258ns (61.116%))
  Logic Levels:           0  
  Clock Path Skew:        0.265ns (DCD - SCD - CPR)
    Destination Clock Delay (DCD):    2.372ns
    Source Clock Delay      (SCD):    1.976ns
    Clock Pessimism Removal (CPR):    0.130ns

    Location             Delay type                Incr(ns)  Path(ns)    Netlist Resource(s)
  -------------------------------------------------------------------    -------------------
                         (clock pll_adc_clk rise edge)
                                                      0.000     0.000 r  
    U18                                               0.000     0.000 r  adc_clk_i[1] (IN)
                         net (fo=0)                   0.000     0.000    adc_clk_i[1]
    U18                  IBUFDS (Prop_ibufds_I_O)     0.401     0.401 r  i_clk/O
                         net (fo=1, routed)           0.440     0.842    pll/adc_clk_in
    PLLE2_ADV_X0Y0       PLLE2_ADV (Prop_plle2_adv_CLKIN1_CLKOUT0)
                                                      0.051     0.893 r  pll/pll/CLKOUT0
                         net (fo=1, routed)           0.497     1.390    pll_adc_clk
    BUFGCTRL_X0Y0        BUFG (Prop_bufg_I_O)         0.026     1.416 r  bufg_adc_clk/O
                         net (fo=8602, routed)        0.561     1.976    i_scope/clk_i
    SLICE_X24Y1          FDRE                                         r  i_scope/adc_b_dat_reg[0]/C
  -------------------------------------------------------------------    -------------------
    SLICE_X24Y1          FDRE (Prop_fdre_C_Q)         0.164     2.140 r  i_scope/adc_b_dat_reg[0]/Q
                         net (fo=10, routed)          0.258     2.398    i_scope/adc_b_dat[0]
    SLICE_X16Y6          SRL16E                                       r  i_scope/axi_b_dat_align_reg[1][0]_srl2/D
  -------------------------------------------------------------------    -------------------

                         (clock pll_adc_clk rise edge)
                                                      0.000     0.000 r  
    U18                                               0.000     0.000 r  adc_clk_i[1] (IN)
                         net (fo=0)                   0.000     0.000    adc_clk_i[1]
    U18                  IBUFDS (Prop_ibufds_I_O)     0.433     0.433 r  i_clk/O
                         net (fo=1, routed)           0.481     0.914    pll/adc_clk_in
    PLLE2_ADV_X0Y0       PLLE2_ADV (Prop_plle2_adv_CLKIN1_CLKOUT0)
                                                      0.054     0.968 r  pll/pll/CLKOUT0
                         net (fo=1, routed)           0.544     1.512    pll_adc_clk
    BUFGCTRL_X0Y0        BUFG (Prop_bufg_I_O)         0.029     1.541 r  bufg_adc_clk/O
                         net (fo=8602, routed)        0.831     2.372    i_scope/clk_i
    SLICE_X16Y6          SRL16E                                       r  i_scope/axi_b_dat_align_reg[1][0]_srl2/CLK
                         clock pessimism             -0.130     2.242    
    SLICE_X16Y6          SRL16E (Hold_srl16e_CLK_D)
                                                      0.102     2.344    i_scope/axi_b_dat_align_reg[1][0]_srl2
  -------------------------------------------------------------------
                         required time                         -2.344    
                         arrival time                           2.398    
  -------------------------------------------------------------------
                         slack                                  0.054    

Slack (MET) :             0.056ns  (arrival time - required time)
  Source:                 i_scope/adc_a_sum_reg[23]/C
                            (rising edge-triggered cell FDRE clocked by pll_adc_clk  {rise@0.000ns fall@4.000ns period=8.000ns})
  Destination:            i_scope/a_sum_in_reg[23]/D
                            (rising edge-triggered cell FDRE clocked by pll_adc_clk  {rise@0.000ns fall@4.000ns period=8.000ns})
  Path Group:             pll_adc_clk
  Path Type:              Hold (Min at Fast Process Corner)
  Requirement:            0.000ns  (pll_adc_clk rise@0.000ns - pll_adc_clk rise@0.000ns)
  Data Path Delay:        0.373ns  (logic 0.164ns (43.992%)  route 0.209ns (56.008%))
  Logic Levels:           0  
  Clock Path Skew:        0.263ns (DCD - SCD - CPR)
    Destination Clock Delay (DCD):    2.369ns
    Source Clock Delay      (SCD):    1.975ns
    Clock Pessimism Removal (CPR):    0.130ns

    Location             Delay type                Incr(ns)  Path(ns)    Netlist Resource(s)
  -------------------------------------------------------------------    -------------------
                         (clock pll_adc_clk rise edge)
                                                      0.000     0.000 r  
    U18                                               0.000     0.000 r  adc_clk_i[1] (IN)
                         net (fo=0)                   0.000     0.000    adc_clk_i[1]
    U18                  IBUFDS (Prop_ibufds_I_O)     0.401     0.401 r  i_clk/O
                         net (fo=1, routed)           0.440     0.842    pll/adc_clk_in
    PLLE2_ADV_X0Y0       PLLE2_ADV (Prop_plle2_adv_CLKIN1_CLKOUT0)
                                                      0.051     0.893 r  pll/pll/CLKOUT0
                         net (fo=1, routed)           0.497     1.390    pll_adc_clk
    BUFGCTRL_X0Y0        BUFG (Prop_bufg_I_O)         0.026     1.416 r  bufg_adc_clk/O
                         net (fo=8602, routed)        0.560     1.975    i_scope/clk_i
    SLICE_X20Y6          FDRE                                         r  i_scope/adc_a_sum_reg[23]/C
  -------------------------------------------------------------------    -------------------
    SLICE_X20Y6          FDRE (Prop_fdre_C_Q)         0.164     2.139 r  i_scope/adc_a_sum_reg[23]/Q
                         net (fo=2, routed)           0.209     2.348    i_scope/adc_a_sum_reg_n_0_[23]
    SLICE_X24Y5          FDRE                                         r  i_scope/a_sum_in_reg[23]/D
  -------------------------------------------------------------------    -------------------

                         (clock pll_adc_clk rise edge)
                                                      0.000     0.000 r  
    U18                                               0.000     0.000 r  adc_clk_i[1] (IN)
                         net (fo=0)                   0.000     0.000    adc_clk_i[1]
    U18                  IBUFDS (Prop_ibufds_I_O)     0.433     0.433 r  i_clk/O
                         net (fo=1, routed)           0.481     0.914    pll/adc_clk_in
    PLLE2_ADV_X0Y0       PLLE2_ADV (Prop_plle2_adv_CLKIN1_CLKOUT0)
                                                      0.054     0.968 r  pll/pll/CLKOUT0
                         net (fo=1, routed)           0.544     1.512    pll_adc_clk
    BUFGCTRL_X0Y0        BUFG (Prop_bufg_I_O)         0.029     1.541 r  bufg_adc_clk/O
                         net (fo=8602, routed)        0.828     2.369    i_scope/clk_i
    SLICE_X24Y5          FDRE                                         r  i_scope/a_sum_in_reg[23]/C
                         clock pessimism             -0.130     2.239    
    SLICE_X24Y5          FDRE (Hold_fdre_C_D)         0.053     2.292    i_scope/a_sum_in_reg[23]
  -------------------------------------------------------------------
                         required time                         -2.292    
                         arrival time                           2.348    
  -------------------------------------------------------------------
                         slack                                  0.056    

Slack (MET) :             0.058ns  (arrival time - required time)
  Source:                 i_scope/axi_a_fifo_o_reg[27]/C
                            (rising edge-triggered cell FDRE clocked by pll_adc_clk  {rise@0.000ns fall@4.000ns period=8.000ns})
  Destination:            i_scope/i_wr0/fifo_reg/DIADI[27]
                            (rising edge-triggered cell RAMB36E1 clocked by pll_adc_clk  {rise@0.000ns fall@4.000ns period=8.000ns})
  Path Group:             pll_adc_clk
  Path Type:              Hold (Min at Fast Process Corner)
  Requirement:            0.000ns  (pll_adc_clk rise@0.000ns - pll_adc_clk rise@0.000ns)
  Data Path Delay:        0.272ns  (logic 0.164ns (60.282%)  route 0.108ns (39.718%))
  Logic Levels:           0  
  Clock Path Skew:        0.059ns (DCD - SCD - CPR)
    Destination Clock Delay (DCD):    2.418ns
    Source Clock Delay      (SCD):    1.981ns
    Clock Pessimism Removal (CPR):    0.378ns

    Location             Delay type                Incr(ns)  Path(ns)    Netlist Resource(s)
  -------------------------------------------------------------------    -------------------
                         (clock pll_adc_clk rise edge)
                                                      0.000     0.000 r  
    U18                                               0.000     0.000 r  adc_clk_i[1] (IN)
                         net (fo=0)                   0.000     0.000    adc_clk_i[1]
    U18                  IBUFDS (Prop_ibufds_I_O)     0.401     0.401 r  i_clk/O
                         net (fo=1, routed)           0.440     0.842    pll/adc_clk_in
    PLLE2_ADV_X0Y0       PLLE2_ADV (Prop_plle2_adv_CLKIN1_CLKOUT0)
                                                      0.051     0.893 r  pll/pll/CLKOUT0
                         net (fo=1, routed)           0.497     1.390    pll_adc_clk
    BUFGCTRL_X0Y0        BUFG (Prop_bufg_I_O)         0.026     1.416 r  bufg_adc_clk/O
                         net (fo=8602, routed)        0.566     1.981    i_scope/clk_i
    SLICE_X6Y3           FDRE                                         r  i_scope/axi_a_fifo_o_reg[27]/C
  -------------------------------------------------------------------    -------------------
    SLICE_X6Y3           FDRE (Prop_fdre_C_Q)         0.164     2.145 r  i_scope/axi_a_fifo_o_reg[27]/Q
                         net (fo=1, routed)           0.108     2.253    i_scope/i_wr0/fifo_reg_0[27]
    RAMB36_X0Y0          RAMB36E1                                     r  i_scope/i_wr0/fifo_reg/DIADI[27]
  -------------------------------------------------------------------    -------------------

                         (clock pll_adc_clk rise edge)
                                                      0.000     0.000 r  
    U18                                               0.000     0.000 r  adc_clk_i[1] (IN)
                         net (fo=0)                   0.000     0.000    adc_clk_i[1]
    U18                  IBUFDS (Prop_ibufds_I_O)     0.433     0.433 r  i_clk/O
                         net (fo=1, routed)           0.481     0.914    pll/adc_clk_in
    PLLE2_ADV_X0Y0       PLLE2_ADV (Prop_plle2_adv_CLKIN1_CLKOUT0)
                                                      0.054     0.968 r  pll/pll/CLKOUT0
                         net (fo=1, routed)           0.544     1.512    pll_adc_clk
    BUFGCTRL_X0Y0        BUFG (Prop_bufg_I_O)         0.029     1.541 r  bufg_adc_clk/O
                         net (fo=8602, routed)        0.877     2.418    i_scope/i_wr0/clk_i
    RAMB36_X0Y0          RAMB36E1                                     r  i_scope/i_wr0/fifo_reg/CLKBWRCLK
                         clock pessimism             -0.378     2.041    
    RAMB36_X0Y0          RAMB36E1 (Hold_ramb36e1_CLKBWRCLK_DIADI[27])
                                                      0.155     2.196    i_scope/i_wr0/fifo_reg
  -------------------------------------------------------------------
                         required time                         -2.196    
                         arrival time                           2.253    
  -------------------------------------------------------------------
                         slack                                  0.058    

Slack (MET) :             0.058ns  (arrival time - required time)
  Source:                 i_scope/axi_a_fifo_o_reg[29]/C
                            (rising edge-triggered cell FDRE clocked by pll_adc_clk  {rise@0.000ns fall@4.000ns period=8.000ns})
  Destination:            i_scope/i_wr0/fifo_reg/DIADI[29]
                            (rising edge-triggered cell RAMB36E1 clocked by pll_adc_clk  {rise@0.000ns fall@4.000ns period=8.000ns})
  Path Group:             pll_adc_clk
  Path Type:              Hold (Min at Fast Process Corner)
  Requirement:            0.000ns  (pll_adc_clk rise@0.000ns - pll_adc_clk rise@0.000ns)
  Data Path Delay:        0.272ns  (logic 0.164ns (60.282%)  route 0.108ns (39.718%))
  Logic Levels:           0  
  Clock Path Skew:        0.059ns (DCD - SCD - CPR)
    Destination Clock Delay (DCD):    2.418ns
    Source Clock Delay      (SCD):    1.981ns
    Clock Pessimism Removal (CPR):    0.378ns

    Location             Delay type                Incr(ns)  Path(ns)    Netlist Resource(s)
  -------------------------------------------------------------------    -------------------
                         (clock pll_adc_clk rise edge)
                                                      0.000     0.000 r  
    U18                                               0.000     0.000 r  adc_clk_i[1] (IN)
                         net (fo=0)                   0.000     0.000    adc_clk_i[1]
    U18                  IBUFDS (Prop_ibufds_I_O)     0.401     0.401 r  i_clk/O
                         net (fo=1, routed)           0.440     0.842    pll/adc_clk_in
    PLLE2_ADV_X0Y0       PLLE2_ADV (Prop_plle2_adv_CLKIN1_CLKOUT0)
                                                      0.051     0.893 r  pll/pll/CLKOUT0
                         net (fo=1, routed)           0.497     1.390    pll_adc_clk
    BUFGCTRL_X0Y0        BUFG (Prop_bufg_I_O)         0.026     1.416 r  bufg_adc_clk/O
                         net (fo=8602, routed)        0.566     1.981    i_scope/clk_i
    SLICE_X6Y3           FDRE                                         r  i_scope/axi_a_fifo_o_reg[29]/C
  -------------------------------------------------------------------    -------------------
    SLICE_X6Y3           FDRE (Prop_fdre_C_Q)         0.164     2.145 r  i_scope/axi_a_fifo_o_reg[29]/Q
                         net (fo=1, routed)           0.108     2.253    i_scope/i_wr0/fifo_reg_0[29]
    RAMB36_X0Y0          RAMB36E1                                     r  i_scope/i_wr0/fifo_reg/DIADI[29]
  -------------------------------------------------------------------    -------------------

                         (clock pll_adc_clk rise edge)
                                                      0.000     0.000 r  
    U18                                               0.000     0.000 r  adc_clk_i[1] (IN)
                         net (fo=0)                   0.000     0.000    adc_clk_i[1]
    U18                  IBUFDS (Prop_ibufds_I_O)     0.433     0.433 r  i_clk/O
                         net (fo=1, routed)           0.481     0.914    pll/adc_clk_in
    PLLE2_ADV_X0Y0       PLLE2_ADV (Prop_plle2_adv_CLKIN1_CLKOUT0)
                                                      0.054     0.968 r  pll/pll/CLKOUT0
                         net (fo=1, routed)           0.544     1.512    pll_adc_clk
    BUFGCTRL_X0Y0        BUFG (Prop_bufg_I_O)         0.029     1.541 r  bufg_adc_clk/O
                         net (fo=8602, routed)        0.877     2.418    i_scope/i_wr0/clk_i
    RAMB36_X0Y0          RAMB36E1                                     r  i_scope/i_wr0/fifo_reg/CLKBWRCLK
                         clock pessimism             -0.378     2.041    
    RAMB36_X0Y0          RAMB36E1 (Hold_ramb36e1_CLKBWRCLK_DIADI[29])
                                                      0.155     2.196    i_scope/i_wr0/fifo_reg
  -------------------------------------------------------------------
                         required time                         -2.196    
                         arrival time                           2.253    
  -------------------------------------------------------------------
                         slack                                  0.058    





Pulse Width Checks
--------------------------------------------------------------------------------------
Clock Name:         pll_adc_clk
Waveform(ns):       { 0.000 4.000 }
Period(ns):         8.000
Sources:            { pll/pll/CLKOUT0 }

Check Type        Corner  Lib Pin             Reference Pin  Required(ns)  Actual(ns)  Slack(ns)  Location        Pin
Min Period        n/a     DSP48E1/CLK         n/a            3.884         8.000       4.116      DSP48_X1Y8      i_scope/i_dfilt1_chb/bb_mult/CLK
Min Period        n/a     DSP48E1/CLK         n/a            3.884         8.000       4.116      DSP48_X1Y4      i_laser_lock_core/i_mixer_core/product_q_reg/CLK
Min Period        n/a     DSP48E1/CLK         n/a            3.884         8.000       4.116      DSP48_X1Y5      i_scope/i_dfilt1_cha/bb_mult/CLK
Min Period        n/a     DSP48E1/CLK         n/a            3.687         8.000       4.313      DSP48_X0Y4      i_scope/i_dfilt1_cha/kk_mult_reg/CLK
Min Period        n/a     RAMB36E1/CLKARDCLK  n/a            2.944         8.000       5.056      RAMB36_X1Y6     i_custom_debug_capture/mem_ch4_reg_1/CLKARDCLK
Min Period        n/a     RAMB36E1/CLKARDCLK  n/a            2.944         8.000       5.056      RAMB36_X0Y12    i_asg/ch[0]/dac_buf_reg_0/CLKARDCLK
Min Period        n/a     RAMB36E1/CLKARDCLK  n/a            2.944         8.000       5.056      RAMB36_X0Y14    i_asg/ch[0]/dac_buf_reg_1/CLKARDCLK
Min Period        n/a     RAMB36E1/CLKARDCLK  n/a            2.944         8.000       5.056      RAMB36_X0Y0     i_scope/i_wr0/fifo_reg/CLKARDCLK
Min Period        n/a     RAMB36E1/CLKBWRCLK  n/a            2.944         8.000       5.056      RAMB36_X0Y0     i_scope/i_wr0/fifo_reg/CLKBWRCLK
Min Period        n/a     RAMB36E1/CLKARDCLK  n/a            2.944         8.000       5.056      RAMB36_X1Y15    i_asg/ch[0]/dac_buf_reg_2/CLKARDCLK
Max Period        n/a     PLLE2_ADV/CLKOUT0   n/a            160.000       8.000       152.000    PLLE2_ADV_X0Y0  pll/pll/CLKOUT0
Low Pulse Width   Slow    RAMD32/CLK          n/a            1.250         4.000       2.750      SLICE_X0Y8      ps/axi_master_0/axi_awfifo_reg_0_15_18_23/RAMA/CLK
Low Pulse Width   Slow    RAMD32/CLK          n/a            1.250         4.000       2.750      SLICE_X0Y8      ps/axi_master_0/axi_awfifo_reg_0_15_18_23/RAMA_D1/CLK
Low Pulse Width   Slow    RAMD32/CLK          n/a            1.250         4.000       2.750      SLICE_X0Y8      ps/axi_master_0/axi_awfifo_reg_0_15_18_23/RAMB/CLK
Low Pulse Width   Slow    RAMD32/CLK          n/a            1.250         4.000       2.750      SLICE_X0Y8      ps/axi_master_0/axi_awfifo_reg_0_15_18_23/RAMB_D1/CLK
Low Pulse Width   Slow    RAMD32/CLK          n/a            1.250         4.000       2.750      SLICE_X0Y8      ps/axi_master_0/axi_awfifo_reg_0_15_18_23/RAMC/CLK
Low Pulse Width   Slow    RAMD32/CLK          n/a            1.250         4.000       2.750      SLICE_X0Y8      ps/axi_master_0/axi_awfifo_reg_0_15_18_23/RAMC_D1/CLK
Low Pulse Width   Slow    RAMS32/CLK          n/a            1.250         4.000       2.750      SLICE_X0Y8      ps/axi_master_0/axi_awfifo_reg_0_15_18_23/RAMD/CLK
Low Pulse Width   Slow    RAMS32/CLK          n/a            1.250         4.000       2.750      SLICE_X0Y8      ps/axi_master_0/axi_awfifo_reg_0_15_18_23/RAMD_D1/CLK
Low Pulse Width   Slow    RAMD32/CLK          n/a            1.250         4.000       2.750      SLICE_X0Y7      ps/axi_master_0/axi_awfifo_reg_0_15_30_35/RAMA/CLK
Low Pulse Width   Slow    RAMD32/CLK          n/a            1.250         4.000       2.750      SLICE_X0Y7      ps/axi_master_0/axi_awfifo_reg_0_15_30_35/RAMA_D1/CLK
High Pulse Width  Slow    RAMD32/CLK          n/a            1.250         4.000       2.750      SLICE_X0Y0      ps/axi_master_0/axi_wfifo_reg_0_15_30_35/RAMA/CLK
High Pulse Width  Slow    RAMD32/CLK          n/a            1.250         4.000       2.750      SLICE_X0Y0      ps/axi_master_0/axi_wfifo_reg_0_15_30_35/RAMA_D1/CLK
High Pulse Width  Slow    RAMD32/CLK          n/a            1.250         4.000       2.750      SLICE_X0Y0      ps/axi_master_0/axi_wfifo_reg_0_15_30_35/RAMB/CLK
High Pulse Width  Slow    RAMD32/CLK          n/a            1.250         4.000       2.750      SLICE_X0Y0      ps/axi_master_0/axi_wfifo_reg_0_15_30_35/RAMB_D1/CLK
High Pulse Width  Slow    RAMD32/CLK          n/a            1.250         4.000       2.750      SLICE_X0Y0      ps/axi_master_0/axi_wfifo_reg_0_15_30_35/RAMC/CLK
High Pulse Width  Slow    RAMD32/CLK          n/a            1.250         4.000       2.750      SLICE_X0Y0      ps/axi_master_0/axi_wfifo_reg_0_15_30_35/RAMC_D1/CLK
High Pulse Width  Slow    RAMS32/CLK          n/a            1.250         4.000       2.750      SLICE_X0Y0      ps/axi_master_0/axi_wfifo_reg_0_15_30_35/RAMD/CLK
High Pulse Width  Slow    RAMS32/CLK          n/a            1.250         4.000       2.750      SLICE_X0Y0      ps/axi_master_0/axi_wfifo_reg_0_15_30_35/RAMD_D1/CLK
High Pulse Width  Slow    RAMD32/CLK          n/a            1.250         4.000       2.750      SLICE_X0Y1      ps/axi_master_0/axi_wfifo_reg_0_15_48_53/RAMA/CLK
High Pulse Width  Slow    RAMD32/CLK          n/a            1.250         4.000       2.750      SLICE_X0Y1      ps/axi_master_0/axi_wfifo_reg_0_15_48_53/RAMA_D1/CLK



---------------------------------------------------------------------------------------------------
From Clock:  dna_clk
  To Clock:  dna_clk

Setup :           NA  Failing Endpoints,  Worst Slack           NA  ,  Total Violation           NA
Hold  :           NA  Failing Endpoints,  Worst Slack           NA  ,  Total Violation           NA
PW    :            0  Failing Endpoints,  Worst Slack      118.000ns,  Total Violation        0.000ns
---------------------------------------------------------------------------------------------------


Pulse Width Checks
--------------------------------------------------------------------------------------
Clock Name:         dna_clk
Waveform(ns):       { 0.000 64.000 }
Period(ns):         128.000
Sources:            { i_hk/dna_clk_reg/Q }

Check Type  Corner  Lib Pin       Reference Pin  Required(ns)  Actual(ns)  Slack(ns)  Location       Pin
Min Period  n/a     DNA_PORT/CLK  n/a            10.000        128.000     118.000    DNA_PORT_X0Y0  i_hk/i_DNA/CLK



---------------------------------------------------------------------------------------------------
From Clock:  pll_dac_clk_1x
  To Clock:  pll_dac_clk_1x

Setup :            0  Failing Endpoints,  Worst Slack        0.585ns,  Total Violation        0.000ns
Hold  :            0  Failing Endpoints,  Worst Slack        0.160ns,  Total Violation        0.000ns
PW    :            0  Failing Endpoints,  Worst Slack        3.500ns,  Total Violation        0.000ns
---------------------------------------------------------------------------------------------------


Max Delay Paths
--------------------------------------------------------------------------------------
Slack (MET) :             0.585ns  (required time - arrival time)
  Source:                 dac_rst_reg/C
                            (rising edge-triggered cell FDRE clocked by pll_dac_clk_1x  {rise@0.000ns fall@4.000ns period=8.000ns})
  Destination:            oddr_dac_dat[5]/R
                            (falling edge-triggered cell ODDR clocked by pll_dac_clk_1x  {rise@0.000ns fall@4.000ns period=8.000ns})
  Path Group:             pll_dac_clk_1x
  Path Type:              Setup (Max at Slow Process Corner)
  Requirement:            4.000ns  (pll_dac_clk_1x fall@4.000ns - pll_dac_clk_1x rise@0.000ns)
  Data Path Delay:        2.455ns  (logic 0.518ns (21.100%)  route 1.937ns (78.900%))
  Logic Levels:           0  
  Clock Path Skew:        -0.093ns (DCD - SCD + CPR)
    Destination Clock Delay (DCD):    5.425ns = ( 9.425 - 4.000 ) 
    Source Clock Delay      (SCD):    5.975ns
    Clock Pessimism Removal (CPR):    0.457ns
  Clock Uncertainty:      0.069ns  ((TSJ^2 + DJ^2)^1/2) / 2 + PE
    Total System Jitter     (TSJ):    0.071ns
    Discrete Jitter          (DJ):    0.118ns
    Phase Error              (PE):    0.000ns

    Location             Delay type                Incr(ns)  Path(ns)    Netlist Resource(s)
  -------------------------------------------------------------------    -------------------
                         (clock pll_dac_clk_1x rise edge)
                                                      0.000     0.000 r  
    U18                                               0.000     0.000 r  adc_clk_i[1] (IN)
                         net (fo=0)                   0.000     0.000    adc_clk_i[1]
    U18                  IBUFDS (Prop_ibufds_I_O)     0.983     0.983 r  i_clk/O
                         net (fo=1, routed)           1.306     2.289    pll/adc_clk_in
    PLLE2_ADV_X0Y0       PLLE2_ADV (Prop_plle2_adv_CLKIN1_CLKOUT1)
                                                      0.089     2.378 r  pll/pll/CLKOUT1
                         net (fo=1, routed)           1.754     4.132    pll_dac_clk_1x
    BUFGCTRL_X0Y2        BUFG (Prop_bufg_I_O)         0.101     4.233 r  bufg_dac_clk_1x/O
                         net (fo=45, routed)          1.742     5.975    dac_clk_1x
    SLICE_X42Y57         FDRE                                         r  dac_rst_reg/C
  -------------------------------------------------------------------    -------------------
    SLICE_X42Y57         FDRE (Prop_fdre_C_Q)         0.518     6.493 r  dac_rst_reg/Q
                         net (fo=17, routed)          1.937     8.430    dac_rst
    OLOGIC_X0Y79         ODDR                                         r  oddr_dac_dat[5]/R
  -------------------------------------------------------------------    -------------------

                         (clock pll_dac_clk_1x fall edge)
                                                      4.000     4.000 f  
    U18                                               0.000     4.000 f  adc_clk_i[1] (IN)
                         net (fo=0)                   0.000     4.000    adc_clk_i[1]
    U18                  IBUFDS (Prop_ibufds_I_O)     0.940     4.940 f  i_clk/O
                         net (fo=1, routed)           1.181     6.121    pll/adc_clk_in
    PLLE2_ADV_X0Y0       PLLE2_ADV (Prop_plle2_adv_CLKIN1_CLKOUT1)
                                                      0.084     6.205 f  pll/pll/CLKOUT1
                         net (fo=1, routed)           1.594     7.799    pll_dac_clk_1x
    BUFGCTRL_X0Y2        BUFG (Prop_bufg_I_O)         0.091     7.890 f  bufg_dac_clk_1x/O
                         net (fo=45, routed)          1.535     9.425    dac_clk_1x
    OLOGIC_X0Y79         ODDR                                         f  oddr_dac_dat[5]/C
                         clock pessimism              0.457     9.883    
                         clock uncertainty           -0.069     9.814    
    OLOGIC_X0Y79         ODDR (Setup_oddr_C_R)       -0.798     9.016    oddr_dac_dat[5]
  -------------------------------------------------------------------
                         required time                          9.016    
                         arrival time                          -8.430    
  -------------------------------------------------------------------
                         slack                                  0.585    

Slack (MET) :             0.587ns  (required time - arrival time)
  Source:                 dac_rst_reg/C
                            (rising edge-triggered cell FDRE clocked by pll_dac_clk_1x  {rise@0.000ns fall@4.000ns period=8.000ns})
  Destination:            oddr_dac_dat[1]/R
                            (falling edge-triggered cell ODDR clocked by pll_dac_clk_1x  {rise@0.000ns fall@4.000ns period=8.000ns})
  Path Group:             pll_dac_clk_1x
  Path Type:              Setup (Max at Slow Process Corner)
  Requirement:            4.000ns  (pll_dac_clk_1x fall@4.000ns - pll_dac_clk_1x rise@0.000ns)
  Data Path Delay:        2.459ns  (logic 0.518ns (21.068%)  route 1.941ns (78.932%))
  Logic Levels:           0  
  Clock Path Skew:        -0.088ns (DCD - SCD + CPR)
    Destination Clock Delay (DCD):    5.430ns = ( 9.430 - 4.000 ) 
    Source Clock Delay      (SCD):    5.975ns
    Clock Pessimism Removal (CPR):    0.457ns
  Clock Uncertainty:      0.069ns  ((TSJ^2 + DJ^2)^1/2) / 2 + PE
    Total System Jitter     (TSJ):    0.071ns
    Discrete Jitter          (DJ):    0.118ns
    Phase Error              (PE):    0.000ns

    Location             Delay type                Incr(ns)  Path(ns)    Netlist Resource(s)
  -------------------------------------------------------------------    -------------------
                         (clock pll_dac_clk_1x rise edge)
                                                      0.000     0.000 r  
    U18                                               0.000     0.000 r  adc_clk_i[1] (IN)
                         net (fo=0)                   0.000     0.000    adc_clk_i[1]
    U18                  IBUFDS (Prop_ibufds_I_O)     0.983     0.983 r  i_clk/O
                         net (fo=1, routed)           1.306     2.289    pll/adc_clk_in
    PLLE2_ADV_X0Y0       PLLE2_ADV (Prop_plle2_adv_CLKIN1_CLKOUT1)
                                                      0.089     2.378 r  pll/pll/CLKOUT1
                         net (fo=1, routed)           1.754     4.132    pll_dac_clk_1x
    BUFGCTRL_X0Y2        BUFG (Prop_bufg_I_O)         0.101     4.233 r  bufg_dac_clk_1x/O
                         net (fo=45, routed)          1.742     5.975    dac_clk_1x
    SLICE_X42Y57         FDRE                                         r  dac_rst_reg/C
  -------------------------------------------------------------------    -------------------
    SLICE_X42Y57         FDRE (Prop_fdre_C_Q)         0.518     6.493 r  dac_rst_reg/Q
                         net (fo=17, routed)          1.941     8.434    dac_rst
    OLOGIC_X0Y85         ODDR                                         r  oddr_dac_dat[1]/R
  -------------------------------------------------------------------    -------------------

                         (clock pll_dac_clk_1x fall edge)
                                                      4.000     4.000 f  
    U18                                               0.000     4.000 f  adc_clk_i[1] (IN)
                         net (fo=0)                   0.000     4.000    adc_clk_i[1]
    U18                  IBUFDS (Prop_ibufds_I_O)     0.940     4.940 f  i_clk/O
                         net (fo=1, routed)           1.181     6.121    pll/adc_clk_in
    PLLE2_ADV_X0Y0       PLLE2_ADV (Prop_plle2_adv_CLKIN1_CLKOUT1)
                                                      0.084     6.205 f  pll/pll/CLKOUT1
                         net (fo=1, routed)           1.594     7.799    pll_dac_clk_1x
    BUFGCTRL_X0Y2        BUFG (Prop_bufg_I_O)         0.091     7.890 f  bufg_dac_clk_1x/O
                         net (fo=45, routed)          1.540     9.430    dac_clk_1x
    OLOGIC_X0Y85         ODDR                                         f  oddr_dac_dat[1]/C
                         clock pessimism              0.457     9.888    
                         clock uncertainty           -0.069     9.819    
    OLOGIC_X0Y85         ODDR (Setup_oddr_C_R)       -0.798     9.021    oddr_dac_dat[1]
  -------------------------------------------------------------------
                         required time                          9.021    
                         arrival time                          -8.434    
  -------------------------------------------------------------------
                         slack                                  0.587    

Slack (MET) :             0.648ns  (required time - arrival time)
  Source:                 dac_rst_reg/C
                            (rising edge-triggered cell FDRE clocked by pll_dac_clk_1x  {rise@0.000ns fall@4.000ns period=8.000ns})
  Destination:            oddr_dac_dat[4]/R
                            (falling edge-triggered cell ODDR clocked by pll_dac_clk_1x  {rise@0.000ns fall@4.000ns period=8.000ns})
  Path Group:             pll_dac_clk_1x
  Path Type:              Setup (Max at Slow Process Corner)
  Requirement:            4.000ns  (pll_dac_clk_1x fall@4.000ns - pll_dac_clk_1x rise@0.000ns)
  Data Path Delay:        2.393ns  (logic 0.518ns (21.650%)  route 1.875ns (78.350%))
  Logic Levels:           0  
  Clock Path Skew:        -0.093ns (DCD - SCD + CPR)
    Destination Clock Delay (DCD):    5.425ns = ( 9.425 - 4.000 ) 
    Source Clock Delay      (SCD):    5.975ns
    Clock Pessimism Removal (CPR):    0.457ns
  Clock Uncertainty:      0.069ns  ((TSJ^2 + DJ^2)^1/2) / 2 + PE
    Total System Jitter     (TSJ):    0.071ns
    Discrete Jitter          (DJ):    0.118ns
    Phase Error              (PE):    0.000ns

    Location             Delay type                Incr(ns)  Path(ns)    Netlist Resource(s)
  -------------------------------------------------------------------    -------------------
                         (clock pll_dac_clk_1x rise edge)
                                                      0.000     0.000 r  
    U18                                               0.000     0.000 r  adc_clk_i[1] (IN)
                         net (fo=0)                   0.000     0.000    adc_clk_i[1]
    U18                  IBUFDS (Prop_ibufds_I_O)     0.983     0.983 r  i_clk/O
                         net (fo=1, routed)           1.306     2.289    pll/adc_clk_in
    PLLE2_ADV_X0Y0       PLLE2_ADV (Prop_plle2_adv_CLKIN1_CLKOUT1)
                                                      0.089     2.378 r  pll/pll/CLKOUT1
                         net (fo=1, routed)           1.754     4.132    pll_dac_clk_1x
    BUFGCTRL_X0Y2        BUFG (Prop_bufg_I_O)         0.101     4.233 r  bufg_dac_clk_1x/O
                         net (fo=45, routed)          1.742     5.975    dac_clk_1x
    SLICE_X42Y57         FDRE                                         r  dac_rst_reg/C
  -------------------------------------------------------------------    -------------------
    SLICE_X42Y57         FDRE (Prop_fdre_C_Q)         0.518     6.493 r  dac_rst_reg/Q
                         net (fo=17, routed)          1.875     8.368    dac_rst
    OLOGIC_X0Y80         ODDR                                         r  oddr_dac_dat[4]/R
  -------------------------------------------------------------------    -------------------

                         (clock pll_dac_clk_1x fall edge)
                                                      4.000     4.000 f  
    U18                                               0.000     4.000 f  adc_clk_i[1] (IN)
                         net (fo=0)                   0.000     4.000    adc_clk_i[1]
    U18                  IBUFDS (Prop_ibufds_I_O)     0.940     4.940 f  i_clk/O
                         net (fo=1, routed)           1.181     6.121    pll/adc_clk_in
    PLLE2_ADV_X0Y0       PLLE2_ADV (Prop_plle2_adv_CLKIN1_CLKOUT1)
                                                      0.084     6.205 f  pll/pll/CLKOUT1
                         net (fo=1, routed)           1.594     7.799    pll_dac_clk_1x
    BUFGCTRL_X0Y2        BUFG (Prop_bufg_I_O)         0.091     7.890 f  bufg_dac_clk_1x/O
                         net (fo=45, routed)          1.535     9.425    dac_clk_1x
    OLOGIC_X0Y80         ODDR                                         f  oddr_dac_dat[4]/C
                         clock pessimism              0.457     9.883    
                         clock uncertainty           -0.069     9.814    
    OLOGIC_X0Y80         ODDR (Setup_oddr_C_R)       -0.798     9.016    oddr_dac_dat[4]
  -------------------------------------------------------------------
                         required time                          9.016    
                         arrival time                          -8.368    
  -------------------------------------------------------------------
                         slack                                  0.648    

Slack (MET) :             0.680ns  (required time - arrival time)
  Source:                 dac_rst_reg/C
                            (rising edge-triggered cell FDRE clocked by pll_dac_clk_1x  {rise@0.000ns fall@4.000ns period=8.000ns})
  Destination:            oddr_dac_dat[2]/R
                            (falling edge-triggered cell ODDR clocked by pll_dac_clk_1x  {rise@0.000ns fall@4.000ns period=8.000ns})
  Path Group:             pll_dac_clk_1x
  Path Type:              Setup (Max at Slow Process Corner)
  Requirement:            4.000ns  (pll_dac_clk_1x fall@4.000ns - pll_dac_clk_1x rise@0.000ns)
  Data Path Delay:        2.364ns  (logic 0.518ns (21.915%)  route 1.846ns (78.085%))
  Logic Levels:           0  
  Clock Path Skew:        -0.090ns (DCD - SCD + CPR)
    Destination Clock Delay (DCD):    5.428ns = ( 9.428 - 4.000 ) 
    Source Clock Delay      (SCD):    5.975ns
    Clock Pessimism Removal (CPR):    0.457ns
  Clock Uncertainty:      0.069ns  ((TSJ^2 + DJ^2)^1/2) / 2 + PE
    Total System Jitter     (TSJ):    0.071ns
    Discrete Jitter          (DJ):    0.118ns
    Phase Error              (PE):    0.000ns

    Location             Delay type                Incr(ns)  Path(ns)    Netlist Resource(s)
  -------------------------------------------------------------------    -------------------
                         (clock pll_dac_clk_1x rise edge)
                                                      0.000     0.000 r  
    U18                                               0.000     0.000 r  adc_clk_i[1] (IN)
                         net (fo=0)                   0.000     0.000    adc_clk_i[1]
    U18                  IBUFDS (Prop_ibufds_I_O)     0.983     0.983 r  i_clk/O
                         net (fo=1, routed)           1.306     2.289    pll/adc_clk_in
    PLLE2_ADV_X0Y0       PLLE2_ADV (Prop_plle2_adv_CLKIN1_CLKOUT1)
                                                      0.089     2.378 r  pll/pll/CLKOUT1
                         net (fo=1, routed)           1.754     4.132    pll_dac_clk_1x
    BUFGCTRL_X0Y2        BUFG (Prop_bufg_I_O)         0.101     4.233 r  bufg_dac_clk_1x/O
                         net (fo=45, routed)          1.742     5.975    dac_clk_1x
    SLICE_X42Y57         FDRE                                         r  dac_rst_reg/C
  -------------------------------------------------------------------    -------------------
    SLICE_X42Y57         FDRE (Prop_fdre_C_Q)         0.518     6.493 r  dac_rst_reg/Q
                         net (fo=17, routed)          1.846     8.339    dac_rst
    OLOGIC_X0Y82         ODDR                                         r  oddr_dac_dat[2]/R
  -------------------------------------------------------------------    -------------------

                         (clock pll_dac_clk_1x fall edge)
                                                      4.000     4.000 f  
    U18                                               0.000     4.000 f  adc_clk_i[1] (IN)
                         net (fo=0)                   0.000     4.000    adc_clk_i[1]
    U18                  IBUFDS (Prop_ibufds_I_O)     0.940     4.940 f  i_clk/O
                         net (fo=1, routed)           1.181     6.121    pll/adc_clk_in
    PLLE2_ADV_X0Y0       PLLE2_ADV (Prop_plle2_adv_CLKIN1_CLKOUT1)
                                                      0.084     6.205 f  pll/pll/CLKOUT1
                         net (fo=1, routed)           1.594     7.799    pll_dac_clk_1x
    BUFGCTRL_X0Y2        BUFG (Prop_bufg_I_O)         0.091     7.890 f  bufg_dac_clk_1x/O
                         net (fo=45, routed)          1.538     9.428    dac_clk_1x
    OLOGIC_X0Y82         ODDR                                         f  oddr_dac_dat[2]/C
                         clock pessimism              0.457     9.886    
                         clock uncertainty           -0.069     9.817    
    OLOGIC_X0Y82         ODDR (Setup_oddr_C_R)       -0.798     9.019    oddr_dac_dat[2]
  -------------------------------------------------------------------
                         required time                          9.019    
                         arrival time                          -8.339    
  -------------------------------------------------------------------
                         slack                                  0.680    

Slack (MET) :             0.682ns  (required time - arrival time)
  Source:                 dac_rst_reg/C
                            (rising edge-triggered cell FDRE clocked by pll_dac_clk_1x  {rise@0.000ns fall@4.000ns period=8.000ns})
  Destination:            oddr_dac_dat[3]/R
                            (falling edge-triggered cell ODDR clocked by pll_dac_clk_1x  {rise@0.000ns fall@4.000ns period=8.000ns})
  Path Group:             pll_dac_clk_1x
  Path Type:              Setup (Max at Slow Process Corner)
  Requirement:            4.000ns  (pll_dac_clk_1x fall@4.000ns - pll_dac_clk_1x rise@0.000ns)
  Data Path Delay:        2.361ns  (logic 0.518ns (21.938%)  route 1.843ns (78.062%))
  Logic Levels:           0  
  Clock Path Skew:        -0.090ns (DCD - SCD + CPR)
    Destination Clock Delay (DCD):    5.428ns = ( 9.428 - 4.000 ) 
    Source Clock Delay      (SCD):    5.975ns
    Clock Pessimism Removal (CPR):    0.457ns
  Clock Uncertainty:      0.069ns  ((TSJ^2 + DJ^2)^1/2) / 2 + PE
    Total System Jitter     (TSJ):    0.071ns
    Discrete Jitter          (DJ):    0.118ns
    Phase Error              (PE):    0.000ns

    Location             Delay type                Incr(ns)  Path(ns)    Netlist Resource(s)
  -------------------------------------------------------------------    -------------------
                         (clock pll_dac_clk_1x rise edge)
                                                      0.000     0.000 r  
    U18                                               0.000     0.000 r  adc_clk_i[1] (IN)
                         net (fo=0)                   0.000     0.000    adc_clk_i[1]
    U18                  IBUFDS (Prop_ibufds_I_O)     0.983     0.983 r  i_clk/O
                         net (fo=1, routed)           1.306     2.289    pll/adc_clk_in
    PLLE2_ADV_X0Y0       PLLE2_ADV (Prop_plle2_adv_CLKIN1_CLKOUT1)
                                                      0.089     2.378 r  pll/pll/CLKOUT1
                         net (fo=1, routed)           1.754     4.132    pll_dac_clk_1x
    BUFGCTRL_X0Y2        BUFG (Prop_bufg_I_O)         0.101     4.233 r  bufg_dac_clk_1x/O
                         net (fo=45, routed)          1.742     5.975    dac_clk_1x
    SLICE_X42Y57         FDRE                                         r  dac_rst_reg/C
  -------------------------------------------------------------------    -------------------
    SLICE_X42Y57         FDRE (Prop_fdre_C_Q)         0.518     6.493 r  dac_rst_reg/Q
                         net (fo=17, routed)          1.843     8.336    dac_rst
    OLOGIC_X0Y81         ODDR                                         r  oddr_dac_dat[3]/R
  -------------------------------------------------------------------    -------------------

                         (clock pll_dac_clk_1x fall edge)
                                                      4.000     4.000 f  
    U18                                               0.000     4.000 f  adc_clk_i[1] (IN)
                         net (fo=0)                   0.000     4.000    adc_clk_i[1]
    U18                  IBUFDS (Prop_ibufds_I_O)     0.940     4.940 f  i_clk/O
                         net (fo=1, routed)           1.181     6.121    pll/adc_clk_in
    PLLE2_ADV_X0Y0       PLLE2_ADV (Prop_plle2_adv_CLKIN1_CLKOUT1)
                                                      0.084     6.205 f  pll/pll/CLKOUT1
                         net (fo=1, routed)           1.594     7.799    pll_dac_clk_1x
    BUFGCTRL_X0Y2        BUFG (Prop_bufg_I_O)         0.091     7.890 f  bufg_dac_clk_1x/O
                         net (fo=45, routed)          1.538     9.428    dac_clk_1x
    OLOGIC_X0Y81         ODDR                                         f  oddr_dac_dat[3]/C
                         clock pessimism              0.457     9.886    
                         clock uncertainty           -0.069     9.817    
    OLOGIC_X0Y81         ODDR (Setup_oddr_C_R)       -0.798     9.019    oddr_dac_dat[3]
  -------------------------------------------------------------------
                         required time                          9.019    
                         arrival time                          -8.336    
  -------------------------------------------------------------------
                         slack                                  0.682    

Slack (MET) :             0.689ns  (required time - arrival time)
  Source:                 dac_rst_reg/C
                            (rising edge-triggered cell FDRE clocked by pll_dac_clk_1x  {rise@0.000ns fall@4.000ns period=8.000ns})
  Destination:            oddr_dac_dat[12]/R
                            (falling edge-triggered cell ODDR clocked by pll_dac_clk_1x  {rise@0.000ns fall@4.000ns period=8.000ns})
  Path Group:             pll_dac_clk_1x
  Path Type:              Setup (Max at Slow Process Corner)
  Requirement:            4.000ns  (pll_dac_clk_1x fall@4.000ns - pll_dac_clk_1x rise@0.000ns)
  Data Path Delay:        2.360ns  (logic 0.518ns (21.945%)  route 1.842ns (78.055%))
  Logic Levels:           0  
  Clock Path Skew:        -0.084ns (DCD - SCD + CPR)
    Destination Clock Delay (DCD):    5.434ns = ( 9.434 - 4.000 ) 
    Source Clock Delay      (SCD):    5.975ns
    Clock Pessimism Removal (CPR):    0.457ns
  Clock Uncertainty:      0.069ns  ((TSJ^2 + DJ^2)^1/2) / 2 + PE
    Total System Jitter     (TSJ):    0.071ns
    Discrete Jitter          (DJ):    0.118ns
    Phase Error              (PE):    0.000ns

    Location             Delay type                Incr(ns)  Path(ns)    Netlist Resource(s)
  -------------------------------------------------------------------    -------------------
                         (clock pll_dac_clk_1x rise edge)
                                                      0.000     0.000 r  
    U18                                               0.000     0.000 r  adc_clk_i[1] (IN)
                         net (fo=0)                   0.000     0.000    adc_clk_i[1]
    U18                  IBUFDS (Prop_ibufds_I_O)     0.983     0.983 r  i_clk/O
                         net (fo=1, routed)           1.306     2.289    pll/adc_clk_in
    PLLE2_ADV_X0Y0       PLLE2_ADV (Prop_plle2_adv_CLKIN1_CLKOUT1)
                                                      0.089     2.378 r  pll/pll/CLKOUT1
                         net (fo=1, routed)           1.754     4.132    pll_dac_clk_1x
    BUFGCTRL_X0Y2        BUFG (Prop_bufg_I_O)         0.101     4.233 r  bufg_dac_clk_1x/O
                         net (fo=45, routed)          1.742     5.975    dac_clk_1x
    SLICE_X42Y57         FDRE                                         r  dac_rst_reg/C
  -------------------------------------------------------------------    -------------------
    SLICE_X42Y57         FDRE (Prop_fdre_C_Q)         0.518     6.493 r  dac_rst_reg/Q
                         net (fo=17, routed)          1.842     8.336    dac_rst
    OLOGIC_X0Y91         ODDR                                         r  oddr_dac_dat[12]/R
  -------------------------------------------------------------------    -------------------

                         (clock pll_dac_clk_1x fall edge)
                                                      4.000     4.000 f  
    U18                                               0.000     4.000 f  adc_clk_i[1] (IN)
                         net (fo=0)                   0.000     4.000    adc_clk_i[1]
    U18                  IBUFDS (Prop_ibufds_I_O)     0.940     4.940 f  i_clk/O
                         net (fo=1, routed)           1.181     6.121    pll/adc_clk_in
    PLLE2_ADV_X0Y0       PLLE2_ADV (Prop_plle2_adv_CLKIN1_CLKOUT1)
                                                      0.084     6.205 f  pll/pll/CLKOUT1
                         net (fo=1, routed)           1.594     7.799    pll_dac_clk_1x
    BUFGCTRL_X0Y2        BUFG (Prop_bufg_I_O)         0.091     7.890 f  bufg_dac_clk_1x/O
                         net (fo=45, routed)          1.544     9.434    dac_clk_1x
    OLOGIC_X0Y91         ODDR                                         f  oddr_dac_dat[12]/C
                         clock pessimism              0.457     9.892    
                         clock uncertainty           -0.069     9.823    
    OLOGIC_X0Y91         ODDR (Setup_oddr_C_R)       -0.798     9.025    oddr_dac_dat[12]
  -------------------------------------------------------------------
                         required time                          9.025    
                         arrival time                          -8.336    
  -------------------------------------------------------------------
                         slack                                  0.689    

Slack (MET) :             0.709ns  (required time - arrival time)
  Source:                 dac_rst_reg/C
                            (rising edge-triggered cell FDRE clocked by pll_dac_clk_1x  {rise@0.000ns fall@4.000ns period=8.000ns})
  Destination:            oddr_dac_dat[0]/R
                            (falling edge-triggered cell ODDR clocked by pll_dac_clk_1x  {rise@0.000ns fall@4.000ns period=8.000ns})
  Path Group:             pll_dac_clk_1x
  Path Type:              Setup (Max at Slow Process Corner)
  Requirement:            4.000ns  (pll_dac_clk_1x fall@4.000ns - pll_dac_clk_1x rise@0.000ns)
  Data Path Delay:        2.337ns  (logic 0.518ns (22.169%)  route 1.819ns (77.831%))
  Logic Levels:           0  
  Clock Path Skew:        -0.088ns (DCD - SCD + CPR)
    Destination Clock Delay (DCD):    5.430ns = ( 9.430 - 4.000 ) 
    Source Clock Delay      (SCD):    5.975ns
    Clock Pessimism Removal (CPR):    0.457ns
  Clock Uncertainty:      0.069ns  ((TSJ^2 + DJ^2)^1/2) / 2 + PE
    Total System Jitter     (TSJ):    0.071ns
    Discrete Jitter          (DJ):    0.118ns
    Phase Error              (PE):    0.000ns

    Location             Delay type                Incr(ns)  Path(ns)    Netlist Resource(s)
  -------------------------------------------------------------------    -------------------
                         (clock pll_dac_clk_1x rise edge)
                                                      0.000     0.000 r  
    U18                                               0.000     0.000 r  adc_clk_i[1] (IN)
                         net (fo=0)                   0.000     0.000    adc_clk_i[1]
    U18                  IBUFDS (Prop_ibufds_I_O)     0.983     0.983 r  i_clk/O
                         net (fo=1, routed)           1.306     2.289    pll/adc_clk_in
    PLLE2_ADV_X0Y0       PLLE2_ADV (Prop_plle2_adv_CLKIN1_CLKOUT1)
                                                      0.089     2.378 r  pll/pll/CLKOUT1
                         net (fo=1, routed)           1.754     4.132    pll_dac_clk_1x
    BUFGCTRL_X0Y2        BUFG (Prop_bufg_I_O)         0.101     4.233 r  bufg_dac_clk_1x/O
                         net (fo=45, routed)          1.742     5.975    dac_clk_1x
    SLICE_X42Y57         FDRE                                         r  dac_rst_reg/C
  -------------------------------------------------------------------    -------------------
    SLICE_X42Y57         FDRE (Prop_fdre_C_Q)         0.518     6.493 r  dac_rst_reg/Q
                         net (fo=17, routed)          1.819     8.312    dac_rst
    OLOGIC_X0Y86         ODDR                                         r  oddr_dac_dat[0]/R
  -------------------------------------------------------------------    -------------------

                         (clock pll_dac_clk_1x fall edge)
                                                      4.000     4.000 f  
    U18                                               0.000     4.000 f  adc_clk_i[1] (IN)
                         net (fo=0)                   0.000     4.000    adc_clk_i[1]
    U18                  IBUFDS (Prop_ibufds_I_O)     0.940     4.940 f  i_clk/O
                         net (fo=1, routed)           1.181     6.121    pll/adc_clk_in
    PLLE2_ADV_X0Y0       PLLE2_ADV (Prop_plle2_adv_CLKIN1_CLKOUT1)
                                                      0.084     6.205 f  pll/pll/CLKOUT1
                         net (fo=1, routed)           1.594     7.799    pll_dac_clk_1x
    BUFGCTRL_X0Y2        BUFG (Prop_bufg_I_O)         0.091     7.890 f  bufg_dac_clk_1x/O
                         net (fo=45, routed)          1.540     9.430    dac_clk_1x
    OLOGIC_X0Y86         ODDR                                         f  oddr_dac_dat[0]/C
                         clock pessimism              0.457     9.888    
                         clock uncertainty           -0.069     9.819    
    OLOGIC_X0Y86         ODDR (Setup_oddr_C_R)       -0.798     9.021    oddr_dac_dat[0]
  -------------------------------------------------------------------
                         required time                          9.021    
                         arrival time                          -8.312    
  -------------------------------------------------------------------
                         slack                                  0.709    

Slack (MET) :             0.743ns  (required time - arrival time)
  Source:                 dac_rst_reg/C
                            (rising edge-triggered cell FDRE clocked by pll_dac_clk_1x  {rise@0.000ns fall@4.000ns period=8.000ns})
  Destination:            oddr_dac_dat[6]/R
                            (falling edge-triggered cell ODDR clocked by pll_dac_clk_1x  {rise@0.000ns fall@4.000ns period=8.000ns})
  Path Group:             pll_dac_clk_1x
  Path Type:              Setup (Max at Slow Process Corner)
  Requirement:            4.000ns  (pll_dac_clk_1x fall@4.000ns - pll_dac_clk_1x rise@0.000ns)
  Data Path Delay:        2.301ns  (logic 0.518ns (22.510%)  route 1.783ns (77.490%))
  Logic Levels:           0  
  Clock Path Skew:        -0.089ns (DCD - SCD + CPR)
    Destination Clock Delay (DCD):    5.429ns = ( 9.429 - 4.000 ) 
    Source Clock Delay      (SCD):    5.975ns
    Clock Pessimism Removal (CPR):    0.457ns
  Clock Uncertainty:      0.069ns  ((TSJ^2 + DJ^2)^1/2) / 2 + PE
    Total System Jitter     (TSJ):    0.071ns
    Discrete Jitter          (DJ):    0.118ns
    Phase Error              (PE):    0.000ns

    Location             Delay type                Incr(ns)  Path(ns)    Netlist Resource(s)
  -------------------------------------------------------------------    -------------------
                         (clock pll_dac_clk_1x rise edge)
                                                      0.000     0.000 r  
    U18                                               0.000     0.000 r  adc_clk_i[1] (IN)
                         net (fo=0)                   0.000     0.000    adc_clk_i[1]
    U18                  IBUFDS (Prop_ibufds_I_O)     0.983     0.983 r  i_clk/O
                         net (fo=1, routed)           1.306     2.289    pll/adc_clk_in
    PLLE2_ADV_X0Y0       PLLE2_ADV (Prop_plle2_adv_CLKIN1_CLKOUT1)
                                                      0.089     2.378 r  pll/pll/CLKOUT1
                         net (fo=1, routed)           1.754     4.132    pll_dac_clk_1x
    BUFGCTRL_X0Y2        BUFG (Prop_bufg_I_O)         0.101     4.233 r  bufg_dac_clk_1x/O
                         net (fo=45, routed)          1.742     5.975    dac_clk_1x
    SLICE_X42Y57         FDRE                                         r  dac_rst_reg/C
  -------------------------------------------------------------------    -------------------
    SLICE_X42Y57         FDRE (Prop_fdre_C_Q)         0.518     6.493 r  dac_rst_reg/Q
                         net (fo=17, routed)          1.783     8.276    dac_rst
    OLOGIC_X0Y66         ODDR                                         r  oddr_dac_dat[6]/R
  -------------------------------------------------------------------    -------------------

                         (clock pll_dac_clk_1x fall edge)
                                                      4.000     4.000 f  
    U18                                               0.000     4.000 f  adc_clk_i[1] (IN)
                         net (fo=0)                   0.000     4.000    adc_clk_i[1]
    U18                  IBUFDS (Prop_ibufds_I_O)     0.940     4.940 f  i_clk/O
                         net (fo=1, routed)           1.181     6.121    pll/adc_clk_in
    PLLE2_ADV_X0Y0       PLLE2_ADV (Prop_plle2_adv_CLKIN1_CLKOUT1)
                                                      0.084     6.205 f  pll/pll/CLKOUT1
                         net (fo=1, routed)           1.594     7.799    pll_dac_clk_1x
    BUFGCTRL_X0Y2        BUFG (Prop_bufg_I_O)         0.091     7.890 f  bufg_dac_clk_1x/O
                         net (fo=45, routed)          1.539     9.429    dac_clk_1x
    OLOGIC_X0Y66         ODDR                                         f  oddr_dac_dat[6]/C
                         clock pessimism              0.457     9.887    
                         clock uncertainty           -0.069     9.818    
    OLOGIC_X0Y66         ODDR (Setup_oddr_C_R)       -0.798     9.020    oddr_dac_dat[6]
  -------------------------------------------------------------------
                         required time                          9.020    
                         arrival time                          -8.276    
  -------------------------------------------------------------------
                         slack                                  0.743    

Slack (MET) :             0.849ns  (required time - arrival time)
  Source:                 dac_rst_reg/C
                            (rising edge-triggered cell FDRE clocked by pll_dac_clk_1x  {rise@0.000ns fall@4.000ns period=8.000ns})
  Destination:            oddr_dac_dat[11]/R
                            (falling edge-triggered cell ODDR clocked by pll_dac_clk_1x  {rise@0.000ns fall@4.000ns period=8.000ns})
  Path Group:             pll_dac_clk_1x
  Path Type:              Setup (Max at Slow Process Corner)
  Requirement:            4.000ns  (pll_dac_clk_1x fall@4.000ns - pll_dac_clk_1x rise@0.000ns)
  Data Path Delay:        2.192ns  (logic 0.518ns (23.633%)  route 1.674ns (76.367%))
  Logic Levels:           0  
  Clock Path Skew:        -0.093ns (DCD - SCD + CPR)
    Destination Clock Delay (DCD):    5.425ns = ( 9.425 - 4.000 ) 
    Source Clock Delay      (SCD):    5.975ns
    Clock Pessimism Removal (CPR):    0.457ns
  Clock Uncertainty:      0.069ns  ((TSJ^2 + DJ^2)^1/2) / 2 + PE
    Total System Jitter     (TSJ):    0.071ns
    Discrete Jitter          (DJ):    0.118ns
    Phase Error              (PE):    0.000ns

    Location             Delay type                Incr(ns)  Path(ns)    Netlist Resource(s)
  -------------------------------------------------------------------    -------------------
                         (clock pll_dac_clk_1x rise edge)
                                                      0.000     0.000 r  
    U18                                               0.000     0.000 r  adc_clk_i[1] (IN)
                         net (fo=0)                   0.000     0.000    adc_clk_i[1]
    U18                  IBUFDS (Prop_ibufds_I_O)     0.983     0.983 r  i_clk/O
                         net (fo=1, routed)           1.306     2.289    pll/adc_clk_in
    PLLE2_ADV_X0Y0       PLLE2_ADV (Prop_plle2_adv_CLKIN1_CLKOUT1)
                                                      0.089     2.378 r  pll/pll/CLKOUT1
                         net (fo=1, routed)           1.754     4.132    pll_dac_clk_1x
    BUFGCTRL_X0Y2        BUFG (Prop_bufg_I_O)         0.101     4.233 r  bufg_dac_clk_1x/O
                         net (fo=45, routed)          1.742     5.975    dac_clk_1x
    SLICE_X42Y57         FDRE                                         r  dac_rst_reg/C
  -------------------------------------------------------------------    -------------------
    SLICE_X42Y57         FDRE (Prop_fdre_C_Q)         0.518     6.493 r  dac_rst_reg/Q
                         net (fo=17, routed)          1.674     8.167    dac_rst
    OLOGIC_X0Y69         ODDR                                         r  oddr_dac_dat[11]/R
  -------------------------------------------------------------------    -------------------

                         (clock pll_dac_clk_1x fall edge)
                                                      4.000     4.000 f  
    U18                                               0.000     4.000 f  adc_clk_i[1] (IN)
                         net (fo=0)                   0.000     4.000    adc_clk_i[1]
    U18                  IBUFDS (Prop_ibufds_I_O)     0.940     4.940 f  i_clk/O
                         net (fo=1, routed)           1.181     6.121    pll/adc_clk_in
    PLLE2_ADV_X0Y0       PLLE2_ADV (Prop_plle2_adv_CLKIN1_CLKOUT1)
                                                      0.084     6.205 f  pll/pll/CLKOUT1
                         net (fo=1, routed)           1.594     7.799    pll_dac_clk_1x
    BUFGCTRL_X0Y2        BUFG (Prop_bufg_I_O)         0.091     7.890 f  bufg_dac_clk_1x/O
                         net (fo=45, routed)          1.535     9.425    dac_clk_1x
    OLOGIC_X0Y69         ODDR                                         f  oddr_dac_dat[11]/C
                         clock pessimism              0.457     9.883    
                         clock uncertainty           -0.069     9.814    
    OLOGIC_X0Y69         ODDR (Setup_oddr_C_R)       -0.798     9.016    oddr_dac_dat[11]
  -------------------------------------------------------------------
                         required time                          9.016    
                         arrival time                          -8.167    
  -------------------------------------------------------------------
                         slack                                  0.849    

Slack (MET) :             0.853ns  (required time - arrival time)
  Source:                 dac_rst_reg/C
                            (rising edge-triggered cell FDRE clocked by pll_dac_clk_1x  {rise@0.000ns fall@4.000ns period=8.000ns})
  Destination:            oddr_dac_dat[13]/R
                            (falling edge-triggered cell ODDR clocked by pll_dac_clk_1x  {rise@0.000ns fall@4.000ns period=8.000ns})
  Path Group:             pll_dac_clk_1x
  Path Type:              Setup (Max at Slow Process Corner)
  Requirement:            4.000ns  (pll_dac_clk_1x fall@4.000ns - pll_dac_clk_1x rise@0.000ns)
  Data Path Delay:        2.197ns  (logic 0.518ns (23.581%)  route 1.679ns (76.419%))
  Logic Levels:           0  
  Clock Path Skew:        -0.084ns (DCD - SCD + CPR)
    Destination Clock Delay (DCD):    5.434ns = ( 9.434 - 4.000 ) 
    Source Clock Delay      (SCD):    5.975ns
    Clock Pessimism Removal (CPR):    0.457ns
  Clock Uncertainty:      0.069ns  ((TSJ^2 + DJ^2)^1/2) / 2 + PE
    Total System Jitter     (TSJ):    0.071ns
    Discrete Jitter          (DJ):    0.118ns
    Phase Error              (PE):    0.000ns

    Location             Delay type                Incr(ns)  Path(ns)    Netlist Resource(s)
  -------------------------------------------------------------------    -------------------
                         (clock pll_dac_clk_1x rise edge)
                                                      0.000     0.000 r  
    U18                                               0.000     0.000 r  adc_clk_i[1] (IN)
                         net (fo=0)                   0.000     0.000    adc_clk_i[1]
    U18                  IBUFDS (Prop_ibufds_I_O)     0.983     0.983 r  i_clk/O
                         net (fo=1, routed)           1.306     2.289    pll/adc_clk_in
    PLLE2_ADV_X0Y0       PLLE2_ADV (Prop_plle2_adv_CLKIN1_CLKOUT1)
                                                      0.089     2.378 r  pll/pll/CLKOUT1
                         net (fo=1, routed)           1.754     4.132    pll_dac_clk_1x
    BUFGCTRL_X0Y2        BUFG (Prop_bufg_I_O)         0.101     4.233 r  bufg_dac_clk_1x/O
                         net (fo=45, routed)          1.742     5.975    dac_clk_1x
    SLICE_X42Y57         FDRE                                         r  dac_rst_reg/C
  -------------------------------------------------------------------    -------------------
    SLICE_X42Y57         FDRE (Prop_fdre_C_Q)         0.518     6.493 r  dac_rst_reg/Q
                         net (fo=17, routed)          1.679     8.172    dac_rst
    OLOGIC_X0Y92         ODDR                                         r  oddr_dac_dat[13]/R
  -------------------------------------------------------------------    -------------------

                         (clock pll_dac_clk_1x fall edge)
                                                      4.000     4.000 f  
    U18                                               0.000     4.000 f  adc_clk_i[1] (IN)
                         net (fo=0)                   0.000     4.000    adc_clk_i[1]
    U18                  IBUFDS (Prop_ibufds_I_O)     0.940     4.940 f  i_clk/O
                         net (fo=1, routed)           1.181     6.121    pll/adc_clk_in
    PLLE2_ADV_X0Y0       PLLE2_ADV (Prop_plle2_adv_CLKIN1_CLKOUT1)
                                                      0.084     6.205 f  pll/pll/CLKOUT1
                         net (fo=1, routed)           1.594     7.799    pll_dac_clk_1x
    BUFGCTRL_X0Y2        BUFG (Prop_bufg_I_O)         0.091     7.890 f  bufg_dac_clk_1x/O
                         net (fo=45, routed)          1.544     9.434    dac_clk_1x
    OLOGIC_X0Y92         ODDR                                         f  oddr_dac_dat[13]/C
                         clock pessimism              0.457     9.892    
                         clock uncertainty           -0.069     9.823    
    OLOGIC_X0Y92         ODDR (Setup_oddr_C_R)       -0.798     9.025    oddr_dac_dat[13]
  -------------------------------------------------------------------
                         required time                          9.025    
                         arrival time                          -8.172    
  -------------------------------------------------------------------
                         slack                                  0.853    





Min Delay Paths
--------------------------------------------------------------------------------------
Slack (MET) :             0.160ns  (arrival time - required time)
  Source:                 dac_rst_reg/C
                            (rising edge-triggered cell FDRE clocked by pll_dac_clk_1x  {rise@0.000ns fall@4.000ns period=8.000ns})
  Destination:            oddr_dac_sel/R
                            (rising edge-triggered cell ODDR clocked by pll_dac_clk_1x  {rise@0.000ns fall@4.000ns period=8.000ns})
  Path Group:             pll_dac_clk_1x
  Path Type:              Hold (Min at Fast Process Corner)
  Requirement:            0.000ns  (pll_dac_clk_1x rise@0.000ns - pll_dac_clk_1x rise@0.000ns)
  Data Path Delay:        0.666ns  (logic 0.164ns (24.613%)  route 0.502ns (75.387%))
  Logic Levels:           0  
  Clock Path Skew:        0.030ns (DCD - SCD - CPR)
    Destination Clock Delay (DCD):    2.394ns
    Source Clock Delay      (SCD):    2.004ns
    Clock Pessimism Removal (CPR):    0.360ns

    Location             Delay type                Incr(ns)  Path(ns)    Netlist Resource(s)
  -------------------------------------------------------------------    -------------------
                         (clock pll_dac_clk_1x rise edge)
                                                      0.000     0.000 r  
    U18                                               0.000     0.000 r  adc_clk_i[1] (IN)
                         net (fo=0)                   0.000     0.000    adc_clk_i[1]
    U18                  IBUFDS (Prop_ibufds_I_O)     0.401     0.401 r  i_clk/O
                         net (fo=1, routed)           0.440     0.842    pll/adc_clk_in
    PLLE2_ADV_X0Y0       PLLE2_ADV (Prop_plle2_adv_CLKIN1_CLKOUT1)
                                                      0.051     0.893 r  pll/pll/CLKOUT1
                         net (fo=1, routed)           0.497     1.390    pll_dac_clk_1x
    BUFGCTRL_X0Y2        BUFG (Prop_bufg_I_O)         0.026     1.416 r  bufg_dac_clk_1x/O
                         net (fo=45, routed)          0.589     2.004    dac_clk_1x
    SLICE_X42Y57         FDRE                                         r  dac_rst_reg/C
  -------------------------------------------------------------------    -------------------
    SLICE_X42Y57         FDRE (Prop_fdre_C_Q)         0.164     2.168 r  dac_rst_reg/Q
                         net (fo=17, routed)          0.502     2.671    dac_rst
    OLOGIC_X0Y57         ODDR                                         r  oddr_dac_sel/R
  -------------------------------------------------------------------    -------------------

                         (clock pll_dac_clk_1x rise edge)
                                                      0.000     0.000 r  
    U18                                               0.000     0.000 r  adc_clk_i[1] (IN)
                         net (fo=0)                   0.000     0.000    adc_clk_i[1]
    U18                  IBUFDS (Prop_ibufds_I_O)     0.433     0.433 r  i_clk/O
                         net (fo=1, routed)           0.481     0.914    pll/adc_clk_in
    PLLE2_ADV_X0Y0       PLLE2_ADV (Prop_plle2_adv_CLKIN1_CLKOUT1)
                                                      0.054     0.968 r  pll/pll/CLKOUT1
                         net (fo=1, routed)           0.544     1.512    pll_dac_clk_1x
    BUFGCTRL_X0Y2        BUFG (Prop_bufg_I_O)         0.029     1.541 r  bufg_dac_clk_1x/O
                         net (fo=45, routed)          0.853     2.394    dac_clk_1x
    OLOGIC_X0Y57         ODDR                                         r  oddr_dac_sel/C
                         clock pessimism             -0.360     2.034    
    OLOGIC_X0Y57         ODDR (Hold_oddr_C_R)         0.476     2.510    oddr_dac_sel
  -------------------------------------------------------------------
                         required time                         -2.510    
                         arrival time                           2.671    
  -------------------------------------------------------------------
                         slack                                  0.160    

Slack (MET) :             0.345ns  (arrival time - required time)
  Source:                 dac_rst_reg/C
                            (rising edge-triggered cell FDRE clocked by pll_dac_clk_1x  {rise@0.000ns fall@4.000ns period=8.000ns})
  Destination:            oddr_dac_dat[8]/R
                            (rising edge-triggered cell ODDR clocked by pll_dac_clk_1x  {rise@0.000ns fall@4.000ns period=8.000ns})
  Path Group:             pll_dac_clk_1x
  Path Type:              Hold (Min at Fast Process Corner)
  Requirement:            0.000ns  (pll_dac_clk_1x rise@0.000ns - pll_dac_clk_1x rise@0.000ns)
  Data Path Delay:        0.849ns  (logic 0.164ns (19.327%)  route 0.685ns (80.673%))
  Logic Levels:           0  
  Clock Path Skew:        0.028ns (DCD - SCD - CPR)
    Destination Clock Delay (DCD):    2.392ns
    Source Clock Delay      (SCD):    2.004ns
    Clock Pessimism Removal (CPR):    0.360ns

    Location             Delay type                Incr(ns)  Path(ns)    Netlist Resource(s)
  -------------------------------------------------------------------    -------------------
                         (clock pll_dac_clk_1x rise edge)
                                                      0.000     0.000 r  
    U18                                               0.000     0.000 r  adc_clk_i[1] (IN)
                         net (fo=0)                   0.000     0.000    adc_clk_i[1]
    U18                  IBUFDS (Prop_ibufds_I_O)     0.401     0.401 r  i_clk/O
                         net (fo=1, routed)           0.440     0.842    pll/adc_clk_in
    PLLE2_ADV_X0Y0       PLLE2_ADV (Prop_plle2_adv_CLKIN1_CLKOUT1)
                                                      0.051     0.893 r  pll/pll/CLKOUT1
                         net (fo=1, routed)           0.497     1.390    pll_dac_clk_1x
    BUFGCTRL_X0Y2        BUFG (Prop_bufg_I_O)         0.026     1.416 r  bufg_dac_clk_1x/O
                         net (fo=45, routed)          0.589     2.004    dac_clk_1x
    SLICE_X42Y57         FDRE                                         r  dac_rst_reg/C
  -------------------------------------------------------------------    -------------------
    SLICE_X42Y57         FDRE (Prop_fdre_C_Q)         0.164     2.168 r  dac_rst_reg/Q
                         net (fo=17, routed)          0.685     2.853    dac_rst
    OLOGIC_X0Y64         ODDR                                         r  oddr_dac_dat[8]/R
  -------------------------------------------------------------------    -------------------

                         (clock pll_dac_clk_1x rise edge)
                                                      0.000     0.000 r  
    U18                                               0.000     0.000 r  adc_clk_i[1] (IN)
                         net (fo=0)                   0.000     0.000    adc_clk_i[1]
    U18                  IBUFDS (Prop_ibufds_I_O)     0.433     0.433 r  i_clk/O
                         net (fo=1, routed)           0.481     0.914    pll/adc_clk_in
    PLLE2_ADV_X0Y0       PLLE2_ADV (Prop_plle2_adv_CLKIN1_CLKOUT1)
                                                      0.054     0.968 r  pll/pll/CLKOUT1
                         net (fo=1, routed)           0.544     1.512    pll_dac_clk_1x
    BUFGCTRL_X0Y2        BUFG (Prop_bufg_I_O)         0.029     1.541 r  bufg_dac_clk_1x/O
                         net (fo=45, routed)          0.851     2.392    dac_clk_1x
    OLOGIC_X0Y64         ODDR                                         r  oddr_dac_dat[8]/C
                         clock pessimism             -0.360     2.032    
    OLOGIC_X0Y64         ODDR (Hold_oddr_C_R)         0.476     2.508    oddr_dac_dat[8]
  -------------------------------------------------------------------
                         required time                         -2.508    
                         arrival time                           2.853    
  -------------------------------------------------------------------
                         slack                                  0.345    

Slack (MET) :             0.365ns  (arrival time - required time)
  Source:                 dac_rst_reg/C
                            (rising edge-triggered cell FDRE clocked by pll_dac_clk_1x  {rise@0.000ns fall@4.000ns period=8.000ns})
  Destination:            oddr_dac_dat[13]/R
                            (rising edge-triggered cell ODDR clocked by pll_dac_clk_1x  {rise@0.000ns fall@4.000ns period=8.000ns})
  Path Group:             pll_dac_clk_1x
  Path Type:              Hold (Min at Fast Process Corner)
  Requirement:            0.000ns  (pll_dac_clk_1x rise@0.000ns - pll_dac_clk_1x rise@0.000ns)
  Data Path Delay:        0.871ns  (logic 0.164ns (18.836%)  route 0.707ns (81.164%))
  Logic Levels:           0  
  Clock Path Skew:        0.030ns (DCD - SCD - CPR)
    Destination Clock Delay (DCD):    2.394ns
    Source Clock Delay      (SCD):    2.004ns
    Clock Pessimism Removal (CPR):    0.360ns

    Location             Delay type                Incr(ns)  Path(ns)    Netlist Resource(s)
  -------------------------------------------------------------------    -------------------
                         (clock pll_dac_clk_1x rise edge)
                                                      0.000     0.000 r  
    U18                                               0.000     0.000 r  adc_clk_i[1] (IN)
                         net (fo=0)                   0.000     0.000    adc_clk_i[1]
    U18                  IBUFDS (Prop_ibufds_I_O)     0.401     0.401 r  i_clk/O
                         net (fo=1, routed)           0.440     0.842    pll/adc_clk_in
    PLLE2_ADV_X0Y0       PLLE2_ADV (Prop_plle2_adv_CLKIN1_CLKOUT1)
                                                      0.051     0.893 r  pll/pll/CLKOUT1
                         net (fo=1, routed)           0.497     1.390    pll_dac_clk_1x
    BUFGCTRL_X0Y2        BUFG (Prop_bufg_I_O)         0.026     1.416 r  bufg_dac_clk_1x/O
                         net (fo=45, routed)          0.589     2.004    dac_clk_1x
    SLICE_X42Y57         FDRE                                         r  dac_rst_reg/C
  -------------------------------------------------------------------    -------------------
    SLICE_X42Y57         FDRE (Prop_fdre_C_Q)         0.164     2.168 r  dac_rst_reg/Q
                         net (fo=17, routed)          0.707     2.875    dac_rst
    OLOGIC_X0Y92         ODDR                                         r  oddr_dac_dat[13]/R
  -------------------------------------------------------------------    -------------------

                         (clock pll_dac_clk_1x rise edge)
                                                      0.000     0.000 r  
    U18                                               0.000     0.000 r  adc_clk_i[1] (IN)
                         net (fo=0)                   0.000     0.000    adc_clk_i[1]
    U18                  IBUFDS (Prop_ibufds_I_O)     0.433     0.433 r  i_clk/O
                         net (fo=1, routed)           0.481     0.914    pll/adc_clk_in
    PLLE2_ADV_X0Y0       PLLE2_ADV (Prop_plle2_adv_CLKIN1_CLKOUT1)
                                                      0.054     0.968 r  pll/pll/CLKOUT1
                         net (fo=1, routed)           0.544     1.512    pll_dac_clk_1x
    BUFGCTRL_X0Y2        BUFG (Prop_bufg_I_O)         0.029     1.541 r  bufg_dac_clk_1x/O
                         net (fo=45, routed)          0.853     2.394    dac_clk_1x
    OLOGIC_X0Y92         ODDR                                         r  oddr_dac_dat[13]/C
                         clock pessimism             -0.360     2.034    
    OLOGIC_X0Y92         ODDR (Hold_oddr_C_R)         0.476     2.510    oddr_dac_dat[13]
  -------------------------------------------------------------------
                         required time                         -2.510    
                         arrival time                           2.875    
  -------------------------------------------------------------------
                         slack                                  0.365    

Slack (MET) :             0.399ns  (arrival time - required time)
  Source:                 dac_rst_reg/C
                            (rising edge-triggered cell FDRE clocked by pll_dac_clk_1x  {rise@0.000ns fall@4.000ns period=8.000ns})
  Destination:            oddr_dac_dat[9]/R
                            (rising edge-triggered cell ODDR clocked by pll_dac_clk_1x  {rise@0.000ns fall@4.000ns period=8.000ns})
  Path Group:             pll_dac_clk_1x
  Path Type:              Hold (Min at Fast Process Corner)
  Requirement:            0.000ns  (pll_dac_clk_1x rise@0.000ns - pll_dac_clk_1x rise@0.000ns)
  Data Path Delay:        0.903ns  (logic 0.164ns (18.163%)  route 0.739ns (81.837%))
  Logic Levels:           0  
  Clock Path Skew:        0.028ns (DCD - SCD - CPR)
    Destination Clock Delay (DCD):    2.392ns
    Source Clock Delay      (SCD):    2.004ns
    Clock Pessimism Removal (CPR):    0.360ns

    Location             Delay type                Incr(ns)  Path(ns)    Netlist Resource(s)
  -------------------------------------------------------------------    -------------------
                         (clock pll_dac_clk_1x rise edge)
                                                      0.000     0.000 r  
    U18                                               0.000     0.000 r  adc_clk_i[1] (IN)
                         net (fo=0)                   0.000     0.000    adc_clk_i[1]
    U18                  IBUFDS (Prop_ibufds_I_O)     0.401     0.401 r  i_clk/O
                         net (fo=1, routed)           0.440     0.842    pll/adc_clk_in
    PLLE2_ADV_X0Y0       PLLE2_ADV (Prop_plle2_adv_CLKIN1_CLKOUT1)
                                                      0.051     0.893 r  pll/pll/CLKOUT1
                         net (fo=1, routed)           0.497     1.390    pll_dac_clk_1x
    BUFGCTRL_X0Y2        BUFG (Prop_bufg_I_O)         0.026     1.416 r  bufg_dac_clk_1x/O
                         net (fo=45, routed)          0.589     2.004    dac_clk_1x
    SLICE_X42Y57         FDRE                                         r  dac_rst_reg/C
  -------------------------------------------------------------------    -------------------
    SLICE_X42Y57         FDRE (Prop_fdre_C_Q)         0.164     2.168 r  dac_rst_reg/Q
                         net (fo=17, routed)          0.739     2.907    dac_rst
    OLOGIC_X0Y63         ODDR                                         r  oddr_dac_dat[9]/R
  -------------------------------------------------------------------    -------------------

                         (clock pll_dac_clk_1x rise edge)
                                                      0.000     0.000 r  
    U18                                               0.000     0.000 r  adc_clk_i[1] (IN)
                         net (fo=0)                   0.000     0.000    adc_clk_i[1]
    U18                  IBUFDS (Prop_ibufds_I_O)     0.433     0.433 r  i_clk/O
                         net (fo=1, routed)           0.481     0.914    pll/adc_clk_in
    PLLE2_ADV_X0Y0       PLLE2_ADV (Prop_plle2_adv_CLKIN1_CLKOUT1)
                                                      0.054     0.968 r  pll/pll/CLKOUT1
                         net (fo=1, routed)           0.544     1.512    pll_dac_clk_1x
    BUFGCTRL_X0Y2        BUFG (Prop_bufg_I_O)         0.029     1.541 r  bufg_dac_clk_1x/O
                         net (fo=45, routed)          0.851     2.392    dac_clk_1x
    OLOGIC_X0Y63         ODDR                                         r  oddr_dac_dat[9]/C
                         clock pessimism             -0.360     2.032    
    OLOGIC_X0Y63         ODDR (Hold_oddr_C_R)         0.476     2.508    oddr_dac_dat[9]
  -------------------------------------------------------------------
                         required time                         -2.508    
                         arrival time                           2.907    
  -------------------------------------------------------------------
                         slack                                  0.399    

Slack (MET) :             0.415ns  (arrival time - required time)
  Source:                 dac_rst_reg/C
                            (rising edge-triggered cell FDRE clocked by pll_dac_clk_1x  {rise@0.000ns fall@4.000ns period=8.000ns})
  Destination:            oddr_dac_dat[12]/R
                            (rising edge-triggered cell ODDR clocked by pll_dac_clk_1x  {rise@0.000ns fall@4.000ns period=8.000ns})
  Path Group:             pll_dac_clk_1x
  Path Type:              Hold (Min at Fast Process Corner)
  Requirement:            0.000ns  (pll_dac_clk_1x rise@0.000ns - pll_dac_clk_1x rise@0.000ns)
  Data Path Delay:        0.921ns  (logic 0.164ns (17.798%)  route 0.757ns (82.202%))
  Logic Levels:           0  
  Clock Path Skew:        0.030ns (DCD - SCD - CPR)
    Destination Clock Delay (DCD):    2.394ns
    Source Clock Delay      (SCD):    2.004ns
    Clock Pessimism Removal (CPR):    0.360ns

    Location             Delay type                Incr(ns)  Path(ns)    Netlist Resource(s)
  -------------------------------------------------------------------    -------------------
                         (clock pll_dac_clk_1x rise edge)
                                                      0.000     0.000 r  
    U18                                               0.000     0.000 r  adc_clk_i[1] (IN)
                         net (fo=0)                   0.000     0.000    adc_clk_i[1]
    U18                  IBUFDS (Prop_ibufds_I_O)     0.401     0.401 r  i_clk/O
                         net (fo=1, routed)           0.440     0.842    pll/adc_clk_in
    PLLE2_ADV_X0Y0       PLLE2_ADV (Prop_plle2_adv_CLKIN1_CLKOUT1)
                                                      0.051     0.893 r  pll/pll/CLKOUT1
                         net (fo=1, routed)           0.497     1.390    pll_dac_clk_1x
    BUFGCTRL_X0Y2        BUFG (Prop_bufg_I_O)         0.026     1.416 r  bufg_dac_clk_1x/O
                         net (fo=45, routed)          0.589     2.004    dac_clk_1x
    SLICE_X42Y57         FDRE                                         r  dac_rst_reg/C
  -------------------------------------------------------------------    -------------------
    SLICE_X42Y57         FDRE (Prop_fdre_C_Q)         0.164     2.168 r  dac_rst_reg/Q
                         net (fo=17, routed)          0.757     2.926    dac_rst
    OLOGIC_X0Y91         ODDR                                         r  oddr_dac_dat[12]/R
  -------------------------------------------------------------------    -------------------

                         (clock pll_dac_clk_1x rise edge)
                                                      0.000     0.000 r  
    U18                                               0.000     0.000 r  adc_clk_i[1] (IN)
                         net (fo=0)                   0.000     0.000    adc_clk_i[1]
    U18                  IBUFDS (Prop_ibufds_I_O)     0.433     0.433 r  i_clk/O
                         net (fo=1, routed)           0.481     0.914    pll/adc_clk_in
    PLLE2_ADV_X0Y0       PLLE2_ADV (Prop_plle2_adv_CLKIN1_CLKOUT1)
                                                      0.054     0.968 r  pll/pll/CLKOUT1
                         net (fo=1, routed)           0.544     1.512    pll_dac_clk_1x
    BUFGCTRL_X0Y2        BUFG (Prop_bufg_I_O)         0.029     1.541 r  bufg_dac_clk_1x/O
                         net (fo=45, routed)          0.853     2.394    dac_clk_1x
    OLOGIC_X0Y91         ODDR                                         r  oddr_dac_dat[12]/C
                         clock pessimism             -0.360     2.034    
    OLOGIC_X0Y91         ODDR (Hold_oddr_C_R)         0.476     2.510    oddr_dac_dat[12]
  -------------------------------------------------------------------
                         required time                         -2.510    
                         arrival time                           2.926    
  -------------------------------------------------------------------
                         slack                                  0.415    

Slack (MET) :             0.419ns  (arrival time - required time)
  Source:                 dac_rst_reg/C
                            (rising edge-triggered cell FDRE clocked by pll_dac_clk_1x  {rise@0.000ns fall@4.000ns period=8.000ns})
  Destination:            oddr_dac_dat[7]/R
                            (rising edge-triggered cell ODDR clocked by pll_dac_clk_1x  {rise@0.000ns fall@4.000ns period=8.000ns})
  Path Group:             pll_dac_clk_1x
  Path Type:              Hold (Min at Fast Process Corner)
  Requirement:            0.000ns  (pll_dac_clk_1x rise@0.000ns - pll_dac_clk_1x rise@0.000ns)
  Data Path Delay:        0.923ns  (logic 0.164ns (17.760%)  route 0.759ns (82.240%))
  Logic Levels:           0  
  Clock Path Skew:        0.028ns (DCD - SCD - CPR)
    Destination Clock Delay (DCD):    2.392ns
    Source Clock Delay      (SCD):    2.004ns
    Clock Pessimism Removal (CPR):    0.360ns

    Location             Delay type                Incr(ns)  Path(ns)    Netlist Resource(s)
  -------------------------------------------------------------------    -------------------
                         (clock pll_dac_clk_1x rise edge)
                                                      0.000     0.000 r  
    U18                                               0.000     0.000 r  adc_clk_i[1] (IN)
                         net (fo=0)                   0.000     0.000    adc_clk_i[1]
    U18                  IBUFDS (Prop_ibufds_I_O)     0.401     0.401 r  i_clk/O
                         net (fo=1, routed)           0.440     0.842    pll/adc_clk_in
    PLLE2_ADV_X0Y0       PLLE2_ADV (Prop_plle2_adv_CLKIN1_CLKOUT1)
                                                      0.051     0.893 r  pll/pll/CLKOUT1
                         net (fo=1, routed)           0.497     1.390    pll_dac_clk_1x
    BUFGCTRL_X0Y2        BUFG (Prop_bufg_I_O)         0.026     1.416 r  bufg_dac_clk_1x/O
                         net (fo=45, routed)          0.589     2.004    dac_clk_1x
    SLICE_X42Y57         FDRE                                         r  dac_rst_reg/C
  -------------------------------------------------------------------    -------------------
    SLICE_X42Y57         FDRE (Prop_fdre_C_Q)         0.164     2.168 r  dac_rst_reg/Q
                         net (fo=17, routed)          0.759     2.928    dac_rst
    OLOGIC_X0Y65         ODDR                                         r  oddr_dac_dat[7]/R
  -------------------------------------------------------------------    -------------------

                         (clock pll_dac_clk_1x rise edge)
                                                      0.000     0.000 r  
    U18                                               0.000     0.000 r  adc_clk_i[1] (IN)
                         net (fo=0)                   0.000     0.000    adc_clk_i[1]
    U18                  IBUFDS (Prop_ibufds_I_O)     0.433     0.433 r  i_clk/O
                         net (fo=1, routed)           0.481     0.914    pll/adc_clk_in
    PLLE2_ADV_X0Y0       PLLE2_ADV (Prop_plle2_adv_CLKIN1_CLKOUT1)
                                                      0.054     0.968 r  pll/pll/CLKOUT1
                         net (fo=1, routed)           0.544     1.512    pll_dac_clk_1x
    BUFGCTRL_X0Y2        BUFG (Prop_bufg_I_O)         0.029     1.541 r  bufg_dac_clk_1x/O
                         net (fo=45, routed)          0.851     2.392    dac_clk_1x
    OLOGIC_X0Y65         ODDR                                         r  oddr_dac_dat[7]/C
                         clock pessimism             -0.360     2.032    
    OLOGIC_X0Y65         ODDR (Hold_oddr_C_R)         0.476     2.508    oddr_dac_dat[7]
  -------------------------------------------------------------------
                         required time                         -2.508    
                         arrival time                           2.928    
  -------------------------------------------------------------------
                         slack                                  0.419    

Slack (MET) :             0.421ns  (arrival time - required time)
  Source:                 dac_dat_b_reg[8]/C
                            (rising edge-triggered cell FDRE clocked by pll_dac_clk_1x  {rise@0.000ns fall@4.000ns period=8.000ns})
  Destination:            oddr_dac_dat[8]/D1
                            (rising edge-triggered cell ODDR clocked by pll_dac_clk_1x  {rise@0.000ns fall@4.000ns period=8.000ns})
  Path Group:             pll_dac_clk_1x
  Path Type:              Hold (Min at Fast Process Corner)
  Requirement:            0.000ns  (pll_dac_clk_1x rise@0.000ns - pll_dac_clk_1x rise@0.000ns)
  Data Path Delay:        0.358ns  (logic 0.141ns (39.394%)  route 0.217ns (60.606%))
  Logic Levels:           0  
  Clock Path Skew:        0.030ns (DCD - SCD - CPR)
    Destination Clock Delay (DCD):    2.392ns
    Source Clock Delay      (SCD):    2.002ns
    Clock Pessimism Removal (CPR):    0.360ns

    Location             Delay type                Incr(ns)  Path(ns)    Netlist Resource(s)
  -------------------------------------------------------------------    -------------------
                         (clock pll_dac_clk_1x rise edge)
                                                      0.000     0.000 r  
    U18                                               0.000     0.000 r  adc_clk_i[1] (IN)
                         net (fo=0)                   0.000     0.000    adc_clk_i[1]
    U18                  IBUFDS (Prop_ibufds_I_O)     0.401     0.401 r  i_clk/O
                         net (fo=1, routed)           0.440     0.842    pll/adc_clk_in
    PLLE2_ADV_X0Y0       PLLE2_ADV (Prop_plle2_adv_CLKIN1_CLKOUT1)
                                                      0.051     0.893 r  pll/pll/CLKOUT1
                         net (fo=1, routed)           0.497     1.390    pll_dac_clk_1x
    BUFGCTRL_X0Y2        BUFG (Prop_bufg_I_O)         0.026     1.416 r  bufg_dac_clk_1x/O
                         net (fo=45, routed)          0.587     2.002    dac_clk_1x
    SLICE_X43Y62         FDRE                                         r  dac_dat_b_reg[8]/C
  -------------------------------------------------------------------    -------------------
    SLICE_X43Y62         FDRE (Prop_fdre_C_Q)         0.141     2.143 r  dac_dat_b_reg[8]/Q
                         net (fo=1, routed)           0.217     2.360    dac_dat_b[8]
    OLOGIC_X0Y64         ODDR                                         r  oddr_dac_dat[8]/D1
  -------------------------------------------------------------------    -------------------

                         (clock pll_dac_clk_1x rise edge)
                                                      0.000     0.000 r  
    U18                                               0.000     0.000 r  adc_clk_i[1] (IN)
                         net (fo=0)                   0.000     0.000    adc_clk_i[1]
    U18                  IBUFDS (Prop_ibufds_I_O)     0.433     0.433 r  i_clk/O
                         net (fo=1, routed)           0.481     0.914    pll/adc_clk_in
    PLLE2_ADV_X0Y0       PLLE2_ADV (Prop_plle2_adv_CLKIN1_CLKOUT1)
                                                      0.054     0.968 r  pll/pll/CLKOUT1
                         net (fo=1, routed)           0.544     1.512    pll_dac_clk_1x
    BUFGCTRL_X0Y2        BUFG (Prop_bufg_I_O)         0.029     1.541 r  bufg_dac_clk_1x/O
                         net (fo=45, routed)          0.851     2.392    dac_clk_1x
    OLOGIC_X0Y64         ODDR                                         r  oddr_dac_dat[8]/C
                         clock pessimism             -0.360     2.032    
    OLOGIC_X0Y64         ODDR (Hold_oddr_C_D1)       -0.093     1.939    oddr_dac_dat[8]
  -------------------------------------------------------------------
                         required time                         -1.939    
                         arrival time                           2.360    
  -------------------------------------------------------------------
                         slack                                  0.421    

Slack (MET) :             0.439ns  (arrival time - required time)
  Source:                 dac_rst_reg/C
                            (rising edge-triggered cell FDRE clocked by pll_dac_clk_1x  {rise@0.000ns fall@4.000ns period=8.000ns})
  Destination:            oddr_dac_dat[10]/R
                            (rising edge-triggered cell ODDR clocked by pll_dac_clk_1x  {rise@0.000ns fall@4.000ns period=8.000ns})
  Path Group:             pll_dac_clk_1x
  Path Type:              Hold (Min at Fast Process Corner)
  Requirement:            0.000ns  (pll_dac_clk_1x rise@0.000ns - pll_dac_clk_1x rise@0.000ns)
  Data Path Delay:        0.939ns  (logic 0.164ns (17.460%)  route 0.775ns (82.540%))
  Logic Levels:           0  
  Clock Path Skew:        0.024ns (DCD - SCD - CPR)
    Destination Clock Delay (DCD):    2.388ns
    Source Clock Delay      (SCD):    2.004ns
    Clock Pessimism Removal (CPR):    0.360ns

    Location             Delay type                Incr(ns)  Path(ns)    Netlist Resource(s)
  -------------------------------------------------------------------    -------------------
                         (clock pll_dac_clk_1x rise edge)
                                                      0.000     0.000 r  
    U18                                               0.000     0.000 r  adc_clk_i[1] (IN)
                         net (fo=0)                   0.000     0.000    adc_clk_i[1]
    U18                  IBUFDS (Prop_ibufds_I_O)     0.401     0.401 r  i_clk/O
                         net (fo=1, routed)           0.440     0.842    pll/adc_clk_in
    PLLE2_ADV_X0Y0       PLLE2_ADV (Prop_plle2_adv_CLKIN1_CLKOUT1)
                                                      0.051     0.893 r  pll/pll/CLKOUT1
                         net (fo=1, routed)           0.497     1.390    pll_dac_clk_1x
    BUFGCTRL_X0Y2        BUFG (Prop_bufg_I_O)         0.026     1.416 r  bufg_dac_clk_1x/O
                         net (fo=45, routed)          0.589     2.004    dac_clk_1x
    SLICE_X42Y57         FDRE                                         r  dac_rst_reg/C
  -------------------------------------------------------------------    -------------------
    SLICE_X42Y57         FDRE (Prop_fdre_C_Q)         0.164     2.168 r  dac_rst_reg/Q
                         net (fo=17, routed)          0.775     2.944    dac_rst
    OLOGIC_X0Y70         ODDR                                         r  oddr_dac_dat[10]/R
  -------------------------------------------------------------------    -------------------

                         (clock pll_dac_clk_1x rise edge)
                                                      0.000     0.000 r  
    U18                                               0.000     0.000 r  adc_clk_i[1] (IN)
                         net (fo=0)                   0.000     0.000    adc_clk_i[1]
    U18                  IBUFDS (Prop_ibufds_I_O)     0.433     0.433 r  i_clk/O
                         net (fo=1, routed)           0.481     0.914    pll/adc_clk_in
    PLLE2_ADV_X0Y0       PLLE2_ADV (Prop_plle2_adv_CLKIN1_CLKOUT1)
                                                      0.054     0.968 r  pll/pll/CLKOUT1
                         net (fo=1, routed)           0.544     1.512    pll_dac_clk_1x
    BUFGCTRL_X0Y2        BUFG (Prop_bufg_I_O)         0.029     1.541 r  bufg_dac_clk_1x/O
                         net (fo=45, routed)          0.847     2.388    dac_clk_1x
    OLOGIC_X0Y70         ODDR                                         r  oddr_dac_dat[10]/C
                         clock pessimism             -0.360     2.028    
    OLOGIC_X0Y70         ODDR (Hold_oddr_C_R)         0.476     2.504    oddr_dac_dat[10]
  -------------------------------------------------------------------
                         required time                         -2.504    
                         arrival time                           2.944    
  -------------------------------------------------------------------
                         slack                                  0.439    

Slack (MET) :             0.445ns  (arrival time - required time)
  Source:                 dac_rst_reg/C
                            (rising edge-triggered cell FDRE clocked by pll_dac_clk_1x  {rise@0.000ns fall@4.000ns period=8.000ns})
  Destination:            oddr_dac_dat[11]/R
                            (rising edge-triggered cell ODDR clocked by pll_dac_clk_1x  {rise@0.000ns fall@4.000ns period=8.000ns})
  Path Group:             pll_dac_clk_1x
  Path Type:              Hold (Min at Fast Process Corner)
  Requirement:            0.000ns  (pll_dac_clk_1x rise@0.000ns - pll_dac_clk_1x rise@0.000ns)
  Data Path Delay:        0.945ns  (logic 0.164ns (17.358%)  route 0.781ns (82.642%))
  Logic Levels:           0  
  Clock Path Skew:        0.024ns (DCD - SCD - CPR)
    Destination Clock Delay (DCD):    2.388ns
    Source Clock Delay      (SCD):    2.004ns
    Clock Pessimism Removal (CPR):    0.360ns

    Location             Delay type                Incr(ns)  Path(ns)    Netlist Resource(s)
  -------------------------------------------------------------------    -------------------
                         (clock pll_dac_clk_1x rise edge)
                                                      0.000     0.000 r  
    U18                                               0.000     0.000 r  adc_clk_i[1] (IN)
                         net (fo=0)                   0.000     0.000    adc_clk_i[1]
    U18                  IBUFDS (Prop_ibufds_I_O)     0.401     0.401 r  i_clk/O
                         net (fo=1, routed)           0.440     0.842    pll/adc_clk_in
    PLLE2_ADV_X0Y0       PLLE2_ADV (Prop_plle2_adv_CLKIN1_CLKOUT1)
                                                      0.051     0.893 r  pll/pll/CLKOUT1
                         net (fo=1, routed)           0.497     1.390    pll_dac_clk_1x
    BUFGCTRL_X0Y2        BUFG (Prop_bufg_I_O)         0.026     1.416 r  bufg_dac_clk_1x/O
                         net (fo=45, routed)          0.589     2.004    dac_clk_1x
    SLICE_X42Y57         FDRE                                         r  dac_rst_reg/C
  -------------------------------------------------------------------    -------------------
    SLICE_X42Y57         FDRE (Prop_fdre_C_Q)         0.164     2.168 r  dac_rst_reg/Q
                         net (fo=17, routed)          0.781     2.949    dac_rst
    OLOGIC_X0Y69         ODDR                                         r  oddr_dac_dat[11]/R
  -------------------------------------------------------------------    -------------------

                         (clock pll_dac_clk_1x rise edge)
                                                      0.000     0.000 r  
    U18                                               0.000     0.000 r  adc_clk_i[1] (IN)
                         net (fo=0)                   0.000     0.000    adc_clk_i[1]
    U18                  IBUFDS (Prop_ibufds_I_O)     0.433     0.433 r  i_clk/O
                         net (fo=1, routed)           0.481     0.914    pll/adc_clk_in
    PLLE2_ADV_X0Y0       PLLE2_ADV (Prop_plle2_adv_CLKIN1_CLKOUT1)
                                                      0.054     0.968 r  pll/pll/CLKOUT1
                         net (fo=1, routed)           0.544     1.512    pll_dac_clk_1x
    BUFGCTRL_X0Y2        BUFG (Prop_bufg_I_O)         0.029     1.541 r  bufg_dac_clk_1x/O
                         net (fo=45, routed)          0.847     2.388    dac_clk_1x
    OLOGIC_X0Y69         ODDR                                         r  oddr_dac_dat[11]/C
                         clock pessimism             -0.360     2.028    
    OLOGIC_X0Y69         ODDR (Hold_oddr_C_R)         0.476     2.504    oddr_dac_dat[11]
  -------------------------------------------------------------------
                         required time                         -2.504    
                         arrival time                           2.949    
  -------------------------------------------------------------------
                         slack                                  0.445    

Slack (MET) :             0.450ns  (arrival time - required time)
  Source:                 dac_rst_reg/C
                            (rising edge-triggered cell FDRE clocked by pll_dac_clk_1x  {rise@0.000ns fall@4.000ns period=8.000ns})
  Destination:            oddr_dac_dat[0]/R
                            (rising edge-triggered cell ODDR clocked by pll_dac_clk_1x  {rise@0.000ns fall@4.000ns period=8.000ns})
  Path Group:             pll_dac_clk_1x
  Path Type:              Hold (Min at Fast Process Corner)
  Requirement:            0.000ns  (pll_dac_clk_1x rise@0.000ns - pll_dac_clk_1x rise@0.000ns)
  Data Path Delay:        0.954ns  (logic 0.164ns (17.198%)  route 0.790ns (82.802%))
  Logic Levels:           0  
  Clock Path Skew:        0.028ns (DCD - SCD - CPR)
    Destination Clock Delay (DCD):    2.392ns
    Source Clock Delay      (SCD):    2.004ns
    Clock Pessimism Removal (CPR):    0.360ns

    Location             Delay type                Incr(ns)  Path(ns)    Netlist Resource(s)
  -------------------------------------------------------------------    -------------------
                         (clock pll_dac_clk_1x rise edge)
                                                      0.000     0.000 r  
    U18                                               0.000     0.000 r  adc_clk_i[1] (IN)
                         net (fo=0)                   0.000     0.000    adc_clk_i[1]
    U18                  IBUFDS (Prop_ibufds_I_O)     0.401     0.401 r  i_clk/O
                         net (fo=1, routed)           0.440     0.842    pll/adc_clk_in
    PLLE2_ADV_X0Y0       PLLE2_ADV (Prop_plle2_adv_CLKIN1_CLKOUT1)
                                                      0.051     0.893 r  pll/pll/CLKOUT1
                         net (fo=1, routed)           0.497     1.390    pll_dac_clk_1x
    BUFGCTRL_X0Y2        BUFG (Prop_bufg_I_O)         0.026     1.416 r  bufg_dac_clk_1x/O
                         net (fo=45, routed)          0.589     2.004    dac_clk_1x
    SLICE_X42Y57         FDRE                                         r  dac_rst_reg/C
  -------------------------------------------------------------------    -------------------
    SLICE_X42Y57         FDRE (Prop_fdre_C_Q)         0.164     2.168 r  dac_rst_reg/Q
                         net (fo=17, routed)          0.790     2.958    dac_rst
    OLOGIC_X0Y86         ODDR                                         r  oddr_dac_dat[0]/R
  -------------------------------------------------------------------    -------------------

                         (clock pll_dac_clk_1x rise edge)
                                                      0.000     0.000 r  
    U18                                               0.000     0.000 r  adc_clk_i[1] (IN)
                         net (fo=0)                   0.000     0.000    adc_clk_i[1]
    U18                  IBUFDS (Prop_ibufds_I_O)     0.433     0.433 r  i_clk/O
                         net (fo=1, routed)           0.481     0.914    pll/adc_clk_in
    PLLE2_ADV_X0Y0       PLLE2_ADV (Prop_plle2_adv_CLKIN1_CLKOUT1)
                                                      0.054     0.968 r  pll/pll/CLKOUT1
                         net (fo=1, routed)           0.544     1.512    pll_dac_clk_1x
    BUFGCTRL_X0Y2        BUFG (Prop_bufg_I_O)         0.029     1.541 r  bufg_dac_clk_1x/O
                         net (fo=45, routed)          0.851     2.392    dac_clk_1x
    OLOGIC_X0Y86         ODDR                                         r  oddr_dac_dat[0]/C
                         clock pessimism             -0.360     2.032    
    OLOGIC_X0Y86         ODDR (Hold_oddr_C_R)         0.476     2.508    oddr_dac_dat[0]
  -------------------------------------------------------------------
                         required time                         -2.508    
                         arrival time                           2.958    
  -------------------------------------------------------------------
                         slack                                  0.450    





Pulse Width Checks
--------------------------------------------------------------------------------------
Clock Name:         pll_dac_clk_1x
Waveform(ns):       { 0.000 4.000 }
Period(ns):         8.000
Sources:            { pll/pll/CLKOUT1 }

Check Type        Corner  Lib Pin            Reference Pin  Required(ns)  Actual(ns)  Slack(ns)  Location        Pin
Min Period        n/a     BUFG/I             n/a            2.155         8.000       5.845      BUFGCTRL_X0Y2   bufg_dac_clk_1x/I
Min Period        n/a     ODDR/C             n/a            1.474         8.000       6.526      OLOGIC_X0Y86    oddr_dac_dat[0]/C
Min Period        n/a     ODDR/C             n/a            1.474         8.000       6.526      OLOGIC_X0Y70    oddr_dac_dat[10]/C
Min Period        n/a     ODDR/C             n/a            1.474         8.000       6.526      OLOGIC_X0Y69    oddr_dac_dat[11]/C
Min Period        n/a     ODDR/C             n/a            1.474         8.000       6.526      OLOGIC_X0Y91    oddr_dac_dat[12]/C
Min Period        n/a     ODDR/C             n/a            1.474         8.000       6.526      OLOGIC_X0Y92    oddr_dac_dat[13]/C
Min Period        n/a     ODDR/C             n/a            1.474         8.000       6.526      OLOGIC_X0Y85    oddr_dac_dat[1]/C
Min Period        n/a     ODDR/C             n/a            1.474         8.000       6.526      OLOGIC_X0Y82    oddr_dac_dat[2]/C
Min Period        n/a     ODDR/C             n/a            1.474         8.000       6.526      OLOGIC_X0Y81    oddr_dac_dat[3]/C
Min Period        n/a     ODDR/C             n/a            1.474         8.000       6.526      OLOGIC_X0Y80    oddr_dac_dat[4]/C
Max Period        n/a     PLLE2_ADV/CLKOUT1  n/a            160.000       8.000       152.000    PLLE2_ADV_X0Y0  pll/pll/CLKOUT1
Low Pulse Width   Slow    FDRE/C             n/a            0.500         4.000       3.500      SLICE_X42Y57    dac_rst_reg/C
Low Pulse Width   Fast    FDRE/C             n/a            0.500         4.000       3.500      SLICE_X42Y64    dac_dat_a_reg[10]/C
Low Pulse Width   Fast    FDRE/C             n/a            0.500         4.000       3.500      SLICE_X42Y64    dac_dat_a_reg[11]/C
Low Pulse Width   Slow    FDRE/C             n/a            0.500         4.000       3.500      SLICE_X43Y81    dac_dat_a_reg[12]/C
Low Pulse Width   Slow    FDRE/C             n/a            0.500         4.000       3.500      SLICE_X42Y81    dac_dat_a_reg[13]/C
Low Pulse Width   Slow    FDRE/C             n/a            0.500         4.000       3.500      SLICE_X42Y68    dac_dat_a_reg[2]/C
Low Pulse Width   Fast    FDRE/C             n/a            0.500         4.000       3.500      SLICE_X42Y64    dac_dat_a_reg[4]/C
Low Pulse Width   Slow    FDRE/C             n/a            0.500         4.000       3.500      SLICE_X42Y68    dac_dat_a_reg[5]/C
Low Pulse Width   Fast    FDRE/C             n/a            0.500         4.000       3.500      SLICE_X42Y63    dac_dat_a_reg[7]/C
Low Pulse Width   Fast    FDRE/C             n/a            0.500         4.000       3.500      SLICE_X42Y63    dac_dat_a_reg[8]/C
High Pulse Width  Slow    FDRE/C             n/a            0.500         4.000       3.500      SLICE_X42Y67    dac_dat_a_reg[3]/C
High Pulse Width  Slow    FDRE/C             n/a            0.500         4.000       3.500      SLICE_X43Y76    dac_dat_a_reg[0]/C
High Pulse Width  Fast    FDRE/C             n/a            0.500         4.000       3.500      SLICE_X43Y76    dac_dat_a_reg[0]/C
High Pulse Width  Slow    FDRE/C             n/a            0.500         4.000       3.500      SLICE_X42Y64    dac_dat_a_reg[10]/C
High Pulse Width  Fast    FDRE/C             n/a            0.500         4.000       3.500      SLICE_X42Y64    dac_dat_a_reg[10]/C
High Pulse Width  Slow    FDRE/C             n/a            0.500         4.000       3.500      SLICE_X42Y64    dac_dat_a_reg[11]/C
High Pulse Width  Fast    FDRE/C             n/a            0.500         4.000       3.500      SLICE_X42Y64    dac_dat_a_reg[11]/C
High Pulse Width  Fast    FDRE/C             n/a            0.500         4.000       3.500      SLICE_X43Y81    dac_dat_a_reg[12]/C
High Pulse Width  Fast    FDRE/C             n/a            0.500         4.000       3.500      SLICE_X42Y81    dac_dat_a_reg[13]/C
High Pulse Width  Slow    FDRE/C             n/a            0.500         4.000       3.500      SLICE_X43Y76    dac_dat_a_reg[1]/C



---------------------------------------------------------------------------------------------------
From Clock:  pll_dac_clk_2p
  To Clock:  pll_dac_clk_2p

Setup :           NA  Failing Endpoints,  Worst Slack           NA  ,  Total Violation           NA
Hold  :           NA  Failing Endpoints,  Worst Slack           NA  ,  Total Violation           NA
PW    :            0  Failing Endpoints,  Worst Slack        1.845ns,  Total Violation        0.000ns
---------------------------------------------------------------------------------------------------


Pulse Width Checks
--------------------------------------------------------------------------------------
Clock Name:         pll_dac_clk_2p
Waveform(ns):       { -0.500 1.500 }
Period(ns):         4.000
Sources:            { pll/pll/CLKOUT3 }

Check Type  Corner  Lib Pin            Reference Pin  Required(ns)  Actual(ns)  Slack(ns)  Location        Pin
Min Period  n/a     BUFG/I             n/a            2.155         4.000       1.845      BUFGCTRL_X0Y3   bufg_dac_clk_2p/I
Min Period  n/a     ODDR/C             n/a            1.474         4.000       2.526      OLOGIC_X0Y83    oddr_dac_clk/C
Min Period  n/a     PLLE2_ADV/CLKOUT3  n/a            1.249         4.000       2.751      PLLE2_ADV_X0Y0  pll/pll/CLKOUT3
Max Period  n/a     PLLE2_ADV/CLKOUT3  n/a            160.000       4.000       156.000    PLLE2_ADV_X0Y0  pll/pll/CLKOUT3



---------------------------------------------------------------------------------------------------
From Clock:  pll_dac_clk_2x
  To Clock:  pll_dac_clk_2x

Setup :           NA  Failing Endpoints,  Worst Slack           NA  ,  Total Violation           NA
Hold  :           NA  Failing Endpoints,  Worst Slack           NA  ,  Total Violation           NA
PW    :            0  Failing Endpoints,  Worst Slack        1.845ns,  Total Violation        0.000ns
---------------------------------------------------------------------------------------------------


Pulse Width Checks
--------------------------------------------------------------------------------------
Clock Name:         pll_dac_clk_2x
Waveform(ns):       { 0.000 2.000 }
Period(ns):         4.000
Sources:            { pll/pll/CLKOUT2 }

Check Type  Corner  Lib Pin            Reference Pin  Required(ns)  Actual(ns)  Slack(ns)  Location        Pin
Min Period  n/a     BUFG/I             n/a            2.155         4.000       1.845      BUFGCTRL_X0Y4   bufg_dac_clk_2x/I
Min Period  n/a     ODDR/C             n/a            1.474         4.000       2.526      OLOGIC_X0Y84    oddr_dac_wrt/C
Min Period  n/a     PLLE2_ADV/CLKOUT2  n/a            1.249         4.000       2.751      PLLE2_ADV_X0Y0  pll/pll/CLKOUT2
Max Period  n/a     PLLE2_ADV/CLKOUT2  n/a            160.000       4.000       156.000    PLLE2_ADV_X0Y0  pll/pll/CLKOUT2



---------------------------------------------------------------------------------------------------
From Clock:  clk_fpga_0
  To Clock:  clk_fpga_0

Setup :            0  Failing Endpoints,  Worst Slack        4.505ns,  Total Violation        0.000ns
Hold  :            0  Failing Endpoints,  Worst Slack        0.117ns,  Total Violation        0.000ns
PW    :            0  Failing Endpoints,  Worst Slack        3.500ns,  Total Violation        0.000ns
---------------------------------------------------------------------------------------------------


Max Delay Paths
--------------------------------------------------------------------------------------
Slack (MET) :             4.505ns  (required time - arrival time)
  Source:                 locked_pll_cnt_reg[5]/C
                            (rising edge-triggered cell FDRE clocked by clk_fpga_0  {rise@0.000ns fall@4.000ns period=8.000ns})
  Destination:            locked_pll_cnt_reg[29]/D
                            (rising edge-triggered cell FDRE clocked by clk_fpga_0  {rise@0.000ns fall@4.000ns period=8.000ns})
  Path Group:             clk_fpga_0
  Path Type:              Setup (Max at Slow Process Corner)
  Requirement:            8.000ns  (clk_fpga_0 rise@8.000ns - clk_fpga_0 rise@0.000ns)
  Data Path Delay:        3.244ns  (logic 2.034ns (62.706%)  route 1.210ns (37.294%))
  Logic Levels:           7  (CARRY4=7)
  Clock Path Skew:        -0.188ns (DCD - SCD + CPR)
    Destination Clock Delay (DCD):    2.733ns = ( 10.733 - 8.000 ) 
    Source Clock Delay      (SCD):    3.037ns
    Clock Pessimism Removal (CPR):    0.116ns
  Clock Uncertainty:      0.125ns  ((TSJ^2 + TIJ^2)^1/2 + DJ) / 2 + PE
    Total System Jitter     (TSJ):    0.071ns
    Total Input Jitter      (TIJ):    0.240ns
    Discrete Jitter          (DJ):    0.000ns
    Phase Error              (PE):    0.000ns

    Location             Delay type                Incr(ns)  Path(ns)    Netlist Resource(s)
  -------------------------------------------------------------------    -------------------
                         (clock clk_fpga_0 rise edge)
                                                      0.000     0.000 r  
    PS7_X0Y0             PS7                          0.000     0.000 r  ps/system_i/processing_system7/inst/PS7_i/FCLKCLK[0]
                         net (fo=1, routed)           1.207     1.207    ps/lopt
    BUFGCTRL_X0Y5        BUFG (Prop_bufg_I_O)         0.101     1.308 r  ps/fclk_buf[0]/O
                         net (fo=32, routed)          1.729     3.037    fclk
    SLICE_X2Y49          FDRE                                         r  locked_pll_cnt_reg[5]/C
  -------------------------------------------------------------------    -------------------
    SLICE_X2Y49          FDRE (Prop_fdre_C_Q)         0.456     3.493 r  locked_pll_cnt_reg[5]/Q
                         net (fo=2, routed)           1.209     4.702    locked_pll_cnt_reg[5]
    SLICE_X2Y49          CARRY4 (Prop_carry4_S[1]_CO[3])
                                                      0.674     5.376 r  locked_pll_cnt_reg[4]_i_1/CO[3]
                         net (fo=1, routed)           0.001     5.377    locked_pll_cnt_reg[4]_i_1_n_0
    SLICE_X2Y50          CARRY4 (Prop_carry4_CI_CO[3])
                                                      0.114     5.491 r  locked_pll_cnt_reg[8]_i_1/CO[3]
                         net (fo=1, routed)           0.000     5.491    locked_pll_cnt_reg[8]_i_1_n_0
    SLICE_X2Y51          CARRY4 (Prop_carry4_CI_CO[3])
                                                      0.114     5.605 r  locked_pll_cnt_reg[12]_i_1/CO[3]
                         net (fo=1, routed)           0.000     5.605    locked_pll_cnt_reg[12]_i_1_n_0
    SLICE_X2Y52          CARRY4 (Prop_carry4_CI_CO[3])
                                                      0.114     5.719 r  locked_pll_cnt_reg[16]_i_1/CO[3]
                         net (fo=1, routed)           0.000     5.719    locked_pll_cnt_reg[16]_i_1_n_0
    SLICE_X2Y53          CARRY4 (Prop_carry4_CI_CO[3])
                                                      0.114     5.833 r  locked_pll_cnt_reg[20]_i_1/CO[3]
                         net (fo=1, routed)           0.000     5.833    locked_pll_cnt_reg[20]_i_1_n_0
    SLICE_X2Y54          CARRY4 (Prop_carry4_CI_CO[3])
                                                      0.114     5.947 r  locked_pll_cnt_reg[24]_i_1/CO[3]
                         net (fo=1, routed)           0.000     5.947    locked_pll_cnt_reg[24]_i_1_n_0
    SLICE_X2Y55          CARRY4 (Prop_carry4_CI_O[1])
                                                      0.334     6.281 r  locked_pll_cnt_reg[28]_i_1/O[1]
                         net (fo=1, routed)           0.000     6.281    locked_pll_cnt_reg[28]_i_1_n_6
    SLICE_X2Y55          FDRE                                         r  locked_pll_cnt_reg[29]/D
  -------------------------------------------------------------------    -------------------

                         (clock clk_fpga_0 rise edge)
                                                      8.000     8.000 r  
    PS7_X0Y0             PS7                          0.000     8.000 r  ps/system_i/processing_system7/inst/PS7_i/FCLKCLK[0]
                         net (fo=1, routed)           1.101     9.101    ps/lopt
    BUFGCTRL_X0Y5        BUFG (Prop_bufg_I_O)         0.091     9.192 r  ps/fclk_buf[0]/O
                         net (fo=32, routed)          1.541    10.733    fclk
    SLICE_X2Y55          FDRE                                         r  locked_pll_cnt_reg[29]/C
                         clock pessimism              0.116    10.849    
                         clock uncertainty           -0.125    10.724    
    SLICE_X2Y55          FDRE (Setup_fdre_C_D)        0.062    10.786    locked_pll_cnt_reg[29]
  -------------------------------------------------------------------
                         required time                         10.786    
                         arrival time                          -6.281    
  -------------------------------------------------------------------
                         slack                                  4.505    

Slack (MET) :             4.526ns  (required time - arrival time)
  Source:                 locked_pll_cnt_reg[5]/C
                            (rising edge-triggered cell FDRE clocked by clk_fpga_0  {rise@0.000ns fall@4.000ns period=8.000ns})
  Destination:            locked_pll_cnt_reg[31]/D
                            (rising edge-triggered cell FDRE clocked by clk_fpga_0  {rise@0.000ns fall@4.000ns period=8.000ns})
  Path Group:             clk_fpga_0
  Path Type:              Setup (Max at Slow Process Corner)
  Requirement:            8.000ns  (clk_fpga_0 rise@8.000ns - clk_fpga_0 rise@0.000ns)
  Data Path Delay:        3.223ns  (logic 2.013ns (62.463%)  route 1.210ns (37.537%))
  Logic Levels:           7  (CARRY4=7)
  Clock Path Skew:        -0.188ns (DCD - SCD + CPR)
    Destination Clock Delay (DCD):    2.733ns = ( 10.733 - 8.000 ) 
    Source Clock Delay      (SCD):    3.037ns
    Clock Pessimism Removal (CPR):    0.116ns
  Clock Uncertainty:      0.125ns  ((TSJ^2 + TIJ^2)^1/2 + DJ) / 2 + PE
    Total System Jitter     (TSJ):    0.071ns
    Total Input Jitter      (TIJ):    0.240ns
    Discrete Jitter          (DJ):    0.000ns
    Phase Error              (PE):    0.000ns

    Location             Delay type                Incr(ns)  Path(ns)    Netlist Resource(s)
  -------------------------------------------------------------------    -------------------
                         (clock clk_fpga_0 rise edge)
                                                      0.000     0.000 r  
    PS7_X0Y0             PS7                          0.000     0.000 r  ps/system_i/processing_system7/inst/PS7_i/FCLKCLK[0]
                         net (fo=1, routed)           1.207     1.207    ps/lopt
    BUFGCTRL_X0Y5        BUFG (Prop_bufg_I_O)         0.101     1.308 r  ps/fclk_buf[0]/O
                         net (fo=32, routed)          1.729     3.037    fclk
    SLICE_X2Y49          FDRE                                         r  locked_pll_cnt_reg[5]/C
  -------------------------------------------------------------------    -------------------
    SLICE_X2Y49          FDRE (Prop_fdre_C_Q)         0.456     3.493 r  locked_pll_cnt_reg[5]/Q
                         net (fo=2, routed)           1.209     4.702    locked_pll_cnt_reg[5]
    SLICE_X2Y49          CARRY4 (Prop_carry4_S[1]_CO[3])
                                                      0.674     5.376 r  locked_pll_cnt_reg[4]_i_1/CO[3]
                         net (fo=1, routed)           0.001     5.377    locked_pll_cnt_reg[4]_i_1_n_0
    SLICE_X2Y50          CARRY4 (Prop_carry4_CI_CO[3])
                                                      0.114     5.491 r  locked_pll_cnt_reg[8]_i_1/CO[3]
                         net (fo=1, routed)           0.000     5.491    locked_pll_cnt_reg[8]_i_1_n_0
    SLICE_X2Y51          CARRY4 (Prop_carry4_CI_CO[3])
                                                      0.114     5.605 r  locked_pll_cnt_reg[12]_i_1/CO[3]
                         net (fo=1, routed)           0.000     5.605    locked_pll_cnt_reg[12]_i_1_n_0
    SLICE_X2Y52          CARRY4 (Prop_carry4_CI_CO[3])
                                                      0.114     5.719 r  locked_pll_cnt_reg[16]_i_1/CO[3]
                         net (fo=1, routed)           0.000     5.719    locked_pll_cnt_reg[16]_i_1_n_0
    SLICE_X2Y53          CARRY4 (Prop_carry4_CI_CO[3])
                                                      0.114     5.833 r  locked_pll_cnt_reg[20]_i_1/CO[3]
                         net (fo=1, routed)           0.000     5.833    locked_pll_cnt_reg[20]_i_1_n_0
    SLICE_X2Y54          CARRY4 (Prop_carry4_CI_CO[3])
                                                      0.114     5.947 r  locked_pll_cnt_reg[24]_i_1/CO[3]
                         net (fo=1, routed)           0.000     5.947    locked_pll_cnt_reg[24]_i_1_n_0
    SLICE_X2Y55          CARRY4 (Prop_carry4_CI_O[3])
                                                      0.313     6.260 r  locked_pll_cnt_reg[28]_i_1/O[3]
                         net (fo=1, routed)           0.000     6.260    locked_pll_cnt_reg[28]_i_1_n_4
    SLICE_X2Y55          FDRE                                         r  locked_pll_cnt_reg[31]/D
  -------------------------------------------------------------------    -------------------

                         (clock clk_fpga_0 rise edge)
                                                      8.000     8.000 r  
    PS7_X0Y0             PS7                          0.000     8.000 r  ps/system_i/processing_system7/inst/PS7_i/FCLKCLK[0]
                         net (fo=1, routed)           1.101     9.101    ps/lopt
    BUFGCTRL_X0Y5        BUFG (Prop_bufg_I_O)         0.091     9.192 r  ps/fclk_buf[0]/O
                         net (fo=32, routed)          1.541    10.733    fclk
    SLICE_X2Y55          FDRE                                         r  locked_pll_cnt_reg[31]/C
                         clock pessimism              0.116    10.849    
                         clock uncertainty           -0.125    10.724    
    SLICE_X2Y55          FDRE (Setup_fdre_C_D)        0.062    10.786    locked_pll_cnt_reg[31]
  -------------------------------------------------------------------
                         required time                         10.786    
                         arrival time                          -6.260    
  -------------------------------------------------------------------
                         slack                                  4.526    

Slack (MET) :             4.600ns  (required time - arrival time)
  Source:                 locked_pll_cnt_reg[5]/C
                            (rising edge-triggered cell FDRE clocked by clk_fpga_0  {rise@0.000ns fall@4.000ns period=8.000ns})
  Destination:            locked_pll_cnt_reg[30]/D
                            (rising edge-triggered cell FDRE clocked by clk_fpga_0  {rise@0.000ns fall@4.000ns period=8.000ns})
  Path Group:             clk_fpga_0
  Path Type:              Setup (Max at Slow Process Corner)
  Requirement:            8.000ns  (clk_fpga_0 rise@8.000ns - clk_fpga_0 rise@0.000ns)
  Data Path Delay:        3.149ns  (logic 1.939ns (61.581%)  route 1.210ns (38.419%))
  Logic Levels:           7  (CARRY4=7)
  Clock Path Skew:        -0.188ns (DCD - SCD + CPR)
    Destination Clock Delay (DCD):    2.733ns = ( 10.733 - 8.000 ) 
    Source Clock Delay      (SCD):    3.037ns
    Clock Pessimism Removal (CPR):    0.116ns
  Clock Uncertainty:      0.125ns  ((TSJ^2 + TIJ^2)^1/2 + DJ) / 2 + PE
    Total System Jitter     (TSJ):    0.071ns
    Total Input Jitter      (TIJ):    0.240ns
    Discrete Jitter          (DJ):    0.000ns
    Phase Error              (PE):    0.000ns

    Location             Delay type                Incr(ns)  Path(ns)    Netlist Resource(s)
  -------------------------------------------------------------------    -------------------
                         (clock clk_fpga_0 rise edge)
                                                      0.000     0.000 r  
    PS7_X0Y0             PS7                          0.000     0.000 r  ps/system_i/processing_system7/inst/PS7_i/FCLKCLK[0]
                         net (fo=1, routed)           1.207     1.207    ps/lopt
    BUFGCTRL_X0Y5        BUFG (Prop_bufg_I_O)         0.101     1.308 r  ps/fclk_buf[0]/O
                         net (fo=32, routed)          1.729     3.037    fclk
    SLICE_X2Y49          FDRE                                         r  locked_pll_cnt_reg[5]/C
  -------------------------------------------------------------------    -------------------
    SLICE_X2Y49          FDRE (Prop_fdre_C_Q)         0.456     3.493 r  locked_pll_cnt_reg[5]/Q
                         net (fo=2, routed)           1.209     4.702    locked_pll_cnt_reg[5]
    SLICE_X2Y49          CARRY4 (Prop_carry4_S[1]_CO[3])
                                                      0.674     5.376 r  locked_pll_cnt_reg[4]_i_1/CO[3]
                         net (fo=1, routed)           0.001     5.377    locked_pll_cnt_reg[4]_i_1_n_0
    SLICE_X2Y50          CARRY4 (Prop_carry4_CI_CO[3])
                                                      0.114     5.491 r  locked_pll_cnt_reg[8]_i_1/CO[3]
                         net (fo=1, routed)           0.000     5.491    locked_pll_cnt_reg[8]_i_1_n_0
    SLICE_X2Y51          CARRY4 (Prop_carry4_CI_CO[3])
                                                      0.114     5.605 r  locked_pll_cnt_reg[12]_i_1/CO[3]
                         net (fo=1, routed)           0.000     5.605    locked_pll_cnt_reg[12]_i_1_n_0
    SLICE_X2Y52          CARRY4 (Prop_carry4_CI_CO[3])
                                                      0.114     5.719 r  locked_pll_cnt_reg[16]_i_1/CO[3]
                         net (fo=1, routed)           0.000     5.719    locked_pll_cnt_reg[16]_i_1_n_0
    SLICE_X2Y53          CARRY4 (Prop_carry4_CI_CO[3])
                                                      0.114     5.833 r  locked_pll_cnt_reg[20]_i_1/CO[3]
                         net (fo=1, routed)           0.000     5.833    locked_pll_cnt_reg[20]_i_1_n_0
    SLICE_X2Y54          CARRY4 (Prop_carry4_CI_CO[3])
                                                      0.114     5.947 r  locked_pll_cnt_reg[24]_i_1/CO[3]
                         net (fo=1, routed)           0.000     5.947    locked_pll_cnt_reg[24]_i_1_n_0
    SLICE_X2Y55          CARRY4 (Prop_carry4_CI_O[2])
                                                      0.239     6.186 r  locked_pll_cnt_reg[28]_i_1/O[2]
                         net (fo=1, routed)           0.000     6.186    locked_pll_cnt_reg[28]_i_1_n_5
    SLICE_X2Y55          FDRE                                         r  locked_pll_cnt_reg[30]/D
  -------------------------------------------------------------------    -------------------

                         (clock clk_fpga_0 rise edge)
                                                      8.000     8.000 r  
    PS7_X0Y0             PS7                          0.000     8.000 r  ps/system_i/processing_system7/inst/PS7_i/FCLKCLK[0]
                         net (fo=1, routed)           1.101     9.101    ps/lopt
    BUFGCTRL_X0Y5        BUFG (Prop_bufg_I_O)         0.091     9.192 r  ps/fclk_buf[0]/O
                         net (fo=32, routed)          1.541    10.733    fclk
    SLICE_X2Y55          FDRE                                         r  locked_pll_cnt_reg[30]/C
                         clock pessimism              0.116    10.849    
                         clock uncertainty           -0.125    10.724    
    SLICE_X2Y55          FDRE (Setup_fdre_C_D)        0.062    10.786    locked_pll_cnt_reg[30]
  -------------------------------------------------------------------
                         required time                         10.786    
                         arrival time                          -6.186    
  -------------------------------------------------------------------
                         slack                                  4.600    

Slack (MET) :             4.616ns  (required time - arrival time)
  Source:                 locked_pll_cnt_reg[5]/C
                            (rising edge-triggered cell FDRE clocked by clk_fpga_0  {rise@0.000ns fall@4.000ns period=8.000ns})
  Destination:            locked_pll_cnt_reg[28]/D
                            (rising edge-triggered cell FDRE clocked by clk_fpga_0  {rise@0.000ns fall@4.000ns period=8.000ns})
  Path Group:             clk_fpga_0
  Path Type:              Setup (Max at Slow Process Corner)
  Requirement:            8.000ns  (clk_fpga_0 rise@8.000ns - clk_fpga_0 rise@0.000ns)
  Data Path Delay:        3.133ns  (logic 1.923ns (61.384%)  route 1.210ns (38.616%))
  Logic Levels:           7  (CARRY4=7)
  Clock Path Skew:        -0.188ns (DCD - SCD + CPR)
    Destination Clock Delay (DCD):    2.733ns = ( 10.733 - 8.000 ) 
    Source Clock Delay      (SCD):    3.037ns
    Clock Pessimism Removal (CPR):    0.116ns
  Clock Uncertainty:      0.125ns  ((TSJ^2 + TIJ^2)^1/2 + DJ) / 2 + PE
    Total System Jitter     (TSJ):    0.071ns
    Total Input Jitter      (TIJ):    0.240ns
    Discrete Jitter          (DJ):    0.000ns
    Phase Error              (PE):    0.000ns

    Location             Delay type                Incr(ns)  Path(ns)    Netlist Resource(s)
  -------------------------------------------------------------------    -------------------
                         (clock clk_fpga_0 rise edge)
                                                      0.000     0.000 r  
    PS7_X0Y0             PS7                          0.000     0.000 r  ps/system_i/processing_system7/inst/PS7_i/FCLKCLK[0]
                         net (fo=1, routed)           1.207     1.207    ps/lopt
    BUFGCTRL_X0Y5        BUFG (Prop_bufg_I_O)         0.101     1.308 r  ps/fclk_buf[0]/O
                         net (fo=32, routed)          1.729     3.037    fclk
    SLICE_X2Y49          FDRE                                         r  locked_pll_cnt_reg[5]/C
  -------------------------------------------------------------------    -------------------
    SLICE_X2Y49          FDRE (Prop_fdre_C_Q)         0.456     3.493 r  locked_pll_cnt_reg[5]/Q
                         net (fo=2, routed)           1.209     4.702    locked_pll_cnt_reg[5]
    SLICE_X2Y49          CARRY4 (Prop_carry4_S[1]_CO[3])
                                                      0.674     5.376 r  locked_pll_cnt_reg[4]_i_1/CO[3]
                         net (fo=1, routed)           0.001     5.377    locked_pll_cnt_reg[4]_i_1_n_0
    SLICE_X2Y50          CARRY4 (Prop_carry4_CI_CO[3])
                                                      0.114     5.491 r  locked_pll_cnt_reg[8]_i_1/CO[3]
                         net (fo=1, routed)           0.000     5.491    locked_pll_cnt_reg[8]_i_1_n_0
    SLICE_X2Y51          CARRY4 (Prop_carry4_CI_CO[3])
                                                      0.114     5.605 r  locked_pll_cnt_reg[12]_i_1/CO[3]
                         net (fo=1, routed)           0.000     5.605    locked_pll_cnt_reg[12]_i_1_n_0
    SLICE_X2Y52          CARRY4 (Prop_carry4_CI_CO[3])
                                                      0.114     5.719 r  locked_pll_cnt_reg[16]_i_1/CO[3]
                         net (fo=1, routed)           0.000     5.719    locked_pll_cnt_reg[16]_i_1_n_0
    SLICE_X2Y53          CARRY4 (Prop_carry4_CI_CO[3])
                                                      0.114     5.833 r  locked_pll_cnt_reg[20]_i_1/CO[3]
                         net (fo=1, routed)           0.000     5.833    locked_pll_cnt_reg[20]_i_1_n_0
    SLICE_X2Y54          CARRY4 (Prop_carry4_CI_CO[3])
                                                      0.114     5.947 r  locked_pll_cnt_reg[24]_i_1/CO[3]
                         net (fo=1, routed)           0.000     5.947    locked_pll_cnt_reg[24]_i_1_n_0
    SLICE_X2Y55          CARRY4 (Prop_carry4_CI_O[0])
                                                      0.223     6.170 r  locked_pll_cnt_reg[28]_i_1/O[0]
                         net (fo=1, routed)           0.000     6.170    locked_pll_cnt_reg[28]_i_1_n_7
    SLICE_X2Y55          FDRE                                         r  locked_pll_cnt_reg[28]/D
  -------------------------------------------------------------------    -------------------

                         (clock clk_fpga_0 rise edge)
                                                      8.000     8.000 r  
    PS7_X0Y0             PS7                          0.000     8.000 r  ps/system_i/processing_system7/inst/PS7_i/FCLKCLK[0]
                         net (fo=1, routed)           1.101     9.101    ps/lopt
    BUFGCTRL_X0Y5        BUFG (Prop_bufg_I_O)         0.091     9.192 r  ps/fclk_buf[0]/O
                         net (fo=32, routed)          1.541    10.733    fclk
    SLICE_X2Y55          FDRE                                         r  locked_pll_cnt_reg[28]/C
                         clock pessimism              0.116    10.849    
                         clock uncertainty           -0.125    10.724    
    SLICE_X2Y55          FDRE (Setup_fdre_C_D)        0.062    10.786    locked_pll_cnt_reg[28]
  -------------------------------------------------------------------
                         required time                         10.786    
                         arrival time                          -6.170    
  -------------------------------------------------------------------
                         slack                                  4.616    

Slack (MET) :             4.619ns  (required time - arrival time)
  Source:                 locked_pll_cnt_reg[5]/C
                            (rising edge-triggered cell FDRE clocked by clk_fpga_0  {rise@0.000ns fall@4.000ns period=8.000ns})
  Destination:            locked_pll_cnt_reg[25]/D
                            (rising edge-triggered cell FDRE clocked by clk_fpga_0  {rise@0.000ns fall@4.000ns period=8.000ns})
  Path Group:             clk_fpga_0
  Path Type:              Setup (Max at Slow Process Corner)
  Requirement:            8.000ns  (clk_fpga_0 rise@8.000ns - clk_fpga_0 rise@0.000ns)
  Data Path Delay:        3.130ns  (logic 1.920ns (61.347%)  route 1.210ns (38.653%))
  Logic Levels:           6  (CARRY4=6)
  Clock Path Skew:        -0.188ns (DCD - SCD + CPR)
    Destination Clock Delay (DCD):    2.733ns = ( 10.733 - 8.000 ) 
    Source Clock Delay      (SCD):    3.037ns
    Clock Pessimism Removal (CPR):    0.116ns
  Clock Uncertainty:      0.125ns  ((TSJ^2 + TIJ^2)^1/2 + DJ) / 2 + PE
    Total System Jitter     (TSJ):    0.071ns
    Total Input Jitter      (TIJ):    0.240ns
    Discrete Jitter          (DJ):    0.000ns
    Phase Error              (PE):    0.000ns

    Location             Delay type                Incr(ns)  Path(ns)    Netlist Resource(s)
  -------------------------------------------------------------------    -------------------
                         (clock clk_fpga_0 rise edge)
                                                      0.000     0.000 r  
    PS7_X0Y0             PS7                          0.000     0.000 r  ps/system_i/processing_system7/inst/PS7_i/FCLKCLK[0]
                         net (fo=1, routed)           1.207     1.207    ps/lopt
    BUFGCTRL_X0Y5        BUFG (Prop_bufg_I_O)         0.101     1.308 r  ps/fclk_buf[0]/O
                         net (fo=32, routed)          1.729     3.037    fclk
    SLICE_X2Y49          FDRE                                         r  locked_pll_cnt_reg[5]/C
  -------------------------------------------------------------------    -------------------
    SLICE_X2Y49          FDRE (Prop_fdre_C_Q)         0.456     3.493 r  locked_pll_cnt_reg[5]/Q
                         net (fo=2, routed)           1.209     4.702    locked_pll_cnt_reg[5]
    SLICE_X2Y49          CARRY4 (Prop_carry4_S[1]_CO[3])
                                                      0.674     5.376 r  locked_pll_cnt_reg[4]_i_1/CO[3]
                         net (fo=1, routed)           0.001     5.377    locked_pll_cnt_reg[4]_i_1_n_0
    SLICE_X2Y50          CARRY4 (Prop_carry4_CI_CO[3])
                                                      0.114     5.491 r  locked_pll_cnt_reg[8]_i_1/CO[3]
                         net (fo=1, routed)           0.000     5.491    locked_pll_cnt_reg[8]_i_1_n_0
    SLICE_X2Y51          CARRY4 (Prop_carry4_CI_CO[3])
                                                      0.114     5.605 r  locked_pll_cnt_reg[12]_i_1/CO[3]
                         net (fo=1, routed)           0.000     5.605    locked_pll_cnt_reg[12]_i_1_n_0
    SLICE_X2Y52          CARRY4 (Prop_carry4_CI_CO[3])
                                                      0.114     5.719 r  locked_pll_cnt_reg[16]_i_1/CO[3]
                         net (fo=1, routed)           0.000     5.719    locked_pll_cnt_reg[16]_i_1_n_0
    SLICE_X2Y53          CARRY4 (Prop_carry4_CI_CO[3])
                                                      0.114     5.833 r  locked_pll_cnt_reg[20]_i_1/CO[3]
                         net (fo=1, routed)           0.000     5.833    locked_pll_cnt_reg[20]_i_1_n_0
    SLICE_X2Y54          CARRY4 (Prop_carry4_CI_O[1])
                                                      0.334     6.167 r  locked_pll_cnt_reg[24]_i_1/O[1]
                         net (fo=1, routed)           0.000     6.167    locked_pll_cnt_reg[24]_i_1_n_6
    SLICE_X2Y54          FDRE                                         r  locked_pll_cnt_reg[25]/D
  -------------------------------------------------------------------    -------------------

                         (clock clk_fpga_0 rise edge)
                                                      8.000     8.000 r  
    PS7_X0Y0             PS7                          0.000     8.000 r  ps/system_i/processing_system7/inst/PS7_i/FCLKCLK[0]
                         net (fo=1, routed)           1.101     9.101    ps/lopt
    BUFGCTRL_X0Y5        BUFG (Prop_bufg_I_O)         0.091     9.192 r  ps/fclk_buf[0]/O
                         net (fo=32, routed)          1.541    10.733    fclk
    SLICE_X2Y54          FDRE                                         r  locked_pll_cnt_reg[25]/C
                         clock pessimism              0.116    10.849    
                         clock uncertainty           -0.125    10.724    
    SLICE_X2Y54          FDRE (Setup_fdre_C_D)        0.062    10.786    locked_pll_cnt_reg[25]
  -------------------------------------------------------------------
                         required time                         10.786    
                         arrival time                          -6.167    
  -------------------------------------------------------------------
                         slack                                  4.619    

Slack (MET) :             4.640ns  (required time - arrival time)
  Source:                 locked_pll_cnt_reg[5]/C
                            (rising edge-triggered cell FDRE clocked by clk_fpga_0  {rise@0.000ns fall@4.000ns period=8.000ns})
  Destination:            locked_pll_cnt_reg[27]/D
                            (rising edge-triggered cell FDRE clocked by clk_fpga_0  {rise@0.000ns fall@4.000ns period=8.000ns})
  Path Group:             clk_fpga_0
  Path Type:              Setup (Max at Slow Process Corner)
  Requirement:            8.000ns  (clk_fpga_0 rise@8.000ns - clk_fpga_0 rise@0.000ns)
  Data Path Delay:        3.109ns  (logic 1.899ns (61.086%)  route 1.210ns (38.914%))
  Logic Levels:           6  (CARRY4=6)
  Clock Path Skew:        -0.188ns (DCD - SCD + CPR)
    Destination Clock Delay (DCD):    2.733ns = ( 10.733 - 8.000 ) 
    Source Clock Delay      (SCD):    3.037ns
    Clock Pessimism Removal (CPR):    0.116ns
  Clock Uncertainty:      0.125ns  ((TSJ^2 + TIJ^2)^1/2 + DJ) / 2 + PE
    Total System Jitter     (TSJ):    0.071ns
    Total Input Jitter      (TIJ):    0.240ns
    Discrete Jitter          (DJ):    0.000ns
    Phase Error              (PE):    0.000ns

    Location             Delay type                Incr(ns)  Path(ns)    Netlist Resource(s)
  -------------------------------------------------------------------    -------------------
                         (clock clk_fpga_0 rise edge)
                                                      0.000     0.000 r  
    PS7_X0Y0             PS7                          0.000     0.000 r  ps/system_i/processing_system7/inst/PS7_i/FCLKCLK[0]
                         net (fo=1, routed)           1.207     1.207    ps/lopt
    BUFGCTRL_X0Y5        BUFG (Prop_bufg_I_O)         0.101     1.308 r  ps/fclk_buf[0]/O
                         net (fo=32, routed)          1.729     3.037    fclk
    SLICE_X2Y49          FDRE                                         r  locked_pll_cnt_reg[5]/C
  -------------------------------------------------------------------    -------------------
    SLICE_X2Y49          FDRE (Prop_fdre_C_Q)         0.456     3.493 r  locked_pll_cnt_reg[5]/Q
                         net (fo=2, routed)           1.209     4.702    locked_pll_cnt_reg[5]
    SLICE_X2Y49          CARRY4 (Prop_carry4_S[1]_CO[3])
                                                      0.674     5.376 r  locked_pll_cnt_reg[4]_i_1/CO[3]
                         net (fo=1, routed)           0.001     5.377    locked_pll_cnt_reg[4]_i_1_n_0
    SLICE_X2Y50          CARRY4 (Prop_carry4_CI_CO[3])
                                                      0.114     5.491 r  locked_pll_cnt_reg[8]_i_1/CO[3]
                         net (fo=1, routed)           0.000     5.491    locked_pll_cnt_reg[8]_i_1_n_0
    SLICE_X2Y51          CARRY4 (Prop_carry4_CI_CO[3])
                                                      0.114     5.605 r  locked_pll_cnt_reg[12]_i_1/CO[3]
                         net (fo=1, routed)           0.000     5.605    locked_pll_cnt_reg[12]_i_1_n_0
    SLICE_X2Y52          CARRY4 (Prop_carry4_CI_CO[3])
                                                      0.114     5.719 r  locked_pll_cnt_reg[16]_i_1/CO[3]
                         net (fo=1, routed)           0.000     5.719    locked_pll_cnt_reg[16]_i_1_n_0
    SLICE_X2Y53          CARRY4 (Prop_carry4_CI_CO[3])
                                                      0.114     5.833 r  locked_pll_cnt_reg[20]_i_1/CO[3]
                         net (fo=1, routed)           0.000     5.833    locked_pll_cnt_reg[20]_i_1_n_0
    SLICE_X2Y54          CARRY4 (Prop_carry4_CI_O[3])
                                                      0.313     6.146 r  locked_pll_cnt_reg[24]_i_1/O[3]
                         net (fo=1, routed)           0.000     6.146    locked_pll_cnt_reg[24]_i_1_n_4
    SLICE_X2Y54          FDRE                                         r  locked_pll_cnt_reg[27]/D
  -------------------------------------------------------------------    -------------------

                         (clock clk_fpga_0 rise edge)
                                                      8.000     8.000 r  
    PS7_X0Y0             PS7                          0.000     8.000 r  ps/system_i/processing_system7/inst/PS7_i/FCLKCLK[0]
                         net (fo=1, routed)           1.101     9.101    ps/lopt
    BUFGCTRL_X0Y5        BUFG (Prop_bufg_I_O)         0.091     9.192 r  ps/fclk_buf[0]/O
                         net (fo=32, routed)          1.541    10.733    fclk
    SLICE_X2Y54          FDRE                                         r  locked_pll_cnt_reg[27]/C
                         clock pessimism              0.116    10.849    
                         clock uncertainty           -0.125    10.724    
    SLICE_X2Y54          FDRE (Setup_fdre_C_D)        0.062    10.786    locked_pll_cnt_reg[27]
  -------------------------------------------------------------------
                         required time                         10.786    
                         arrival time                          -6.146    
  -------------------------------------------------------------------
                         slack                                  4.640    

Slack (MET) :             4.714ns  (required time - arrival time)
  Source:                 locked_pll_cnt_reg[5]/C
                            (rising edge-triggered cell FDRE clocked by clk_fpga_0  {rise@0.000ns fall@4.000ns period=8.000ns})
  Destination:            locked_pll_cnt_reg[26]/D
                            (rising edge-triggered cell FDRE clocked by clk_fpga_0  {rise@0.000ns fall@4.000ns period=8.000ns})
  Path Group:             clk_fpga_0
  Path Type:              Setup (Max at Slow Process Corner)
  Requirement:            8.000ns  (clk_fpga_0 rise@8.000ns - clk_fpga_0 rise@0.000ns)
  Data Path Delay:        3.035ns  (logic 1.825ns (60.137%)  route 1.210ns (39.863%))
  Logic Levels:           6  (CARRY4=6)
  Clock Path Skew:        -0.188ns (DCD - SCD + CPR)
    Destination Clock Delay (DCD):    2.733ns = ( 10.733 - 8.000 ) 
    Source Clock Delay      (SCD):    3.037ns
    Clock Pessimism Removal (CPR):    0.116ns
  Clock Uncertainty:      0.125ns  ((TSJ^2 + TIJ^2)^1/2 + DJ) / 2 + PE
    Total System Jitter     (TSJ):    0.071ns
    Total Input Jitter      (TIJ):    0.240ns
    Discrete Jitter          (DJ):    0.000ns
    Phase Error              (PE):    0.000ns

    Location             Delay type                Incr(ns)  Path(ns)    Netlist Resource(s)
  -------------------------------------------------------------------    -------------------
                         (clock clk_fpga_0 rise edge)
                                                      0.000     0.000 r  
    PS7_X0Y0             PS7                          0.000     0.000 r  ps/system_i/processing_system7/inst/PS7_i/FCLKCLK[0]
                         net (fo=1, routed)           1.207     1.207    ps/lopt
    BUFGCTRL_X0Y5        BUFG (Prop_bufg_I_O)         0.101     1.308 r  ps/fclk_buf[0]/O
                         net (fo=32, routed)          1.729     3.037    fclk
    SLICE_X2Y49          FDRE                                         r  locked_pll_cnt_reg[5]/C
  -------------------------------------------------------------------    -------------------
    SLICE_X2Y49          FDRE (Prop_fdre_C_Q)         0.456     3.493 r  locked_pll_cnt_reg[5]/Q
                         net (fo=2, routed)           1.209     4.702    locked_pll_cnt_reg[5]
    SLICE_X2Y49          CARRY4 (Prop_carry4_S[1]_CO[3])
                                                      0.674     5.376 r  locked_pll_cnt_reg[4]_i_1/CO[3]
                         net (fo=1, routed)           0.001     5.377    locked_pll_cnt_reg[4]_i_1_n_0
    SLICE_X2Y50          CARRY4 (Prop_carry4_CI_CO[3])
                                                      0.114     5.491 r  locked_pll_cnt_reg[8]_i_1/CO[3]
                         net (fo=1, routed)           0.000     5.491    locked_pll_cnt_reg[8]_i_1_n_0
    SLICE_X2Y51          CARRY4 (Prop_carry4_CI_CO[3])
                                                      0.114     5.605 r  locked_pll_cnt_reg[12]_i_1/CO[3]
                         net (fo=1, routed)           0.000     5.605    locked_pll_cnt_reg[12]_i_1_n_0
    SLICE_X2Y52          CARRY4 (Prop_carry4_CI_CO[3])
                                                      0.114     5.719 r  locked_pll_cnt_reg[16]_i_1/CO[3]
                         net (fo=1, routed)           0.000     5.719    locked_pll_cnt_reg[16]_i_1_n_0
    SLICE_X2Y53          CARRY4 (Prop_carry4_CI_CO[3])
                                                      0.114     5.833 r  locked_pll_cnt_reg[20]_i_1/CO[3]
                         net (fo=1, routed)           0.000     5.833    locked_pll_cnt_reg[20]_i_1_n_0
    SLICE_X2Y54          CARRY4 (Prop_carry4_CI_O[2])
                                                      0.239     6.072 r  locked_pll_cnt_reg[24]_i_1/O[2]
                         net (fo=1, routed)           0.000     6.072    locked_pll_cnt_reg[24]_i_1_n_5
    SLICE_X2Y54          FDRE                                         r  locked_pll_cnt_reg[26]/D
  -------------------------------------------------------------------    -------------------

                         (clock clk_fpga_0 rise edge)
                                                      8.000     8.000 r  
    PS7_X0Y0             PS7                          0.000     8.000 r  ps/system_i/processing_system7/inst/PS7_i/FCLKCLK[0]
                         net (fo=1, routed)           1.101     9.101    ps/lopt
    BUFGCTRL_X0Y5        BUFG (Prop_bufg_I_O)         0.091     9.192 r  ps/fclk_buf[0]/O
                         net (fo=32, routed)          1.541    10.733    fclk
    SLICE_X2Y54          FDRE                                         r  locked_pll_cnt_reg[26]/C
                         clock pessimism              0.116    10.849    
                         clock uncertainty           -0.125    10.724    
    SLICE_X2Y54          FDRE (Setup_fdre_C_D)        0.062    10.786    locked_pll_cnt_reg[26]
  -------------------------------------------------------------------
                         required time                         10.786    
                         arrival time                          -6.072    
  -------------------------------------------------------------------
                         slack                                  4.714    

Slack (MET) :             4.730ns  (required time - arrival time)
  Source:                 locked_pll_cnt_reg[5]/C
                            (rising edge-triggered cell FDRE clocked by clk_fpga_0  {rise@0.000ns fall@4.000ns period=8.000ns})
  Destination:            locked_pll_cnt_reg[24]/D
                            (rising edge-triggered cell FDRE clocked by clk_fpga_0  {rise@0.000ns fall@4.000ns period=8.000ns})
  Path Group:             clk_fpga_0
  Path Type:              Setup (Max at Slow Process Corner)
  Requirement:            8.000ns  (clk_fpga_0 rise@8.000ns - clk_fpga_0 rise@0.000ns)
  Data Path Delay:        3.019ns  (logic 1.809ns (59.926%)  route 1.210ns (40.074%))
  Logic Levels:           6  (CARRY4=6)
  Clock Path Skew:        -0.188ns (DCD - SCD + CPR)
    Destination Clock Delay (DCD):    2.733ns = ( 10.733 - 8.000 ) 
    Source Clock Delay      (SCD):    3.037ns
    Clock Pessimism Removal (CPR):    0.116ns
  Clock Uncertainty:      0.125ns  ((TSJ^2 + TIJ^2)^1/2 + DJ) / 2 + PE
    Total System Jitter     (TSJ):    0.071ns
    Total Input Jitter      (TIJ):    0.240ns
    Discrete Jitter          (DJ):    0.000ns
    Phase Error              (PE):    0.000ns

    Location             Delay type                Incr(ns)  Path(ns)    Netlist Resource(s)
  -------------------------------------------------------------------    -------------------
                         (clock clk_fpga_0 rise edge)
                                                      0.000     0.000 r  
    PS7_X0Y0             PS7                          0.000     0.000 r  ps/system_i/processing_system7/inst/PS7_i/FCLKCLK[0]
                         net (fo=1, routed)           1.207     1.207    ps/lopt
    BUFGCTRL_X0Y5        BUFG (Prop_bufg_I_O)         0.101     1.308 r  ps/fclk_buf[0]/O
                         net (fo=32, routed)          1.729     3.037    fclk
    SLICE_X2Y49          FDRE                                         r  locked_pll_cnt_reg[5]/C
  -------------------------------------------------------------------    -------------------
    SLICE_X2Y49          FDRE (Prop_fdre_C_Q)         0.456     3.493 r  locked_pll_cnt_reg[5]/Q
                         net (fo=2, routed)           1.209     4.702    locked_pll_cnt_reg[5]
    SLICE_X2Y49          CARRY4 (Prop_carry4_S[1]_CO[3])
                                                      0.674     5.376 r  locked_pll_cnt_reg[4]_i_1/CO[3]
                         net (fo=1, routed)           0.001     5.377    locked_pll_cnt_reg[4]_i_1_n_0
    SLICE_X2Y50          CARRY4 (Prop_carry4_CI_CO[3])
                                                      0.114     5.491 r  locked_pll_cnt_reg[8]_i_1/CO[3]
                         net (fo=1, routed)           0.000     5.491    locked_pll_cnt_reg[8]_i_1_n_0
    SLICE_X2Y51          CARRY4 (Prop_carry4_CI_CO[3])
                                                      0.114     5.605 r  locked_pll_cnt_reg[12]_i_1/CO[3]
                         net (fo=1, routed)           0.000     5.605    locked_pll_cnt_reg[12]_i_1_n_0
    SLICE_X2Y52          CARRY4 (Prop_carry4_CI_CO[3])
                                                      0.114     5.719 r  locked_pll_cnt_reg[16]_i_1/CO[3]
                         net (fo=1, routed)           0.000     5.719    locked_pll_cnt_reg[16]_i_1_n_0
    SLICE_X2Y53          CARRY4 (Prop_carry4_CI_CO[3])
                                                      0.114     5.833 r  locked_pll_cnt_reg[20]_i_1/CO[3]
                         net (fo=1, routed)           0.000     5.833    locked_pll_cnt_reg[20]_i_1_n_0
    SLICE_X2Y54          CARRY4 (Prop_carry4_CI_O[0])
                                                      0.223     6.056 r  locked_pll_cnt_reg[24]_i_1/O[0]
                         net (fo=1, routed)           0.000     6.056    locked_pll_cnt_reg[24]_i_1_n_7
    SLICE_X2Y54          FDRE                                         r  locked_pll_cnt_reg[24]/D
  -------------------------------------------------------------------    -------------------

                         (clock clk_fpga_0 rise edge)
                                                      8.000     8.000 r  
    PS7_X0Y0             PS7                          0.000     8.000 r  ps/system_i/processing_system7/inst/PS7_i/FCLKCLK[0]
                         net (fo=1, routed)           1.101     9.101    ps/lopt
    BUFGCTRL_X0Y5        BUFG (Prop_bufg_I_O)         0.091     9.192 r  ps/fclk_buf[0]/O
                         net (fo=32, routed)          1.541    10.733    fclk
    SLICE_X2Y54          FDRE                                         r  locked_pll_cnt_reg[24]/C
                         clock pessimism              0.116    10.849    
                         clock uncertainty           -0.125    10.724    
    SLICE_X2Y54          FDRE (Setup_fdre_C_D)        0.062    10.786    locked_pll_cnt_reg[24]
  -------------------------------------------------------------------
                         required time                         10.786    
                         arrival time                          -6.056    
  -------------------------------------------------------------------
                         slack                                  4.730    

Slack (MET) :             4.733ns  (required time - arrival time)
  Source:                 locked_pll_cnt_reg[5]/C
                            (rising edge-triggered cell FDRE clocked by clk_fpga_0  {rise@0.000ns fall@4.000ns period=8.000ns})
  Destination:            locked_pll_cnt_reg[21]/D
                            (rising edge-triggered cell FDRE clocked by clk_fpga_0  {rise@0.000ns fall@4.000ns period=8.000ns})
  Path Group:             clk_fpga_0
  Path Type:              Setup (Max at Slow Process Corner)
  Requirement:            8.000ns  (clk_fpga_0 rise@8.000ns - clk_fpga_0 rise@0.000ns)
  Data Path Delay:        3.016ns  (logic 1.806ns (59.886%)  route 1.210ns (40.114%))
  Logic Levels:           5  (CARRY4=5)
  Clock Path Skew:        -0.188ns (DCD - SCD + CPR)
    Destination Clock Delay (DCD):    2.733ns = ( 10.733 - 8.000 ) 
    Source Clock Delay      (SCD):    3.037ns
    Clock Pessimism Removal (CPR):    0.116ns
  Clock Uncertainty:      0.125ns  ((TSJ^2 + TIJ^2)^1/2 + DJ) / 2 + PE
    Total System Jitter     (TSJ):    0.071ns
    Total Input Jitter      (TIJ):    0.240ns
    Discrete Jitter          (DJ):    0.000ns
    Phase Error              (PE):    0.000ns

    Location             Delay type                Incr(ns)  Path(ns)    Netlist Resource(s)
  -------------------------------------------------------------------    -------------------
                         (clock clk_fpga_0 rise edge)
                                                      0.000     0.000 r  
    PS7_X0Y0             PS7                          0.000     0.000 r  ps/system_i/processing_system7/inst/PS7_i/FCLKCLK[0]
                         net (fo=1, routed)           1.207     1.207    ps/lopt
    BUFGCTRL_X0Y5        BUFG (Prop_bufg_I_O)         0.101     1.308 r  ps/fclk_buf[0]/O
                         net (fo=32, routed)          1.729     3.037    fclk
    SLICE_X2Y49          FDRE                                         r  locked_pll_cnt_reg[5]/C
  -------------------------------------------------------------------    -------------------
    SLICE_X2Y49          FDRE (Prop_fdre_C_Q)         0.456     3.493 r  locked_pll_cnt_reg[5]/Q
                         net (fo=2, routed)           1.209     4.702    locked_pll_cnt_reg[5]
    SLICE_X2Y49          CARRY4 (Prop_carry4_S[1]_CO[3])
                                                      0.674     5.376 r  locked_pll_cnt_reg[4]_i_1/CO[3]
                         net (fo=1, routed)           0.001     5.377    locked_pll_cnt_reg[4]_i_1_n_0
    SLICE_X2Y50          CARRY4 (Prop_carry4_CI_CO[3])
                                                      0.114     5.491 r  locked_pll_cnt_reg[8]_i_1/CO[3]
                         net (fo=1, routed)           0.000     5.491    locked_pll_cnt_reg[8]_i_1_n_0
    SLICE_X2Y51          CARRY4 (Prop_carry4_CI_CO[3])
                                                      0.114     5.605 r  locked_pll_cnt_reg[12]_i_1/CO[3]
                         net (fo=1, routed)           0.000     5.605    locked_pll_cnt_reg[12]_i_1_n_0
    SLICE_X2Y52          CARRY4 (Prop_carry4_CI_CO[3])
                                                      0.114     5.719 r  locked_pll_cnt_reg[16]_i_1/CO[3]
                         net (fo=1, routed)           0.000     5.719    locked_pll_cnt_reg[16]_i_1_n_0
    SLICE_X2Y53          CARRY4 (Prop_carry4_CI_O[1])
                                                      0.334     6.053 r  locked_pll_cnt_reg[20]_i_1/O[1]
                         net (fo=1, routed)           0.000     6.053    locked_pll_cnt_reg[20]_i_1_n_6
    SLICE_X2Y53          FDRE                                         r  locked_pll_cnt_reg[21]/D
  -------------------------------------------------------------------    -------------------

                         (clock clk_fpga_0 rise edge)
                                                      8.000     8.000 r  
    PS7_X0Y0             PS7                          0.000     8.000 r  ps/system_i/processing_system7/inst/PS7_i/FCLKCLK[0]
                         net (fo=1, routed)           1.101     9.101    ps/lopt
    BUFGCTRL_X0Y5        BUFG (Prop_bufg_I_O)         0.091     9.192 r  ps/fclk_buf[0]/O
                         net (fo=32, routed)          1.541    10.733    fclk
    SLICE_X2Y53          FDRE                                         r  locked_pll_cnt_reg[21]/C
                         clock pessimism              0.116    10.849    
                         clock uncertainty           -0.125    10.724    
    SLICE_X2Y53          FDRE (Setup_fdre_C_D)        0.062    10.786    locked_pll_cnt_reg[21]
  -------------------------------------------------------------------
                         required time                         10.786    
                         arrival time                          -6.053    
  -------------------------------------------------------------------
                         slack                                  4.733    

Slack (MET) :             4.754ns  (required time - arrival time)
  Source:                 locked_pll_cnt_reg[5]/C
                            (rising edge-triggered cell FDRE clocked by clk_fpga_0  {rise@0.000ns fall@4.000ns period=8.000ns})
  Destination:            locked_pll_cnt_reg[23]/D
                            (rising edge-triggered cell FDRE clocked by clk_fpga_0  {rise@0.000ns fall@4.000ns period=8.000ns})
  Path Group:             clk_fpga_0
  Path Type:              Setup (Max at Slow Process Corner)
  Requirement:            8.000ns  (clk_fpga_0 rise@8.000ns - clk_fpga_0 rise@0.000ns)
  Data Path Delay:        2.995ns  (logic 1.785ns (59.605%)  route 1.210ns (40.395%))
  Logic Levels:           5  (CARRY4=5)
  Clock Path Skew:        -0.188ns (DCD - SCD + CPR)
    Destination Clock Delay (DCD):    2.733ns = ( 10.733 - 8.000 ) 
    Source Clock Delay      (SCD):    3.037ns
    Clock Pessimism Removal (CPR):    0.116ns
  Clock Uncertainty:      0.125ns  ((TSJ^2 + TIJ^2)^1/2 + DJ) / 2 + PE
    Total System Jitter     (TSJ):    0.071ns
    Total Input Jitter      (TIJ):    0.240ns
    Discrete Jitter          (DJ):    0.000ns
    Phase Error              (PE):    0.000ns

    Location             Delay type                Incr(ns)  Path(ns)    Netlist Resource(s)
  -------------------------------------------------------------------    -------------------
                         (clock clk_fpga_0 rise edge)
                                                      0.000     0.000 r  
    PS7_X0Y0             PS7                          0.000     0.000 r  ps/system_i/processing_system7/inst/PS7_i/FCLKCLK[0]
                         net (fo=1, routed)           1.207     1.207    ps/lopt
    BUFGCTRL_X0Y5        BUFG (Prop_bufg_I_O)         0.101     1.308 r  ps/fclk_buf[0]/O
                         net (fo=32, routed)          1.729     3.037    fclk
    SLICE_X2Y49          FDRE                                         r  locked_pll_cnt_reg[5]/C
  -------------------------------------------------------------------    -------------------
    SLICE_X2Y49          FDRE (Prop_fdre_C_Q)         0.456     3.493 r  locked_pll_cnt_reg[5]/Q
                         net (fo=2, routed)           1.209     4.702    locked_pll_cnt_reg[5]
    SLICE_X2Y49          CARRY4 (Prop_carry4_S[1]_CO[3])
                                                      0.674     5.376 r  locked_pll_cnt_reg[4]_i_1/CO[3]
                         net (fo=1, routed)           0.001     5.377    locked_pll_cnt_reg[4]_i_1_n_0
    SLICE_X2Y50          CARRY4 (Prop_carry4_CI_CO[3])
                                                      0.114     5.491 r  locked_pll_cnt_reg[8]_i_1/CO[3]
                         net (fo=1, routed)           0.000     5.491    locked_pll_cnt_reg[8]_i_1_n_0
    SLICE_X2Y51          CARRY4 (Prop_carry4_CI_CO[3])
                                                      0.114     5.605 r  locked_pll_cnt_reg[12]_i_1/CO[3]
                         net (fo=1, routed)           0.000     5.605    locked_pll_cnt_reg[12]_i_1_n_0
    SLICE_X2Y52          CARRY4 (Prop_carry4_CI_CO[3])
                                                      0.114     5.719 r  locked_pll_cnt_reg[16]_i_1/CO[3]
                         net (fo=1, routed)           0.000     5.719    locked_pll_cnt_reg[16]_i_1_n_0
    SLICE_X2Y53          CARRY4 (Prop_carry4_CI_O[3])
                                                      0.313     6.032 r  locked_pll_cnt_reg[20]_i_1/O[3]
                         net (fo=1, routed)           0.000     6.032    locked_pll_cnt_reg[20]_i_1_n_4
    SLICE_X2Y53          FDRE                                         r  locked_pll_cnt_reg[23]/D
  -------------------------------------------------------------------    -------------------

                         (clock clk_fpga_0 rise edge)
                                                      8.000     8.000 r  
    PS7_X0Y0             PS7                          0.000     8.000 r  ps/system_i/processing_system7/inst/PS7_i/FCLKCLK[0]
                         net (fo=1, routed)           1.101     9.101    ps/lopt
    BUFGCTRL_X0Y5        BUFG (Prop_bufg_I_O)         0.091     9.192 r  ps/fclk_buf[0]/O
                         net (fo=32, routed)          1.541    10.733    fclk
    SLICE_X2Y53          FDRE                                         r  locked_pll_cnt_reg[23]/C
                         clock pessimism              0.116    10.849    
                         clock uncertainty           -0.125    10.724    
    SLICE_X2Y53          FDRE (Setup_fdre_C_D)        0.062    10.786    locked_pll_cnt_reg[23]
  -------------------------------------------------------------------
                         required time                         10.786    
                         arrival time                          -6.032    
  -------------------------------------------------------------------
                         slack                                  4.754    





Min Delay Paths
--------------------------------------------------------------------------------------
Slack (MET) :             0.117ns  (arrival time - required time)
  Source:                 locked_pll_cnt_reg[6]/C
                            (rising edge-triggered cell FDRE clocked by clk_fpga_0  {rise@0.000ns fall@4.000ns period=8.000ns})
  Destination:            locked_pll_cnt_reg[8]/D
                            (rising edge-triggered cell FDRE clocked by clk_fpga_0  {rise@0.000ns fall@4.000ns period=8.000ns})
  Path Group:             clk_fpga_0
  Path Type:              Hold (Min at Fast Process Corner)
  Requirement:            0.000ns  (clk_fpga_0 rise@0.000ns - clk_fpga_0 rise@0.000ns)
  Data Path Delay:        0.489ns  (logic 0.355ns (72.545%)  route 0.134ns (27.455%))
  Logic Levels:           2  (CARRY4=2)
  Clock Path Skew:        0.267ns (DCD - SCD - CPR)
    Destination Clock Delay (DCD):    1.223ns
    Source Clock Delay      (SCD):    0.927ns
    Clock Pessimism Removal (CPR):    0.029ns

    Location             Delay type                Incr(ns)  Path(ns)    Netlist Resource(s)
  -------------------------------------------------------------------    -------------------
                         (clock clk_fpga_0 rise edge)
                                                      0.000     0.000 r  
    PS7_X0Y0             PS7                          0.000     0.000 r  ps/system_i/processing_system7/inst/PS7_i/FCLKCLK[0]
                         net (fo=1, routed)           0.315     0.315    ps/lopt
    BUFGCTRL_X0Y5        BUFG (Prop_bufg_I_O)         0.026     0.341 r  ps/fclk_buf[0]/O
                         net (fo=32, routed)          0.586     0.927    fclk
    SLICE_X2Y49          FDRE                                         r  locked_pll_cnt_reg[6]/C
  -------------------------------------------------------------------    -------------------
    SLICE_X2Y49          FDRE (Prop_fdre_C_Q)         0.141     1.068 r  locked_pll_cnt_reg[6]/Q
                         net (fo=2, routed)           0.134     1.201    locked_pll_cnt_reg[6]
    SLICE_X2Y49          CARRY4 (Prop_carry4_S[2]_CO[3])
                                                      0.160     1.361 r  locked_pll_cnt_reg[4]_i_1/CO[3]
                         net (fo=1, routed)           0.001     1.362    locked_pll_cnt_reg[4]_i_1_n_0
    SLICE_X2Y50          CARRY4 (Prop_carry4_CI_O[0])
                                                      0.054     1.416 r  locked_pll_cnt_reg[8]_i_1/O[0]
                         net (fo=1, routed)           0.000     1.416    locked_pll_cnt_reg[8]_i_1_n_7
    SLICE_X2Y50          FDRE                                         r  locked_pll_cnt_reg[8]/D
  -------------------------------------------------------------------    -------------------

                         (clock clk_fpga_0 rise edge)
                                                      0.000     0.000 r  
    PS7_X0Y0             PS7                          0.000     0.000 r  ps/system_i/processing_system7/inst/PS7_i/FCLKCLK[0]
                         net (fo=1, routed)           0.341     0.341    ps/lopt
    BUFGCTRL_X0Y5        BUFG (Prop_bufg_I_O)         0.029     0.370 r  ps/fclk_buf[0]/O
                         net (fo=32, routed)          0.853     1.223    fclk
    SLICE_X2Y50          FDRE                                         r  locked_pll_cnt_reg[8]/C
                         clock pessimism             -0.029     1.194    
    SLICE_X2Y50          FDRE (Hold_fdre_C_D)         0.105     1.299    locked_pll_cnt_reg[8]
  -------------------------------------------------------------------
                         required time                         -1.299    
                         arrival time                           1.416    
  -------------------------------------------------------------------
                         slack                                  0.117    

Slack (MET) :             0.128ns  (arrival time - required time)
  Source:                 locked_pll_cnt_reg[6]/C
                            (rising edge-triggered cell FDRE clocked by clk_fpga_0  {rise@0.000ns fall@4.000ns period=8.000ns})
  Destination:            locked_pll_cnt_reg[10]/D
                            (rising edge-triggered cell FDRE clocked by clk_fpga_0  {rise@0.000ns fall@4.000ns period=8.000ns})
  Path Group:             clk_fpga_0
  Path Type:              Hold (Min at Fast Process Corner)
  Requirement:            0.000ns  (clk_fpga_0 rise@0.000ns - clk_fpga_0 rise@0.000ns)
  Data Path Delay:        0.500ns  (logic 0.366ns (73.149%)  route 0.134ns (26.851%))
  Logic Levels:           2  (CARRY4=2)
  Clock Path Skew:        0.267ns (DCD - SCD - CPR)
    Destination Clock Delay (DCD):    1.223ns
    Source Clock Delay      (SCD):    0.927ns
    Clock Pessimism Removal (CPR):    0.029ns

    Location             Delay type                Incr(ns)  Path(ns)    Netlist Resource(s)
  -------------------------------------------------------------------    -------------------
                         (clock clk_fpga_0 rise edge)
                                                      0.000     0.000 r  
    PS7_X0Y0             PS7                          0.000     0.000 r  ps/system_i/processing_system7/inst/PS7_i/FCLKCLK[0]
                         net (fo=1, routed)           0.315     0.315    ps/lopt
    BUFGCTRL_X0Y5        BUFG (Prop_bufg_I_O)         0.026     0.341 r  ps/fclk_buf[0]/O
                         net (fo=32, routed)          0.586     0.927    fclk
    SLICE_X2Y49          FDRE                                         r  locked_pll_cnt_reg[6]/C
  -------------------------------------------------------------------    -------------------
    SLICE_X2Y49          FDRE (Prop_fdre_C_Q)         0.141     1.068 r  locked_pll_cnt_reg[6]/Q
                         net (fo=2, routed)           0.134     1.201    locked_pll_cnt_reg[6]
    SLICE_X2Y49          CARRY4 (Prop_carry4_S[2]_CO[3])
                                                      0.160     1.361 r  locked_pll_cnt_reg[4]_i_1/CO[3]
                         net (fo=1, routed)           0.001     1.362    locked_pll_cnt_reg[4]_i_1_n_0
    SLICE_X2Y50          CARRY4 (Prop_carry4_CI_O[2])
                                                      0.065     1.427 r  locked_pll_cnt_reg[8]_i_1/O[2]
                         net (fo=1, routed)           0.000     1.427    locked_pll_cnt_reg[8]_i_1_n_5
    SLICE_X2Y50          FDRE                                         r  locked_pll_cnt_reg[10]/D
  -------------------------------------------------------------------    -------------------

                         (clock clk_fpga_0 rise edge)
                                                      0.000     0.000 r  
    PS7_X0Y0             PS7                          0.000     0.000 r  ps/system_i/processing_system7/inst/PS7_i/FCLKCLK[0]
                         net (fo=1, routed)           0.341     0.341    ps/lopt
    BUFGCTRL_X0Y5        BUFG (Prop_bufg_I_O)         0.029     0.370 r  ps/fclk_buf[0]/O
                         net (fo=32, routed)          0.853     1.223    fclk
    SLICE_X2Y50          FDRE                                         r  locked_pll_cnt_reg[10]/C
                         clock pessimism             -0.029     1.194    
    SLICE_X2Y50          FDRE (Hold_fdre_C_D)         0.105     1.299    locked_pll_cnt_reg[10]
  -------------------------------------------------------------------
                         required time                         -1.299    
                         arrival time                           1.427    
  -------------------------------------------------------------------
                         slack                                  0.128    

Slack (MET) :             0.153ns  (arrival time - required time)
  Source:                 locked_pll_cnt_reg[6]/C
                            (rising edge-triggered cell FDRE clocked by clk_fpga_0  {rise@0.000ns fall@4.000ns period=8.000ns})
  Destination:            locked_pll_cnt_reg[11]/D
                            (rising edge-triggered cell FDRE clocked by clk_fpga_0  {rise@0.000ns fall@4.000ns period=8.000ns})
  Path Group:             clk_fpga_0
  Path Type:              Hold (Min at Fast Process Corner)
  Requirement:            0.000ns  (clk_fpga_0 rise@0.000ns - clk_fpga_0 rise@0.000ns)
  Data Path Delay:        0.525ns  (logic 0.391ns (74.427%)  route 0.134ns (25.573%))
  Logic Levels:           2  (CARRY4=2)
  Clock Path Skew:        0.267ns (DCD - SCD - CPR)
    Destination Clock Delay (DCD):    1.223ns
    Source Clock Delay      (SCD):    0.927ns
    Clock Pessimism Removal (CPR):    0.029ns

    Location             Delay type                Incr(ns)  Path(ns)    Netlist Resource(s)
  -------------------------------------------------------------------    -------------------
                         (clock clk_fpga_0 rise edge)
                                                      0.000     0.000 r  
    PS7_X0Y0             PS7                          0.000     0.000 r  ps/system_i/processing_system7/inst/PS7_i/FCLKCLK[0]
                         net (fo=1, routed)           0.315     0.315    ps/lopt
    BUFGCTRL_X0Y5        BUFG (Prop_bufg_I_O)         0.026     0.341 r  ps/fclk_buf[0]/O
                         net (fo=32, routed)          0.586     0.927    fclk
    SLICE_X2Y49          FDRE                                         r  locked_pll_cnt_reg[6]/C
  -------------------------------------------------------------------    -------------------
    SLICE_X2Y49          FDRE (Prop_fdre_C_Q)         0.141     1.068 r  locked_pll_cnt_reg[6]/Q
                         net (fo=2, routed)           0.134     1.201    locked_pll_cnt_reg[6]
    SLICE_X2Y49          CARRY4 (Prop_carry4_S[2]_CO[3])
                                                      0.160     1.361 r  locked_pll_cnt_reg[4]_i_1/CO[3]
                         net (fo=1, routed)           0.001     1.362    locked_pll_cnt_reg[4]_i_1_n_0
    SLICE_X2Y50          CARRY4 (Prop_carry4_CI_O[3])
                                                      0.090     1.452 r  locked_pll_cnt_reg[8]_i_1/O[3]
                         net (fo=1, routed)           0.000     1.452    locked_pll_cnt_reg[8]_i_1_n_4
    SLICE_X2Y50          FDRE                                         r  locked_pll_cnt_reg[11]/D
  -------------------------------------------------------------------    -------------------

                         (clock clk_fpga_0 rise edge)
                                                      0.000     0.000 r  
    PS7_X0Y0             PS7                          0.000     0.000 r  ps/system_i/processing_system7/inst/PS7_i/FCLKCLK[0]
                         net (fo=1, routed)           0.341     0.341    ps/lopt
    BUFGCTRL_X0Y5        BUFG (Prop_bufg_I_O)         0.029     0.370 r  ps/fclk_buf[0]/O
                         net (fo=32, routed)          0.853     1.223    fclk
    SLICE_X2Y50          FDRE                                         r  locked_pll_cnt_reg[11]/C
                         clock pessimism             -0.029     1.194    
    SLICE_X2Y50          FDRE (Hold_fdre_C_D)         0.105     1.299    locked_pll_cnt_reg[11]
  -------------------------------------------------------------------
                         required time                         -1.299    
                         arrival time                           1.452    
  -------------------------------------------------------------------
                         slack                                  0.153    

Slack (MET) :             0.153ns  (arrival time - required time)
  Source:                 locked_pll_cnt_reg[6]/C
                            (rising edge-triggered cell FDRE clocked by clk_fpga_0  {rise@0.000ns fall@4.000ns period=8.000ns})
  Destination:            locked_pll_cnt_reg[9]/D
                            (rising edge-triggered cell FDRE clocked by clk_fpga_0  {rise@0.000ns fall@4.000ns period=8.000ns})
  Path Group:             clk_fpga_0
  Path Type:              Hold (Min at Fast Process Corner)
  Requirement:            0.000ns  (clk_fpga_0 rise@0.000ns - clk_fpga_0 rise@0.000ns)
  Data Path Delay:        0.525ns  (logic 0.391ns (74.427%)  route 0.134ns (25.573%))
  Logic Levels:           2  (CARRY4=2)
  Clock Path Skew:        0.267ns (DCD - SCD - CPR)
    Destination Clock Delay (DCD):    1.223ns
    Source Clock Delay      (SCD):    0.927ns
    Clock Pessimism Removal (CPR):    0.029ns

    Location             Delay type                Incr(ns)  Path(ns)    Netlist Resource(s)
  -------------------------------------------------------------------    -------------------
                         (clock clk_fpga_0 rise edge)
                                                      0.000     0.000 r  
    PS7_X0Y0             PS7                          0.000     0.000 r  ps/system_i/processing_system7/inst/PS7_i/FCLKCLK[0]
                         net (fo=1, routed)           0.315     0.315    ps/lopt
    BUFGCTRL_X0Y5        BUFG (Prop_bufg_I_O)         0.026     0.341 r  ps/fclk_buf[0]/O
                         net (fo=32, routed)          0.586     0.927    fclk
    SLICE_X2Y49          FDRE                                         r  locked_pll_cnt_reg[6]/C
  -------------------------------------------------------------------    -------------------
    SLICE_X2Y49          FDRE (Prop_fdre_C_Q)         0.141     1.068 r  locked_pll_cnt_reg[6]/Q
                         net (fo=2, routed)           0.134     1.201    locked_pll_cnt_reg[6]
    SLICE_X2Y49          CARRY4 (Prop_carry4_S[2]_CO[3])
                                                      0.160     1.361 r  locked_pll_cnt_reg[4]_i_1/CO[3]
                         net (fo=1, routed)           0.001     1.362    locked_pll_cnt_reg[4]_i_1_n_0
    SLICE_X2Y50          CARRY4 (Prop_carry4_CI_O[1])
                                                      0.090     1.452 r  locked_pll_cnt_reg[8]_i_1/O[1]
                         net (fo=1, routed)           0.000     1.452    locked_pll_cnt_reg[8]_i_1_n_6
    SLICE_X2Y50          FDRE                                         r  locked_pll_cnt_reg[9]/D
  -------------------------------------------------------------------    -------------------

                         (clock clk_fpga_0 rise edge)
                                                      0.000     0.000 r  
    PS7_X0Y0             PS7                          0.000     0.000 r  ps/system_i/processing_system7/inst/PS7_i/FCLKCLK[0]
                         net (fo=1, routed)           0.341     0.341    ps/lopt
    BUFGCTRL_X0Y5        BUFG (Prop_bufg_I_O)         0.029     0.370 r  ps/fclk_buf[0]/O
                         net (fo=32, routed)          0.853     1.223    fclk
    SLICE_X2Y50          FDRE                                         r  locked_pll_cnt_reg[9]/C
                         clock pessimism             -0.029     1.194    
    SLICE_X2Y50          FDRE (Hold_fdre_C_D)         0.105     1.299    locked_pll_cnt_reg[9]
  -------------------------------------------------------------------
                         required time                         -1.299    
                         arrival time                           1.452    
  -------------------------------------------------------------------
                         slack                                  0.153    

Slack (MET) :             0.156ns  (arrival time - required time)
  Source:                 locked_pll_cnt_reg[6]/C
                            (rising edge-triggered cell FDRE clocked by clk_fpga_0  {rise@0.000ns fall@4.000ns period=8.000ns})
  Destination:            locked_pll_cnt_reg[12]/D
                            (rising edge-triggered cell FDRE clocked by clk_fpga_0  {rise@0.000ns fall@4.000ns period=8.000ns})
  Path Group:             clk_fpga_0
  Path Type:              Hold (Min at Fast Process Corner)
  Requirement:            0.000ns  (clk_fpga_0 rise@0.000ns - clk_fpga_0 rise@0.000ns)
  Data Path Delay:        0.528ns  (logic 0.394ns (74.572%)  route 0.134ns (25.428%))
  Logic Levels:           3  (CARRY4=3)
  Clock Path Skew:        0.267ns (DCD - SCD - CPR)
    Destination Clock Delay (DCD):    1.223ns
    Source Clock Delay      (SCD):    0.927ns
    Clock Pessimism Removal (CPR):    0.029ns

    Location             Delay type                Incr(ns)  Path(ns)    Netlist Resource(s)
  -------------------------------------------------------------------    -------------------
                         (clock clk_fpga_0 rise edge)
                                                      0.000     0.000 r  
    PS7_X0Y0             PS7                          0.000     0.000 r  ps/system_i/processing_system7/inst/PS7_i/FCLKCLK[0]
                         net (fo=1, routed)           0.315     0.315    ps/lopt
    BUFGCTRL_X0Y5        BUFG (Prop_bufg_I_O)         0.026     0.341 r  ps/fclk_buf[0]/O
                         net (fo=32, routed)          0.586     0.927    fclk
    SLICE_X2Y49          FDRE                                         r  locked_pll_cnt_reg[6]/C
  -------------------------------------------------------------------    -------------------
    SLICE_X2Y49          FDRE (Prop_fdre_C_Q)         0.141     1.068 r  locked_pll_cnt_reg[6]/Q
                         net (fo=2, routed)           0.134     1.201    locked_pll_cnt_reg[6]
    SLICE_X2Y49          CARRY4 (Prop_carry4_S[2]_CO[3])
                                                      0.160     1.361 r  locked_pll_cnt_reg[4]_i_1/CO[3]
                         net (fo=1, routed)           0.001     1.362    locked_pll_cnt_reg[4]_i_1_n_0
    SLICE_X2Y50          CARRY4 (Prop_carry4_CI_CO[3])
                                                      0.039     1.401 r  locked_pll_cnt_reg[8]_i_1/CO[3]
                         net (fo=1, routed)           0.000     1.401    locked_pll_cnt_reg[8]_i_1_n_0
    SLICE_X2Y51          CARRY4 (Prop_carry4_CI_O[0])
                                                      0.054     1.455 r  locked_pll_cnt_reg[12]_i_1/O[0]
                         net (fo=1, routed)           0.000     1.455    locked_pll_cnt_reg[12]_i_1_n_7
    SLICE_X2Y51          FDRE                                         r  locked_pll_cnt_reg[12]/D
  -------------------------------------------------------------------    -------------------

                         (clock clk_fpga_0 rise edge)
                                                      0.000     0.000 r  
    PS7_X0Y0             PS7                          0.000     0.000 r  ps/system_i/processing_system7/inst/PS7_i/FCLKCLK[0]
                         net (fo=1, routed)           0.341     0.341    ps/lopt
    BUFGCTRL_X0Y5        BUFG (Prop_bufg_I_O)         0.029     0.370 r  ps/fclk_buf[0]/O
                         net (fo=32, routed)          0.853     1.223    fclk
    SLICE_X2Y51          FDRE                                         r  locked_pll_cnt_reg[12]/C
                         clock pessimism             -0.029     1.194    
    SLICE_X2Y51          FDRE (Hold_fdre_C_D)         0.105     1.299    locked_pll_cnt_reg[12]
  -------------------------------------------------------------------
                         required time                         -1.299    
                         arrival time                           1.455    
  -------------------------------------------------------------------
                         slack                                  0.156    

Slack (MET) :             0.167ns  (arrival time - required time)
  Source:                 locked_pll_cnt_reg[6]/C
                            (rising edge-triggered cell FDRE clocked by clk_fpga_0  {rise@0.000ns fall@4.000ns period=8.000ns})
  Destination:            locked_pll_cnt_reg[14]/D
                            (rising edge-triggered cell FDRE clocked by clk_fpga_0  {rise@0.000ns fall@4.000ns period=8.000ns})
  Path Group:             clk_fpga_0
  Path Type:              Hold (Min at Fast Process Corner)
  Requirement:            0.000ns  (clk_fpga_0 rise@0.000ns - clk_fpga_0 rise@0.000ns)
  Data Path Delay:        0.539ns  (logic 0.405ns (75.091%)  route 0.134ns (24.909%))
  Logic Levels:           3  (CARRY4=3)
  Clock Path Skew:        0.267ns (DCD - SCD - CPR)
    Destination Clock Delay (DCD):    1.223ns
    Source Clock Delay      (SCD):    0.927ns
    Clock Pessimism Removal (CPR):    0.029ns

    Location             Delay type                Incr(ns)  Path(ns)    Netlist Resource(s)
  -------------------------------------------------------------------    -------------------
                         (clock clk_fpga_0 rise edge)
                                                      0.000     0.000 r  
    PS7_X0Y0             PS7                          0.000     0.000 r  ps/system_i/processing_system7/inst/PS7_i/FCLKCLK[0]
                         net (fo=1, routed)           0.315     0.315    ps/lopt
    BUFGCTRL_X0Y5        BUFG (Prop_bufg_I_O)         0.026     0.341 r  ps/fclk_buf[0]/O
                         net (fo=32, routed)          0.586     0.927    fclk
    SLICE_X2Y49          FDRE                                         r  locked_pll_cnt_reg[6]/C
  -------------------------------------------------------------------    -------------------
    SLICE_X2Y49          FDRE (Prop_fdre_C_Q)         0.141     1.068 r  locked_pll_cnt_reg[6]/Q
                         net (fo=2, routed)           0.134     1.201    locked_pll_cnt_reg[6]
    SLICE_X2Y49          CARRY4 (Prop_carry4_S[2]_CO[3])
                                                      0.160     1.361 r  locked_pll_cnt_reg[4]_i_1/CO[3]
                         net (fo=1, routed)           0.001     1.362    locked_pll_cnt_reg[4]_i_1_n_0
    SLICE_X2Y50          CARRY4 (Prop_carry4_CI_CO[3])
                                                      0.039     1.401 r  locked_pll_cnt_reg[8]_i_1/CO[3]
                         net (fo=1, routed)           0.000     1.401    locked_pll_cnt_reg[8]_i_1_n_0
    SLICE_X2Y51          CARRY4 (Prop_carry4_CI_O[2])
                                                      0.065     1.466 r  locked_pll_cnt_reg[12]_i_1/O[2]
                         net (fo=1, routed)           0.000     1.466    locked_pll_cnt_reg[12]_i_1_n_5
    SLICE_X2Y51          FDRE                                         r  locked_pll_cnt_reg[14]/D
  -------------------------------------------------------------------    -------------------

                         (clock clk_fpga_0 rise edge)
                                                      0.000     0.000 r  
    PS7_X0Y0             PS7                          0.000     0.000 r  ps/system_i/processing_system7/inst/PS7_i/FCLKCLK[0]
                         net (fo=1, routed)           0.341     0.341    ps/lopt
    BUFGCTRL_X0Y5        BUFG (Prop_bufg_I_O)         0.029     0.370 r  ps/fclk_buf[0]/O
                         net (fo=32, routed)          0.853     1.223    fclk
    SLICE_X2Y51          FDRE                                         r  locked_pll_cnt_reg[14]/C
                         clock pessimism             -0.029     1.194    
    SLICE_X2Y51          FDRE (Hold_fdre_C_D)         0.105     1.299    locked_pll_cnt_reg[14]
  -------------------------------------------------------------------
                         required time                         -1.299    
                         arrival time                           1.466    
  -------------------------------------------------------------------
                         slack                                  0.167    

Slack (MET) :             0.192ns  (arrival time - required time)
  Source:                 locked_pll_cnt_reg[6]/C
                            (rising edge-triggered cell FDRE clocked by clk_fpga_0  {rise@0.000ns fall@4.000ns period=8.000ns})
  Destination:            locked_pll_cnt_reg[13]/D
                            (rising edge-triggered cell FDRE clocked by clk_fpga_0  {rise@0.000ns fall@4.000ns period=8.000ns})
  Path Group:             clk_fpga_0
  Path Type:              Hold (Min at Fast Process Corner)
  Requirement:            0.000ns  (clk_fpga_0 rise@0.000ns - clk_fpga_0 rise@0.000ns)
  Data Path Delay:        0.564ns  (logic 0.430ns (76.194%)  route 0.134ns (23.806%))
  Logic Levels:           3  (CARRY4=3)
  Clock Path Skew:        0.267ns (DCD - SCD - CPR)
    Destination Clock Delay (DCD):    1.223ns
    Source Clock Delay      (SCD):    0.927ns
    Clock Pessimism Removal (CPR):    0.029ns

    Location             Delay type                Incr(ns)  Path(ns)    Netlist Resource(s)
  -------------------------------------------------------------------    -------------------
                         (clock clk_fpga_0 rise edge)
                                                      0.000     0.000 r  
    PS7_X0Y0             PS7                          0.000     0.000 r  ps/system_i/processing_system7/inst/PS7_i/FCLKCLK[0]
                         net (fo=1, routed)           0.315     0.315    ps/lopt
    BUFGCTRL_X0Y5        BUFG (Prop_bufg_I_O)         0.026     0.341 r  ps/fclk_buf[0]/O
                         net (fo=32, routed)          0.586     0.927    fclk
    SLICE_X2Y49          FDRE                                         r  locked_pll_cnt_reg[6]/C
  -------------------------------------------------------------------    -------------------
    SLICE_X2Y49          FDRE (Prop_fdre_C_Q)         0.141     1.068 r  locked_pll_cnt_reg[6]/Q
                         net (fo=2, routed)           0.134     1.201    locked_pll_cnt_reg[6]
    SLICE_X2Y49          CARRY4 (Prop_carry4_S[2]_CO[3])
                                                      0.160     1.361 r  locked_pll_cnt_reg[4]_i_1/CO[3]
                         net (fo=1, routed)           0.001     1.362    locked_pll_cnt_reg[4]_i_1_n_0
    SLICE_X2Y50          CARRY4 (Prop_carry4_CI_CO[3])
                                                      0.039     1.401 r  locked_pll_cnt_reg[8]_i_1/CO[3]
                         net (fo=1, routed)           0.000     1.401    locked_pll_cnt_reg[8]_i_1_n_0
    SLICE_X2Y51          CARRY4 (Prop_carry4_CI_O[1])
                                                      0.090     1.491 r  locked_pll_cnt_reg[12]_i_1/O[1]
                         net (fo=1, routed)           0.000     1.491    locked_pll_cnt_reg[12]_i_1_n_6
    SLICE_X2Y51          FDRE                                         r  locked_pll_cnt_reg[13]/D
  -------------------------------------------------------------------    -------------------

                         (clock clk_fpga_0 rise edge)
                                                      0.000     0.000 r  
    PS7_X0Y0             PS7                          0.000     0.000 r  ps/system_i/processing_system7/inst/PS7_i/FCLKCLK[0]
                         net (fo=1, routed)           0.341     0.341    ps/lopt
    BUFGCTRL_X0Y5        BUFG (Prop_bufg_I_O)         0.029     0.370 r  ps/fclk_buf[0]/O
                         net (fo=32, routed)          0.853     1.223    fclk
    SLICE_X2Y51          FDRE                                         r  locked_pll_cnt_reg[13]/C
                         clock pessimism             -0.029     1.194    
    SLICE_X2Y51          FDRE (Hold_fdre_C_D)         0.105     1.299    locked_pll_cnt_reg[13]
  -------------------------------------------------------------------
                         required time                         -1.299    
                         arrival time                           1.491    
  -------------------------------------------------------------------
                         slack                                  0.192    

Slack (MET) :             0.192ns  (arrival time - required time)
  Source:                 locked_pll_cnt_reg[6]/C
                            (rising edge-triggered cell FDRE clocked by clk_fpga_0  {rise@0.000ns fall@4.000ns period=8.000ns})
  Destination:            locked_pll_cnt_reg[15]/D
                            (rising edge-triggered cell FDRE clocked by clk_fpga_0  {rise@0.000ns fall@4.000ns period=8.000ns})
  Path Group:             clk_fpga_0
  Path Type:              Hold (Min at Fast Process Corner)
  Requirement:            0.000ns  (clk_fpga_0 rise@0.000ns - clk_fpga_0 rise@0.000ns)
  Data Path Delay:        0.564ns  (logic 0.430ns (76.194%)  route 0.134ns (23.806%))
  Logic Levels:           3  (CARRY4=3)
  Clock Path Skew:        0.267ns (DCD - SCD - CPR)
    Destination Clock Delay (DCD):    1.223ns
    Source Clock Delay      (SCD):    0.927ns
    Clock Pessimism Removal (CPR):    0.029ns

    Location             Delay type                Incr(ns)  Path(ns)    Netlist Resource(s)
  -------------------------------------------------------------------    -------------------
                         (clock clk_fpga_0 rise edge)
                                                      0.000     0.000 r  
    PS7_X0Y0             PS7                          0.000     0.000 r  ps/system_i/processing_system7/inst/PS7_i/FCLKCLK[0]
                         net (fo=1, routed)           0.315     0.315    ps/lopt
    BUFGCTRL_X0Y5        BUFG (Prop_bufg_I_O)         0.026     0.341 r  ps/fclk_buf[0]/O
                         net (fo=32, routed)          0.586     0.927    fclk
    SLICE_X2Y49          FDRE                                         r  locked_pll_cnt_reg[6]/C
  -------------------------------------------------------------------    -------------------
    SLICE_X2Y49          FDRE (Prop_fdre_C_Q)         0.141     1.068 r  locked_pll_cnt_reg[6]/Q
                         net (fo=2, routed)           0.134     1.201    locked_pll_cnt_reg[6]
    SLICE_X2Y49          CARRY4 (Prop_carry4_S[2]_CO[3])
                                                      0.160     1.361 r  locked_pll_cnt_reg[4]_i_1/CO[3]
                         net (fo=1, routed)           0.001     1.362    locked_pll_cnt_reg[4]_i_1_n_0
    SLICE_X2Y50          CARRY4 (Prop_carry4_CI_CO[3])
                                                      0.039     1.401 r  locked_pll_cnt_reg[8]_i_1/CO[3]
                         net (fo=1, routed)           0.000     1.401    locked_pll_cnt_reg[8]_i_1_n_0
    SLICE_X2Y51          CARRY4 (Prop_carry4_CI_O[3])
                                                      0.090     1.491 r  locked_pll_cnt_reg[12]_i_1/O[3]
                         net (fo=1, routed)           0.000     1.491    locked_pll_cnt_reg[12]_i_1_n_4
    SLICE_X2Y51          FDRE                                         r  locked_pll_cnt_reg[15]/D
  -------------------------------------------------------------------    -------------------

                         (clock clk_fpga_0 rise edge)
                                                      0.000     0.000 r  
    PS7_X0Y0             PS7                          0.000     0.000 r  ps/system_i/processing_system7/inst/PS7_i/FCLKCLK[0]
                         net (fo=1, routed)           0.341     0.341    ps/lopt
    BUFGCTRL_X0Y5        BUFG (Prop_bufg_I_O)         0.029     0.370 r  ps/fclk_buf[0]/O
                         net (fo=32, routed)          0.853     1.223    fclk
    SLICE_X2Y51          FDRE                                         r  locked_pll_cnt_reg[15]/C
                         clock pessimism             -0.029     1.194    
    SLICE_X2Y51          FDRE (Hold_fdre_C_D)         0.105     1.299    locked_pll_cnt_reg[15]
  -------------------------------------------------------------------
                         required time                         -1.299    
                         arrival time                           1.491    
  -------------------------------------------------------------------
                         slack                                  0.192    

Slack (MET) :             0.195ns  (arrival time - required time)
  Source:                 locked_pll_cnt_reg[6]/C
                            (rising edge-triggered cell FDRE clocked by clk_fpga_0  {rise@0.000ns fall@4.000ns period=8.000ns})
  Destination:            locked_pll_cnt_reg[16]/D
                            (rising edge-triggered cell FDRE clocked by clk_fpga_0  {rise@0.000ns fall@4.000ns period=8.000ns})
  Path Group:             clk_fpga_0
  Path Type:              Hold (Min at Fast Process Corner)
  Requirement:            0.000ns  (clk_fpga_0 rise@0.000ns - clk_fpga_0 rise@0.000ns)
  Data Path Delay:        0.567ns  (logic 0.433ns (76.320%)  route 0.134ns (23.680%))
  Logic Levels:           4  (CARRY4=4)
  Clock Path Skew:        0.267ns (DCD - SCD - CPR)
    Destination Clock Delay (DCD):    1.223ns
    Source Clock Delay      (SCD):    0.927ns
    Clock Pessimism Removal (CPR):    0.029ns

    Location             Delay type                Incr(ns)  Path(ns)    Netlist Resource(s)
  -------------------------------------------------------------------    -------------------
                         (clock clk_fpga_0 rise edge)
                                                      0.000     0.000 r  
    PS7_X0Y0             PS7                          0.000     0.000 r  ps/system_i/processing_system7/inst/PS7_i/FCLKCLK[0]
                         net (fo=1, routed)           0.315     0.315    ps/lopt
    BUFGCTRL_X0Y5        BUFG (Prop_bufg_I_O)         0.026     0.341 r  ps/fclk_buf[0]/O
                         net (fo=32, routed)          0.586     0.927    fclk
    SLICE_X2Y49          FDRE                                         r  locked_pll_cnt_reg[6]/C
  -------------------------------------------------------------------    -------------------
    SLICE_X2Y49          FDRE (Prop_fdre_C_Q)         0.141     1.068 r  locked_pll_cnt_reg[6]/Q
                         net (fo=2, routed)           0.134     1.201    locked_pll_cnt_reg[6]
    SLICE_X2Y49          CARRY4 (Prop_carry4_S[2]_CO[3])
                                                      0.160     1.361 r  locked_pll_cnt_reg[4]_i_1/CO[3]
                         net (fo=1, routed)           0.001     1.362    locked_pll_cnt_reg[4]_i_1_n_0
    SLICE_X2Y50          CARRY4 (Prop_carry4_CI_CO[3])
                                                      0.039     1.401 r  locked_pll_cnt_reg[8]_i_1/CO[3]
                         net (fo=1, routed)           0.000     1.401    locked_pll_cnt_reg[8]_i_1_n_0
    SLICE_X2Y51          CARRY4 (Prop_carry4_CI_CO[3])
                                                      0.039     1.440 r  locked_pll_cnt_reg[12]_i_1/CO[3]
                         net (fo=1, routed)           0.000     1.440    locked_pll_cnt_reg[12]_i_1_n_0
    SLICE_X2Y52          CARRY4 (Prop_carry4_CI_O[0])
                                                      0.054     1.494 r  locked_pll_cnt_reg[16]_i_1/O[0]
                         net (fo=1, routed)           0.000     1.494    locked_pll_cnt_reg[16]_i_1_n_7
    SLICE_X2Y52          FDRE                                         r  locked_pll_cnt_reg[16]/D
  -------------------------------------------------------------------    -------------------

                         (clock clk_fpga_0 rise edge)
                                                      0.000     0.000 r  
    PS7_X0Y0             PS7                          0.000     0.000 r  ps/system_i/processing_system7/inst/PS7_i/FCLKCLK[0]
                         net (fo=1, routed)           0.341     0.341    ps/lopt
    BUFGCTRL_X0Y5        BUFG (Prop_bufg_I_O)         0.029     0.370 r  ps/fclk_buf[0]/O
                         net (fo=32, routed)          0.853     1.223    fclk
    SLICE_X2Y52          FDRE                                         r  locked_pll_cnt_reg[16]/C
                         clock pessimism             -0.029     1.194    
    SLICE_X2Y52          FDRE (Hold_fdre_C_D)         0.105     1.299    locked_pll_cnt_reg[16]
  -------------------------------------------------------------------
                         required time                         -1.299    
                         arrival time                           1.494    
  -------------------------------------------------------------------
                         slack                                  0.195    

Slack (MET) :             0.206ns  (arrival time - required time)
  Source:                 locked_pll_cnt_reg[6]/C
                            (rising edge-triggered cell FDRE clocked by clk_fpga_0  {rise@0.000ns fall@4.000ns period=8.000ns})
  Destination:            locked_pll_cnt_reg[18]/D
                            (rising edge-triggered cell FDRE clocked by clk_fpga_0  {rise@0.000ns fall@4.000ns period=8.000ns})
  Path Group:             clk_fpga_0
  Path Type:              Hold (Min at Fast Process Corner)
  Requirement:            0.000ns  (clk_fpga_0 rise@0.000ns - clk_fpga_0 rise@0.000ns)
  Data Path Delay:        0.578ns  (logic 0.444ns (76.770%)  route 0.134ns (23.230%))
  Logic Levels:           4  (CARRY4=4)
  Clock Path Skew:        0.267ns (DCD - SCD - CPR)
    Destination Clock Delay (DCD):    1.223ns
    Source Clock Delay      (SCD):    0.927ns
    Clock Pessimism Removal (CPR):    0.029ns

    Location             Delay type                Incr(ns)  Path(ns)    Netlist Resource(s)
  -------------------------------------------------------------------    -------------------
                         (clock clk_fpga_0 rise edge)
                                                      0.000     0.000 r  
    PS7_X0Y0             PS7                          0.000     0.000 r  ps/system_i/processing_system7/inst/PS7_i/FCLKCLK[0]
                         net (fo=1, routed)           0.315     0.315    ps/lopt
    BUFGCTRL_X0Y5        BUFG (Prop_bufg_I_O)         0.026     0.341 r  ps/fclk_buf[0]/O
                         net (fo=32, routed)          0.586     0.927    fclk
    SLICE_X2Y49          FDRE                                         r  locked_pll_cnt_reg[6]/C
  -------------------------------------------------------------------    -------------------
    SLICE_X2Y49          FDRE (Prop_fdre_C_Q)         0.141     1.068 r  locked_pll_cnt_reg[6]/Q
                         net (fo=2, routed)           0.134     1.201    locked_pll_cnt_reg[6]
    SLICE_X2Y49          CARRY4 (Prop_carry4_S[2]_CO[3])
                                                      0.160     1.361 r  locked_pll_cnt_reg[4]_i_1/CO[3]
                         net (fo=1, routed)           0.001     1.362    locked_pll_cnt_reg[4]_i_1_n_0
    SLICE_X2Y50          CARRY4 (Prop_carry4_CI_CO[3])
                                                      0.039     1.401 r  locked_pll_cnt_reg[8]_i_1/CO[3]
                         net (fo=1, routed)           0.000     1.401    locked_pll_cnt_reg[8]_i_1_n_0
    SLICE_X2Y51          CARRY4 (Prop_carry4_CI_CO[3])
                                                      0.039     1.440 r  locked_pll_cnt_reg[12]_i_1/CO[3]
                         net (fo=1, routed)           0.000     1.440    locked_pll_cnt_reg[12]_i_1_n_0
    SLICE_X2Y52          CARRY4 (Prop_carry4_CI_O[2])
                                                      0.065     1.505 r  locked_pll_cnt_reg[16]_i_1/O[2]
                         net (fo=1, routed)           0.000     1.505    locked_pll_cnt_reg[16]_i_1_n_5
    SLICE_X2Y52          FDRE                                         r  locked_pll_cnt_reg[18]/D
  -------------------------------------------------------------------    -------------------

                         (clock clk_fpga_0 rise edge)
                                                      0.000     0.000 r  
    PS7_X0Y0             PS7                          0.000     0.000 r  ps/system_i/processing_system7/inst/PS7_i/FCLKCLK[0]
                         net (fo=1, routed)           0.341     0.341    ps/lopt
    BUFGCTRL_X0Y5        BUFG (Prop_bufg_I_O)         0.029     0.370 r  ps/fclk_buf[0]/O
                         net (fo=32, routed)          0.853     1.223    fclk
    SLICE_X2Y52          FDRE                                         r  locked_pll_cnt_reg[18]/C
                         clock pessimism             -0.029     1.194    
    SLICE_X2Y52          FDRE (Hold_fdre_C_D)         0.105     1.299    locked_pll_cnt_reg[18]
  -------------------------------------------------------------------
                         required time                         -1.299    
                         arrival time                           1.505    
  -------------------------------------------------------------------
                         slack                                  0.206    





Pulse Width Checks
--------------------------------------------------------------------------------------
Clock Name:         clk_fpga_0
Waveform(ns):       { 0.000 4.000 }
Period(ns):         8.000
Sources:            { ps/system_i/processing_system7/inst/PS7_i/FCLKCLK[0] }

Check Type        Corner  Lib Pin  Reference Pin  Required(ns)  Actual(ns)  Slack(ns)  Location       Pin
Min Period        n/a     BUFG/I   n/a            2.155         8.000       5.845      BUFGCTRL_X0Y5  ps/fclk_buf[0]/I
Min Period        n/a     FDRE/C   n/a            1.000         8.000       7.000      SLICE_X2Y48    locked_pll_cnt_reg[0]/C
Min Period        n/a     FDRE/C   n/a            1.000         8.000       7.000      SLICE_X2Y50    locked_pll_cnt_reg[10]/C
Min Period        n/a     FDRE/C   n/a            1.000         8.000       7.000      SLICE_X2Y50    locked_pll_cnt_reg[11]/C
Min Period        n/a     FDRE/C   n/a            1.000         8.000       7.000      SLICE_X2Y51    locked_pll_cnt_reg[12]/C
Min Period        n/a     FDRE/C   n/a            1.000         8.000       7.000      SLICE_X2Y51    locked_pll_cnt_reg[13]/C
Min Period        n/a     FDRE/C   n/a            1.000         8.000       7.000      SLICE_X2Y51    locked_pll_cnt_reg[14]/C
Min Period        n/a     FDRE/C   n/a            1.000         8.000       7.000      SLICE_X2Y51    locked_pll_cnt_reg[15]/C
Min Period        n/a     FDRE/C   n/a            1.000         8.000       7.000      SLICE_X2Y52    locked_pll_cnt_reg[16]/C
Min Period        n/a     FDRE/C   n/a            1.000         8.000       7.000      SLICE_X2Y52    locked_pll_cnt_reg[17]/C
Low Pulse Width   Slow    FDRE/C   n/a            0.500         4.000       3.500      SLICE_X2Y48    locked_pll_cnt_reg[0]/C
Low Pulse Width   Fast    FDRE/C   n/a            0.500         4.000       3.500      SLICE_X2Y48    locked_pll_cnt_reg[0]/C
Low Pulse Width   Slow    FDRE/C   n/a            0.500         4.000       3.500      SLICE_X2Y48    locked_pll_cnt_reg[1]/C
Low Pulse Width   Fast    FDRE/C   n/a            0.500         4.000       3.500      SLICE_X2Y48    locked_pll_cnt_reg[1]/C
Low Pulse Width   Slow    FDRE/C   n/a            0.500         4.000       3.500      SLICE_X2Y53    locked_pll_cnt_reg[20]/C
Low Pulse Width   Slow    FDRE/C   n/a            0.500         4.000       3.500      SLICE_X2Y53    locked_pll_cnt_reg[21]/C
Low Pulse Width   Slow    FDRE/C   n/a            0.500         4.000       3.500      SLICE_X2Y53    locked_pll_cnt_reg[22]/C
Low Pulse Width   Slow    FDRE/C   n/a            0.500         4.000       3.500      SLICE_X2Y53    locked_pll_cnt_reg[23]/C
Low Pulse Width   Slow    FDRE/C   n/a            0.500         4.000       3.500      SLICE_X2Y54    locked_pll_cnt_reg[24]/C
Low Pulse Width   Slow    FDRE/C   n/a            0.500         4.000       3.500      SLICE_X2Y54    locked_pll_cnt_reg[25]/C
High Pulse Width  Fast    FDRE/C   n/a            0.500         4.000       3.500      SLICE_X2Y53    locked_pll_cnt_reg[20]/C
High Pulse Width  Fast    FDRE/C   n/a            0.500         4.000       3.500      SLICE_X2Y53    locked_pll_cnt_reg[21]/C
High Pulse Width  Fast    FDRE/C   n/a            0.500         4.000       3.500      SLICE_X2Y53    locked_pll_cnt_reg[22]/C
High Pulse Width  Fast    FDRE/C   n/a            0.500         4.000       3.500      SLICE_X2Y53    locked_pll_cnt_reg[23]/C
High Pulse Width  Fast    FDRE/C   n/a            0.500         4.000       3.500      SLICE_X2Y54    locked_pll_cnt_reg[24]/C
High Pulse Width  Fast    FDRE/C   n/a            0.500         4.000       3.500      SLICE_X2Y54    locked_pll_cnt_reg[25]/C
High Pulse Width  Fast    FDRE/C   n/a            0.500         4.000       3.500      SLICE_X2Y54    locked_pll_cnt_reg[26]/C
High Pulse Width  Fast    FDRE/C   n/a            0.500         4.000       3.500      SLICE_X2Y54    locked_pll_cnt_reg[27]/C
High Pulse Width  Fast    FDRE/C   n/a            0.500         4.000       3.500      SLICE_X2Y55    locked_pll_cnt_reg[28]/C
High Pulse Width  Fast    FDRE/C   n/a            0.500         4.000       3.500      SLICE_X2Y55    locked_pll_cnt_reg[29]/C



---------------------------------------------------------------------------------------------------
From Clock:  clk_fpga_3
  To Clock:  clk_fpga_3

Setup :            0  Failing Endpoints,  Worst Slack        0.271ns,  Total Violation        0.000ns
Hold  :            0  Failing Endpoints,  Worst Slack        0.096ns,  Total Violation        0.000ns
PW    :            0  Failing Endpoints,  Worst Slack        1.000ns,  Total Violation        0.000ns
---------------------------------------------------------------------------------------------------


Max Delay Paths
--------------------------------------------------------------------------------------
Slack (MET) :             0.271ns  (required time - arrival time)
  Source:                 ps/system_i/xadc/inst/AXI_LITE_IPIF_I/I_SLAVE_ATTACHMENT/INCLUDE_DPHASE_TIMER.dpto_cnt_reg[6]/C
                            (rising edge-triggered cell FDRE clocked by clk_fpga_3  {rise@0.000ns fall@2.500ns period=5.000ns})
  Destination:            ps/system_i/axi_protocol_converter_0/inst/gen_axilite.gen_b2s_conv.axilite_b2s/WR.aw_channel_0/cmd_translator_0/incr_cmd_0/axaddr_incr_reg[3]/D
                            (rising edge-triggered cell FDRE clocked by clk_fpga_3  {rise@0.000ns fall@2.500ns period=5.000ns})
  Path Group:             clk_fpga_3
  Path Type:              Setup (Max at Slow Process Corner)
  Requirement:            5.000ns  (clk_fpga_3 rise@5.000ns - clk_fpga_3 rise@0.000ns)
  Data Path Delay:        4.665ns  (logic 2.006ns (42.997%)  route 2.659ns (57.003%))
  Logic Levels:           5  (CARRY4=1 LUT2=1 LUT3=1 LUT4=1 LUT6=1)
  Clock Path Skew:        -0.012ns (DCD - SCD + CPR)
    Destination Clock Delay (DCD):    2.719ns = ( 7.719 - 5.000 ) 
    Source Clock Delay      (SCD):    2.961ns
    Clock Pessimism Removal (CPR):    0.230ns
  Clock Uncertainty:      0.083ns  ((TSJ^2 + TIJ^2)^1/2 + DJ) / 2 + PE
    Total System Jitter     (TSJ):    0.071ns
    Total Input Jitter      (TIJ):    0.150ns
    Discrete Jitter          (DJ):    0.000ns
    Phase Error              (PE):    0.000ns

    Location             Delay type                Incr(ns)  Path(ns)    Netlist Resource(s)
  -------------------------------------------------------------------    -------------------
                         (clock clk_fpga_3 rise edge)
                                                      0.000     0.000 r  
    PS7_X0Y0             PS7                          0.000     0.000 r  ps/system_i/processing_system7/inst/PS7_i/FCLKCLK[3]
                         net (fo=1, routed)           1.207     1.207    ps/system_i/processing_system7/inst/FCLK_CLK_unbuffered[3]
    BUFGCTRL_X0Y1        BUFG (Prop_bufg_I_O)         0.101     1.308 r  ps/system_i/processing_system7/inst/buffer_fclk_clk_3.FCLK_CLK_3_BUFG/O
                         net (fo=965, routed)         1.653     2.961    ps/system_i/xadc/inst/AXI_LITE_IPIF_I/I_SLAVE_ATTACHMENT/s_axi_aclk
    SLICE_X7Y77          FDRE                                         r  ps/system_i/xadc/inst/AXI_LITE_IPIF_I/I_SLAVE_ATTACHMENT/INCLUDE_DPHASE_TIMER.dpto_cnt_reg[6]/C
  -------------------------------------------------------------------    -------------------
    SLICE_X7Y77          FDRE (Prop_fdre_C_Q)         0.456     3.417 f  ps/system_i/xadc/inst/AXI_LITE_IPIF_I/I_SLAVE_ATTACHMENT/INCLUDE_DPHASE_TIMER.dpto_cnt_reg[6]/Q
                         net (fo=9, routed)           0.759     4.176    ps/system_i/xadc/inst/AXI_LITE_IPIF_I/I_SLAVE_ATTACHMENT/timeout
    SLICE_X5Y77          LUT2 (Prop_lut2_I0_O)        0.153     4.329 f  ps/system_i/xadc/inst/AXI_LITE_IPIF_I/I_SLAVE_ATTACHMENT/s_axi_wready_INST_0/O
                         net (fo=8, routed)           0.681     5.010    ps/system_i/axi_protocol_converter_0/inst/gen_axilite.gen_b2s_conv.axilite_b2s/WR.b_channel_0/bid_fifo_0/m_axi_awready
    SLICE_X3Y76          LUT6 (Prop_lut6_I0_O)        0.327     5.337 r  ps/system_i/axi_protocol_converter_0/inst/gen_axilite.gen_b2s_conv.axilite_b2s/WR.b_channel_0/bid_fifo_0/next_pending_r_i_3/O
                         net (fo=23, routed)          0.501     5.837    ps/system_i/axi_protocol_converter_0/inst/gen_axilite.gen_b2s_conv.axilite_b2s/WR.aw_channel_0/cmd_translator_0/incr_cmd_0/next_pending_r_reg_0
    SLICE_X3Y77          LUT4 (Prop_lut4_I1_O)        0.124     5.961 r  ps/system_i/axi_protocol_converter_0/inst/gen_axilite.gen_b2s_conv.axilite_b2s/WR.aw_channel_0/cmd_translator_0/incr_cmd_0/axaddr_incr[3]_i_9/O
                         net (fo=1, routed)           0.000     5.961    ps/system_i/axi_protocol_converter_0/inst/gen_axilite.gen_b2s_conv.axilite_b2s/SI_REG/aw.aw_pipe/S[1]
    SLICE_X3Y77          CARRY4 (Prop_carry4_S[1]_O[3])
                                                      0.640     6.601 r  ps/system_i/axi_protocol_converter_0/inst/gen_axilite.gen_b2s_conv.axilite_b2s/SI_REG/aw.aw_pipe/axaddr_incr_reg[3]_i_2/O[3]
                         net (fo=1, routed)           0.719     7.320    ps/system_i/axi_protocol_converter_0/inst/gen_axilite.gen_b2s_conv.axilite_b2s/WR.aw_channel_0/cmd_translator_0/incr_cmd_0/axaddr_incr[3]
    SLICE_X2Y77          LUT3 (Prop_lut3_I0_O)        0.306     7.626 r  ps/system_i/axi_protocol_converter_0/inst/gen_axilite.gen_b2s_conv.axilite_b2s/WR.aw_channel_0/cmd_translator_0/incr_cmd_0/axaddr_incr[3]_i_1/O
                         net (fo=1, routed)           0.000     7.626    ps/system_i/axi_protocol_converter_0/inst/gen_axilite.gen_b2s_conv.axilite_b2s/WR.aw_channel_0/cmd_translator_0/incr_cmd_0/p_1_in[3]
    SLICE_X2Y77          FDRE                                         r  ps/system_i/axi_protocol_converter_0/inst/gen_axilite.gen_b2s_conv.axilite_b2s/WR.aw_channel_0/cmd_translator_0/incr_cmd_0/axaddr_incr_reg[3]/D
  -------------------------------------------------------------------    -------------------

                         (clock clk_fpga_3 rise edge)
                                                      5.000     5.000 r  
    PS7_X0Y0             PS7                          0.000     5.000 r  ps/system_i/processing_system7/inst/PS7_i/FCLKCLK[3]
                         net (fo=1, routed)           1.101     6.101    ps/system_i/processing_system7/inst/FCLK_CLK_unbuffered[3]
    BUFGCTRL_X0Y1        BUFG (Prop_bufg_I_O)         0.091     6.192 r  ps/system_i/processing_system7/inst/buffer_fclk_clk_3.FCLK_CLK_3_BUFG/O
                         net (fo=965, routed)         1.527     7.719    ps/system_i/axi_protocol_converter_0/inst/gen_axilite.gen_b2s_conv.axilite_b2s/WR.aw_channel_0/cmd_translator_0/incr_cmd_0/aclk
    SLICE_X2Y77          FDRE                                         r  ps/system_i/axi_protocol_converter_0/inst/gen_axilite.gen_b2s_conv.axilite_b2s/WR.aw_channel_0/cmd_translator_0/incr_cmd_0/axaddr_incr_reg[3]/C
                         clock pessimism              0.230     7.949    
                         clock uncertainty           -0.083     7.866    
    SLICE_X2Y77          FDRE (Setup_fdre_C_D)        0.031     7.897    ps/system_i/axi_protocol_converter_0/inst/gen_axilite.gen_b2s_conv.axilite_b2s/WR.aw_channel_0/cmd_translator_0/incr_cmd_0/axaddr_incr_reg[3]
  -------------------------------------------------------------------
                         required time                          7.897    
                         arrival time                          -7.626    
  -------------------------------------------------------------------
                         slack                                  0.271    

Slack (MET) :             0.282ns  (required time - arrival time)
  Source:                 ps/system_i/xadc/inst/AXI_LITE_IPIF_I/I_SLAVE_ATTACHMENT/INCLUDE_DPHASE_TIMER.dpto_cnt_reg[6]/C
                            (rising edge-triggered cell FDRE clocked by clk_fpga_3  {rise@0.000ns fall@2.500ns period=5.000ns})
  Destination:            ps/system_i/axi_protocol_converter_0/inst/gen_axilite.gen_b2s_conv.axilite_b2s/WR.aw_channel_0/cmd_translator_0/incr_cmd_0/axaddr_incr_reg[9]/D
                            (rising edge-triggered cell FDRE clocked by clk_fpga_3  {rise@0.000ns fall@2.500ns period=5.000ns})
  Path Group:             clk_fpga_3
  Path Type:              Setup (Max at Slow Process Corner)
  Requirement:            5.000ns  (clk_fpga_3 rise@5.000ns - clk_fpga_3 rise@0.000ns)
  Data Path Delay:        4.656ns  (logic 2.361ns (50.713%)  route 2.295ns (49.287%))
  Logic Levels:           7  (CARRY4=3 LUT2=1 LUT3=1 LUT4=1 LUT6=1)
  Clock Path Skew:        -0.009ns (DCD - SCD + CPR)
    Destination Clock Delay (DCD):    2.722ns = ( 7.722 - 5.000 ) 
    Source Clock Delay      (SCD):    2.961ns
    Clock Pessimism Removal (CPR):    0.230ns
  Clock Uncertainty:      0.083ns  ((TSJ^2 + TIJ^2)^1/2 + DJ) / 2 + PE
    Total System Jitter     (TSJ):    0.071ns
    Total Input Jitter      (TIJ):    0.150ns
    Discrete Jitter          (DJ):    0.000ns
    Phase Error              (PE):    0.000ns

    Location             Delay type                Incr(ns)  Path(ns)    Netlist Resource(s)
  -------------------------------------------------------------------    -------------------
                         (clock clk_fpga_3 rise edge)
                                                      0.000     0.000 r  
    PS7_X0Y0             PS7                          0.000     0.000 r  ps/system_i/processing_system7/inst/PS7_i/FCLKCLK[3]
                         net (fo=1, routed)           1.207     1.207    ps/system_i/processing_system7/inst/FCLK_CLK_unbuffered[3]
    BUFGCTRL_X0Y1        BUFG (Prop_bufg_I_O)         0.101     1.308 r  ps/system_i/processing_system7/inst/buffer_fclk_clk_3.FCLK_CLK_3_BUFG/O
                         net (fo=965, routed)         1.653     2.961    ps/system_i/xadc/inst/AXI_LITE_IPIF_I/I_SLAVE_ATTACHMENT/s_axi_aclk
    SLICE_X7Y77          FDRE                                         r  ps/system_i/xadc/inst/AXI_LITE_IPIF_I/I_SLAVE_ATTACHMENT/INCLUDE_DPHASE_TIMER.dpto_cnt_reg[6]/C
  -------------------------------------------------------------------    -------------------
    SLICE_X7Y77          FDRE (Prop_fdre_C_Q)         0.456     3.417 f  ps/system_i/xadc/inst/AXI_LITE_IPIF_I/I_SLAVE_ATTACHMENT/INCLUDE_DPHASE_TIMER.dpto_cnt_reg[6]/Q
                         net (fo=9, routed)           0.759     4.176    ps/system_i/xadc/inst/AXI_LITE_IPIF_I/I_SLAVE_ATTACHMENT/timeout
    SLICE_X5Y77          LUT2 (Prop_lut2_I0_O)        0.153     4.329 f  ps/system_i/xadc/inst/AXI_LITE_IPIF_I/I_SLAVE_ATTACHMENT/s_axi_wready_INST_0/O
                         net (fo=8, routed)           0.681     5.010    ps/system_i/axi_protocol_converter_0/inst/gen_axilite.gen_b2s_conv.axilite_b2s/WR.b_channel_0/bid_fifo_0/m_axi_awready
    SLICE_X3Y76          LUT6 (Prop_lut6_I0_O)        0.327     5.337 r  ps/system_i/axi_protocol_converter_0/inst/gen_axilite.gen_b2s_conv.axilite_b2s/WR.b_channel_0/bid_fifo_0/next_pending_r_i_3/O
                         net (fo=23, routed)          0.501     5.837    ps/system_i/axi_protocol_converter_0/inst/gen_axilite.gen_b2s_conv.axilite_b2s/WR.aw_channel_0/cmd_translator_0/incr_cmd_0/next_pending_r_reg_0
    SLICE_X3Y77          LUT4 (Prop_lut4_I1_O)        0.124     5.961 r  ps/system_i/axi_protocol_converter_0/inst/gen_axilite.gen_b2s_conv.axilite_b2s/WR.aw_channel_0/cmd_translator_0/incr_cmd_0/axaddr_incr[3]_i_9/O
                         net (fo=1, routed)           0.000     5.961    ps/system_i/axi_protocol_converter_0/inst/gen_axilite.gen_b2s_conv.axilite_b2s/SI_REG/aw.aw_pipe/S[1]
    SLICE_X3Y77          CARRY4 (Prop_carry4_S[1]_CO[3])
                                                      0.550     6.511 r  ps/system_i/axi_protocol_converter_0/inst/gen_axilite.gen_b2s_conv.axilite_b2s/SI_REG/aw.aw_pipe/axaddr_incr_reg[3]_i_2/CO[3]
                         net (fo=1, routed)           0.000     6.511    ps/system_i/axi_protocol_converter_0/inst/gen_axilite.gen_b2s_conv.axilite_b2s/SI_REG/aw.aw_pipe/axaddr_incr_reg[3]_i_2_n_0
    SLICE_X3Y78          CARRY4 (Prop_carry4_CI_CO[3])
                                                      0.114     6.625 r  ps/system_i/axi_protocol_converter_0/inst/gen_axilite.gen_b2s_conv.axilite_b2s/SI_REG/aw.aw_pipe/axaddr_incr_reg[7]_i_2/CO[3]
                         net (fo=1, routed)           0.000     6.625    ps/system_i/axi_protocol_converter_0/inst/gen_axilite.gen_b2s_conv.axilite_b2s/SI_REG/aw.aw_pipe/axaddr_incr_reg[7]_i_2_n_0
    SLICE_X3Y79          CARRY4 (Prop_carry4_CI_O[1])
                                                      0.334     6.959 r  ps/system_i/axi_protocol_converter_0/inst/gen_axilite.gen_b2s_conv.axilite_b2s/SI_REG/aw.aw_pipe/axaddr_incr_reg[11]_i_3/O[1]
                         net (fo=1, routed)           0.354     7.314    ps/system_i/axi_protocol_converter_0/inst/gen_axilite.gen_b2s_conv.axilite_b2s/WR.aw_channel_0/cmd_translator_0/incr_cmd_0/axaddr_incr[9]
    SLICE_X2Y79          LUT3 (Prop_lut3_I0_O)        0.303     7.617 r  ps/system_i/axi_protocol_converter_0/inst/gen_axilite.gen_b2s_conv.axilite_b2s/WR.aw_channel_0/cmd_translator_0/incr_cmd_0/axaddr_incr[9]_i_1/O
                         net (fo=1, routed)           0.000     7.617    ps/system_i/axi_protocol_converter_0/inst/gen_axilite.gen_b2s_conv.axilite_b2s/WR.aw_channel_0/cmd_translator_0/incr_cmd_0/p_1_in[9]
    SLICE_X2Y79          FDRE                                         r  ps/system_i/axi_protocol_converter_0/inst/gen_axilite.gen_b2s_conv.axilite_b2s/WR.aw_channel_0/cmd_translator_0/incr_cmd_0/axaddr_incr_reg[9]/D
  -------------------------------------------------------------------    -------------------

                         (clock clk_fpga_3 rise edge)
                                                      5.000     5.000 r  
    PS7_X0Y0             PS7                          0.000     5.000 r  ps/system_i/processing_system7/inst/PS7_i/FCLKCLK[3]
                         net (fo=1, routed)           1.101     6.101    ps/system_i/processing_system7/inst/FCLK_CLK_unbuffered[3]
    BUFGCTRL_X0Y1        BUFG (Prop_bufg_I_O)         0.091     6.192 r  ps/system_i/processing_system7/inst/buffer_fclk_clk_3.FCLK_CLK_3_BUFG/O
                         net (fo=965, routed)         1.530     7.722    ps/system_i/axi_protocol_converter_0/inst/gen_axilite.gen_b2s_conv.axilite_b2s/WR.aw_channel_0/cmd_translator_0/incr_cmd_0/aclk
    SLICE_X2Y79          FDRE                                         r  ps/system_i/axi_protocol_converter_0/inst/gen_axilite.gen_b2s_conv.axilite_b2s/WR.aw_channel_0/cmd_translator_0/incr_cmd_0/axaddr_incr_reg[9]/C
                         clock pessimism              0.230     7.952    
                         clock uncertainty           -0.083     7.869    
    SLICE_X2Y79          FDRE (Setup_fdre_C_D)        0.029     7.898    ps/system_i/axi_protocol_converter_0/inst/gen_axilite.gen_b2s_conv.axilite_b2s/WR.aw_channel_0/cmd_translator_0/incr_cmd_0/axaddr_incr_reg[9]
  -------------------------------------------------------------------
                         required time                          7.898    
                         arrival time                          -7.617    
  -------------------------------------------------------------------
                         slack                                  0.282    

Slack (MET) :             0.305ns  (required time - arrival time)
  Source:                 ps/system_i/xadc/inst/AXI_LITE_IPIF_I/I_SLAVE_ATTACHMENT/INCLUDE_DPHASE_TIMER.dpto_cnt_reg[6]/C
                            (rising edge-triggered cell FDRE clocked by clk_fpga_3  {rise@0.000ns fall@2.500ns period=5.000ns})
  Destination:            ps/system_i/axi_protocol_converter_0/inst/gen_axilite.gen_b2s_conv.axilite_b2s/WR.aw_channel_0/cmd_translator_0/incr_cmd_0/axaddr_incr_reg[11]/D
                            (rising edge-triggered cell FDRE clocked by clk_fpga_3  {rise@0.000ns fall@2.500ns period=5.000ns})
  Path Group:             clk_fpga_3
  Path Type:              Setup (Max at Slow Process Corner)
  Requirement:            5.000ns  (clk_fpga_3 rise@5.000ns - clk_fpga_3 rise@0.000ns)
  Data Path Delay:        4.634ns  (logic 2.343ns (50.558%)  route 2.291ns (49.442%))
  Logic Levels:           7  (CARRY4=3 LUT2=1 LUT3=1 LUT4=1 LUT6=1)
  Clock Path Skew:        -0.009ns (DCD - SCD + CPR)
    Destination Clock Delay (DCD):    2.722ns = ( 7.722 - 5.000 ) 
    Source Clock Delay      (SCD):    2.961ns
    Clock Pessimism Removal (CPR):    0.230ns
  Clock Uncertainty:      0.083ns  ((TSJ^2 + TIJ^2)^1/2 + DJ) / 2 + PE
    Total System Jitter     (TSJ):    0.071ns
    Total Input Jitter      (TIJ):    0.150ns
    Discrete Jitter          (DJ):    0.000ns
    Phase Error              (PE):    0.000ns

    Location             Delay type                Incr(ns)  Path(ns)    Netlist Resource(s)
  -------------------------------------------------------------------    -------------------
                         (clock clk_fpga_3 rise edge)
                                                      0.000     0.000 r  
    PS7_X0Y0             PS7                          0.000     0.000 r  ps/system_i/processing_system7/inst/PS7_i/FCLKCLK[3]
                         net (fo=1, routed)           1.207     1.207    ps/system_i/processing_system7/inst/FCLK_CLK_unbuffered[3]
    BUFGCTRL_X0Y1        BUFG (Prop_bufg_I_O)         0.101     1.308 r  ps/system_i/processing_system7/inst/buffer_fclk_clk_3.FCLK_CLK_3_BUFG/O
                         net (fo=965, routed)         1.653     2.961    ps/system_i/xadc/inst/AXI_LITE_IPIF_I/I_SLAVE_ATTACHMENT/s_axi_aclk
    SLICE_X7Y77          FDRE                                         r  ps/system_i/xadc/inst/AXI_LITE_IPIF_I/I_SLAVE_ATTACHMENT/INCLUDE_DPHASE_TIMER.dpto_cnt_reg[6]/C
  -------------------------------------------------------------------    -------------------
    SLICE_X7Y77          FDRE (Prop_fdre_C_Q)         0.456     3.417 f  ps/system_i/xadc/inst/AXI_LITE_IPIF_I/I_SLAVE_ATTACHMENT/INCLUDE_DPHASE_TIMER.dpto_cnt_reg[6]/Q
                         net (fo=9, routed)           0.759     4.176    ps/system_i/xadc/inst/AXI_LITE_IPIF_I/I_SLAVE_ATTACHMENT/timeout
    SLICE_X5Y77          LUT2 (Prop_lut2_I0_O)        0.153     4.329 f  ps/system_i/xadc/inst/AXI_LITE_IPIF_I/I_SLAVE_ATTACHMENT/s_axi_wready_INST_0/O
                         net (fo=8, routed)           0.681     5.010    ps/system_i/axi_protocol_converter_0/inst/gen_axilite.gen_b2s_conv.axilite_b2s/WR.b_channel_0/bid_fifo_0/m_axi_awready
    SLICE_X3Y76          LUT6 (Prop_lut6_I0_O)        0.327     5.337 r  ps/system_i/axi_protocol_converter_0/inst/gen_axilite.gen_b2s_conv.axilite_b2s/WR.b_channel_0/bid_fifo_0/next_pending_r_i_3/O
                         net (fo=23, routed)          0.501     5.837    ps/system_i/axi_protocol_converter_0/inst/gen_axilite.gen_b2s_conv.axilite_b2s/WR.aw_channel_0/cmd_translator_0/incr_cmd_0/next_pending_r_reg_0
    SLICE_X3Y77          LUT4 (Prop_lut4_I1_O)        0.124     5.961 r  ps/system_i/axi_protocol_converter_0/inst/gen_axilite.gen_b2s_conv.axilite_b2s/WR.aw_channel_0/cmd_translator_0/incr_cmd_0/axaddr_incr[3]_i_9/O
                         net (fo=1, routed)           0.000     5.961    ps/system_i/axi_protocol_converter_0/inst/gen_axilite.gen_b2s_conv.axilite_b2s/SI_REG/aw.aw_pipe/S[1]
    SLICE_X3Y77          CARRY4 (Prop_carry4_S[1]_CO[3])
                                                      0.550     6.511 r  ps/system_i/axi_protocol_converter_0/inst/gen_axilite.gen_b2s_conv.axilite_b2s/SI_REG/aw.aw_pipe/axaddr_incr_reg[3]_i_2/CO[3]
                         net (fo=1, routed)           0.000     6.511    ps/system_i/axi_protocol_converter_0/inst/gen_axilite.gen_b2s_conv.axilite_b2s/SI_REG/aw.aw_pipe/axaddr_incr_reg[3]_i_2_n_0
    SLICE_X3Y78          CARRY4 (Prop_carry4_CI_CO[3])
                                                      0.114     6.625 r  ps/system_i/axi_protocol_converter_0/inst/gen_axilite.gen_b2s_conv.axilite_b2s/SI_REG/aw.aw_pipe/axaddr_incr_reg[7]_i_2/CO[3]
                         net (fo=1, routed)           0.000     6.625    ps/system_i/axi_protocol_converter_0/inst/gen_axilite.gen_b2s_conv.axilite_b2s/SI_REG/aw.aw_pipe/axaddr_incr_reg[7]_i_2_n_0
    SLICE_X3Y79          CARRY4 (Prop_carry4_CI_O[3])
                                                      0.313     6.938 r  ps/system_i/axi_protocol_converter_0/inst/gen_axilite.gen_b2s_conv.axilite_b2s/SI_REG/aw.aw_pipe/axaddr_incr_reg[11]_i_3/O[3]
                         net (fo=1, routed)           0.351     7.289    ps/system_i/axi_protocol_converter_0/inst/gen_axilite.gen_b2s_conv.axilite_b2s/WR.aw_channel_0/cmd_translator_0/incr_cmd_0/axaddr_incr[11]
    SLICE_X2Y79          LUT3 (Prop_lut3_I0_O)        0.306     7.595 r  ps/system_i/axi_protocol_converter_0/inst/gen_axilite.gen_b2s_conv.axilite_b2s/WR.aw_channel_0/cmd_translator_0/incr_cmd_0/axaddr_incr[11]_i_2/O
                         net (fo=1, routed)           0.000     7.595    ps/system_i/axi_protocol_converter_0/inst/gen_axilite.gen_b2s_conv.axilite_b2s/WR.aw_channel_0/cmd_translator_0/incr_cmd_0/p_1_in[11]
    SLICE_X2Y79          FDRE                                         r  ps/system_i/axi_protocol_converter_0/inst/gen_axilite.gen_b2s_conv.axilite_b2s/WR.aw_channel_0/cmd_translator_0/incr_cmd_0/axaddr_incr_reg[11]/D
  -------------------------------------------------------------------    -------------------

                         (clock clk_fpga_3 rise edge)
                                                      5.000     5.000 r  
    PS7_X0Y0             PS7                          0.000     5.000 r  ps/system_i/processing_system7/inst/PS7_i/FCLKCLK[3]
                         net (fo=1, routed)           1.101     6.101    ps/system_i/processing_system7/inst/FCLK_CLK_unbuffered[3]
    BUFGCTRL_X0Y1        BUFG (Prop_bufg_I_O)         0.091     6.192 r  ps/system_i/processing_system7/inst/buffer_fclk_clk_3.FCLK_CLK_3_BUFG/O
                         net (fo=965, routed)         1.530     7.722    ps/system_i/axi_protocol_converter_0/inst/gen_axilite.gen_b2s_conv.axilite_b2s/WR.aw_channel_0/cmd_translator_0/incr_cmd_0/aclk
    SLICE_X2Y79          FDRE                                         r  ps/system_i/axi_protocol_converter_0/inst/gen_axilite.gen_b2s_conv.axilite_b2s/WR.aw_channel_0/cmd_translator_0/incr_cmd_0/axaddr_incr_reg[11]/C
                         clock pessimism              0.230     7.952    
                         clock uncertainty           -0.083     7.869    
    SLICE_X2Y79          FDRE (Setup_fdre_C_D)        0.031     7.900    ps/system_i/axi_protocol_converter_0/inst/gen_axilite.gen_b2s_conv.axilite_b2s/WR.aw_channel_0/cmd_translator_0/incr_cmd_0/axaddr_incr_reg[11]
  -------------------------------------------------------------------
                         required time                          7.900    
                         arrival time                          -7.595    
  -------------------------------------------------------------------
                         slack                                  0.305    

Slack (MET) :             0.320ns  (required time - arrival time)
  Source:                 ps/system_i/axi_protocol_converter_0/inst/gen_axilite.gen_b2s_conv.axilite_b2s/WR.aw_channel_0/cmd_translator_0/incr_cmd_0/sel_first_reg/C
                            (rising edge-triggered cell FDRE clocked by clk_fpga_3  {rise@0.000ns fall@2.500ns period=5.000ns})
  Destination:            ps/system_i/xadc/inst/AXI_LITE_IPIF_I/I_SLAVE_ATTACHMENT/I_DECODER/GEN_BKEND_CE_REGISTERS[0].ce_out_i_reg[0]/D
                            (rising edge-triggered cell FDRE clocked by clk_fpga_3  {rise@0.000ns fall@2.500ns period=5.000ns})
  Path Group:             clk_fpga_3
  Path Type:              Setup (Max at Slow Process Corner)
  Requirement:            5.000ns  (clk_fpga_3 rise@5.000ns - clk_fpga_3 rise@0.000ns)
  Data Path Delay:        4.526ns  (logic 1.186ns (26.205%)  route 3.340ns (73.795%))
  Logic Levels:           4  (LUT2=1 LUT5=1 LUT6=2)
  Clock Path Skew:        -0.100ns (DCD - SCD + CPR)
    Destination Clock Delay (DCD):    2.677ns = ( 7.677 - 5.000 ) 
    Source Clock Delay      (SCD):    3.007ns
    Clock Pessimism Removal (CPR):    0.230ns
  Clock Uncertainty:      0.083ns  ((TSJ^2 + TIJ^2)^1/2 + DJ) / 2 + PE
    Total System Jitter     (TSJ):    0.071ns
    Total Input Jitter      (TIJ):    0.150ns
    Discrete Jitter          (DJ):    0.000ns
    Phase Error              (PE):    0.000ns

    Location             Delay type                Incr(ns)  Path(ns)    Netlist Resource(s)
  -------------------------------------------------------------------    -------------------
                         (clock clk_fpga_3 rise edge)
                                                      0.000     0.000 r  
    PS7_X0Y0             PS7                          0.000     0.000 r  ps/system_i/processing_system7/inst/PS7_i/FCLKCLK[3]
                         net (fo=1, routed)           1.207     1.207    ps/system_i/processing_system7/inst/FCLK_CLK_unbuffered[3]
    BUFGCTRL_X0Y1        BUFG (Prop_bufg_I_O)         0.101     1.308 r  ps/system_i/processing_system7/inst/buffer_fclk_clk_3.FCLK_CLK_3_BUFG/O
                         net (fo=965, routed)         1.699     3.007    ps/system_i/axi_protocol_converter_0/inst/gen_axilite.gen_b2s_conv.axilite_b2s/WR.aw_channel_0/cmd_translator_0/incr_cmd_0/aclk
    SLICE_X3Y76          FDRE                                         r  ps/system_i/axi_protocol_converter_0/inst/gen_axilite.gen_b2s_conv.axilite_b2s/WR.aw_channel_0/cmd_translator_0/incr_cmd_0/sel_first_reg/C
  -------------------------------------------------------------------    -------------------
    SLICE_X3Y76          FDRE (Prop_fdre_C_Q)         0.456     3.463 r  ps/system_i/axi_protocol_converter_0/inst/gen_axilite.gen_b2s_conv.axilite_b2s/WR.aw_channel_0/cmd_translator_0/incr_cmd_0/sel_first_reg/Q
                         net (fo=15, routed)          0.631     4.094    ps/system_i/axi_protocol_converter_0/inst/gen_axilite.gen_b2s_conv.axilite_b2s/WR.aw_channel_0/cmd_translator_0/incr_cmd_0/sel_first_reg_0
    SLICE_X2Y75          LUT2 (Prop_lut2_I0_O)        0.150     4.244 r  ps/system_i/axi_protocol_converter_0/inst/gen_axilite.gen_b2s_conv.axilite_b2s/WR.aw_channel_0/cmd_translator_0/incr_cmd_0/m_axi_awaddr[11]_INST_0_i_1/O
                         net (fo=8, routed)           0.728     4.972    ps/system_i/axi_protocol_converter_0/inst/gen_axilite.gen_b2s_conv.axilite_b2s/WR.aw_channel_0/cmd_translator_0/incr_cmd_0/m_axi_awaddr[11]_INST_0_i_1_n_0
    SLICE_X8Y76          LUT6 (Prop_lut6_I1_O)        0.332     5.304 f  ps/system_i/axi_protocol_converter_0/inst/gen_axilite.gen_b2s_conv.axilite_b2s/WR.aw_channel_0/cmd_translator_0/incr_cmd_0/m_axi_awaddr[3]_INST_0/O
                         net (fo=5, routed)           0.831     6.135    ps/system_i/xadc/inst/AXI_LITE_IPIF_I/I_SLAVE_ATTACHMENT/I_DECODER/s_axi_awaddr[1]
    SLICE_X6Y76          LUT5 (Prop_lut5_I0_O)        0.124     6.259 r  ps/system_i/xadc/inst/AXI_LITE_IPIF_I/I_SLAVE_ATTACHMENT/I_DECODER/GEN_BKEND_CE_REGISTERS[20].ce_out_i[20]_i_2/O
                         net (fo=6, routed)           1.150     7.409    ps/system_i/xadc/inst/AXI_LITE_IPIF_I/I_SLAVE_ATTACHMENT/I_DECODER/GEN_BKEND_CE_REGISTERS[20].ce_out_i[20]_i_2_n_0
    SLICE_X9Y78          LUT6 (Prop_lut6_I0_O)        0.124     7.533 r  ps/system_i/xadc/inst/AXI_LITE_IPIF_I/I_SLAVE_ATTACHMENT/I_DECODER/GEN_BKEND_CE_REGISTERS[0].ce_out_i[0]_i_1/O
                         net (fo=1, routed)           0.000     7.533    ps/system_i/xadc/inst/AXI_LITE_IPIF_I/I_SLAVE_ATTACHMENT/I_DECODER/ce_expnd_i_24
    SLICE_X9Y78          FDRE                                         r  ps/system_i/xadc/inst/AXI_LITE_IPIF_I/I_SLAVE_ATTACHMENT/I_DECODER/GEN_BKEND_CE_REGISTERS[0].ce_out_i_reg[0]/D
  -------------------------------------------------------------------    -------------------

                         (clock clk_fpga_3 rise edge)
                                                      5.000     5.000 r  
    PS7_X0Y0             PS7                          0.000     5.000 r  ps/system_i/processing_system7/inst/PS7_i/FCLKCLK[3]
                         net (fo=1, routed)           1.101     6.101    ps/system_i/processing_system7/inst/FCLK_CLK_unbuffered[3]
    BUFGCTRL_X0Y1        BUFG (Prop_bufg_I_O)         0.091     6.192 r  ps/system_i/processing_system7/inst/buffer_fclk_clk_3.FCLK_CLK_3_BUFG/O
                         net (fo=965, routed)         1.485     7.677    ps/system_i/xadc/inst/AXI_LITE_IPIF_I/I_SLAVE_ATTACHMENT/I_DECODER/s_axi_aclk
    SLICE_X9Y78          FDRE                                         r  ps/system_i/xadc/inst/AXI_LITE_IPIF_I/I_SLAVE_ATTACHMENT/I_DECODER/GEN_BKEND_CE_REGISTERS[0].ce_out_i_reg[0]/C
                         clock pessimism              0.230     7.907    
                         clock uncertainty           -0.083     7.824    
    SLICE_X9Y78          FDRE (Setup_fdre_C_D)        0.029     7.853    ps/system_i/xadc/inst/AXI_LITE_IPIF_I/I_SLAVE_ATTACHMENT/I_DECODER/GEN_BKEND_CE_REGISTERS[0].ce_out_i_reg[0]
  -------------------------------------------------------------------
                         required time                          7.853    
                         arrival time                          -7.533    
  -------------------------------------------------------------------
                         slack                                  0.320    

Slack (MET) :             0.322ns  (required time - arrival time)
  Source:                 ps/system_i/axi_protocol_converter_0/inst/gen_axilite.gen_b2s_conv.axilite_b2s/SI_REG/ar.ar_pipe/m_payload_i_reg[3]/C
                            (rising edge-triggered cell FDRE clocked by clk_fpga_3  {rise@0.000ns fall@2.500ns period=5.000ns})
  Destination:            ps/system_i/axi_protocol_converter_0/inst/gen_axilite.gen_b2s_conv.axilite_b2s/RD.ar_channel_0/cmd_translator_0/wrap_cmd_0/wrap_second_len_r_reg[0]/D
                            (rising edge-triggered cell FDRE clocked by clk_fpga_3  {rise@0.000ns fall@2.500ns period=5.000ns})
  Path Group:             clk_fpga_3
  Path Type:              Setup (Max at Slow Process Corner)
  Requirement:            5.000ns  (clk_fpga_3 rise@5.000ns - clk_fpga_3 rise@0.000ns)
  Data Path Delay:        4.622ns  (logic 1.209ns (26.157%)  route 3.413ns (73.843%))
  Logic Levels:           4  (LUT3=1 LUT4=1 LUT6=2)
  Clock Path Skew:        -0.054ns (DCD - SCD + CPR)
    Destination Clock Delay (DCD):    2.682ns = ( 7.682 - 5.000 ) 
    Source Clock Delay      (SCD):    2.966ns
    Clock Pessimism Removal (CPR):    0.230ns
  Clock Uncertainty:      0.083ns  ((TSJ^2 + TIJ^2)^1/2 + DJ) / 2 + PE
    Total System Jitter     (TSJ):    0.071ns
    Total Input Jitter      (TIJ):    0.150ns
    Discrete Jitter          (DJ):    0.000ns
    Phase Error              (PE):    0.000ns

    Location             Delay type                Incr(ns)  Path(ns)    Netlist Resource(s)
  -------------------------------------------------------------------    -------------------
                         (clock clk_fpga_3 rise edge)
                                                      0.000     0.000 r  
    PS7_X0Y0             PS7                          0.000     0.000 r  ps/system_i/processing_system7/inst/PS7_i/FCLKCLK[3]
                         net (fo=1, routed)           1.207     1.207    ps/system_i/processing_system7/inst/FCLK_CLK_unbuffered[3]
    BUFGCTRL_X0Y1        BUFG (Prop_bufg_I_O)         0.101     1.308 r  ps/system_i/processing_system7/inst/buffer_fclk_clk_3.FCLK_CLK_3_BUFG/O
                         net (fo=965, routed)         1.658     2.966    ps/system_i/axi_protocol_converter_0/inst/gen_axilite.gen_b2s_conv.axilite_b2s/SI_REG/ar.ar_pipe/aclk
    SLICE_X7Y69          FDRE                                         r  ps/system_i/axi_protocol_converter_0/inst/gen_axilite.gen_b2s_conv.axilite_b2s/SI_REG/ar.ar_pipe/m_payload_i_reg[3]/C
  -------------------------------------------------------------------    -------------------
    SLICE_X7Y69          FDRE (Prop_fdre_C_Q)         0.456     3.422 r  ps/system_i/axi_protocol_converter_0/inst/gen_axilite.gen_b2s_conv.axilite_b2s/SI_REG/ar.ar_pipe/m_payload_i_reg[3]/Q
                         net (fo=9, routed)           1.264     4.686    ps/system_i/axi_protocol_converter_0/inst/gen_axilite.gen_b2s_conv.axilite_b2s/SI_REG/ar.ar_pipe/Q[3]
    SLICE_X8Y75          LUT3 (Prop_lut3_I0_O)        0.124     4.810 r  ps/system_i/axi_protocol_converter_0/inst/gen_axilite.gen_b2s_conv.axilite_b2s/SI_REG/ar.ar_pipe/axaddr_offset_r[1]_i_2__0/O
                         net (fo=1, routed)           0.859     5.669    ps/system_i/axi_protocol_converter_0/inst/gen_axilite.gen_b2s_conv.axilite_b2s/SI_REG/ar.ar_pipe/axaddr_offset_r[1]_i_2__0_n_0
    SLICE_X9Y80          LUT6 (Prop_lut6_I1_O)        0.124     5.793 r  ps/system_i/axi_protocol_converter_0/inst/gen_axilite.gen_b2s_conv.axilite_b2s/SI_REG/ar.ar_pipe/axaddr_offset_r[1]_i_1__0/O
                         net (fo=6, routed)           0.851     6.644    ps/system_i/axi_protocol_converter_0/inst/gen_axilite.gen_b2s_conv.axilite_b2s/SI_REG/ar.ar_pipe/axaddr_offset_r_reg[2][0]
    SLICE_X8Y82          LUT4 (Prop_lut4_I1_O)        0.150     6.794 r  ps/system_i/axi_protocol_converter_0/inst/gen_axilite.gen_b2s_conv.axilite_b2s/SI_REG/ar.ar_pipe/wrap_second_len_r[0]_i_2__0/O
                         net (fo=2, routed)           0.439     7.233    ps/system_i/axi_protocol_converter_0/inst/gen_axilite.gen_b2s_conv.axilite_b2s/RD.ar_channel_0/ar_cmd_fsm_0/wrap_second_len_r_reg[0]
    SLICE_X8Y83          LUT6 (Prop_lut6_I0_O)        0.355     7.588 r  ps/system_i/axi_protocol_converter_0/inst/gen_axilite.gen_b2s_conv.axilite_b2s/RD.ar_channel_0/ar_cmd_fsm_0/wrap_second_len_r[0]_i_1__0/O
                         net (fo=1, routed)           0.000     7.588    ps/system_i/axi_protocol_converter_0/inst/gen_axilite.gen_b2s_conv.axilite_b2s/RD.ar_channel_0/cmd_translator_0/wrap_cmd_0/wrap_second_len_r_reg[3]_1[0]
    SLICE_X8Y83          FDRE                                         r  ps/system_i/axi_protocol_converter_0/inst/gen_axilite.gen_b2s_conv.axilite_b2s/RD.ar_channel_0/cmd_translator_0/wrap_cmd_0/wrap_second_len_r_reg[0]/D
  -------------------------------------------------------------------    -------------------

                         (clock clk_fpga_3 rise edge)
                                                      5.000     5.000 r  
    PS7_X0Y0             PS7                          0.000     5.000 r  ps/system_i/processing_system7/inst/PS7_i/FCLKCLK[3]
                         net (fo=1, routed)           1.101     6.101    ps/system_i/processing_system7/inst/FCLK_CLK_unbuffered[3]
    BUFGCTRL_X0Y1        BUFG (Prop_bufg_I_O)         0.091     6.192 r  ps/system_i/processing_system7/inst/buffer_fclk_clk_3.FCLK_CLK_3_BUFG/O
                         net (fo=965, routed)         1.490     7.682    ps/system_i/axi_protocol_converter_0/inst/gen_axilite.gen_b2s_conv.axilite_b2s/RD.ar_channel_0/cmd_translator_0/wrap_cmd_0/aclk
    SLICE_X8Y83          FDRE                                         r  ps/system_i/axi_protocol_converter_0/inst/gen_axilite.gen_b2s_conv.axilite_b2s/RD.ar_channel_0/cmd_translator_0/wrap_cmd_0/wrap_second_len_r_reg[0]/C
                         clock pessimism              0.230     7.912    
                         clock uncertainty           -0.083     7.829    
    SLICE_X8Y83          FDRE (Setup_fdre_C_D)        0.081     7.910    ps/system_i/axi_protocol_converter_0/inst/gen_axilite.gen_b2s_conv.axilite_b2s/RD.ar_channel_0/cmd_translator_0/wrap_cmd_0/wrap_second_len_r_reg[0]
  -------------------------------------------------------------------
                         required time                          7.910    
                         arrival time                          -7.588    
  -------------------------------------------------------------------
                         slack                                  0.322    

Slack (MET) :             0.329ns  (required time - arrival time)
  Source:                 ps/system_i/axi_protocol_converter_0/inst/gen_axilite.gen_b2s_conv.axilite_b2s/SI_REG/ar.ar_pipe/m_payload_i_reg[3]/C
                            (rising edge-triggered cell FDRE clocked by clk_fpga_3  {rise@0.000ns fall@2.500ns period=5.000ns})
  Destination:            ps/system_i/axi_protocol_converter_0/inst/gen_axilite.gen_b2s_conv.axilite_b2s/RD.ar_channel_0/cmd_translator_0/wrap_cmd_0/wrap_cnt_r_reg[0]/D
                            (rising edge-triggered cell FDRE clocked by clk_fpga_3  {rise@0.000ns fall@2.500ns period=5.000ns})
  Path Group:             clk_fpga_3
  Path Type:              Setup (Max at Slow Process Corner)
  Requirement:            5.000ns  (clk_fpga_3 rise@5.000ns - clk_fpga_3 rise@0.000ns)
  Data Path Delay:        4.611ns  (logic 1.209ns (26.220%)  route 3.402ns (73.780%))
  Logic Levels:           4  (LUT3=1 LUT4=1 LUT6=2)
  Clock Path Skew:        -0.054ns (DCD - SCD + CPR)
    Destination Clock Delay (DCD):    2.682ns = ( 7.682 - 5.000 ) 
    Source Clock Delay      (SCD):    2.966ns
    Clock Pessimism Removal (CPR):    0.230ns
  Clock Uncertainty:      0.083ns  ((TSJ^2 + TIJ^2)^1/2 + DJ) / 2 + PE
    Total System Jitter     (TSJ):    0.071ns
    Total Input Jitter      (TIJ):    0.150ns
    Discrete Jitter          (DJ):    0.000ns
    Phase Error              (PE):    0.000ns

    Location             Delay type                Incr(ns)  Path(ns)    Netlist Resource(s)
  -------------------------------------------------------------------    -------------------
                         (clock clk_fpga_3 rise edge)
                                                      0.000     0.000 r  
    PS7_X0Y0             PS7                          0.000     0.000 r  ps/system_i/processing_system7/inst/PS7_i/FCLKCLK[3]
                         net (fo=1, routed)           1.207     1.207    ps/system_i/processing_system7/inst/FCLK_CLK_unbuffered[3]
    BUFGCTRL_X0Y1        BUFG (Prop_bufg_I_O)         0.101     1.308 r  ps/system_i/processing_system7/inst/buffer_fclk_clk_3.FCLK_CLK_3_BUFG/O
                         net (fo=965, routed)         1.658     2.966    ps/system_i/axi_protocol_converter_0/inst/gen_axilite.gen_b2s_conv.axilite_b2s/SI_REG/ar.ar_pipe/aclk
    SLICE_X7Y69          FDRE                                         r  ps/system_i/axi_protocol_converter_0/inst/gen_axilite.gen_b2s_conv.axilite_b2s/SI_REG/ar.ar_pipe/m_payload_i_reg[3]/C
  -------------------------------------------------------------------    -------------------
    SLICE_X7Y69          FDRE (Prop_fdre_C_Q)         0.456     3.422 r  ps/system_i/axi_protocol_converter_0/inst/gen_axilite.gen_b2s_conv.axilite_b2s/SI_REG/ar.ar_pipe/m_payload_i_reg[3]/Q
                         net (fo=9, routed)           1.264     4.686    ps/system_i/axi_protocol_converter_0/inst/gen_axilite.gen_b2s_conv.axilite_b2s/SI_REG/ar.ar_pipe/Q[3]
    SLICE_X8Y75          LUT3 (Prop_lut3_I0_O)        0.124     4.810 r  ps/system_i/axi_protocol_converter_0/inst/gen_axilite.gen_b2s_conv.axilite_b2s/SI_REG/ar.ar_pipe/axaddr_offset_r[1]_i_2__0/O
                         net (fo=1, routed)           0.859     5.669    ps/system_i/axi_protocol_converter_0/inst/gen_axilite.gen_b2s_conv.axilite_b2s/SI_REG/ar.ar_pipe/axaddr_offset_r[1]_i_2__0_n_0
    SLICE_X9Y80          LUT6 (Prop_lut6_I1_O)        0.124     5.793 r  ps/system_i/axi_protocol_converter_0/inst/gen_axilite.gen_b2s_conv.axilite_b2s/SI_REG/ar.ar_pipe/axaddr_offset_r[1]_i_1__0/O
                         net (fo=6, routed)           0.851     6.644    ps/system_i/axi_protocol_converter_0/inst/gen_axilite.gen_b2s_conv.axilite_b2s/SI_REG/ar.ar_pipe/axaddr_offset_r_reg[2][0]
    SLICE_X8Y82          LUT4 (Prop_lut4_I1_O)        0.150     6.794 r  ps/system_i/axi_protocol_converter_0/inst/gen_axilite.gen_b2s_conv.axilite_b2s/SI_REG/ar.ar_pipe/wrap_second_len_r[0]_i_2__0/O
                         net (fo=2, routed)           0.428     7.222    ps/system_i/axi_protocol_converter_0/inst/gen_axilite.gen_b2s_conv.axilite_b2s/RD.ar_channel_0/ar_cmd_fsm_0/wrap_second_len_r_reg[0]
    SLICE_X8Y83          LUT6 (Prop_lut6_I5_O)        0.355     7.577 r  ps/system_i/axi_protocol_converter_0/inst/gen_axilite.gen_b2s_conv.axilite_b2s/RD.ar_channel_0/ar_cmd_fsm_0/wrap_cnt_r[0]_i_1__0/O
                         net (fo=1, routed)           0.000     7.577    ps/system_i/axi_protocol_converter_0/inst/gen_axilite.gen_b2s_conv.axilite_b2s/RD.ar_channel_0/cmd_translator_0/wrap_cmd_0/wrap_cnt_r_reg[3]_0[0]
    SLICE_X8Y83          FDRE                                         r  ps/system_i/axi_protocol_converter_0/inst/gen_axilite.gen_b2s_conv.axilite_b2s/RD.ar_channel_0/cmd_translator_0/wrap_cmd_0/wrap_cnt_r_reg[0]/D
  -------------------------------------------------------------------    -------------------

                         (clock clk_fpga_3 rise edge)
                                                      5.000     5.000 r  
    PS7_X0Y0             PS7                          0.000     5.000 r  ps/system_i/processing_system7/inst/PS7_i/FCLKCLK[3]
                         net (fo=1, routed)           1.101     6.101    ps/system_i/processing_system7/inst/FCLK_CLK_unbuffered[3]
    BUFGCTRL_X0Y1        BUFG (Prop_bufg_I_O)         0.091     6.192 r  ps/system_i/processing_system7/inst/buffer_fclk_clk_3.FCLK_CLK_3_BUFG/O
                         net (fo=965, routed)         1.490     7.682    ps/system_i/axi_protocol_converter_0/inst/gen_axilite.gen_b2s_conv.axilite_b2s/RD.ar_channel_0/cmd_translator_0/wrap_cmd_0/aclk
    SLICE_X8Y83          FDRE                                         r  ps/system_i/axi_protocol_converter_0/inst/gen_axilite.gen_b2s_conv.axilite_b2s/RD.ar_channel_0/cmd_translator_0/wrap_cmd_0/wrap_cnt_r_reg[0]/C
                         clock pessimism              0.230     7.912    
                         clock uncertainty           -0.083     7.829    
    SLICE_X8Y83          FDRE (Setup_fdre_C_D)        0.077     7.906    ps/system_i/axi_protocol_converter_0/inst/gen_axilite.gen_b2s_conv.axilite_b2s/RD.ar_channel_0/cmd_translator_0/wrap_cmd_0/wrap_cnt_r_reg[0]
  -------------------------------------------------------------------
                         required time                          7.906    
                         arrival time                          -7.577    
  -------------------------------------------------------------------
                         slack                                  0.329    

Slack (MET) :             0.341ns  (required time - arrival time)
  Source:                 ps/system_i/axi_protocol_converter_0/inst/gen_axilite.gen_b2s_conv.axilite_b2s/WR.aw_channel_0/cmd_translator_0/s_axburst_eq0_reg/C
                            (rising edge-triggered cell FDRE clocked by clk_fpga_3  {rise@0.000ns fall@2.500ns period=5.000ns})
  Destination:            ps/system_i/axi_protocol_converter_0/inst/gen_axilite.gen_b2s_conv.axilite_b2s/SI_REG/aw.aw_pipe/m_payload_i_reg[50]/CE
                            (rising edge-triggered cell FDRE clocked by clk_fpga_3  {rise@0.000ns fall@2.500ns period=5.000ns})
  Path Group:             clk_fpga_3
  Path Type:              Setup (Max at Slow Process Corner)
  Requirement:            5.000ns  (clk_fpga_3 rise@5.000ns - clk_fpga_3 rise@0.000ns)
  Data Path Delay:        4.404ns  (logic 1.123ns (25.498%)  route 3.281ns (74.502%))
  Logic Levels:           3  (LUT2=1 LUT5=1 LUT6=1)
  Clock Path Skew:        -0.003ns (DCD - SCD + CPR)
    Destination Clock Delay (DCD):    2.727ns = ( 7.727 - 5.000 ) 
    Source Clock Delay      (SCD):    2.960ns
    Clock Pessimism Removal (CPR):    0.230ns
  Clock Uncertainty:      0.083ns  ((TSJ^2 + TIJ^2)^1/2 + DJ) / 2 + PE
    Total System Jitter     (TSJ):    0.071ns
    Total Input Jitter      (TIJ):    0.150ns
    Discrete Jitter          (DJ):    0.000ns
    Phase Error              (PE):    0.000ns

    Location             Delay type                Incr(ns)  Path(ns)    Netlist Resource(s)
  -------------------------------------------------------------------    -------------------
                         (clock clk_fpga_3 rise edge)
                                                      0.000     0.000 r  
    PS7_X0Y0             PS7                          0.000     0.000 r  ps/system_i/processing_system7/inst/PS7_i/FCLKCLK[3]
                         net (fo=1, routed)           1.207     1.207    ps/system_i/processing_system7/inst/FCLK_CLK_unbuffered[3]
    BUFGCTRL_X0Y1        BUFG (Prop_bufg_I_O)         0.101     1.308 r  ps/system_i/processing_system7/inst/buffer_fclk_clk_3.FCLK_CLK_3_BUFG/O
                         net (fo=965, routed)         1.652     2.960    ps/system_i/axi_protocol_converter_0/inst/gen_axilite.gen_b2s_conv.axilite_b2s/WR.aw_channel_0/cmd_translator_0/aclk
    SLICE_X6Y76          FDRE                                         r  ps/system_i/axi_protocol_converter_0/inst/gen_axilite.gen_b2s_conv.axilite_b2s/WR.aw_channel_0/cmd_translator_0/s_axburst_eq0_reg/C
  -------------------------------------------------------------------    -------------------
    SLICE_X6Y76          FDRE (Prop_fdre_C_Q)         0.518     3.478 f  ps/system_i/axi_protocol_converter_0/inst/gen_axilite.gen_b2s_conv.axilite_b2s/WR.aw_channel_0/cmd_translator_0/s_axburst_eq0_reg/Q
                         net (fo=2, routed)           1.183     4.661    ps/system_i/axi_protocol_converter_0/inst/gen_axilite.gen_b2s_conv.axilite_b2s/WR.b_channel_0/bid_fifo_0/s_axburst_eq0
    SLICE_X3Y76          LUT5 (Prop_lut5_I2_O)        0.149     4.810 r  ps/system_i/axi_protocol_converter_0/inst/gen_axilite.gen_b2s_conv.axilite_b2s/WR.b_channel_0/bid_fifo_0/FSM_sequential_state[0]_i_2/O
                         net (fo=3, routed)           0.466     5.276    ps/system_i/axi_protocol_converter_0/inst/gen_axilite.gen_b2s_conv.axilite_b2s/WR.b_channel_0/bid_fifo_0/FSM_sequential_state[0]_i_2_n_0
    SLICE_X5Y76          LUT6 (Prop_lut6_I1_O)        0.332     5.608 r  ps/system_i/axi_protocol_converter_0/inst/gen_axilite.gen_b2s_conv.axilite_b2s/WR.b_channel_0/bid_fifo_0/memory_reg[3][0]_srl4_i_1/O
                         net (fo=21, routed)          0.726     6.334    ps/system_i/axi_protocol_converter_0/inst/gen_axilite.gen_b2s_conv.axilite_b2s/WR.b_channel_0/bid_fifo_0/sel
    SLICE_X3Y69          LUT2 (Prop_lut2_I0_O)        0.124     6.458 r  ps/system_i/axi_protocol_converter_0/inst/gen_axilite.gen_b2s_conv.axilite_b2s/WR.b_channel_0/bid_fifo_0/m_payload_i[31]_i_1/O
                         net (fo=32, routed)          0.906     7.364    ps/system_i/axi_protocol_converter_0/inst/gen_axilite.gen_b2s_conv.axilite_b2s/SI_REG/aw.aw_pipe/E[0]
    SLICE_X0Y60          FDRE                                         r  ps/system_i/axi_protocol_converter_0/inst/gen_axilite.gen_b2s_conv.axilite_b2s/SI_REG/aw.aw_pipe/m_payload_i_reg[50]/CE
  -------------------------------------------------------------------    -------------------

                         (clock clk_fpga_3 rise edge)
                                                      5.000     5.000 r  
    PS7_X0Y0             PS7                          0.000     5.000 r  ps/system_i/processing_system7/inst/PS7_i/FCLKCLK[3]
                         net (fo=1, routed)           1.101     6.101    ps/system_i/processing_system7/inst/FCLK_CLK_unbuffered[3]
    BUFGCTRL_X0Y1        BUFG (Prop_bufg_I_O)         0.091     6.192 r  ps/system_i/processing_system7/inst/buffer_fclk_clk_3.FCLK_CLK_3_BUFG/O
                         net (fo=965, routed)         1.535     7.727    ps/system_i/axi_protocol_converter_0/inst/gen_axilite.gen_b2s_conv.axilite_b2s/SI_REG/aw.aw_pipe/aclk
    SLICE_X0Y60          FDRE                                         r  ps/system_i/axi_protocol_converter_0/inst/gen_axilite.gen_b2s_conv.axilite_b2s/SI_REG/aw.aw_pipe/m_payload_i_reg[50]/C
                         clock pessimism              0.230     7.957    
                         clock uncertainty           -0.083     7.874    
    SLICE_X0Y60          FDRE (Setup_fdre_C_CE)      -0.169     7.705    ps/system_i/axi_protocol_converter_0/inst/gen_axilite.gen_b2s_conv.axilite_b2s/SI_REG/aw.aw_pipe/m_payload_i_reg[50]
  -------------------------------------------------------------------
                         required time                          7.705    
                         arrival time                          -7.364    
  -------------------------------------------------------------------
                         slack                                  0.341    

Slack (MET) :             0.341ns  (required time - arrival time)
  Source:                 ps/system_i/axi_protocol_converter_0/inst/gen_axilite.gen_b2s_conv.axilite_b2s/WR.aw_channel_0/cmd_translator_0/s_axburst_eq0_reg/C
                            (rising edge-triggered cell FDRE clocked by clk_fpga_3  {rise@0.000ns fall@2.500ns period=5.000ns})
  Destination:            ps/system_i/axi_protocol_converter_0/inst/gen_axilite.gen_b2s_conv.axilite_b2s/SI_REG/aw.aw_pipe/m_payload_i_reg[51]/CE
                            (rising edge-triggered cell FDRE clocked by clk_fpga_3  {rise@0.000ns fall@2.500ns period=5.000ns})
  Path Group:             clk_fpga_3
  Path Type:              Setup (Max at Slow Process Corner)
  Requirement:            5.000ns  (clk_fpga_3 rise@5.000ns - clk_fpga_3 rise@0.000ns)
  Data Path Delay:        4.404ns  (logic 1.123ns (25.498%)  route 3.281ns (74.502%))
  Logic Levels:           3  (LUT2=1 LUT5=1 LUT6=1)
  Clock Path Skew:        -0.003ns (DCD - SCD + CPR)
    Destination Clock Delay (DCD):    2.727ns = ( 7.727 - 5.000 ) 
    Source Clock Delay      (SCD):    2.960ns
    Clock Pessimism Removal (CPR):    0.230ns
  Clock Uncertainty:      0.083ns  ((TSJ^2 + TIJ^2)^1/2 + DJ) / 2 + PE
    Total System Jitter     (TSJ):    0.071ns
    Total Input Jitter      (TIJ):    0.150ns
    Discrete Jitter          (DJ):    0.000ns
    Phase Error              (PE):    0.000ns

    Location             Delay type                Incr(ns)  Path(ns)    Netlist Resource(s)
  -------------------------------------------------------------------    -------------------
                         (clock clk_fpga_3 rise edge)
                                                      0.000     0.000 r  
    PS7_X0Y0             PS7                          0.000     0.000 r  ps/system_i/processing_system7/inst/PS7_i/FCLKCLK[3]
                         net (fo=1, routed)           1.207     1.207    ps/system_i/processing_system7/inst/FCLK_CLK_unbuffered[3]
    BUFGCTRL_X0Y1        BUFG (Prop_bufg_I_O)         0.101     1.308 r  ps/system_i/processing_system7/inst/buffer_fclk_clk_3.FCLK_CLK_3_BUFG/O
                         net (fo=965, routed)         1.652     2.960    ps/system_i/axi_protocol_converter_0/inst/gen_axilite.gen_b2s_conv.axilite_b2s/WR.aw_channel_0/cmd_translator_0/aclk
    SLICE_X6Y76          FDRE                                         r  ps/system_i/axi_protocol_converter_0/inst/gen_axilite.gen_b2s_conv.axilite_b2s/WR.aw_channel_0/cmd_translator_0/s_axburst_eq0_reg/C
  -------------------------------------------------------------------    -------------------
    SLICE_X6Y76          FDRE (Prop_fdre_C_Q)         0.518     3.478 f  ps/system_i/axi_protocol_converter_0/inst/gen_axilite.gen_b2s_conv.axilite_b2s/WR.aw_channel_0/cmd_translator_0/s_axburst_eq0_reg/Q
                         net (fo=2, routed)           1.183     4.661    ps/system_i/axi_protocol_converter_0/inst/gen_axilite.gen_b2s_conv.axilite_b2s/WR.b_channel_0/bid_fifo_0/s_axburst_eq0
    SLICE_X3Y76          LUT5 (Prop_lut5_I2_O)        0.149     4.810 r  ps/system_i/axi_protocol_converter_0/inst/gen_axilite.gen_b2s_conv.axilite_b2s/WR.b_channel_0/bid_fifo_0/FSM_sequential_state[0]_i_2/O
                         net (fo=3, routed)           0.466     5.276    ps/system_i/axi_protocol_converter_0/inst/gen_axilite.gen_b2s_conv.axilite_b2s/WR.b_channel_0/bid_fifo_0/FSM_sequential_state[0]_i_2_n_0
    SLICE_X5Y76          LUT6 (Prop_lut6_I1_O)        0.332     5.608 r  ps/system_i/axi_protocol_converter_0/inst/gen_axilite.gen_b2s_conv.axilite_b2s/WR.b_channel_0/bid_fifo_0/memory_reg[3][0]_srl4_i_1/O
                         net (fo=21, routed)          0.726     6.334    ps/system_i/axi_protocol_converter_0/inst/gen_axilite.gen_b2s_conv.axilite_b2s/WR.b_channel_0/bid_fifo_0/sel
    SLICE_X3Y69          LUT2 (Prop_lut2_I0_O)        0.124     6.458 r  ps/system_i/axi_protocol_converter_0/inst/gen_axilite.gen_b2s_conv.axilite_b2s/WR.b_channel_0/bid_fifo_0/m_payload_i[31]_i_1/O
                         net (fo=32, routed)          0.906     7.364    ps/system_i/axi_protocol_converter_0/inst/gen_axilite.gen_b2s_conv.axilite_b2s/SI_REG/aw.aw_pipe/E[0]
    SLICE_X0Y60          FDRE                                         r  ps/system_i/axi_protocol_converter_0/inst/gen_axilite.gen_b2s_conv.axilite_b2s/SI_REG/aw.aw_pipe/m_payload_i_reg[51]/CE
  -------------------------------------------------------------------    -------------------

                         (clock clk_fpga_3 rise edge)
                                                      5.000     5.000 r  
    PS7_X0Y0             PS7                          0.000     5.000 r  ps/system_i/processing_system7/inst/PS7_i/FCLKCLK[3]
                         net (fo=1, routed)           1.101     6.101    ps/system_i/processing_system7/inst/FCLK_CLK_unbuffered[3]
    BUFGCTRL_X0Y1        BUFG (Prop_bufg_I_O)         0.091     6.192 r  ps/system_i/processing_system7/inst/buffer_fclk_clk_3.FCLK_CLK_3_BUFG/O
                         net (fo=965, routed)         1.535     7.727    ps/system_i/axi_protocol_converter_0/inst/gen_axilite.gen_b2s_conv.axilite_b2s/SI_REG/aw.aw_pipe/aclk
    SLICE_X0Y60          FDRE                                         r  ps/system_i/axi_protocol_converter_0/inst/gen_axilite.gen_b2s_conv.axilite_b2s/SI_REG/aw.aw_pipe/m_payload_i_reg[51]/C
                         clock pessimism              0.230     7.957    
                         clock uncertainty           -0.083     7.874    
    SLICE_X0Y60          FDRE (Setup_fdre_C_CE)      -0.169     7.705    ps/system_i/axi_protocol_converter_0/inst/gen_axilite.gen_b2s_conv.axilite_b2s/SI_REG/aw.aw_pipe/m_payload_i_reg[51]
  -------------------------------------------------------------------
                         required time                          7.705    
                         arrival time                          -7.364    
  -------------------------------------------------------------------
                         slack                                  0.341    

Slack (MET) :             0.347ns  (required time - arrival time)
  Source:                 ps/system_i/axi_protocol_converter_0/inst/gen_axilite.gen_b2s_conv.axilite_b2s/WR.aw_channel_0/cmd_translator_0/incr_cmd_0/sel_first_reg/C
                            (rising edge-triggered cell FDRE clocked by clk_fpga_3  {rise@0.000ns fall@2.500ns period=5.000ns})
  Destination:            ps/system_i/xadc/inst/AXI_LITE_IPIF_I/I_SLAVE_ATTACHMENT/I_DECODER/GEN_BKEND_CE_REGISTERS[12].ce_out_i_reg[12]/D
                            (rising edge-triggered cell FDRE clocked by clk_fpga_3  {rise@0.000ns fall@2.500ns period=5.000ns})
  Path Group:             clk_fpga_3
  Path Type:              Setup (Max at Slow Process Corner)
  Requirement:            5.000ns  (clk_fpga_3 rise@5.000ns - clk_fpga_3 rise@0.000ns)
  Data Path Delay:        4.547ns  (logic 1.186ns (26.084%)  route 3.361ns (73.916%))
  Logic Levels:           4  (LUT2=1 LUT3=1 LUT6=2)
  Clock Path Skew:        -0.100ns (DCD - SCD + CPR)
    Destination Clock Delay (DCD):    2.677ns = ( 7.677 - 5.000 ) 
    Source Clock Delay      (SCD):    3.007ns
    Clock Pessimism Removal (CPR):    0.230ns
  Clock Uncertainty:      0.083ns  ((TSJ^2 + TIJ^2)^1/2 + DJ) / 2 + PE
    Total System Jitter     (TSJ):    0.071ns
    Total Input Jitter      (TIJ):    0.150ns
    Discrete Jitter          (DJ):    0.000ns
    Phase Error              (PE):    0.000ns

    Location             Delay type                Incr(ns)  Path(ns)    Netlist Resource(s)
  -------------------------------------------------------------------    -------------------
                         (clock clk_fpga_3 rise edge)
                                                      0.000     0.000 r  
    PS7_X0Y0             PS7                          0.000     0.000 r  ps/system_i/processing_system7/inst/PS7_i/FCLKCLK[3]
                         net (fo=1, routed)           1.207     1.207    ps/system_i/processing_system7/inst/FCLK_CLK_unbuffered[3]
    BUFGCTRL_X0Y1        BUFG (Prop_bufg_I_O)         0.101     1.308 r  ps/system_i/processing_system7/inst/buffer_fclk_clk_3.FCLK_CLK_3_BUFG/O
                         net (fo=965, routed)         1.699     3.007    ps/system_i/axi_protocol_converter_0/inst/gen_axilite.gen_b2s_conv.axilite_b2s/WR.aw_channel_0/cmd_translator_0/incr_cmd_0/aclk
    SLICE_X3Y76          FDRE                                         r  ps/system_i/axi_protocol_converter_0/inst/gen_axilite.gen_b2s_conv.axilite_b2s/WR.aw_channel_0/cmd_translator_0/incr_cmd_0/sel_first_reg/C
  -------------------------------------------------------------------    -------------------
    SLICE_X3Y76          FDRE (Prop_fdre_C_Q)         0.456     3.463 r  ps/system_i/axi_protocol_converter_0/inst/gen_axilite.gen_b2s_conv.axilite_b2s/WR.aw_channel_0/cmd_translator_0/incr_cmd_0/sel_first_reg/Q
                         net (fo=15, routed)          0.631     4.094    ps/system_i/axi_protocol_converter_0/inst/gen_axilite.gen_b2s_conv.axilite_b2s/WR.aw_channel_0/cmd_translator_0/incr_cmd_0/sel_first_reg_0
    SLICE_X2Y75          LUT2 (Prop_lut2_I0_O)        0.150     4.244 r  ps/system_i/axi_protocol_converter_0/inst/gen_axilite.gen_b2s_conv.axilite_b2s/WR.aw_channel_0/cmd_translator_0/incr_cmd_0/m_axi_awaddr[11]_INST_0_i_1/O
                         net (fo=8, routed)           0.517     4.761    ps/system_i/axi_protocol_converter_0/inst/gen_axilite.gen_b2s_conv.axilite_b2s/WR.aw_channel_0/cmd_translator_0/incr_cmd_0/m_axi_awaddr[11]_INST_0_i_1_n_0
    SLICE_X5Y77          LUT6 (Prop_lut6_I1_O)        0.332     5.093 f  ps/system_i/axi_protocol_converter_0/inst/gen_axilite.gen_b2s_conv.axilite_b2s/WR.aw_channel_0/cmd_translator_0/incr_cmd_0/m_axi_awaddr[5]_INST_0/O
                         net (fo=1, routed)           0.788     5.881    ps/system_i/xadc/inst/AXI_LITE_IPIF_I/I_SLAVE_ATTACHMENT/I_DECODER/s_axi_awaddr[3]
    SLICE_X8Y76          LUT3 (Prop_lut3_I2_O)        0.124     6.005 f  ps/system_i/xadc/inst/AXI_LITE_IPIF_I/I_SLAVE_ATTACHMENT/I_DECODER/XADC_INST_i_7/O
                         net (fo=25, routed)          1.425     7.430    ps/system_i/xadc/inst/AXI_LITE_IPIF_I/I_SLAVE_ATTACHMENT/I_DECODER/s_axi_araddr_5_sn_1
    SLICE_X6Y79          LUT6 (Prop_lut6_I0_O)        0.124     7.554 r  ps/system_i/xadc/inst/AXI_LITE_IPIF_I/I_SLAVE_ATTACHMENT/I_DECODER/GEN_BKEND_CE_REGISTERS[12].ce_out_i[12]_i_1/O
                         net (fo=1, routed)           0.000     7.554    ps/system_i/xadc/inst/AXI_LITE_IPIF_I/I_SLAVE_ATTACHMENT/I_DECODER/ce_expnd_i_12
    SLICE_X6Y79          FDRE                                         r  ps/system_i/xadc/inst/AXI_LITE_IPIF_I/I_SLAVE_ATTACHMENT/I_DECODER/GEN_BKEND_CE_REGISTERS[12].ce_out_i_reg[12]/D
  -------------------------------------------------------------------    -------------------

                         (clock clk_fpga_3 rise edge)
                                                      5.000     5.000 r  
    PS7_X0Y0             PS7                          0.000     5.000 r  ps/system_i/processing_system7/inst/PS7_i/FCLKCLK[3]
                         net (fo=1, routed)           1.101     6.101    ps/system_i/processing_system7/inst/FCLK_CLK_unbuffered[3]
    BUFGCTRL_X0Y1        BUFG (Prop_bufg_I_O)         0.091     6.192 r  ps/system_i/processing_system7/inst/buffer_fclk_clk_3.FCLK_CLK_3_BUFG/O
                         net (fo=965, routed)         1.485     7.677    ps/system_i/xadc/inst/AXI_LITE_IPIF_I/I_SLAVE_ATTACHMENT/I_DECODER/s_axi_aclk
    SLICE_X6Y79          FDRE                                         r  ps/system_i/xadc/inst/AXI_LITE_IPIF_I/I_SLAVE_ATTACHMENT/I_DECODER/GEN_BKEND_CE_REGISTERS[12].ce_out_i_reg[12]/C
                         clock pessimism              0.230     7.907    
                         clock uncertainty           -0.083     7.824    
    SLICE_X6Y79          FDRE (Setup_fdre_C_D)        0.077     7.901    ps/system_i/xadc/inst/AXI_LITE_IPIF_I/I_SLAVE_ATTACHMENT/I_DECODER/GEN_BKEND_CE_REGISTERS[12].ce_out_i_reg[12]
  -------------------------------------------------------------------
                         required time                          7.901    
                         arrival time                          -7.554    
  -------------------------------------------------------------------
                         slack                                  0.347    

Slack (MET) :             0.361ns  (required time - arrival time)
  Source:                 ps/system_i/axi_protocol_converter_0/inst/gen_axilite.gen_b2s_conv.axilite_b2s/WR.aw_channel_0/cmd_translator_0/incr_cmd_0/sel_first_reg/C
                            (rising edge-triggered cell FDRE clocked by clk_fpga_3  {rise@0.000ns fall@2.500ns period=5.000ns})
  Destination:            ps/system_i/xadc/inst/AXI_LITE_IPIF_I/I_SLAVE_ATTACHMENT/I_DECODER/GEN_BKEND_CE_REGISTERS[14].ce_out_i_reg[14]/D
                            (rising edge-triggered cell FDRE clocked by clk_fpga_3  {rise@0.000ns fall@2.500ns period=5.000ns})
  Path Group:             clk_fpga_3
  Path Type:              Setup (Max at Slow Process Corner)
  Requirement:            5.000ns  (clk_fpga_3 rise@5.000ns - clk_fpga_3 rise@0.000ns)
  Data Path Delay:        4.537ns  (logic 1.186ns (26.141%)  route 3.351ns (73.859%))
  Logic Levels:           4  (LUT2=1 LUT3=1 LUT6=2)
  Clock Path Skew:        -0.100ns (DCD - SCD + CPR)
    Destination Clock Delay (DCD):    2.677ns = ( 7.677 - 5.000 ) 
    Source Clock Delay      (SCD):    3.007ns
    Clock Pessimism Removal (CPR):    0.230ns
  Clock Uncertainty:      0.083ns  ((TSJ^2 + TIJ^2)^1/2 + DJ) / 2 + PE
    Total System Jitter     (TSJ):    0.071ns
    Total Input Jitter      (TIJ):    0.150ns
    Discrete Jitter          (DJ):    0.000ns
    Phase Error              (PE):    0.000ns

    Location             Delay type                Incr(ns)  Path(ns)    Netlist Resource(s)
  -------------------------------------------------------------------    -------------------
                         (clock clk_fpga_3 rise edge)
                                                      0.000     0.000 r  
    PS7_X0Y0             PS7                          0.000     0.000 r  ps/system_i/processing_system7/inst/PS7_i/FCLKCLK[3]
                         net (fo=1, routed)           1.207     1.207    ps/system_i/processing_system7/inst/FCLK_CLK_unbuffered[3]
    BUFGCTRL_X0Y1        BUFG (Prop_bufg_I_O)         0.101     1.308 r  ps/system_i/processing_system7/inst/buffer_fclk_clk_3.FCLK_CLK_3_BUFG/O
                         net (fo=965, routed)         1.699     3.007    ps/system_i/axi_protocol_converter_0/inst/gen_axilite.gen_b2s_conv.axilite_b2s/WR.aw_channel_0/cmd_translator_0/incr_cmd_0/aclk
    SLICE_X3Y76          FDRE                                         r  ps/system_i/axi_protocol_converter_0/inst/gen_axilite.gen_b2s_conv.axilite_b2s/WR.aw_channel_0/cmd_translator_0/incr_cmd_0/sel_first_reg/C
  -------------------------------------------------------------------    -------------------
    SLICE_X3Y76          FDRE (Prop_fdre_C_Q)         0.456     3.463 r  ps/system_i/axi_protocol_converter_0/inst/gen_axilite.gen_b2s_conv.axilite_b2s/WR.aw_channel_0/cmd_translator_0/incr_cmd_0/sel_first_reg/Q
                         net (fo=15, routed)          0.631     4.094    ps/system_i/axi_protocol_converter_0/inst/gen_axilite.gen_b2s_conv.axilite_b2s/WR.aw_channel_0/cmd_translator_0/incr_cmd_0/sel_first_reg_0
    SLICE_X2Y75          LUT2 (Prop_lut2_I0_O)        0.150     4.244 r  ps/system_i/axi_protocol_converter_0/inst/gen_axilite.gen_b2s_conv.axilite_b2s/WR.aw_channel_0/cmd_translator_0/incr_cmd_0/m_axi_awaddr[11]_INST_0_i_1/O
                         net (fo=8, routed)           0.517     4.761    ps/system_i/axi_protocol_converter_0/inst/gen_axilite.gen_b2s_conv.axilite_b2s/WR.aw_channel_0/cmd_translator_0/incr_cmd_0/m_axi_awaddr[11]_INST_0_i_1_n_0
    SLICE_X5Y77          LUT6 (Prop_lut6_I1_O)        0.332     5.093 f  ps/system_i/axi_protocol_converter_0/inst/gen_axilite.gen_b2s_conv.axilite_b2s/WR.aw_channel_0/cmd_translator_0/incr_cmd_0/m_axi_awaddr[5]_INST_0/O
                         net (fo=1, routed)           0.788     5.881    ps/system_i/xadc/inst/AXI_LITE_IPIF_I/I_SLAVE_ATTACHMENT/I_DECODER/s_axi_awaddr[3]
    SLICE_X8Y76          LUT3 (Prop_lut3_I2_O)        0.124     6.005 f  ps/system_i/xadc/inst/AXI_LITE_IPIF_I/I_SLAVE_ATTACHMENT/I_DECODER/XADC_INST_i_7/O
                         net (fo=25, routed)          1.415     7.420    ps/system_i/xadc/inst/AXI_LITE_IPIF_I/I_SLAVE_ATTACHMENT/I_DECODER/s_axi_araddr_5_sn_1
    SLICE_X6Y79          LUT6 (Prop_lut6_I0_O)        0.124     7.544 r  ps/system_i/xadc/inst/AXI_LITE_IPIF_I/I_SLAVE_ATTACHMENT/I_DECODER/GEN_BKEND_CE_REGISTERS[14].ce_out_i[14]_i_1/O
                         net (fo=1, routed)           0.000     7.544    ps/system_i/xadc/inst/AXI_LITE_IPIF_I/I_SLAVE_ATTACHMENT/I_DECODER/ce_expnd_i_10
    SLICE_X6Y79          FDRE                                         r  ps/system_i/xadc/inst/AXI_LITE_IPIF_I/I_SLAVE_ATTACHMENT/I_DECODER/GEN_BKEND_CE_REGISTERS[14].ce_out_i_reg[14]/D
  -------------------------------------------------------------------    -------------------

                         (clock clk_fpga_3 rise edge)
                                                      5.000     5.000 r  
    PS7_X0Y0             PS7                          0.000     5.000 r  ps/system_i/processing_system7/inst/PS7_i/FCLKCLK[3]
                         net (fo=1, routed)           1.101     6.101    ps/system_i/processing_system7/inst/FCLK_CLK_unbuffered[3]
    BUFGCTRL_X0Y1        BUFG (Prop_bufg_I_O)         0.091     6.192 r  ps/system_i/processing_system7/inst/buffer_fclk_clk_3.FCLK_CLK_3_BUFG/O
                         net (fo=965, routed)         1.485     7.677    ps/system_i/xadc/inst/AXI_LITE_IPIF_I/I_SLAVE_ATTACHMENT/I_DECODER/s_axi_aclk
    SLICE_X6Y79          FDRE                                         r  ps/system_i/xadc/inst/AXI_LITE_IPIF_I/I_SLAVE_ATTACHMENT/I_DECODER/GEN_BKEND_CE_REGISTERS[14].ce_out_i_reg[14]/C
                         clock pessimism              0.230     7.907    
                         clock uncertainty           -0.083     7.824    
    SLICE_X6Y79          FDRE (Setup_fdre_C_D)        0.081     7.905    ps/system_i/xadc/inst/AXI_LITE_IPIF_I/I_SLAVE_ATTACHMENT/I_DECODER/GEN_BKEND_CE_REGISTERS[14].ce_out_i_reg[14]
  -------------------------------------------------------------------
                         required time                          7.905    
                         arrival time                          -7.544    
  -------------------------------------------------------------------
                         slack                                  0.361    





Min Delay Paths
--------------------------------------------------------------------------------------
Slack (MET) :             0.096ns  (arrival time - required time)
  Source:                 ps/system_i/proc_sys_reset/U0/EXT_LPF/lpf_int_reg/C
                            (rising edge-triggered cell FDRE clocked by clk_fpga_3  {rise@0.000ns fall@2.500ns period=5.000ns})
  Destination:            ps/system_i/proc_sys_reset/U0/SEQ/bsr_reg/S
                            (rising edge-triggered cell FDSE clocked by clk_fpga_3  {rise@0.000ns fall@2.500ns period=5.000ns})
  Path Group:             clk_fpga_3
  Path Type:              Hold (Min at Fast Process Corner)
  Requirement:            0.000ns  (clk_fpga_3 rise@0.000ns - clk_fpga_3 rise@0.000ns)
  Data Path Delay:        0.369ns  (logic 0.141ns (38.249%)  route 0.228ns (61.751%))
  Logic Levels:           0  
  Clock Path Skew:        0.263ns (DCD - SCD - CPR)
    Destination Clock Delay (DCD):    1.190ns
    Source Clock Delay      (SCD):    0.893ns
    Clock Pessimism Removal (CPR):    0.034ns

    Location             Delay type                Incr(ns)  Path(ns)    Netlist Resource(s)
  -------------------------------------------------------------------    -------------------
                         (clock clk_fpga_3 rise edge)
                                                      0.000     0.000 r  
    PS7_X0Y0             PS7                          0.000     0.000 r  ps/system_i/processing_system7/inst/PS7_i/FCLKCLK[3]
                         net (fo=1, routed)           0.315     0.315    ps/system_i/processing_system7/inst/FCLK_CLK_unbuffered[3]
    BUFGCTRL_X0Y1        BUFG (Prop_bufg_I_O)         0.026     0.341 r  ps/system_i/processing_system7/inst/buffer_fclk_clk_3.FCLK_CLK_3_BUFG/O
                         net (fo=965, routed)         0.552     0.893    ps/system_i/proc_sys_reset/U0/EXT_LPF/slowest_sync_clk
    SLICE_X22Y82         FDRE                                         r  ps/system_i/proc_sys_reset/U0/EXT_LPF/lpf_int_reg/C
  -------------------------------------------------------------------    -------------------
    SLICE_X22Y82         FDRE (Prop_fdre_C_Q)         0.141     1.034 r  ps/system_i/proc_sys_reset/U0/EXT_LPF/lpf_int_reg/Q
                         net (fo=5, routed)           0.228     1.261    ps/system_i/proc_sys_reset/U0/SEQ/lpf_int
    SLICE_X20Y81         FDSE                                         r  ps/system_i/proc_sys_reset/U0/SEQ/bsr_reg/S
  -------------------------------------------------------------------    -------------------

                         (clock clk_fpga_3 rise edge)
                                                      0.000     0.000 r  
    PS7_X0Y0             PS7                          0.000     0.000 r  ps/system_i/processing_system7/inst/PS7_i/FCLKCLK[3]
                         net (fo=1, routed)           0.341     0.341    ps/system_i/processing_system7/inst/FCLK_CLK_unbuffered[3]
    BUFGCTRL_X0Y1        BUFG (Prop_bufg_I_O)         0.029     0.370 r  ps/system_i/processing_system7/inst/buffer_fclk_clk_3.FCLK_CLK_3_BUFG/O
                         net (fo=965, routed)         0.820     1.190    ps/system_i/proc_sys_reset/U0/SEQ/slowest_sync_clk
    SLICE_X20Y81         FDSE                                         r  ps/system_i/proc_sys_reset/U0/SEQ/bsr_reg/C
                         clock pessimism             -0.034     1.156    
    SLICE_X20Y81         FDSE (Hold_fdse_C_S)         0.009     1.165    ps/system_i/proc_sys_reset/U0/SEQ/bsr_reg
  -------------------------------------------------------------------
                         required time                         -1.165    
                         arrival time                           1.261    
  -------------------------------------------------------------------
                         slack                                  0.096    

Slack (MET) :             0.106ns  (arrival time - required time)
  Source:                 ps/system_i/axi_protocol_converter_0/inst/gen_axilite.gen_b2s_conv.axilite_b2s/SI_REG/ar.ar_pipe/m_payload_i_reg[54]/C
                            (rising edge-triggered cell FDRE clocked by clk_fpga_3  {rise@0.000ns fall@2.500ns period=5.000ns})
  Destination:            ps/system_i/axi_protocol_converter_0/inst/gen_axilite.gen_b2s_conv.axilite_b2s/RD.ar_channel_0/s_arid_r_reg[4]/D
                            (rising edge-triggered cell FDRE clocked by clk_fpga_3  {rise@0.000ns fall@2.500ns period=5.000ns})
  Path Group:             clk_fpga_3
  Path Type:              Hold (Min at Fast Process Corner)
  Requirement:            0.000ns  (clk_fpga_3 rise@0.000ns - clk_fpga_3 rise@0.000ns)
  Data Path Delay:        0.195ns  (logic 0.141ns (72.269%)  route 0.054ns (27.731%))
  Logic Levels:           0  
  Clock Path Skew:        0.013ns (DCD - SCD - CPR)
    Destination Clock Delay (DCD):    1.220ns
    Source Clock Delay      (SCD):    0.922ns
    Clock Pessimism Removal (CPR):    0.285ns

    Location             Delay type                Incr(ns)  Path(ns)    Netlist Resource(s)
  -------------------------------------------------------------------    -------------------
                         (clock clk_fpga_3 rise edge)
                                                      0.000     0.000 r  
    PS7_X0Y0             PS7                          0.000     0.000 r  ps/system_i/processing_system7/inst/PS7_i/FCLKCLK[3]
                         net (fo=1, routed)           0.315     0.315    ps/system_i/processing_system7/inst/FCLK_CLK_unbuffered[3]
    BUFGCTRL_X0Y1        BUFG (Prop_bufg_I_O)         0.026     0.341 r  ps/system_i/processing_system7/inst/buffer_fclk_clk_3.FCLK_CLK_3_BUFG/O
                         net (fo=965, routed)         0.581     0.922    ps/system_i/axi_protocol_converter_0/inst/gen_axilite.gen_b2s_conv.axilite_b2s/SI_REG/ar.ar_pipe/aclk
    SLICE_X1Y54          FDRE                                         r  ps/system_i/axi_protocol_converter_0/inst/gen_axilite.gen_b2s_conv.axilite_b2s/SI_REG/ar.ar_pipe/m_payload_i_reg[54]/C
  -------------------------------------------------------------------    -------------------
    SLICE_X1Y54          FDRE (Prop_fdre_C_Q)         0.141     1.063 r  ps/system_i/axi_protocol_converter_0/inst/gen_axilite.gen_b2s_conv.axilite_b2s/SI_REG/ar.ar_pipe/m_payload_i_reg[54]/Q
                         net (fo=1, routed)           0.054     1.117    ps/system_i/axi_protocol_converter_0/inst/gen_axilite.gen_b2s_conv.axilite_b2s/RD.ar_channel_0/Q[24]
    SLICE_X0Y54          FDRE                                         r  ps/system_i/axi_protocol_converter_0/inst/gen_axilite.gen_b2s_conv.axilite_b2s/RD.ar_channel_0/s_arid_r_reg[4]/D
  -------------------------------------------------------------------    -------------------

                         (clock clk_fpga_3 rise edge)
                                                      0.000     0.000 r  
    PS7_X0Y0             PS7                          0.000     0.000 r  ps/system_i/processing_system7/inst/PS7_i/FCLKCLK[3]
                         net (fo=1, routed)           0.341     0.341    ps/system_i/processing_system7/inst/FCLK_CLK_unbuffered[3]
    BUFGCTRL_X0Y1        BUFG (Prop_bufg_I_O)         0.029     0.370 r  ps/system_i/processing_system7/inst/buffer_fclk_clk_3.FCLK_CLK_3_BUFG/O
                         net (fo=965, routed)         0.850     1.220    ps/system_i/axi_protocol_converter_0/inst/gen_axilite.gen_b2s_conv.axilite_b2s/RD.ar_channel_0/aclk
    SLICE_X0Y54          FDRE                                         r  ps/system_i/axi_protocol_converter_0/inst/gen_axilite.gen_b2s_conv.axilite_b2s/RD.ar_channel_0/s_arid_r_reg[4]/C
                         clock pessimism             -0.285     0.935    
    SLICE_X0Y54          FDRE (Hold_fdre_C_D)         0.076     1.011    ps/system_i/axi_protocol_converter_0/inst/gen_axilite.gen_b2s_conv.axilite_b2s/RD.ar_channel_0/s_arid_r_reg[4]
  -------------------------------------------------------------------
                         required time                         -1.011    
                         arrival time                           1.117    
  -------------------------------------------------------------------
                         slack                                  0.106    

Slack (MET) :             0.111ns  (arrival time - required time)
  Source:                 ps/system_i/axi_protocol_converter_0/inst/gen_axilite.gen_b2s_conv.axilite_b2s/WR.aw_channel_0/s_awid_r_reg[1]/C
                            (rising edge-triggered cell FDRE clocked by clk_fpga_3  {rise@0.000ns fall@2.500ns period=5.000ns})
  Destination:            ps/system_i/axi_protocol_converter_0/inst/gen_axilite.gen_b2s_conv.axilite_b2s/WR.b_channel_0/bid_fifo_0/memory_reg[3][9]_srl4/D
                            (rising edge-triggered cell SRL16E clocked by clk_fpga_3  {rise@0.000ns fall@2.500ns period=5.000ns})
  Path Group:             clk_fpga_3
  Path Type:              Hold (Min at Fast Process Corner)
  Requirement:            0.000ns  (clk_fpga_3 rise@0.000ns - clk_fpga_3 rise@0.000ns)
  Data Path Delay:        0.257ns  (logic 0.141ns (54.812%)  route 0.116ns (45.188%))
  Logic Levels:           0  
  Clock Path Skew:        0.037ns (DCD - SCD - CPR)
    Destination Clock Delay (DCD):    1.221ns
    Source Clock Delay      (SCD):    0.921ns
    Clock Pessimism Removal (CPR):    0.263ns

    Location             Delay type                Incr(ns)  Path(ns)    Netlist Resource(s)
  -------------------------------------------------------------------    -------------------
                         (clock clk_fpga_3 rise edge)
                                                      0.000     0.000 r  
    PS7_X0Y0             PS7                          0.000     0.000 r  ps/system_i/processing_system7/inst/PS7_i/FCLKCLK[3]
                         net (fo=1, routed)           0.315     0.315    ps/system_i/processing_system7/inst/FCLK_CLK_unbuffered[3]
    BUFGCTRL_X0Y1        BUFG (Prop_bufg_I_O)         0.026     0.341 r  ps/system_i/processing_system7/inst/buffer_fclk_clk_3.FCLK_CLK_3_BUFG/O
                         net (fo=965, routed)         0.580     0.921    ps/system_i/axi_protocol_converter_0/inst/gen_axilite.gen_b2s_conv.axilite_b2s/WR.aw_channel_0/aclk
    SLICE_X1Y59          FDRE                                         r  ps/system_i/axi_protocol_converter_0/inst/gen_axilite.gen_b2s_conv.axilite_b2s/WR.aw_channel_0/s_awid_r_reg[1]/C
  -------------------------------------------------------------------    -------------------
    SLICE_X1Y59          FDRE (Prop_fdre_C_Q)         0.141     1.062 r  ps/system_i/axi_protocol_converter_0/inst/gen_axilite.gen_b2s_conv.axilite_b2s/WR.aw_channel_0/s_awid_r_reg[1]/Q
                         net (fo=1, routed)           0.116     1.178    ps/system_i/axi_protocol_converter_0/inst/gen_axilite.gen_b2s_conv.axilite_b2s/WR.b_channel_0/bid_fifo_0/in[5]
    SLICE_X4Y59          SRL16E                                       r  ps/system_i/axi_protocol_converter_0/inst/gen_axilite.gen_b2s_conv.axilite_b2s/WR.b_channel_0/bid_fifo_0/memory_reg[3][9]_srl4/D
  -------------------------------------------------------------------    -------------------

                         (clock clk_fpga_3 rise edge)
                                                      0.000     0.000 r  
    PS7_X0Y0             PS7                          0.000     0.000 r  ps/system_i/processing_system7/inst/PS7_i/FCLKCLK[3]
                         net (fo=1, routed)           0.341     0.341    ps/system_i/processing_system7/inst/FCLK_CLK_unbuffered[3]
    BUFGCTRL_X0Y1        BUFG (Prop_bufg_I_O)         0.029     0.370 r  ps/system_i/processing_system7/inst/buffer_fclk_clk_3.FCLK_CLK_3_BUFG/O
                         net (fo=965, routed)         0.851     1.221    ps/system_i/axi_protocol_converter_0/inst/gen_axilite.gen_b2s_conv.axilite_b2s/WR.b_channel_0/bid_fifo_0/aclk
    SLICE_X4Y59          SRL16E                                       r  ps/system_i/axi_protocol_converter_0/inst/gen_axilite.gen_b2s_conv.axilite_b2s/WR.b_channel_0/bid_fifo_0/memory_reg[3][9]_srl4/CLK
                         clock pessimism             -0.263     0.958    
    SLICE_X4Y59          SRL16E (Hold_srl16e_CLK_D)
                                                      0.109     1.067    ps/system_i/axi_protocol_converter_0/inst/gen_axilite.gen_b2s_conv.axilite_b2s/WR.b_channel_0/bid_fifo_0/memory_reg[3][9]_srl4
  -------------------------------------------------------------------
                         required time                         -1.067    
                         arrival time                           1.178    
  -------------------------------------------------------------------
                         slack                                  0.111    

Slack (MET) :             0.112ns  (arrival time - required time)
  Source:                 ps/system_i/axi_protocol_converter_0/inst/gen_axilite.gen_b2s_conv.axilite_b2s/WR.aw_channel_0/s_awid_r_reg[3]/C
                            (rising edge-triggered cell FDRE clocked by clk_fpga_3  {rise@0.000ns fall@2.500ns period=5.000ns})
  Destination:            ps/system_i/axi_protocol_converter_0/inst/gen_axilite.gen_b2s_conv.axilite_b2s/WR.b_channel_0/bid_fifo_0/memory_reg[3][11]_srl4/D
                            (rising edge-triggered cell SRL16E clocked by clk_fpga_3  {rise@0.000ns fall@2.500ns period=5.000ns})
  Path Group:             clk_fpga_3
  Path Type:              Hold (Min at Fast Process Corner)
  Requirement:            0.000ns  (clk_fpga_3 rise@0.000ns - clk_fpga_3 rise@0.000ns)
  Data Path Delay:        0.257ns  (logic 0.141ns (54.812%)  route 0.116ns (45.188%))
  Logic Levels:           0  
  Clock Path Skew:        0.037ns (DCD - SCD - CPR)
    Destination Clock Delay (DCD):    1.221ns
    Source Clock Delay      (SCD):    0.921ns
    Clock Pessimism Removal (CPR):    0.263ns

    Location             Delay type                Incr(ns)  Path(ns)    Netlist Resource(s)
  -------------------------------------------------------------------    -------------------
                         (clock clk_fpga_3 rise edge)
                                                      0.000     0.000 r  
    PS7_X0Y0             PS7                          0.000     0.000 r  ps/system_i/processing_system7/inst/PS7_i/FCLKCLK[3]
                         net (fo=1, routed)           0.315     0.315    ps/system_i/processing_system7/inst/FCLK_CLK_unbuffered[3]
    BUFGCTRL_X0Y1        BUFG (Prop_bufg_I_O)         0.026     0.341 r  ps/system_i/processing_system7/inst/buffer_fclk_clk_3.FCLK_CLK_3_BUFG/O
                         net (fo=965, routed)         0.580     0.921    ps/system_i/axi_protocol_converter_0/inst/gen_axilite.gen_b2s_conv.axilite_b2s/WR.aw_channel_0/aclk
    SLICE_X1Y59          FDRE                                         r  ps/system_i/axi_protocol_converter_0/inst/gen_axilite.gen_b2s_conv.axilite_b2s/WR.aw_channel_0/s_awid_r_reg[3]/C
  -------------------------------------------------------------------    -------------------
    SLICE_X1Y59          FDRE (Prop_fdre_C_Q)         0.141     1.062 r  ps/system_i/axi_protocol_converter_0/inst/gen_axilite.gen_b2s_conv.axilite_b2s/WR.aw_channel_0/s_awid_r_reg[3]/Q
                         net (fo=1, routed)           0.116     1.178    ps/system_i/axi_protocol_converter_0/inst/gen_axilite.gen_b2s_conv.axilite_b2s/WR.b_channel_0/bid_fifo_0/in[7]
    SLICE_X4Y59          SRL16E                                       r  ps/system_i/axi_protocol_converter_0/inst/gen_axilite.gen_b2s_conv.axilite_b2s/WR.b_channel_0/bid_fifo_0/memory_reg[3][11]_srl4/D
  -------------------------------------------------------------------    -------------------

                         (clock clk_fpga_3 rise edge)
                                                      0.000     0.000 r  
    PS7_X0Y0             PS7                          0.000     0.000 r  ps/system_i/processing_system7/inst/PS7_i/FCLKCLK[3]
                         net (fo=1, routed)           0.341     0.341    ps/system_i/processing_system7/inst/FCLK_CLK_unbuffered[3]
    BUFGCTRL_X0Y1        BUFG (Prop_bufg_I_O)         0.029     0.370 r  ps/system_i/processing_system7/inst/buffer_fclk_clk_3.FCLK_CLK_3_BUFG/O
                         net (fo=965, routed)         0.851     1.221    ps/system_i/axi_protocol_converter_0/inst/gen_axilite.gen_b2s_conv.axilite_b2s/WR.b_channel_0/bid_fifo_0/aclk
    SLICE_X4Y59          SRL16E                                       r  ps/system_i/axi_protocol_converter_0/inst/gen_axilite.gen_b2s_conv.axilite_b2s/WR.b_channel_0/bid_fifo_0/memory_reg[3][11]_srl4/CLK
                         clock pessimism             -0.263     0.958    
    SLICE_X4Y59          SRL16E (Hold_srl16e_CLK_D)
                                                      0.108     1.066    ps/system_i/axi_protocol_converter_0/inst/gen_axilite.gen_b2s_conv.axilite_b2s/WR.b_channel_0/bid_fifo_0/memory_reg[3][11]_srl4
  -------------------------------------------------------------------
                         required time                         -1.066    
                         arrival time                           1.178    
  -------------------------------------------------------------------
                         slack                                  0.112    

Slack (MET) :             0.118ns  (arrival time - required time)
  Source:                 ps/system_i/axi_protocol_converter_0/inst/gen_axilite.gen_b2s_conv.axilite_b2s/WR.aw_channel_0/s_awid_r_reg[0]/C
                            (rising edge-triggered cell FDRE clocked by clk_fpga_3  {rise@0.000ns fall@2.500ns period=5.000ns})
  Destination:            ps/system_i/axi_protocol_converter_0/inst/gen_axilite.gen_b2s_conv.axilite_b2s/WR.b_channel_0/bid_fifo_0/memory_reg[3][8]_srl4/D
                            (rising edge-triggered cell SRL16E clocked by clk_fpga_3  {rise@0.000ns fall@2.500ns period=5.000ns})
  Path Group:             clk_fpga_3
  Path Type:              Hold (Min at Fast Process Corner)
  Requirement:            0.000ns  (clk_fpga_3 rise@0.000ns - clk_fpga_3 rise@0.000ns)
  Data Path Delay:        0.257ns  (logic 0.141ns (54.812%)  route 0.116ns (45.188%))
  Logic Levels:           0  
  Clock Path Skew:        0.037ns (DCD - SCD - CPR)
    Destination Clock Delay (DCD):    1.221ns
    Source Clock Delay      (SCD):    0.921ns
    Clock Pessimism Removal (CPR):    0.263ns

    Location             Delay type                Incr(ns)  Path(ns)    Netlist Resource(s)
  -------------------------------------------------------------------    -------------------
                         (clock clk_fpga_3 rise edge)
                                                      0.000     0.000 r  
    PS7_X0Y0             PS7                          0.000     0.000 r  ps/system_i/processing_system7/inst/PS7_i/FCLKCLK[3]
                         net (fo=1, routed)           0.315     0.315    ps/system_i/processing_system7/inst/FCLK_CLK_unbuffered[3]
    BUFGCTRL_X0Y1        BUFG (Prop_bufg_I_O)         0.026     0.341 r  ps/system_i/processing_system7/inst/buffer_fclk_clk_3.FCLK_CLK_3_BUFG/O
                         net (fo=965, routed)         0.580     0.921    ps/system_i/axi_protocol_converter_0/inst/gen_axilite.gen_b2s_conv.axilite_b2s/WR.aw_channel_0/aclk
    SLICE_X1Y59          FDRE                                         r  ps/system_i/axi_protocol_converter_0/inst/gen_axilite.gen_b2s_conv.axilite_b2s/WR.aw_channel_0/s_awid_r_reg[0]/C
  -------------------------------------------------------------------    -------------------
    SLICE_X1Y59          FDRE (Prop_fdre_C_Q)         0.141     1.062 r  ps/system_i/axi_protocol_converter_0/inst/gen_axilite.gen_b2s_conv.axilite_b2s/WR.aw_channel_0/s_awid_r_reg[0]/Q
                         net (fo=1, routed)           0.116     1.178    ps/system_i/axi_protocol_converter_0/inst/gen_axilite.gen_b2s_conv.axilite_b2s/WR.b_channel_0/bid_fifo_0/in[4]
    SLICE_X4Y59          SRL16E                                       r  ps/system_i/axi_protocol_converter_0/inst/gen_axilite.gen_b2s_conv.axilite_b2s/WR.b_channel_0/bid_fifo_0/memory_reg[3][8]_srl4/D
  -------------------------------------------------------------------    -------------------

                         (clock clk_fpga_3 rise edge)
                                                      0.000     0.000 r  
    PS7_X0Y0             PS7                          0.000     0.000 r  ps/system_i/processing_system7/inst/PS7_i/FCLKCLK[3]
                         net (fo=1, routed)           0.341     0.341    ps/system_i/processing_system7/inst/FCLK_CLK_unbuffered[3]
    BUFGCTRL_X0Y1        BUFG (Prop_bufg_I_O)         0.029     0.370 r  ps/system_i/processing_system7/inst/buffer_fclk_clk_3.FCLK_CLK_3_BUFG/O
                         net (fo=965, routed)         0.851     1.221    ps/system_i/axi_protocol_converter_0/inst/gen_axilite.gen_b2s_conv.axilite_b2s/WR.b_channel_0/bid_fifo_0/aclk
    SLICE_X4Y59          SRL16E                                       r  ps/system_i/axi_protocol_converter_0/inst/gen_axilite.gen_b2s_conv.axilite_b2s/WR.b_channel_0/bid_fifo_0/memory_reg[3][8]_srl4/CLK
                         clock pessimism             -0.263     0.958    
    SLICE_X4Y59          SRL16E (Hold_srl16e_CLK_D)
                                                      0.102     1.060    ps/system_i/axi_protocol_converter_0/inst/gen_axilite.gen_b2s_conv.axilite_b2s/WR.b_channel_0/bid_fifo_0/memory_reg[3][8]_srl4
  -------------------------------------------------------------------
                         required time                         -1.060    
                         arrival time                           1.178    
  -------------------------------------------------------------------
                         slack                                  0.118    

Slack (MET) :             0.119ns  (arrival time - required time)
  Source:                 ps/system_i/axi_protocol_converter_0/inst/gen_axilite.gen_b2s_conv.axilite_b2s/RD.ar_channel_0/s_arid_r_reg[7]/C
                            (rising edge-triggered cell FDRE clocked by clk_fpga_3  {rise@0.000ns fall@2.500ns period=5.000ns})
  Destination:            ps/system_i/axi_protocol_converter_0/inst/gen_axilite.gen_b2s_conv.axilite_b2s/RD.r_channel_0/r_arid_r_reg[7]/D
                            (rising edge-triggered cell FDRE clocked by clk_fpga_3  {rise@0.000ns fall@2.500ns period=5.000ns})
  Path Group:             clk_fpga_3
  Path Type:              Hold (Min at Fast Process Corner)
  Requirement:            0.000ns  (clk_fpga_3 rise@0.000ns - clk_fpga_3 rise@0.000ns)
  Data Path Delay:        0.197ns  (logic 0.141ns (71.611%)  route 0.056ns (28.389%))
  Logic Levels:           0  
  Clock Path Skew:        0.000ns (DCD - SCD - CPR)
    Destination Clock Delay (DCD):    1.203ns
    Source Clock Delay      (SCD):    0.905ns
    Clock Pessimism Removal (CPR):    0.298ns

    Location             Delay type                Incr(ns)  Path(ns)    Netlist Resource(s)
  -------------------------------------------------------------------    -------------------
                         (clock clk_fpga_3 rise edge)
                                                      0.000     0.000 r  
    PS7_X0Y0             PS7                          0.000     0.000 r  ps/system_i/processing_system7/inst/PS7_i/FCLKCLK[3]
                         net (fo=1, routed)           0.315     0.315    ps/system_i/processing_system7/inst/FCLK_CLK_unbuffered[3]
    BUFGCTRL_X0Y1        BUFG (Prop_bufg_I_O)         0.026     0.341 r  ps/system_i/processing_system7/inst/buffer_fclk_clk_3.FCLK_CLK_3_BUFG/O
                         net (fo=965, routed)         0.564     0.905    ps/system_i/axi_protocol_converter_0/inst/gen_axilite.gen_b2s_conv.axilite_b2s/RD.ar_channel_0/aclk
    SLICE_X7Y54          FDRE                                         r  ps/system_i/axi_protocol_converter_0/inst/gen_axilite.gen_b2s_conv.axilite_b2s/RD.ar_channel_0/s_arid_r_reg[7]/C
  -------------------------------------------------------------------    -------------------
    SLICE_X7Y54          FDRE (Prop_fdre_C_Q)         0.141     1.046 r  ps/system_i/axi_protocol_converter_0/inst/gen_axilite.gen_b2s_conv.axilite_b2s/RD.ar_channel_0/s_arid_r_reg[7]/Q
                         net (fo=1, routed)           0.056     1.101    ps/system_i/axi_protocol_converter_0/inst/gen_axilite.gen_b2s_conv.axilite_b2s/RD.r_channel_0/D[7]
    SLICE_X7Y54          FDRE                                         r  ps/system_i/axi_protocol_converter_0/inst/gen_axilite.gen_b2s_conv.axilite_b2s/RD.r_channel_0/r_arid_r_reg[7]/D
  -------------------------------------------------------------------    -------------------

                         (clock clk_fpga_3 rise edge)
                                                      0.000     0.000 r  
    PS7_X0Y0             PS7                          0.000     0.000 r  ps/system_i/processing_system7/inst/PS7_i/FCLKCLK[3]
                         net (fo=1, routed)           0.341     0.341    ps/system_i/processing_system7/inst/FCLK_CLK_unbuffered[3]
    BUFGCTRL_X0Y1        BUFG (Prop_bufg_I_O)         0.029     0.370 r  ps/system_i/processing_system7/inst/buffer_fclk_clk_3.FCLK_CLK_3_BUFG/O
                         net (fo=965, routed)         0.833     1.203    ps/system_i/axi_protocol_converter_0/inst/gen_axilite.gen_b2s_conv.axilite_b2s/RD.r_channel_0/aclk
    SLICE_X7Y54          FDRE                                         r  ps/system_i/axi_protocol_converter_0/inst/gen_axilite.gen_b2s_conv.axilite_b2s/RD.r_channel_0/r_arid_r_reg[7]/C
                         clock pessimism             -0.298     0.905    
    SLICE_X7Y54          FDRE (Hold_fdre_C_D)         0.078     0.983    ps/system_i/axi_protocol_converter_0/inst/gen_axilite.gen_b2s_conv.axilite_b2s/RD.r_channel_0/r_arid_r_reg[7]
  -------------------------------------------------------------------
                         required time                         -0.983    
                         arrival time                           1.101    
  -------------------------------------------------------------------
                         slack                                  0.119    

Slack (MET) :             0.119ns  (arrival time - required time)
  Source:                 ps/system_i/axi_protocol_converter_0/inst/gen_axilite.gen_b2s_conv.axilite_b2s/RD.r_channel_0/r_arid_r_reg[0]/C
                            (rising edge-triggered cell FDRE clocked by clk_fpga_3  {rise@0.000ns fall@2.500ns period=5.000ns})
  Destination:            ps/system_i/axi_protocol_converter_0/inst/gen_axilite.gen_b2s_conv.axilite_b2s/RD.r_channel_0/transaction_fifo_0/memory_reg[31][1]_srl32/D
                            (rising edge-triggered cell SRLC32E clocked by clk_fpga_3  {rise@0.000ns fall@2.500ns period=5.000ns})
  Path Group:             clk_fpga_3
  Path Type:              Hold (Min at Fast Process Corner)
  Requirement:            0.000ns  (clk_fpga_3 rise@0.000ns - clk_fpga_3 rise@0.000ns)
  Data Path Delay:        0.187ns  (logic 0.128ns (68.397%)  route 0.059ns (31.603%))
  Logic Levels:           0  
  Clock Path Skew:        0.013ns (DCD - SCD - CPR)
    Destination Clock Delay (DCD):    1.203ns
    Source Clock Delay      (SCD):    0.905ns
    Clock Pessimism Removal (CPR):    0.285ns

    Location             Delay type                Incr(ns)  Path(ns)    Netlist Resource(s)
  -------------------------------------------------------------------    -------------------
                         (clock clk_fpga_3 rise edge)
                                                      0.000     0.000 r  
    PS7_X0Y0             PS7                          0.000     0.000 r  ps/system_i/processing_system7/inst/PS7_i/FCLKCLK[3]
                         net (fo=1, routed)           0.315     0.315    ps/system_i/processing_system7/inst/FCLK_CLK_unbuffered[3]
    BUFGCTRL_X0Y1        BUFG (Prop_bufg_I_O)         0.026     0.341 r  ps/system_i/processing_system7/inst/buffer_fclk_clk_3.FCLK_CLK_3_BUFG/O
                         net (fo=965, routed)         0.564     0.905    ps/system_i/axi_protocol_converter_0/inst/gen_axilite.gen_b2s_conv.axilite_b2s/RD.r_channel_0/aclk
    SLICE_X7Y54          FDRE                                         r  ps/system_i/axi_protocol_converter_0/inst/gen_axilite.gen_b2s_conv.axilite_b2s/RD.r_channel_0/r_arid_r_reg[0]/C
  -------------------------------------------------------------------    -------------------
    SLICE_X7Y54          FDRE (Prop_fdre_C_Q)         0.128     1.033 r  ps/system_i/axi_protocol_converter_0/inst/gen_axilite.gen_b2s_conv.axilite_b2s/RD.r_channel_0/r_arid_r_reg[0]/Q
                         net (fo=1, routed)           0.059     1.092    ps/system_i/axi_protocol_converter_0/inst/gen_axilite.gen_b2s_conv.axilite_b2s/RD.r_channel_0/transaction_fifo_0/in[1]
    SLICE_X6Y54          SRLC32E                                      r  ps/system_i/axi_protocol_converter_0/inst/gen_axilite.gen_b2s_conv.axilite_b2s/RD.r_channel_0/transaction_fifo_0/memory_reg[31][1]_srl32/D
  -------------------------------------------------------------------    -------------------

                         (clock clk_fpga_3 rise edge)
                                                      0.000     0.000 r  
    PS7_X0Y0             PS7                          0.000     0.000 r  ps/system_i/processing_system7/inst/PS7_i/FCLKCLK[3]
                         net (fo=1, routed)           0.341     0.341    ps/system_i/processing_system7/inst/FCLK_CLK_unbuffered[3]
    BUFGCTRL_X0Y1        BUFG (Prop_bufg_I_O)         0.029     0.370 r  ps/system_i/processing_system7/inst/buffer_fclk_clk_3.FCLK_CLK_3_BUFG/O
                         net (fo=965, routed)         0.833     1.203    ps/system_i/axi_protocol_converter_0/inst/gen_axilite.gen_b2s_conv.axilite_b2s/RD.r_channel_0/transaction_fifo_0/aclk
    SLICE_X6Y54          SRLC32E                                      r  ps/system_i/axi_protocol_converter_0/inst/gen_axilite.gen_b2s_conv.axilite_b2s/RD.r_channel_0/transaction_fifo_0/memory_reg[31][1]_srl32/CLK
                         clock pessimism             -0.285     0.918    
    SLICE_X6Y54          SRLC32E (Hold_srlc32e_CLK_D)
                                                      0.055     0.973    ps/system_i/axi_protocol_converter_0/inst/gen_axilite.gen_b2s_conv.axilite_b2s/RD.r_channel_0/transaction_fifo_0/memory_reg[31][1]_srl32
  -------------------------------------------------------------------
                         required time                         -0.973    
                         arrival time                           1.092    
  -------------------------------------------------------------------
                         slack                                  0.119    

Slack (MET) :             0.121ns  (arrival time - required time)
  Source:                 ps/system_i/axi_protocol_converter_0/inst/gen_axilite.gen_b2s_conv.axilite_b2s/RD.ar_channel_0/s_arid_r_reg[11]/C
                            (rising edge-triggered cell FDRE clocked by clk_fpga_3  {rise@0.000ns fall@2.500ns period=5.000ns})
  Destination:            ps/system_i/axi_protocol_converter_0/inst/gen_axilite.gen_b2s_conv.axilite_b2s/RD.r_channel_0/r_arid_r_reg[11]/D
                            (rising edge-triggered cell FDRE clocked by clk_fpga_3  {rise@0.000ns fall@2.500ns period=5.000ns})
  Path Group:             clk_fpga_3
  Path Type:              Hold (Min at Fast Process Corner)
  Requirement:            0.000ns  (clk_fpga_3 rise@0.000ns - clk_fpga_3 rise@0.000ns)
  Data Path Delay:        0.197ns  (logic 0.141ns (71.611%)  route 0.056ns (28.389%))
  Logic Levels:           0  
  Clock Path Skew:        0.000ns (DCD - SCD - CPR)
    Destination Clock Delay (DCD):    1.203ns
    Source Clock Delay      (SCD):    0.905ns
    Clock Pessimism Removal (CPR):    0.298ns

    Location             Delay type                Incr(ns)  Path(ns)    Netlist Resource(s)
  -------------------------------------------------------------------    -------------------
                         (clock clk_fpga_3 rise edge)
                                                      0.000     0.000 r  
    PS7_X0Y0             PS7                          0.000     0.000 r  ps/system_i/processing_system7/inst/PS7_i/FCLKCLK[3]
                         net (fo=1, routed)           0.315     0.315    ps/system_i/processing_system7/inst/FCLK_CLK_unbuffered[3]
    BUFGCTRL_X0Y1        BUFG (Prop_bufg_I_O)         0.026     0.341 r  ps/system_i/processing_system7/inst/buffer_fclk_clk_3.FCLK_CLK_3_BUFG/O
                         net (fo=965, routed)         0.564     0.905    ps/system_i/axi_protocol_converter_0/inst/gen_axilite.gen_b2s_conv.axilite_b2s/RD.ar_channel_0/aclk
    SLICE_X7Y54          FDRE                                         r  ps/system_i/axi_protocol_converter_0/inst/gen_axilite.gen_b2s_conv.axilite_b2s/RD.ar_channel_0/s_arid_r_reg[11]/C
  -------------------------------------------------------------------    -------------------
    SLICE_X7Y54          FDRE (Prop_fdre_C_Q)         0.141     1.046 r  ps/system_i/axi_protocol_converter_0/inst/gen_axilite.gen_b2s_conv.axilite_b2s/RD.ar_channel_0/s_arid_r_reg[11]/Q
                         net (fo=1, routed)           0.056     1.101    ps/system_i/axi_protocol_converter_0/inst/gen_axilite.gen_b2s_conv.axilite_b2s/RD.r_channel_0/D[11]
    SLICE_X7Y54          FDRE                                         r  ps/system_i/axi_protocol_converter_0/inst/gen_axilite.gen_b2s_conv.axilite_b2s/RD.r_channel_0/r_arid_r_reg[11]/D
  -------------------------------------------------------------------    -------------------

                         (clock clk_fpga_3 rise edge)
                                                      0.000     0.000 r  
    PS7_X0Y0             PS7                          0.000     0.000 r  ps/system_i/processing_system7/inst/PS7_i/FCLKCLK[3]
                         net (fo=1, routed)           0.341     0.341    ps/system_i/processing_system7/inst/FCLK_CLK_unbuffered[3]
    BUFGCTRL_X0Y1        BUFG (Prop_bufg_I_O)         0.029     0.370 r  ps/system_i/processing_system7/inst/buffer_fclk_clk_3.FCLK_CLK_3_BUFG/O
                         net (fo=965, routed)         0.833     1.203    ps/system_i/axi_protocol_converter_0/inst/gen_axilite.gen_b2s_conv.axilite_b2s/RD.r_channel_0/aclk
    SLICE_X7Y54          FDRE                                         r  ps/system_i/axi_protocol_converter_0/inst/gen_axilite.gen_b2s_conv.axilite_b2s/RD.r_channel_0/r_arid_r_reg[11]/C
                         clock pessimism             -0.298     0.905    
    SLICE_X7Y54          FDRE (Hold_fdre_C_D)         0.076     0.981    ps/system_i/axi_protocol_converter_0/inst/gen_axilite.gen_b2s_conv.axilite_b2s/RD.r_channel_0/r_arid_r_reg[11]
  -------------------------------------------------------------------
                         required time                         -0.981    
                         arrival time                           1.101    
  -------------------------------------------------------------------
                         slack                                  0.121    

Slack (MET) :             0.122ns  (arrival time - required time)
  Source:                 ps/system_i/axi_protocol_converter_0/inst/gen_axilite.gen_b2s_conv.axilite_b2s/RD.ar_channel_0/s_arid_r_reg[0]/C
                            (rising edge-triggered cell FDRE clocked by clk_fpga_3  {rise@0.000ns fall@2.500ns period=5.000ns})
  Destination:            ps/system_i/axi_protocol_converter_0/inst/gen_axilite.gen_b2s_conv.axilite_b2s/RD.r_channel_0/r_arid_r_reg[0]/D
                            (rising edge-triggered cell FDRE clocked by clk_fpga_3  {rise@0.000ns fall@2.500ns period=5.000ns})
  Path Group:             clk_fpga_3
  Path Type:              Hold (Min at Fast Process Corner)
  Requirement:            0.000ns  (clk_fpga_3 rise@0.000ns - clk_fpga_3 rise@0.000ns)
  Data Path Delay:        0.197ns  (logic 0.141ns (71.611%)  route 0.056ns (28.389%))
  Logic Levels:           0  
  Clock Path Skew:        0.000ns (DCD - SCD - CPR)
    Destination Clock Delay (DCD):    1.203ns
    Source Clock Delay      (SCD):    0.905ns
    Clock Pessimism Removal (CPR):    0.298ns

    Location             Delay type                Incr(ns)  Path(ns)    Netlist Resource(s)
  -------------------------------------------------------------------    -------------------
                         (clock clk_fpga_3 rise edge)
                                                      0.000     0.000 r  
    PS7_X0Y0             PS7                          0.000     0.000 r  ps/system_i/processing_system7/inst/PS7_i/FCLKCLK[3]
                         net (fo=1, routed)           0.315     0.315    ps/system_i/processing_system7/inst/FCLK_CLK_unbuffered[3]
    BUFGCTRL_X0Y1        BUFG (Prop_bufg_I_O)         0.026     0.341 r  ps/system_i/processing_system7/inst/buffer_fclk_clk_3.FCLK_CLK_3_BUFG/O
                         net (fo=965, routed)         0.564     0.905    ps/system_i/axi_protocol_converter_0/inst/gen_axilite.gen_b2s_conv.axilite_b2s/RD.ar_channel_0/aclk
    SLICE_X7Y54          FDRE                                         r  ps/system_i/axi_protocol_converter_0/inst/gen_axilite.gen_b2s_conv.axilite_b2s/RD.ar_channel_0/s_arid_r_reg[0]/C
  -------------------------------------------------------------------    -------------------
    SLICE_X7Y54          FDRE (Prop_fdre_C_Q)         0.141     1.046 r  ps/system_i/axi_protocol_converter_0/inst/gen_axilite.gen_b2s_conv.axilite_b2s/RD.ar_channel_0/s_arid_r_reg[0]/Q
                         net (fo=1, routed)           0.056     1.101    ps/system_i/axi_protocol_converter_0/inst/gen_axilite.gen_b2s_conv.axilite_b2s/RD.r_channel_0/D[0]
    SLICE_X7Y54          FDRE                                         r  ps/system_i/axi_protocol_converter_0/inst/gen_axilite.gen_b2s_conv.axilite_b2s/RD.r_channel_0/r_arid_r_reg[0]/D
  -------------------------------------------------------------------    -------------------

                         (clock clk_fpga_3 rise edge)
                                                      0.000     0.000 r  
    PS7_X0Y0             PS7                          0.000     0.000 r  ps/system_i/processing_system7/inst/PS7_i/FCLKCLK[3]
                         net (fo=1, routed)           0.341     0.341    ps/system_i/processing_system7/inst/FCLK_CLK_unbuffered[3]
    BUFGCTRL_X0Y1        BUFG (Prop_bufg_I_O)         0.029     0.370 r  ps/system_i/processing_system7/inst/buffer_fclk_clk_3.FCLK_CLK_3_BUFG/O
                         net (fo=965, routed)         0.833     1.203    ps/system_i/axi_protocol_converter_0/inst/gen_axilite.gen_b2s_conv.axilite_b2s/RD.r_channel_0/aclk
    SLICE_X7Y54          FDRE                                         r  ps/system_i/axi_protocol_converter_0/inst/gen_axilite.gen_b2s_conv.axilite_b2s/RD.r_channel_0/r_arid_r_reg[0]/C
                         clock pessimism             -0.298     0.905    
    SLICE_X7Y54          FDRE (Hold_fdre_C_D)         0.075     0.980    ps/system_i/axi_protocol_converter_0/inst/gen_axilite.gen_b2s_conv.axilite_b2s/RD.r_channel_0/r_arid_r_reg[0]
  -------------------------------------------------------------------
                         required time                         -0.980    
                         arrival time                           1.101    
  -------------------------------------------------------------------
                         slack                                  0.122    

Slack (MET) :             0.122ns  (arrival time - required time)
  Source:                 ps/system_i/proc_sys_reset/U0/EXT_LPF/ACTIVE_LOW_AUX.ACT_LO_AUX/GENERATE_LEVEL_P_S_CDC.SINGLE_BIT.CROSS_PLEVEL_IN2SCNDRY_IN_cdc_to/C
                            (rising edge-triggered cell FDRE clocked by clk_fpga_3  {rise@0.000ns fall@2.500ns period=5.000ns})
  Destination:            ps/system_i/proc_sys_reset/U0/EXT_LPF/ACTIVE_LOW_AUX.ACT_LO_AUX/GENERATE_LEVEL_P_S_CDC.SINGLE_BIT.CROSS_PLEVEL_IN2SCNDRY_s_level_out_d2/D
                            (rising edge-triggered cell FDRE clocked by clk_fpga_3  {rise@0.000ns fall@2.500ns period=5.000ns})
  Path Group:             clk_fpga_3
  Path Type:              Hold (Min at Fast Process Corner)
  Requirement:            0.000ns  (clk_fpga_3 rise@0.000ns - clk_fpga_3 rise@0.000ns)
  Data Path Delay:        0.197ns  (logic 0.141ns (71.611%)  route 0.056ns (28.389%))
  Logic Levels:           0  
  Clock Path Skew:        0.000ns (DCD - SCD - CPR)
    Destination Clock Delay (DCD):    1.189ns
    Source Clock Delay      (SCD):    0.893ns
    Clock Pessimism Removal (CPR):    0.296ns

    Location             Delay type                Incr(ns)  Path(ns)    Netlist Resource(s)
  -------------------------------------------------------------------    -------------------
                         (clock clk_fpga_3 rise edge)
                                                      0.000     0.000 r  
    PS7_X0Y0             PS7                          0.000     0.000 r  ps/system_i/processing_system7/inst/PS7_i/FCLKCLK[3]
                         net (fo=1, routed)           0.315     0.315    ps/system_i/processing_system7/inst/FCLK_CLK_unbuffered[3]
    BUFGCTRL_X0Y1        BUFG (Prop_bufg_I_O)         0.026     0.341 r  ps/system_i/processing_system7/inst/buffer_fclk_clk_3.FCLK_CLK_3_BUFG/O
                         net (fo=965, routed)         0.552     0.893    ps/system_i/proc_sys_reset/U0/EXT_LPF/ACTIVE_LOW_AUX.ACT_LO_AUX/slowest_sync_clk
    SLICE_X23Y82         FDRE                                         r  ps/system_i/proc_sys_reset/U0/EXT_LPF/ACTIVE_LOW_AUX.ACT_LO_AUX/GENERATE_LEVEL_P_S_CDC.SINGLE_BIT.CROSS_PLEVEL_IN2SCNDRY_IN_cdc_to/C
  -------------------------------------------------------------------    -------------------
    SLICE_X23Y82         FDRE (Prop_fdre_C_Q)         0.141     1.034 r  ps/system_i/proc_sys_reset/U0/EXT_LPF/ACTIVE_LOW_AUX.ACT_LO_AUX/GENERATE_LEVEL_P_S_CDC.SINGLE_BIT.CROSS_PLEVEL_IN2SCNDRY_IN_cdc_to/Q
                         net (fo=1, routed)           0.056     1.089    ps/system_i/proc_sys_reset/U0/EXT_LPF/ACTIVE_LOW_AUX.ACT_LO_AUX/s_level_out_d1_cdc_to
    SLICE_X23Y82         FDRE                                         r  ps/system_i/proc_sys_reset/U0/EXT_LPF/ACTIVE_LOW_AUX.ACT_LO_AUX/GENERATE_LEVEL_P_S_CDC.SINGLE_BIT.CROSS_PLEVEL_IN2SCNDRY_s_level_out_d2/D
  -------------------------------------------------------------------    -------------------

                         (clock clk_fpga_3 rise edge)
                                                      0.000     0.000 r  
    PS7_X0Y0             PS7                          0.000     0.000 r  ps/system_i/processing_system7/inst/PS7_i/FCLKCLK[3]
                         net (fo=1, routed)           0.341     0.341    ps/system_i/processing_system7/inst/FCLK_CLK_unbuffered[3]
    BUFGCTRL_X0Y1        BUFG (Prop_bufg_I_O)         0.029     0.370 r  ps/system_i/processing_system7/inst/buffer_fclk_clk_3.FCLK_CLK_3_BUFG/O
                         net (fo=965, routed)         0.819     1.189    ps/system_i/proc_sys_reset/U0/EXT_LPF/ACTIVE_LOW_AUX.ACT_LO_AUX/slowest_sync_clk
    SLICE_X23Y82         FDRE                                         r  ps/system_i/proc_sys_reset/U0/EXT_LPF/ACTIVE_LOW_AUX.ACT_LO_AUX/GENERATE_LEVEL_P_S_CDC.SINGLE_BIT.CROSS_PLEVEL_IN2SCNDRY_s_level_out_d2/C
                         clock pessimism             -0.296     0.893    
    SLICE_X23Y82         FDRE (Hold_fdre_C_D)         0.075     0.968    ps/system_i/proc_sys_reset/U0/EXT_LPF/ACTIVE_LOW_AUX.ACT_LO_AUX/GENERATE_LEVEL_P_S_CDC.SINGLE_BIT.CROSS_PLEVEL_IN2SCNDRY_s_level_out_d2
  -------------------------------------------------------------------
                         required time                         -0.968    
                         arrival time                           1.089    
  -------------------------------------------------------------------
                         slack                                  0.122    





Pulse Width Checks
--------------------------------------------------------------------------------------
Clock Name:         clk_fpga_3
Waveform(ns):       { 0.000 2.500 }
Period(ns):         5.000
Sources:            { ps/system_i/processing_system7/inst/PS7_i/FCLKCLK[3] }

Check Type        Corner  Lib Pin      Reference Pin  Required(ns)  Actual(ns)  Slack(ns)  Location       Pin
Min Period        n/a     XADC/DCLK    n/a            4.000         5.000       1.000      XADC_X0Y0      ps/system_i/xadc/inst/AXI_XADC_CORE_I/XADC_INST/DCLK
Min Period        n/a     BUFG/I       n/a            2.155         5.000       2.845      BUFGCTRL_X0Y1  ps/system_i/processing_system7/inst/buffer_fclk_clk_3.FCLK_CLK_3_BUFG/I
Min Period        n/a     FDSE/C       n/a            1.000         5.000       4.000      SLICE_X6Y77    ps/system_i/axi_protocol_converter_0/inst/gen_axilite.gen_b2s_conv.axilite_b2s/RD.ar_channel_0/ar_cmd_fsm_0/FSM_sequential_state_reg[0]/C
Min Period        n/a     FDRE/C       n/a            1.000         5.000       4.000      SLICE_X6Y77    ps/system_i/axi_protocol_converter_0/inst/gen_axilite.gen_b2s_conv.axilite_b2s/RD.ar_channel_0/ar_cmd_fsm_0/FSM_sequential_state_reg[1]/C
Min Period        n/a     FDRE/C       n/a            1.000         5.000       4.000      SLICE_X3Y73    ps/system_i/axi_protocol_converter_0/inst/gen_axilite.gen_b2s_conv.axilite_b2s/RD.ar_channel_0/cmd_translator_0/incr_cmd_0/axaddr_incr_reg[0]/C
Min Period        n/a     FDRE/C       n/a            1.000         5.000       4.000      SLICE_X3Y75    ps/system_i/axi_protocol_converter_0/inst/gen_axilite.gen_b2s_conv.axilite_b2s/RD.ar_channel_0/cmd_translator_0/incr_cmd_0/axaddr_incr_reg[10]/C
Min Period        n/a     FDRE/C       n/a            1.000         5.000       4.000      SLICE_X3Y75    ps/system_i/axi_protocol_converter_0/inst/gen_axilite.gen_b2s_conv.axilite_b2s/RD.ar_channel_0/cmd_translator_0/incr_cmd_0/axaddr_incr_reg[11]/C
Min Period        n/a     FDRE/C       n/a            1.000         5.000       4.000      SLICE_X3Y73    ps/system_i/axi_protocol_converter_0/inst/gen_axilite.gen_b2s_conv.axilite_b2s/RD.ar_channel_0/cmd_translator_0/incr_cmd_0/axaddr_incr_reg[1]/C
Min Period        n/a     FDRE/C       n/a            1.000         5.000       4.000      SLICE_X3Y73    ps/system_i/axi_protocol_converter_0/inst/gen_axilite.gen_b2s_conv.axilite_b2s/RD.ar_channel_0/cmd_translator_0/incr_cmd_0/axaddr_incr_reg[2]/C
Min Period        n/a     FDRE/C       n/a            1.000         5.000       4.000      SLICE_X3Y73    ps/system_i/axi_protocol_converter_0/inst/gen_axilite.gen_b2s_conv.axilite_b2s/RD.ar_channel_0/cmd_translator_0/incr_cmd_0/axaddr_incr_reg[3]/C
Low Pulse Width   Slow    SRLC32E/CLK  n/a            0.980         2.500       1.520      SLICE_X6Y59    ps/system_i/axi_protocol_converter_0/inst/gen_axilite.gen_b2s_conv.axilite_b2s/RD.r_channel_0/transaction_fifo_0/memory_reg[31][0]_srl32/CLK
Low Pulse Width   Slow    SRLC32E/CLK  n/a            0.980         2.500       1.520      SLICE_X6Y54    ps/system_i/axi_protocol_converter_0/inst/gen_axilite.gen_b2s_conv.axilite_b2s/RD.r_channel_0/transaction_fifo_0/memory_reg[31][10]_srl32/CLK
Low Pulse Width   Slow    SRLC32E/CLK  n/a            0.980         2.500       1.520      SLICE_X6Y54    ps/system_i/axi_protocol_converter_0/inst/gen_axilite.gen_b2s_conv.axilite_b2s/RD.r_channel_0/transaction_fifo_0/memory_reg[31][11]_srl32/CLK
Low Pulse Width   Slow    SRLC32E/CLK  n/a            0.980         2.500       1.520      SLICE_X4Y56    ps/system_i/axi_protocol_converter_0/inst/gen_axilite.gen_b2s_conv.axilite_b2s/RD.r_channel_0/transaction_fifo_0/memory_reg[31][12]_srl32/CLK
Low Pulse Width   Slow    SRLC32E/CLK  n/a            0.980         2.500       1.520      SLICE_X6Y54    ps/system_i/axi_protocol_converter_0/inst/gen_axilite.gen_b2s_conv.axilite_b2s/RD.r_channel_0/transaction_fifo_0/memory_reg[31][1]_srl32/CLK
Low Pulse Width   Slow    SRLC32E/CLK  n/a            0.980         2.500       1.520      SLICE_X6Y54    ps/system_i/axi_protocol_converter_0/inst/gen_axilite.gen_b2s_conv.axilite_b2s/RD.r_channel_0/transaction_fifo_0/memory_reg[31][2]_srl32/CLK
Low Pulse Width   Slow    SRLC32E/CLK  n/a            0.980         2.500       1.520      SLICE_X4Y56    ps/system_i/axi_protocol_converter_0/inst/gen_axilite.gen_b2s_conv.axilite_b2s/RD.r_channel_0/transaction_fifo_0/memory_reg[31][3]_srl32/CLK
Low Pulse Width   Slow    SRLC32E/CLK  n/a            0.980         2.500       1.520      SLICE_X4Y54    ps/system_i/axi_protocol_converter_0/inst/gen_axilite.gen_b2s_conv.axilite_b2s/RD.r_channel_0/transaction_fifo_0/memory_reg[31][4]_srl32/CLK
Low Pulse Width   Slow    SRLC32E/CLK  n/a            0.980         2.500       1.520      SLICE_X4Y54    ps/system_i/axi_protocol_converter_0/inst/gen_axilite.gen_b2s_conv.axilite_b2s/RD.r_channel_0/transaction_fifo_0/memory_reg[31][5]_srl32/CLK
Low Pulse Width   Slow    SRLC32E/CLK  n/a            0.980         2.500       1.520      SLICE_X4Y56    ps/system_i/axi_protocol_converter_0/inst/gen_axilite.gen_b2s_conv.axilite_b2s/RD.r_channel_0/transaction_fifo_0/memory_reg[31][6]_srl32/CLK
High Pulse Width  Fast    SRLC32E/CLK  n/a            0.980         2.500       1.520      SLICE_X6Y68    ps/system_i/axi_protocol_converter_0/inst/gen_axilite.gen_b2s_conv.axilite_b2s/RD.r_channel_0/rd_data_fifo_0/memory_reg[31][0]_srl32/CLK
High Pulse Width  Fast    SRLC32E/CLK  n/a            0.980         2.500       1.520      SLICE_X8Y68    ps/system_i/axi_protocol_converter_0/inst/gen_axilite.gen_b2s_conv.axilite_b2s/RD.r_channel_0/rd_data_fifo_0/memory_reg[31][10]_srl32/CLK
High Pulse Width  Fast    SRLC32E/CLK  n/a            0.980         2.500       1.520      SLICE_X8Y65    ps/system_i/axi_protocol_converter_0/inst/gen_axilite.gen_b2s_conv.axilite_b2s/RD.r_channel_0/rd_data_fifo_0/memory_reg[31][11]_srl32/CLK
High Pulse Width  Fast    SRLC32E/CLK  n/a            0.980         2.500       1.520      SLICE_X6Y68    ps/system_i/axi_protocol_converter_0/inst/gen_axilite.gen_b2s_conv.axilite_b2s/RD.r_channel_0/rd_data_fifo_0/memory_reg[31][12]_srl32/CLK
High Pulse Width  Fast    SRLC32E/CLK  n/a            0.980         2.500       1.520      SLICE_X6Y68    ps/system_i/axi_protocol_converter_0/inst/gen_axilite.gen_b2s_conv.axilite_b2s/RD.r_channel_0/rd_data_fifo_0/memory_reg[31][13]_srl32/CLK
High Pulse Width  Fast    SRLC32E/CLK  n/a            0.980         2.500       1.520      SLICE_X8Y67    ps/system_i/axi_protocol_converter_0/inst/gen_axilite.gen_b2s_conv.axilite_b2s/RD.r_channel_0/rd_data_fifo_0/memory_reg[31][14]_srl32/CLK
High Pulse Width  Fast    SRLC32E/CLK  n/a            0.980         2.500       1.520      SLICE_X8Y67    ps/system_i/axi_protocol_converter_0/inst/gen_axilite.gen_b2s_conv.axilite_b2s/RD.r_channel_0/rd_data_fifo_0/memory_reg[31][15]_srl32/CLK
High Pulse Width  Fast    SRLC32E/CLK  n/a            0.980         2.500       1.520      SLICE_X8Y68    ps/system_i/axi_protocol_converter_0/inst/gen_axilite.gen_b2s_conv.axilite_b2s/RD.r_channel_0/rd_data_fifo_0/memory_reg[31][16]_srl32/CLK
High Pulse Width  Fast    SRLC32E/CLK  n/a            0.980         2.500       1.520      SLICE_X8Y65    ps/system_i/axi_protocol_converter_0/inst/gen_axilite.gen_b2s_conv.axilite_b2s/RD.r_channel_0/rd_data_fifo_0/memory_reg[31][17]_srl32/CLK
High Pulse Width  Fast    SRLC32E/CLK  n/a            0.980         2.500       1.520      SLICE_X6Y65    ps/system_i/axi_protocol_converter_0/inst/gen_axilite.gen_b2s_conv.axilite_b2s/RD.r_channel_0/rd_data_fifo_0/memory_reg[31][1]_srl32/CLK



---------------------------------------------------------------------------------------------------
From Clock:  adc_clk
  To Clock:  pll_adc_clk

Setup :            0  Failing Endpoints,  Worst Slack        3.054ns,  Total Violation        0.000ns
Hold  :            0  Failing Endpoints,  Worst Slack        0.066ns,  Total Violation        0.000ns
---------------------------------------------------------------------------------------------------


Max Delay Paths
--------------------------------------------------------------------------------------
Slack (MET) :             3.054ns  (required time - arrival time)
  Source:                 adc_dat_i[0][5]
                            (input port clocked by adc_clk  {rise@0.000ns fall@4.000ns period=8.000ns})
  Destination:            i_scope/i_dfilt1_cha/bb_mult/B[3]
                            (rising edge-triggered cell DSP48E1 clocked by pll_adc_clk  {rise@0.000ns fall@4.000ns period=8.000ns})
  Path Group:             pll_adc_clk
  Path Type:              Setup (Max at Slow Process Corner)
  Requirement:            8.000ns  (pll_adc_clk rise@8.000ns - adc_clk rise@0.000ns)
  Data Path Delay:        6.176ns  (logic 1.198ns (19.391%)  route 4.979ns (80.609%))
  Logic Levels:           2  (IBUF=1 LUT3=1)
  Input Delay:            3.400ns
  Clock Path Skew:        5.475ns (DCD - SCD + CPR)
    Destination Clock Delay (DCD):    5.475ns = ( 13.475 - 8.000 ) 
    Source Clock Delay      (SCD):    0.000ns
    Clock Pessimism Removal (CPR):    0.000ns
  Clock Uncertainty:      0.166ns  ((TSJ^2 + DJ^2)^1/2) / 2 + PE
    Total System Jitter     (TSJ):    0.071ns
    Discrete Jitter          (DJ):    0.118ns
    Phase Error              (PE):    0.097ns

    Location             Delay type                Incr(ns)  Path(ns)    Netlist Resource(s)
  -------------------------------------------------------------------    -------------------
                         (clock adc_clk rise edge)    0.000     0.000 r  
                         input delay                  3.400     3.400    
    W15                                               0.000     3.400 f  adc_dat_i[0][5] (IN)
                         net (fo=0)                   0.000     3.400    adc_dat_i[0][5]
    W15                  IBUF (Prop_ibuf_I_O)         1.048     4.448 f  product_q_reg_i_53/O
                         net (fo=1, routed)           3.777     8.225    i_laser_lock_core/u_output_protect/product_q_reg_9
    SLICE_X36Y17         LUT3 (Prop_lut3_I2_O)        0.150     8.375 r  i_laser_lock_core/u_output_protect/product_q_reg_i_25/O
                         net (fo=3, routed)           1.202     9.576    i_scope/i_dfilt1_cha/adc_dat_i[3]
    DSP48_X1Y5           DSP48E1                                      r  i_scope/i_dfilt1_cha/bb_mult/B[3]
  -------------------------------------------------------------------    -------------------

                         (clock pll_adc_clk rise edge)
                                                      8.000     8.000 r  
    U18                                               0.000     8.000 r  adc_clk_i[1] (IN)
                         net (fo=0)                   0.000     8.000    adc_clk_i[1]
    U18                  IBUFDS (Prop_ibufds_I_O)     0.940     8.940 r  i_clk/O
                         net (fo=1, routed)           1.181    10.121    pll/adc_clk_in
    PLLE2_ADV_X0Y0       PLLE2_ADV (Prop_plle2_adv_CLKIN1_CLKOUT0)
                                                      0.084    10.205 r  pll/pll/CLKOUT0
                         net (fo=1, routed)           1.594    11.799    pll_adc_clk
    BUFGCTRL_X0Y0        BUFG (Prop_bufg_I_O)         0.091    11.890 r  bufg_adc_clk/O
                         net (fo=8602, routed)        1.585    13.475    i_scope/i_dfilt1_cha/clk_i
    DSP48_X1Y5           DSP48E1                                      r  i_scope/i_dfilt1_cha/bb_mult/CLK
                         clock pessimism              0.000    13.475    
                         clock uncertainty           -0.166    13.309    
    DSP48_X1Y5           DSP48E1 (Setup_dsp48e1_CLK_B[3])
                                                     -0.679    12.630    i_scope/i_dfilt1_cha/bb_mult
  -------------------------------------------------------------------
                         required time                         12.630    
                         arrival time                          -9.576    
  -------------------------------------------------------------------
                         slack                                  3.054    

Slack (MET) :             3.333ns  (required time - arrival time)
  Source:                 adc_dat_i[0][5]
                            (input port clocked by adc_clk  {rise@0.000ns fall@4.000ns period=8.000ns})
  Destination:            i_laser_lock_core/i_mixer_core/product_q_reg/A[3]
                            (rising edge-triggered cell DSP48E1 clocked by pll_adc_clk  {rise@0.000ns fall@4.000ns period=8.000ns})
  Path Group:             pll_adc_clk
  Path Type:              Setup (Max at Slow Process Corner)
  Requirement:            8.000ns  (pll_adc_clk rise@8.000ns - adc_clk rise@0.000ns)
  Data Path Delay:        5.987ns  (logic 1.198ns (20.005%)  route 4.789ns (79.995%))
  Logic Levels:           2  (IBUF=1 LUT3=1)
  Input Delay:            3.400ns
  Clock Path Skew:        5.477ns (DCD - SCD + CPR)
    Destination Clock Delay (DCD):    5.477ns = ( 13.477 - 8.000 ) 
    Source Clock Delay      (SCD):    0.000ns
    Clock Pessimism Removal (CPR):    0.000ns
  Clock Uncertainty:      0.166ns  ((TSJ^2 + DJ^2)^1/2) / 2 + PE
    Total System Jitter     (TSJ):    0.071ns
    Discrete Jitter          (DJ):    0.118ns
    Phase Error              (PE):    0.097ns

    Location             Delay type                Incr(ns)  Path(ns)    Netlist Resource(s)
  -------------------------------------------------------------------    -------------------
                         (clock adc_clk rise edge)    0.000     0.000 r  
                         input delay                  3.400     3.400    
    W15                                               0.000     3.400 f  adc_dat_i[0][5] (IN)
                         net (fo=0)                   0.000     3.400    adc_dat_i[0][5]
    W15                  IBUF (Prop_ibuf_I_O)         1.048     4.448 f  product_q_reg_i_53/O
                         net (fo=1, routed)           3.777     8.225    i_laser_lock_core/u_output_protect/product_q_reg_9
    SLICE_X36Y17         LUT3 (Prop_lut3_I2_O)        0.150     8.375 r  i_laser_lock_core/u_output_protect/product_q_reg_i_25/O
                         net (fo=3, routed)           1.012     9.387    i_laser_lock_core/i_mixer_core/A[3]
    DSP48_X1Y4           DSP48E1                                      r  i_laser_lock_core/i_mixer_core/product_q_reg/A[3]
  -------------------------------------------------------------------    -------------------

                         (clock pll_adc_clk rise edge)
                                                      8.000     8.000 r  
    U18                                               0.000     8.000 r  adc_clk_i[1] (IN)
                         net (fo=0)                   0.000     8.000    adc_clk_i[1]
    U18                  IBUFDS (Prop_ibufds_I_O)     0.940     8.940 r  i_clk/O
                         net (fo=1, routed)           1.181    10.121    pll/adc_clk_in
    PLLE2_ADV_X0Y0       PLLE2_ADV (Prop_plle2_adv_CLKIN1_CLKOUT0)
                                                      0.084    10.205 r  pll/pll/CLKOUT0
                         net (fo=1, routed)           1.594    11.799    pll_adc_clk
    BUFGCTRL_X0Y0        BUFG (Prop_bufg_I_O)         0.091    11.890 r  bufg_adc_clk/O
                         net (fo=8602, routed)        1.587    13.477    i_laser_lock_core/i_mixer_core/adc_clk
    DSP48_X1Y4           DSP48E1                                      r  i_laser_lock_core/i_mixer_core/product_q_reg/CLK
                         clock pessimism              0.000    13.477    
                         clock uncertainty           -0.166    13.311    
    DSP48_X1Y4           DSP48E1 (Setup_dsp48e1_CLK_A[3])
                                                     -0.591    12.720    i_laser_lock_core/i_mixer_core/product_q_reg
  -------------------------------------------------------------------
                         required time                         12.720    
                         arrival time                          -9.387    
  -------------------------------------------------------------------
                         slack                                  3.333    

Slack (MET) :             3.769ns  (required time - arrival time)
  Source:                 adc_dat_i[0][2]
                            (input port clocked by adc_clk  {rise@0.000ns fall@4.000ns period=8.000ns})
  Destination:            i_laser_lock_core/i_mixer_core/product_q_reg/A[0]
                            (rising edge-triggered cell DSP48E1 clocked by pll_adc_clk  {rise@0.000ns fall@4.000ns period=8.000ns})
  Path Group:             pll_adc_clk
  Path Type:              Setup (Max at Fast Process Corner)
  Requirement:            8.000ns  (pll_adc_clk rise@8.000ns - adc_clk rise@0.000ns)
  Data Path Delay:        2.631ns  (logic 0.519ns (19.720%)  route 2.112ns (80.280%))
  Logic Levels:           2  (IBUF=1 LUT3=1)
  Input Delay:            3.400ns
  Clock Path Skew:        2.066ns (DCD - SCD + CPR)
    Destination Clock Delay (DCD):    2.066ns = ( 10.066 - 8.000 ) 
    Source Clock Delay      (SCD):    0.000ns
    Clock Pessimism Removal (CPR):    0.000ns
  Clock Uncertainty:      0.166ns  ((TSJ^2 + DJ^2)^1/2) / 2 + PE
    Total System Jitter     (TSJ):    0.071ns
    Discrete Jitter          (DJ):    0.118ns
    Phase Error              (PE):    0.097ns

    Location             Delay type                Incr(ns)  Path(ns)    Netlist Resource(s)
  -------------------------------------------------------------------    -------------------
                         (clock adc_clk rise edge)    0.000     0.000 r  
                         input delay                  3.400     3.400    
    Y17                                               0.000     3.400 f  adc_dat_i[0][2] (IN)
                         net (fo=0)                   0.000     3.400    adc_dat_i[0][2]
    Y17                  IBUF (Prop_ibuf_I_O)         0.463     3.863 f  product_q_reg_i_56/O
                         net (fo=1, routed)           1.338     5.201    i_laser_lock_core/u_output_protect/product_q_reg_12
    SLICE_X41Y18         LUT3 (Prop_lut3_I2_O)        0.056     5.257 r  i_laser_lock_core/u_output_protect/product_q_reg_i_28/O
                         net (fo=3, routed)           0.774     6.031    i_laser_lock_core/i_mixer_core/A[0]
    DSP48_X1Y4           DSP48E1                                      r  i_laser_lock_core/i_mixer_core/product_q_reg/A[0]
  -------------------------------------------------------------------    -------------------

                         (clock pll_adc_clk rise edge)
                                                      8.000     8.000 r  
    U18                                               0.000     8.000 r  adc_clk_i[1] (IN)
                         net (fo=0)                   0.000     8.000    adc_clk_i[1]
    U18                  IBUFDS (Prop_ibufds_I_O)     0.401     8.401 r  i_clk/O
                         net (fo=1, routed)           0.440     8.842    pll/adc_clk_in
    PLLE2_ADV_X0Y0       PLLE2_ADV (Prop_plle2_adv_CLKIN1_CLKOUT0)
                                                      0.051     8.893 r  pll/pll/CLKOUT0
                         net (fo=1, routed)           0.497     9.390    pll_adc_clk
    BUFGCTRL_X0Y0        BUFG (Prop_bufg_I_O)         0.026     9.416 r  bufg_adc_clk/O
                         net (fo=8602, routed)        0.650    10.066    i_laser_lock_core/i_mixer_core/adc_clk
    DSP48_X1Y4           DSP48E1                                      r  i_laser_lock_core/i_mixer_core/product_q_reg/CLK
                         clock pessimism              0.000    10.066    
                         clock uncertainty           -0.166     9.900    
    DSP48_X1Y4           DSP48E1 (Setup_dsp48e1_CLK_A[0])
                                                     -0.100     9.800    i_laser_lock_core/i_mixer_core/product_q_reg
  -------------------------------------------------------------------
                         required time                          9.800    
                         arrival time                          -6.031    
  -------------------------------------------------------------------
                         slack                                  3.769    

Slack (MET) :             3.794ns  (required time - arrival time)
  Source:                 adc_dat_i[1][11]
                            (input port clocked by adc_clk  {rise@0.000ns fall@4.000ns period=8.000ns})
  Destination:            i_laser_lock_core/i_mixer_core/product_q_reg/B[9]
                            (rising edge-triggered cell DSP48E1 clocked by pll_adc_clk  {rise@0.000ns fall@4.000ns period=8.000ns})
  Path Group:             pll_adc_clk
  Path Type:              Setup (Max at Fast Process Corner)
  Requirement:            8.000ns  (pll_adc_clk rise@8.000ns - adc_clk rise@0.000ns)
  Data Path Delay:        2.507ns  (logic 0.455ns (18.131%)  route 2.052ns (81.869%))
  Logic Levels:           2  (IBUF=1 LUT3=1)
  Input Delay:            3.400ns
  Clock Path Skew:        2.066ns (DCD - SCD + CPR)
    Destination Clock Delay (DCD):    2.066ns = ( 10.066 - 8.000 ) 
    Source Clock Delay      (SCD):    0.000ns
    Clock Pessimism Removal (CPR):    0.000ns
  Clock Uncertainty:      0.166ns  ((TSJ^2 + DJ^2)^1/2) / 2 + PE
    Total System Jitter     (TSJ):    0.071ns
    Discrete Jitter          (DJ):    0.118ns
    Phase Error              (PE):    0.097ns

    Location             Delay type                Incr(ns)  Path(ns)    Netlist Resource(s)
  -------------------------------------------------------------------    -------------------
                         (clock adc_clk rise edge)    0.000     0.000 r  
                         input delay                  3.400     3.400    
    W20                                               0.000     3.400 f  adc_dat_i[1][11] (IN)
                         net (fo=0)                   0.000     3.400    adc_dat_i[1][11]
    W20                  IBUF (Prop_ibuf_I_O)         0.395     3.795 f  product_q_reg_i_33/O
                         net (fo=1, routed)           1.293     5.087    i_out2_lock_controller/bb_mult_3
    SLICE_X40Y22         LUT3 (Prop_lut3_I2_O)        0.060     5.147 r  i_out2_lock_controller/product_q_reg_i_5/O
                         net (fo=3, routed)           0.760     5.907    i_laser_lock_core/i_mixer_core/product_q_reg_0[9]
    DSP48_X1Y4           DSP48E1                                      r  i_laser_lock_core/i_mixer_core/product_q_reg/B[9]
  -------------------------------------------------------------------    -------------------

                         (clock pll_adc_clk rise edge)
                                                      8.000     8.000 r  
    U18                                               0.000     8.000 r  adc_clk_i[1] (IN)
                         net (fo=0)                   0.000     8.000    adc_clk_i[1]
    U18                  IBUFDS (Prop_ibufds_I_O)     0.401     8.401 r  i_clk/O
                         net (fo=1, routed)           0.440     8.842    pll/adc_clk_in
    PLLE2_ADV_X0Y0       PLLE2_ADV (Prop_plle2_adv_CLKIN1_CLKOUT0)
                                                      0.051     8.893 r  pll/pll/CLKOUT0
                         net (fo=1, routed)           0.497     9.390    pll_adc_clk
    BUFGCTRL_X0Y0        BUFG (Prop_bufg_I_O)         0.026     9.416 r  bufg_adc_clk/O
                         net (fo=8602, routed)        0.650    10.066    i_laser_lock_core/i_mixer_core/adc_clk
    DSP48_X1Y4           DSP48E1                                      r  i_laser_lock_core/i_mixer_core/product_q_reg/CLK
                         clock pessimism              0.000    10.066    
                         clock uncertainty           -0.166     9.900    
    DSP48_X1Y4           DSP48E1 (Setup_dsp48e1_CLK_B[9])
                                                     -0.199     9.701    i_laser_lock_core/i_mixer_core/product_q_reg
  -------------------------------------------------------------------
                         required time                          9.701    
                         arrival time                          -5.907    
  -------------------------------------------------------------------
                         slack                                  3.794    

Slack (MET) :             3.816ns  (required time - arrival time)
  Source:                 adc_dat_i[0][2]
                            (input port clocked by adc_clk  {rise@0.000ns fall@4.000ns period=8.000ns})
  Destination:            i_scope/i_dfilt1_cha/bb_mult/B[0]
                            (rising edge-triggered cell DSP48E1 clocked by pll_adc_clk  {rise@0.000ns fall@4.000ns period=8.000ns})
  Path Group:             pll_adc_clk
  Path Type:              Setup (Max at Fast Process Corner)
  Requirement:            8.000ns  (pll_adc_clk rise@8.000ns - adc_clk rise@0.000ns)
  Data Path Delay:        2.560ns  (logic 0.519ns (20.263%)  route 2.042ns (79.737%))
  Logic Levels:           2  (IBUF=1 LUT3=1)
  Input Delay:            3.400ns
  Clock Path Skew:        2.064ns (DCD - SCD + CPR)
    Destination Clock Delay (DCD):    2.064ns = ( 10.064 - 8.000 ) 
    Source Clock Delay      (SCD):    0.000ns
    Clock Pessimism Removal (CPR):    0.000ns
  Clock Uncertainty:      0.166ns  ((TSJ^2 + DJ^2)^1/2) / 2 + PE
    Total System Jitter     (TSJ):    0.071ns
    Discrete Jitter          (DJ):    0.118ns
    Phase Error              (PE):    0.097ns

    Location             Delay type                Incr(ns)  Path(ns)    Netlist Resource(s)
  -------------------------------------------------------------------    -------------------
                         (clock adc_clk rise edge)    0.000     0.000 r  
                         input delay                  3.400     3.400    
    Y17                                               0.000     3.400 f  adc_dat_i[0][2] (IN)
                         net (fo=0)                   0.000     3.400    adc_dat_i[0][2]
    Y17                  IBUF (Prop_ibuf_I_O)         0.463     3.863 f  product_q_reg_i_56/O
                         net (fo=1, routed)           1.338     5.201    i_laser_lock_core/u_output_protect/product_q_reg_12
    SLICE_X41Y18         LUT3 (Prop_lut3_I2_O)        0.056     5.257 r  i_laser_lock_core/u_output_protect/product_q_reg_i_28/O
                         net (fo=3, routed)           0.704     5.960    i_scope/i_dfilt1_cha/adc_dat_i[0]
    DSP48_X1Y5           DSP48E1                                      r  i_scope/i_dfilt1_cha/bb_mult/B[0]
  -------------------------------------------------------------------    -------------------

                         (clock pll_adc_clk rise edge)
                                                      8.000     8.000 r  
    U18                                               0.000     8.000 r  adc_clk_i[1] (IN)
                         net (fo=0)                   0.000     8.000    adc_clk_i[1]
    U18                  IBUFDS (Prop_ibufds_I_O)     0.401     8.401 r  i_clk/O
                         net (fo=1, routed)           0.440     8.842    pll/adc_clk_in
    PLLE2_ADV_X0Y0       PLLE2_ADV (Prop_plle2_adv_CLKIN1_CLKOUT0)
                                                      0.051     8.893 r  pll/pll/CLKOUT0
                         net (fo=1, routed)           0.497     9.390    pll_adc_clk
    BUFGCTRL_X0Y0        BUFG (Prop_bufg_I_O)         0.026     9.416 r  bufg_adc_clk/O
                         net (fo=8602, routed)        0.648    10.064    i_scope/i_dfilt1_cha/clk_i
    DSP48_X1Y5           DSP48E1                                      r  i_scope/i_dfilt1_cha/bb_mult/CLK
                         clock pessimism              0.000    10.064    
                         clock uncertainty           -0.166     9.898    
    DSP48_X1Y5           DSP48E1 (Setup_dsp48e1_CLK_B[0])
                                                     -0.121     9.777    i_scope/i_dfilt1_cha/bb_mult
  -------------------------------------------------------------------
                         required time                          9.777    
                         arrival time                          -5.960    
  -------------------------------------------------------------------
                         slack                                  3.816    

Slack (MET) :             3.931ns  (required time - arrival time)
  Source:                 adc_dat_i[0][4]
                            (input port clocked by adc_clk  {rise@0.000ns fall@4.000ns period=8.000ns})
  Destination:            i_laser_lock_core/i_mixer_core/product_q_reg/A[2]
                            (rising edge-triggered cell DSP48E1 clocked by pll_adc_clk  {rise@0.000ns fall@4.000ns period=8.000ns})
  Path Group:             pll_adc_clk
  Path Type:              Setup (Max at Fast Process Corner)
  Requirement:            8.000ns  (pll_adc_clk rise@8.000ns - adc_clk rise@0.000ns)
  Data Path Delay:        2.469ns  (logic 0.526ns (21.294%)  route 1.943ns (78.706%))
  Logic Levels:           2  (IBUF=1 LUT3=1)
  Input Delay:            3.400ns
  Clock Path Skew:        2.066ns (DCD - SCD + CPR)
    Destination Clock Delay (DCD):    2.066ns = ( 10.066 - 8.000 ) 
    Source Clock Delay      (SCD):    0.000ns
    Clock Pessimism Removal (CPR):    0.000ns
  Clock Uncertainty:      0.166ns  ((TSJ^2 + DJ^2)^1/2) / 2 + PE
    Total System Jitter     (TSJ):    0.071ns
    Discrete Jitter          (DJ):    0.118ns
    Phase Error              (PE):    0.097ns

    Location             Delay type                Incr(ns)  Path(ns)    Netlist Resource(s)
  -------------------------------------------------------------------    -------------------
                         (clock adc_clk rise edge)    0.000     0.000 r  
                         input delay                  3.400     3.400    
    Y16                                               0.000     3.400 f  adc_dat_i[0][4] (IN)
                         net (fo=0)                   0.000     3.400    adc_dat_i[0][4]
    Y16                  IBUF (Prop_ibuf_I_O)         0.470     3.870 f  product_q_reg_i_54/O
                         net (fo=1, routed)           1.370     5.240    i_laser_lock_core/u_output_protect/product_q_reg_10
    SLICE_X36Y17         LUT3 (Prop_lut3_I2_O)        0.056     5.296 r  i_laser_lock_core/u_output_protect/product_q_reg_i_26/O
                         net (fo=3, routed)           0.573     5.869    i_laser_lock_core/i_mixer_core/A[2]
    DSP48_X1Y4           DSP48E1                                      r  i_laser_lock_core/i_mixer_core/product_q_reg/A[2]
  -------------------------------------------------------------------    -------------------

                         (clock pll_adc_clk rise edge)
                                                      8.000     8.000 r  
    U18                                               0.000     8.000 r  adc_clk_i[1] (IN)
                         net (fo=0)                   0.000     8.000    adc_clk_i[1]
    U18                  IBUFDS (Prop_ibufds_I_O)     0.401     8.401 r  i_clk/O
                         net (fo=1, routed)           0.440     8.842    pll/adc_clk_in
    PLLE2_ADV_X0Y0       PLLE2_ADV (Prop_plle2_adv_CLKIN1_CLKOUT0)
                                                      0.051     8.893 r  pll/pll/CLKOUT0
                         net (fo=1, routed)           0.497     9.390    pll_adc_clk
    BUFGCTRL_X0Y0        BUFG (Prop_bufg_I_O)         0.026     9.416 r  bufg_adc_clk/O
                         net (fo=8602, routed)        0.650    10.066    i_laser_lock_core/i_mixer_core/adc_clk
    DSP48_X1Y4           DSP48E1                                      r  i_laser_lock_core/i_mixer_core/product_q_reg/CLK
                         clock pessimism              0.000    10.066    
                         clock uncertainty           -0.166     9.900    
    DSP48_X1Y4           DSP48E1 (Setup_dsp48e1_CLK_A[2])
                                                     -0.100     9.800    i_laser_lock_core/i_mixer_core/product_q_reg
  -------------------------------------------------------------------
                         required time                          9.800    
                         arrival time                          -5.869    
  -------------------------------------------------------------------
                         slack                                  3.931    

Slack (MET) :             3.971ns  (required time - arrival time)
  Source:                 adc_dat_i[0][8]
                            (input port clocked by adc_clk  {rise@0.000ns fall@4.000ns period=8.000ns})
  Destination:            i_scope/i_dfilt1_cha/bb_mult/B[6]
                            (rising edge-triggered cell DSP48E1 clocked by pll_adc_clk  {rise@0.000ns fall@4.000ns period=8.000ns})
  Path Group:             pll_adc_clk
  Path Type:              Setup (Max at Fast Process Corner)
  Requirement:            8.000ns  (pll_adc_clk rise@8.000ns - adc_clk rise@0.000ns)
  Data Path Delay:        2.406ns  (logic 0.498ns (20.695%)  route 1.908ns (79.305%))
  Logic Levels:           2  (IBUF=1 LUT3=1)
  Input Delay:            3.400ns
  Clock Path Skew:        2.064ns (DCD - SCD + CPR)
    Destination Clock Delay (DCD):    2.064ns = ( 10.064 - 8.000 ) 
    Source Clock Delay      (SCD):    0.000ns
    Clock Pessimism Removal (CPR):    0.000ns
  Clock Uncertainty:      0.166ns  ((TSJ^2 + DJ^2)^1/2) / 2 + PE
    Total System Jitter     (TSJ):    0.071ns
    Discrete Jitter          (DJ):    0.118ns
    Phase Error              (PE):    0.097ns

    Location             Delay type                Incr(ns)  Path(ns)    Netlist Resource(s)
  -------------------------------------------------------------------    -------------------
                         (clock adc_clk rise edge)    0.000     0.000 r  
                         input delay                  3.400     3.400    
    W13                                               0.000     3.400 f  adc_dat_i[0][8] (IN)
                         net (fo=0)                   0.000     3.400    adc_dat_i[0][8]
    W13                  IBUF (Prop_ibuf_I_O)         0.442     3.842 f  product_q_reg_i_50/O
                         net (fo=1, routed)           1.208     5.049    i_laser_lock_core/u_output_protect/product_q_reg_6
    SLICE_X42Y20         LUT3 (Prop_lut3_I2_O)        0.056     5.105 r  i_laser_lock_core/u_output_protect/product_q_reg_i_22/O
                         net (fo=3, routed)           0.700     5.806    i_scope/i_dfilt1_cha/adc_dat_i[6]
    DSP48_X1Y5           DSP48E1                                      r  i_scope/i_dfilt1_cha/bb_mult/B[6]
  -------------------------------------------------------------------    -------------------

                         (clock pll_adc_clk rise edge)
                                                      8.000     8.000 r  
    U18                                               0.000     8.000 r  adc_clk_i[1] (IN)
                         net (fo=0)                   0.000     8.000    adc_clk_i[1]
    U18                  IBUFDS (Prop_ibufds_I_O)     0.401     8.401 r  i_clk/O
                         net (fo=1, routed)           0.440     8.842    pll/adc_clk_in
    PLLE2_ADV_X0Y0       PLLE2_ADV (Prop_plle2_adv_CLKIN1_CLKOUT0)
                                                      0.051     8.893 r  pll/pll/CLKOUT0
                         net (fo=1, routed)           0.497     9.390    pll_adc_clk
    BUFGCTRL_X0Y0        BUFG (Prop_bufg_I_O)         0.026     9.416 r  bufg_adc_clk/O
                         net (fo=8602, routed)        0.648    10.064    i_scope/i_dfilt1_cha/clk_i
    DSP48_X1Y5           DSP48E1                                      r  i_scope/i_dfilt1_cha/bb_mult/CLK
                         clock pessimism              0.000    10.064    
                         clock uncertainty           -0.166     9.898    
    DSP48_X1Y5           DSP48E1 (Setup_dsp48e1_CLK_B[6])
                                                     -0.121     9.777    i_scope/i_dfilt1_cha/bb_mult
  -------------------------------------------------------------------
                         required time                          9.777    
                         arrival time                          -5.806    
  -------------------------------------------------------------------
                         slack                                  3.971    

Slack (MET) :             3.979ns  (required time - arrival time)
  Source:                 adc_dat_i[0][4]
                            (input port clocked by adc_clk  {rise@0.000ns fall@4.000ns period=8.000ns})
  Destination:            i_scope/i_dfilt1_cha/bb_mult/B[2]
                            (rising edge-triggered cell DSP48E1 clocked by pll_adc_clk  {rise@0.000ns fall@4.000ns period=8.000ns})
  Path Group:             pll_adc_clk
  Path Type:              Setup (Max at Fast Process Corner)
  Requirement:            8.000ns  (pll_adc_clk rise@8.000ns - adc_clk rise@0.000ns)
  Data Path Delay:        2.398ns  (logic 0.526ns (21.920%)  route 1.872ns (78.080%))
  Logic Levels:           2  (IBUF=1 LUT3=1)
  Input Delay:            3.400ns
  Clock Path Skew:        2.064ns (DCD - SCD + CPR)
    Destination Clock Delay (DCD):    2.064ns = ( 10.064 - 8.000 ) 
    Source Clock Delay      (SCD):    0.000ns
    Clock Pessimism Removal (CPR):    0.000ns
  Clock Uncertainty:      0.166ns  ((TSJ^2 + DJ^2)^1/2) / 2 + PE
    Total System Jitter     (TSJ):    0.071ns
    Discrete Jitter          (DJ):    0.118ns
    Phase Error              (PE):    0.097ns

    Location             Delay type                Incr(ns)  Path(ns)    Netlist Resource(s)
  -------------------------------------------------------------------    -------------------
                         (clock adc_clk rise edge)    0.000     0.000 r  
                         input delay                  3.400     3.400    
    Y16                                               0.000     3.400 f  adc_dat_i[0][4] (IN)
                         net (fo=0)                   0.000     3.400    adc_dat_i[0][4]
    Y16                  IBUF (Prop_ibuf_I_O)         0.470     3.870 f  product_q_reg_i_54/O
                         net (fo=1, routed)           1.370     5.240    i_laser_lock_core/u_output_protect/product_q_reg_10
    SLICE_X36Y17         LUT3 (Prop_lut3_I2_O)        0.056     5.296 r  i_laser_lock_core/u_output_protect/product_q_reg_i_26/O
                         net (fo=3, routed)           0.502     5.798    i_scope/i_dfilt1_cha/adc_dat_i[2]
    DSP48_X1Y5           DSP48E1                                      r  i_scope/i_dfilt1_cha/bb_mult/B[2]
  -------------------------------------------------------------------    -------------------

                         (clock pll_adc_clk rise edge)
                                                      8.000     8.000 r  
    U18                                               0.000     8.000 r  adc_clk_i[1] (IN)
                         net (fo=0)                   0.000     8.000    adc_clk_i[1]
    U18                  IBUFDS (Prop_ibufds_I_O)     0.401     8.401 r  i_clk/O
                         net (fo=1, routed)           0.440     8.842    pll/adc_clk_in
    PLLE2_ADV_X0Y0       PLLE2_ADV (Prop_plle2_adv_CLKIN1_CLKOUT0)
                                                      0.051     8.893 r  pll/pll/CLKOUT0
                         net (fo=1, routed)           0.497     9.390    pll_adc_clk
    BUFGCTRL_X0Y0        BUFG (Prop_bufg_I_O)         0.026     9.416 r  bufg_adc_clk/O
                         net (fo=8602, routed)        0.648    10.064    i_scope/i_dfilt1_cha/clk_i
    DSP48_X1Y5           DSP48E1                                      r  i_scope/i_dfilt1_cha/bb_mult/CLK
                         clock pessimism              0.000    10.064    
                         clock uncertainty           -0.166     9.898    
    DSP48_X1Y5           DSP48E1 (Setup_dsp48e1_CLK_B[2])
                                                     -0.121     9.777    i_scope/i_dfilt1_cha/bb_mult
  -------------------------------------------------------------------
                         required time                          9.777    
                         arrival time                          -5.798    
  -------------------------------------------------------------------
                         slack                                  3.979    

Slack (MET) :             3.994ns  (required time - arrival time)
  Source:                 adc_dat_i[0][8]
                            (input port clocked by adc_clk  {rise@0.000ns fall@4.000ns period=8.000ns})
  Destination:            i_laser_lock_core/i_mixer_core/product_q_reg/A[6]
                            (rising edge-triggered cell DSP48E1 clocked by pll_adc_clk  {rise@0.000ns fall@4.000ns period=8.000ns})
  Path Group:             pll_adc_clk
  Path Type:              Setup (Max at Fast Process Corner)
  Requirement:            8.000ns  (pll_adc_clk rise@8.000ns - adc_clk rise@0.000ns)
  Data Path Delay:        2.406ns  (logic 0.498ns (20.695%)  route 1.908ns (79.305%))
  Logic Levels:           2  (IBUF=1 LUT3=1)
  Input Delay:            3.400ns
  Clock Path Skew:        2.066ns (DCD - SCD + CPR)
    Destination Clock Delay (DCD):    2.066ns = ( 10.066 - 8.000 ) 
    Source Clock Delay      (SCD):    0.000ns
    Clock Pessimism Removal (CPR):    0.000ns
  Clock Uncertainty:      0.166ns  ((TSJ^2 + DJ^2)^1/2) / 2 + PE
    Total System Jitter     (TSJ):    0.071ns
    Discrete Jitter          (DJ):    0.118ns
    Phase Error              (PE):    0.097ns

    Location             Delay type                Incr(ns)  Path(ns)    Netlist Resource(s)
  -------------------------------------------------------------------    -------------------
                         (clock adc_clk rise edge)    0.000     0.000 r  
                         input delay                  3.400     3.400    
    W13                                               0.000     3.400 f  adc_dat_i[0][8] (IN)
                         net (fo=0)                   0.000     3.400    adc_dat_i[0][8]
    W13                  IBUF (Prop_ibuf_I_O)         0.442     3.842 f  product_q_reg_i_50/O
                         net (fo=1, routed)           1.208     5.049    i_laser_lock_core/u_output_protect/product_q_reg_6
    SLICE_X42Y20         LUT3 (Prop_lut3_I2_O)        0.056     5.105 r  i_laser_lock_core/u_output_protect/product_q_reg_i_22/O
                         net (fo=3, routed)           0.700     5.806    i_laser_lock_core/i_mixer_core/A[6]
    DSP48_X1Y4           DSP48E1                                      r  i_laser_lock_core/i_mixer_core/product_q_reg/A[6]
  -------------------------------------------------------------------    -------------------

                         (clock pll_adc_clk rise edge)
                                                      8.000     8.000 r  
    U18                                               0.000     8.000 r  adc_clk_i[1] (IN)
                         net (fo=0)                   0.000     8.000    adc_clk_i[1]
    U18                  IBUFDS (Prop_ibufds_I_O)     0.401     8.401 r  i_clk/O
                         net (fo=1, routed)           0.440     8.842    pll/adc_clk_in
    PLLE2_ADV_X0Y0       PLLE2_ADV (Prop_plle2_adv_CLKIN1_CLKOUT0)
                                                      0.051     8.893 r  pll/pll/CLKOUT0
                         net (fo=1, routed)           0.497     9.390    pll_adc_clk
    BUFGCTRL_X0Y0        BUFG (Prop_bufg_I_O)         0.026     9.416 r  bufg_adc_clk/O
                         net (fo=8602, routed)        0.650    10.066    i_laser_lock_core/i_mixer_core/adc_clk
    DSP48_X1Y4           DSP48E1                                      r  i_laser_lock_core/i_mixer_core/product_q_reg/CLK
                         clock pessimism              0.000    10.066    
                         clock uncertainty           -0.166     9.900    
    DSP48_X1Y4           DSP48E1 (Setup_dsp48e1_CLK_A[6])
                                                     -0.100     9.800    i_laser_lock_core/i_mixer_core/product_q_reg
  -------------------------------------------------------------------
                         required time                          9.800    
                         arrival time                          -5.806    
  -------------------------------------------------------------------
                         slack                                  3.994    

Slack (MET) :             4.054ns  (required time - arrival time)
  Source:                 adc_dat_i[1][11]
                            (input port clocked by adc_clk  {rise@0.000ns fall@4.000ns period=8.000ns})
  Destination:            i_scope/i_dfilt1_chb/bb_mult/B[9]
                            (rising edge-triggered cell DSP48E1 clocked by pll_adc_clk  {rise@0.000ns fall@4.000ns period=8.000ns})
  Path Group:             pll_adc_clk
  Path Type:              Setup (Max at Fast Process Corner)
  Requirement:            8.000ns  (pll_adc_clk rise@8.000ns - adc_clk rise@0.000ns)
  Data Path Delay:        2.239ns  (logic 0.455ns (20.302%)  route 1.784ns (79.698%))
  Logic Levels:           2  (IBUF=1 LUT3=1)
  Input Delay:            3.400ns
  Clock Path Skew:        2.058ns (DCD - SCD + CPR)
    Destination Clock Delay (DCD):    2.058ns = ( 10.058 - 8.000 ) 
    Source Clock Delay      (SCD):    0.000ns
    Clock Pessimism Removal (CPR):    0.000ns
  Clock Uncertainty:      0.166ns  ((TSJ^2 + DJ^2)^1/2) / 2 + PE
    Total System Jitter     (TSJ):    0.071ns
    Discrete Jitter          (DJ):    0.118ns
    Phase Error              (PE):    0.097ns

    Location             Delay type                Incr(ns)  Path(ns)    Netlist Resource(s)
  -------------------------------------------------------------------    -------------------
                         (clock adc_clk rise edge)    0.000     0.000 r  
                         input delay                  3.400     3.400    
    W20                                               0.000     3.400 f  adc_dat_i[1][11] (IN)
                         net (fo=0)                   0.000     3.400    adc_dat_i[1][11]
    W20                  IBUF (Prop_ibuf_I_O)         0.395     3.795 f  product_q_reg_i_33/O
                         net (fo=1, routed)           1.293     5.087    i_out2_lock_controller/bb_mult_3
    SLICE_X40Y22         LUT3 (Prop_lut3_I2_O)        0.060     5.147 r  i_out2_lock_controller/product_q_reg_i_5/O
                         net (fo=3, routed)           0.492     5.639    i_scope/i_dfilt1_chb/bb_mult_2[9]
    DSP48_X1Y8           DSP48E1                                      r  i_scope/i_dfilt1_chb/bb_mult/B[9]
  -------------------------------------------------------------------    -------------------

                         (clock pll_adc_clk rise edge)
                                                      8.000     8.000 r  
    U18                                               0.000     8.000 r  adc_clk_i[1] (IN)
                         net (fo=0)                   0.000     8.000    adc_clk_i[1]
    U18                  IBUFDS (Prop_ibufds_I_O)     0.401     8.401 r  i_clk/O
                         net (fo=1, routed)           0.440     8.842    pll/adc_clk_in
    PLLE2_ADV_X0Y0       PLLE2_ADV (Prop_plle2_adv_CLKIN1_CLKOUT0)
                                                      0.051     8.893 r  pll/pll/CLKOUT0
                         net (fo=1, routed)           0.497     9.390    pll_adc_clk
    BUFGCTRL_X0Y0        BUFG (Prop_bufg_I_O)         0.026     9.416 r  bufg_adc_clk/O
                         net (fo=8602, routed)        0.642    10.058    i_scope/i_dfilt1_chb/clk_i
    DSP48_X1Y8           DSP48E1                                      r  i_scope/i_dfilt1_chb/bb_mult/CLK
                         clock pessimism              0.000    10.058    
                         clock uncertainty           -0.166     9.892    
    DSP48_X1Y8           DSP48E1 (Setup_dsp48e1_CLK_B[9])
                                                     -0.199     9.693    i_scope/i_dfilt1_chb/bb_mult
  -------------------------------------------------------------------
                         required time                          9.693    
                         arrival time                          -5.639    
  -------------------------------------------------------------------
                         slack                                  4.054    





Min Delay Paths
--------------------------------------------------------------------------------------
Slack (MET) :             0.066ns  (arrival time - required time)
  Source:                 adc_dat_i[1][3]
                            (input port clocked by adc_clk  {rise@0.000ns fall@4.000ns period=8.000ns})
  Destination:            adc_dat_reg[1][1]/D
                            (rising edge-triggered cell FDRE clocked by pll_adc_clk  {rise@0.000ns fall@4.000ns period=8.000ns})
  Path Group:             pll_adc_clk
  Path Type:              Hold (Min at Slow Process Corner)
  Requirement:            0.000ns  (pll_adc_clk rise@0.000ns - adc_clk rise@0.000ns)
  Data Path Delay:        2.748ns  (logic 0.900ns (32.759%)  route 1.848ns (67.241%))
  Logic Levels:           2  (IBUF=1 LUT3=1)
  Input Delay:            3.400ns
  Clock Path Skew:        5.899ns (DCD - SCD - CPR)
    Destination Clock Delay (DCD):    5.899ns
    Source Clock Delay      (SCD):    0.000ns
    Clock Pessimism Removal (CPR):    -0.000ns
  Clock Uncertainty:      0.166ns  ((TSJ^2 + DJ^2)^1/2) / 2 + PE
    Total System Jitter     (TSJ):    0.071ns
    Discrete Jitter          (DJ):    0.118ns
    Phase Error              (PE):    0.097ns

    Location             Delay type                Incr(ns)  Path(ns)    Netlist Resource(s)
  -------------------------------------------------------------------    -------------------
                         (clock adc_clk rise edge)    0.000     0.000 r  
                         input delay                  3.400     3.400    
    P16                                               0.000     3.400 f  adc_dat_i[1][3] (IN)
                         net (fo=0)                   0.000     3.400    adc_dat_i[1][3]
    P16                  IBUF (Prop_ibuf_I_O)         0.805     4.205 f  product_q_reg_i_41/O
                         net (fo=1, routed)           1.210     5.415    i_out2_lock_controller/bb_mult_11
    SLICE_X40Y16         LUT3 (Prop_lut3_I2_O)        0.095     5.510 r  i_out2_lock_controller/product_q_reg_i_13/O
                         net (fo=3, routed)           0.638     6.148    i_out2_lock_controller_n_91
    SLICE_X35Y16         FDRE                                         r  adc_dat_reg[1][1]/D
  -------------------------------------------------------------------    -------------------

                         (clock pll_adc_clk rise edge)
                                                      0.000     0.000 r  
    U18                                               0.000     0.000 r  adc_clk_i[1] (IN)
                         net (fo=0)                   0.000     0.000    adc_clk_i[1]
    U18                  IBUFDS (Prop_ibufds_I_O)     0.983     0.983 r  i_clk/O
                         net (fo=1, routed)           1.306     2.289    pll/adc_clk_in
    PLLE2_ADV_X0Y0       PLLE2_ADV (Prop_plle2_adv_CLKIN1_CLKOUT0)
                                                      0.089     2.378 r  pll/pll/CLKOUT0
                         net (fo=1, routed)           1.754     4.132    pll_adc_clk
    BUFGCTRL_X0Y0        BUFG (Prop_bufg_I_O)         0.101     4.233 r  bufg_adc_clk/O
                         net (fo=8602, routed)        1.666     5.899    adc_clk
    SLICE_X35Y16         FDRE                                         r  adc_dat_reg[1][1]/C
                         clock pessimism              0.000     5.899    
                         clock uncertainty            0.166     6.065    
    SLICE_X35Y16         FDRE (Hold_fdre_C_D)         0.017     6.082    adc_dat_reg[1][1]
  -------------------------------------------------------------------
                         required time                         -6.082    
                         arrival time                           6.148    
  -------------------------------------------------------------------
                         slack                                  0.066    

Slack (MET) :             0.084ns  (arrival time - required time)
  Source:                 adc_dat_i[1][9]
                            (input port clocked by adc_clk  {rise@0.000ns fall@4.000ns period=8.000ns})
  Destination:            adc_dat_reg[1][7]/D
                            (rising edge-triggered cell FDRE clocked by pll_adc_clk  {rise@0.000ns fall@4.000ns period=8.000ns})
  Path Group:             pll_adc_clk
  Path Type:              Hold (Min at Slow Process Corner)
  Requirement:            0.000ns  (pll_adc_clk rise@0.000ns - adc_clk rise@0.000ns)
  Data Path Delay:        2.764ns  (logic 0.952ns (34.442%)  route 1.812ns (65.558%))
  Logic Levels:           2  (IBUF=1 LUT3=1)
  Input Delay:            3.400ns
  Clock Path Skew:        5.896ns (DCD - SCD - CPR)
    Destination Clock Delay (DCD):    5.896ns
    Source Clock Delay      (SCD):    0.000ns
    Clock Pessimism Removal (CPR):    -0.000ns
  Clock Uncertainty:      0.166ns  ((TSJ^2 + DJ^2)^1/2) / 2 + PE
    Total System Jitter     (TSJ):    0.071ns
    Discrete Jitter          (DJ):    0.118ns
    Phase Error              (PE):    0.097ns

    Location             Delay type                Incr(ns)  Path(ns)    Netlist Resource(s)
  -------------------------------------------------------------------    -------------------
                         (clock adc_clk rise edge)    0.000     0.000 r  
                         input delay                  3.400     3.400    
    U20                                               0.000     3.400 f  adc_dat_i[1][9] (IN)
                         net (fo=0)                   0.000     3.400    adc_dat_i[1][9]
    U20                  IBUF (Prop_ibuf_I_O)         0.830     4.230 f  product_q_reg_i_35/O
                         net (fo=1, routed)           1.148     5.378    i_out2_lock_controller/bb_mult_5
    SLICE_X42Y20         LUT3 (Prop_lut3_I2_O)        0.122     5.500 r  i_out2_lock_controller/product_q_reg_i_7/O
                         net (fo=3, routed)           0.664     6.164    i_out2_lock_controller_n_85
    SLICE_X35Y18         FDRE                                         r  adc_dat_reg[1][7]/D
  -------------------------------------------------------------------    -------------------

                         (clock pll_adc_clk rise edge)
                                                      0.000     0.000 r  
    U18                                               0.000     0.000 r  adc_clk_i[1] (IN)
                         net (fo=0)                   0.000     0.000    adc_clk_i[1]
    U18                  IBUFDS (Prop_ibufds_I_O)     0.983     0.983 r  i_clk/O
                         net (fo=1, routed)           1.306     2.289    pll/adc_clk_in
    PLLE2_ADV_X0Y0       PLLE2_ADV (Prop_plle2_adv_CLKIN1_CLKOUT0)
                                                      0.089     2.378 r  pll/pll/CLKOUT0
                         net (fo=1, routed)           1.754     4.132    pll_adc_clk
    BUFGCTRL_X0Y0        BUFG (Prop_bufg_I_O)         0.101     4.233 r  bufg_adc_clk/O
                         net (fo=8602, routed)        1.663     5.896    adc_clk
    SLICE_X35Y18         FDRE                                         r  adc_dat_reg[1][7]/C
                         clock pessimism              0.000     5.896    
                         clock uncertainty            0.166     6.062    
    SLICE_X35Y18         FDRE (Hold_fdre_C_D)         0.018     6.080    adc_dat_reg[1][7]
  -------------------------------------------------------------------
                         required time                         -6.080    
                         arrival time                           6.164    
  -------------------------------------------------------------------
                         slack                                  0.084    

Slack (MET) :             0.152ns  (arrival time - required time)
  Source:                 adc_dat_i[1][15]
                            (input port clocked by adc_clk  {rise@0.000ns fall@4.000ns period=8.000ns})
  Destination:            adc_dat_reg[1][13]/D
                            (rising edge-triggered cell FDRE clocked by pll_adc_clk  {rise@0.000ns fall@4.000ns period=8.000ns})
  Path Group:             pll_adc_clk
  Path Type:              Hold (Min at Slow Process Corner)
  Requirement:            0.000ns  (pll_adc_clk rise@0.000ns - adc_clk rise@0.000ns)
  Data Path Delay:        2.909ns  (logic 0.974ns (33.471%)  route 1.935ns (66.529%))
  Logic Levels:           2  (IBUF=1 LUT3=1)
  Input Delay:            3.400ns
  Clock Path Skew:        5.965ns (DCD - SCD - CPR)
    Destination Clock Delay (DCD):    5.965ns
    Source Clock Delay      (SCD):    0.000ns
    Clock Pessimism Removal (CPR):    -0.000ns
  Clock Uncertainty:      0.166ns  ((TSJ^2 + DJ^2)^1/2) / 2 + PE
    Total System Jitter     (TSJ):    0.071ns
    Discrete Jitter          (DJ):    0.118ns
    Phase Error              (PE):    0.097ns

    Location             Delay type                Incr(ns)  Path(ns)    Netlist Resource(s)
  -------------------------------------------------------------------    -------------------
                         (clock adc_clk rise edge)    0.000     0.000 r  
                         input delay                  3.400     3.400    
    Y18                                               0.000     3.400 r  adc_dat_i[1][15] (IN)
                         net (fo=0)                   0.000     3.400    adc_dat_i[1][15]
    Y18                  IBUF (Prop_ibuf_I_O)         0.850     4.250 r  product_q_reg_i_29/O
                         net (fo=1, routed)           1.177     5.427    i_out2_lock_controller/bb_mult
    SLICE_X40Y16         LUT3 (Prop_lut3_I2_O)        0.124     5.551 r  i_out2_lock_controller/product_q_reg_i_1/O
                         net (fo=11, routed)          0.758     6.309    i_out2_lock_controller_n_79
    SLICE_X37Y25         FDRE                                         r  adc_dat_reg[1][13]/D
  -------------------------------------------------------------------    -------------------

                         (clock pll_adc_clk rise edge)
                                                      0.000     0.000 r  
    U18                                               0.000     0.000 r  adc_clk_i[1] (IN)
                         net (fo=0)                   0.000     0.000    adc_clk_i[1]
    U18                  IBUFDS (Prop_ibufds_I_O)     0.983     0.983 r  i_clk/O
                         net (fo=1, routed)           1.306     2.289    pll/adc_clk_in
    PLLE2_ADV_X0Y0       PLLE2_ADV (Prop_plle2_adv_CLKIN1_CLKOUT0)
                                                      0.089     2.378 r  pll/pll/CLKOUT0
                         net (fo=1, routed)           1.754     4.132    pll_adc_clk
    BUFGCTRL_X0Y0        BUFG (Prop_bufg_I_O)         0.101     4.233 r  bufg_adc_clk/O
                         net (fo=8602, routed)        1.732     5.965    adc_clk
    SLICE_X37Y25         FDRE                                         r  adc_dat_reg[1][13]/C
                         clock pessimism              0.000     5.965    
                         clock uncertainty            0.166     6.131    
    SLICE_X37Y25         FDRE (Hold_fdre_C_D)         0.026     6.157    adc_dat_reg[1][13]
  -------------------------------------------------------------------
                         required time                         -6.157    
                         arrival time                           6.309    
  -------------------------------------------------------------------
                         slack                                  0.152    

Slack (MET) :             0.164ns  (arrival time - required time)
  Source:                 adc_dat_i[1][15]
                            (input port clocked by adc_clk  {rise@0.000ns fall@4.000ns period=8.000ns})
  Destination:            i_laser_lock_core/i_mixer_core/product_q_reg/B[17]
                            (rising edge-triggered cell DSP48E1 clocked by pll_adc_clk  {rise@0.000ns fall@4.000ns period=8.000ns})
  Path Group:             pll_adc_clk
  Path Type:              Hold (Min at Slow Process Corner)
  Requirement:            0.000ns  (pll_adc_clk rise@0.000ns - adc_clk rise@0.000ns)
  Data Path Delay:        2.936ns  (logic 0.974ns (33.159%)  route 1.963ns (66.841%))
  Logic Levels:           2  (IBUF=1 LUT3=1)
  Input Delay:            3.400ns
  Clock Path Skew:        5.994ns (DCD - SCD - CPR)
    Destination Clock Delay (DCD):    5.994ns
    Source Clock Delay      (SCD):    0.000ns
    Clock Pessimism Removal (CPR):    -0.000ns
  Clock Uncertainty:      0.166ns  ((TSJ^2 + DJ^2)^1/2) / 2 + PE
    Total System Jitter     (TSJ):    0.071ns
    Discrete Jitter          (DJ):    0.118ns
    Phase Error              (PE):    0.097ns

    Location             Delay type                Incr(ns)  Path(ns)    Netlist Resource(s)
  -------------------------------------------------------------------    -------------------
                         (clock adc_clk rise edge)    0.000     0.000 r  
                         input delay                  3.400     3.400    
    Y18                                               0.000     3.400 r  adc_dat_i[1][15] (IN)
                         net (fo=0)                   0.000     3.400    adc_dat_i[1][15]
    Y18                  IBUF (Prop_ibuf_I_O)         0.850     4.250 r  product_q_reg_i_29/O
                         net (fo=1, routed)           1.177     5.427    i_out2_lock_controller/bb_mult
    SLICE_X40Y16         LUT3 (Prop_lut3_I2_O)        0.124     5.551 r  i_out2_lock_controller/product_q_reg_i_1/O
                         net (fo=11, routed)          0.785     6.336    i_laser_lock_core/i_mixer_core/product_q_reg_0[13]
    DSP48_X1Y4           DSP48E1                                      r  i_laser_lock_core/i_mixer_core/product_q_reg/B[17]
  -------------------------------------------------------------------    -------------------

                         (clock pll_adc_clk rise edge)
                                                      0.000     0.000 r  
    U18                                               0.000     0.000 r  adc_clk_i[1] (IN)
                         net (fo=0)                   0.000     0.000    adc_clk_i[1]
    U18                  IBUFDS (Prop_ibufds_I_O)     0.983     0.983 r  i_clk/O
                         net (fo=1, routed)           1.306     2.289    pll/adc_clk_in
    PLLE2_ADV_X0Y0       PLLE2_ADV (Prop_plle2_adv_CLKIN1_CLKOUT0)
                                                      0.089     2.378 r  pll/pll/CLKOUT0
                         net (fo=1, routed)           1.754     4.132    pll_adc_clk
    BUFGCTRL_X0Y0        BUFG (Prop_bufg_I_O)         0.101     4.233 r  bufg_adc_clk/O
                         net (fo=8602, routed)        1.761     5.994    i_laser_lock_core/i_mixer_core/adc_clk
    DSP48_X1Y4           DSP48E1                                      r  i_laser_lock_core/i_mixer_core/product_q_reg/CLK
                         clock pessimism              0.000     5.994    
                         clock uncertainty            0.166     6.159    
    DSP48_X1Y4           DSP48E1 (Hold_dsp48e1_CLK_B[17])
                                                      0.013     6.172    i_laser_lock_core/i_mixer_core/product_q_reg
  -------------------------------------------------------------------
                         required time                         -6.172    
                         arrival time                           6.336    
  -------------------------------------------------------------------
                         slack                                  0.164    

Slack (MET) :             0.174ns  (arrival time - required time)
  Source:                 adc_dat_i[0][7]
                            (input port clocked by adc_clk  {rise@0.000ns fall@4.000ns period=8.000ns})
  Destination:            adc_dat_reg[0][5]/D
                            (rising edge-triggered cell FDRE clocked by pll_adc_clk  {rise@0.000ns fall@4.000ns period=8.000ns})
  Path Group:             pll_adc_clk
  Path Type:              Hold (Min at Slow Process Corner)
  Requirement:            0.000ns  (pll_adc_clk rise@0.000ns - adc_clk rise@0.000ns)
  Data Path Delay:        2.924ns  (logic 1.057ns (36.142%)  route 1.867ns (63.858%))
  Logic Levels:           2  (IBUF=1 LUT3=1)
  Input Delay:            3.400ns
  Clock Path Skew:        5.973ns (DCD - SCD - CPR)
    Destination Clock Delay (DCD):    5.973ns
    Source Clock Delay      (SCD):    0.000ns
    Clock Pessimism Removal (CPR):    -0.000ns
  Clock Uncertainty:      0.166ns  ((TSJ^2 + DJ^2)^1/2) / 2 + PE
    Total System Jitter     (TSJ):    0.071ns
    Discrete Jitter          (DJ):    0.118ns
    Phase Error              (PE):    0.097ns

    Location             Delay type                Incr(ns)  Path(ns)    Netlist Resource(s)
  -------------------------------------------------------------------    -------------------
                         (clock adc_clk rise edge)    0.000     0.000 r  
                         input delay                  3.400     3.400    
    Y14                                               0.000     3.400 f  adc_dat_i[0][7] (IN)
                         net (fo=0)                   0.000     3.400    adc_dat_i[0][7]
    Y14                  IBUF (Prop_ibuf_I_O)         0.936     4.336 f  product_q_reg_i_51/O
                         net (fo=1, routed)           1.275     5.611    i_laser_lock_core/u_output_protect/product_q_reg_7
    SLICE_X42Y22         LUT3 (Prop_lut3_I2_O)        0.121     5.732 r  i_laser_lock_core/u_output_protect/product_q_reg_i_23/O
                         net (fo=3, routed)           0.592     6.324    i_laser_lock_core_n_53
    SLICE_X36Y19         FDRE                                         r  adc_dat_reg[0][5]/D
  -------------------------------------------------------------------    -------------------

                         (clock pll_adc_clk rise edge)
                                                      0.000     0.000 r  
    U18                                               0.000     0.000 r  adc_clk_i[1] (IN)
                         net (fo=0)                   0.000     0.000    adc_clk_i[1]
    U18                  IBUFDS (Prop_ibufds_I_O)     0.983     0.983 r  i_clk/O
                         net (fo=1, routed)           1.306     2.289    pll/adc_clk_in
    PLLE2_ADV_X0Y0       PLLE2_ADV (Prop_plle2_adv_CLKIN1_CLKOUT0)
                                                      0.089     2.378 r  pll/pll/CLKOUT0
                         net (fo=1, routed)           1.754     4.132    pll_adc_clk
    BUFGCTRL_X0Y0        BUFG (Prop_bufg_I_O)         0.101     4.233 r  bufg_adc_clk/O
                         net (fo=8602, routed)        1.740     5.973    adc_clk
    SLICE_X36Y19         FDRE                                         r  adc_dat_reg[0][5]/C
                         clock pessimism              0.000     5.973    
                         clock uncertainty            0.166     6.139    
    SLICE_X36Y19         FDRE (Hold_fdre_C_D)         0.011     6.150    adc_dat_reg[0][5]
  -------------------------------------------------------------------
                         required time                         -6.150    
                         arrival time                           6.324    
  -------------------------------------------------------------------
                         slack                                  0.174    

Slack (MET) :             0.186ns  (arrival time - required time)
  Source:                 adc_dat_i[0][10]
                            (input port clocked by adc_clk  {rise@0.000ns fall@4.000ns period=8.000ns})
  Destination:            adc_dat_reg[0][8]/D
                            (rising edge-triggered cell FDRE clocked by pll_adc_clk  {rise@0.000ns fall@4.000ns period=8.000ns})
  Path Group:             pll_adc_clk
  Path Type:              Hold (Min at Slow Process Corner)
  Requirement:            0.000ns  (pll_adc_clk rise@0.000ns - adc_clk rise@0.000ns)
  Data Path Delay:        3.040ns  (logic 0.970ns (31.914%)  route 2.070ns (68.086%))
  Logic Levels:           2  (IBUF=1 LUT3=1)
  Input Delay:            3.400ns
  Clock Path Skew:        5.896ns (DCD - SCD - CPR)
    Destination Clock Delay (DCD):    5.896ns
    Source Clock Delay      (SCD):    0.000ns
    Clock Pessimism Removal (CPR):    -0.000ns
  Clock Uncertainty:      0.166ns  ((TSJ^2 + DJ^2)^1/2) / 2 + PE
    Total System Jitter     (TSJ):    0.071ns
    Discrete Jitter          (DJ):    0.118ns
    Phase Error              (PE):    0.097ns

    Location             Delay type                Incr(ns)  Path(ns)    Netlist Resource(s)
  -------------------------------------------------------------------    -------------------
                         (clock adc_clk rise edge)    0.000     0.000 r  
                         input delay                  3.400     3.400    
    V13                                               0.000     3.400 f  adc_dat_i[0][10] (IN)
                         net (fo=0)                   0.000     3.400    adc_dat_i[0][10]
    V13                  IBUF (Prop_ibuf_I_O)         0.870     4.270 f  product_q_reg_i_48/O
                         net (fo=1, routed)           1.427     5.697    i_laser_lock_core/u_output_protect/product_q_reg_4
    SLICE_X42Y20         LUT3 (Prop_lut3_I2_O)        0.100     5.797 r  i_laser_lock_core/u_output_protect/product_q_reg_i_20/O
                         net (fo=3, routed)           0.643     6.440    i_laser_lock_core_n_50
    SLICE_X35Y18         FDRE                                         r  adc_dat_reg[0][8]/D
  -------------------------------------------------------------------    -------------------

                         (clock pll_adc_clk rise edge)
                                                      0.000     0.000 r  
    U18                                               0.000     0.000 r  adc_clk_i[1] (IN)
                         net (fo=0)                   0.000     0.000    adc_clk_i[1]
    U18                  IBUFDS (Prop_ibufds_I_O)     0.983     0.983 r  i_clk/O
                         net (fo=1, routed)           1.306     2.289    pll/adc_clk_in
    PLLE2_ADV_X0Y0       PLLE2_ADV (Prop_plle2_adv_CLKIN1_CLKOUT0)
                                                      0.089     2.378 r  pll/pll/CLKOUT0
                         net (fo=1, routed)           1.754     4.132    pll_adc_clk
    BUFGCTRL_X0Y0        BUFG (Prop_bufg_I_O)         0.101     4.233 r  bufg_adc_clk/O
                         net (fo=8602, routed)        1.663     5.896    adc_clk
    SLICE_X35Y18         FDRE                                         r  adc_dat_reg[0][8]/C
                         clock pessimism              0.000     5.896    
                         clock uncertainty            0.166     6.062    
    SLICE_X35Y18         FDRE (Hold_fdre_C_D)         0.192     6.254    adc_dat_reg[0][8]
  -------------------------------------------------------------------
                         required time                         -6.254    
                         arrival time                           6.440    
  -------------------------------------------------------------------
                         slack                                  0.186    

Slack (MET) :             0.194ns  (arrival time - required time)
  Source:                 adc_dat_i[1][3]
                            (input port clocked by adc_clk  {rise@0.000ns fall@4.000ns period=8.000ns})
  Destination:            i_scope/i_dfilt1_chb/bb_mult/B[1]
                            (rising edge-triggered cell DSP48E1 clocked by pll_adc_clk  {rise@0.000ns fall@4.000ns period=8.000ns})
  Path Group:             pll_adc_clk
  Path Type:              Hold (Min at Slow Process Corner)
  Requirement:            0.000ns  (pll_adc_clk rise@0.000ns - adc_clk rise@0.000ns)
  Data Path Delay:        2.957ns  (logic 0.900ns (30.437%)  route 2.057ns (69.563%))
  Logic Levels:           2  (IBUF=1 LUT3=1)
  Input Delay:            3.400ns
  Clock Path Skew:        5.983ns (DCD - SCD - CPR)
    Destination Clock Delay (DCD):    5.983ns
    Source Clock Delay      (SCD):    0.000ns
    Clock Pessimism Removal (CPR):    -0.000ns
  Clock Uncertainty:      0.166ns  ((TSJ^2 + DJ^2)^1/2) / 2 + PE
    Total System Jitter     (TSJ):    0.071ns
    Discrete Jitter          (DJ):    0.118ns
    Phase Error              (PE):    0.097ns

    Location             Delay type                Incr(ns)  Path(ns)    Netlist Resource(s)
  -------------------------------------------------------------------    -------------------
                         (clock adc_clk rise edge)    0.000     0.000 r  
                         input delay                  3.400     3.400    
    P16                                               0.000     3.400 f  adc_dat_i[1][3] (IN)
                         net (fo=0)                   0.000     3.400    adc_dat_i[1][3]
    P16                  IBUF (Prop_ibuf_I_O)         0.805     4.205 f  product_q_reg_i_41/O
                         net (fo=1, routed)           1.210     5.415    i_out2_lock_controller/bb_mult_11
    SLICE_X40Y16         LUT3 (Prop_lut3_I2_O)        0.095     5.510 r  i_out2_lock_controller/product_q_reg_i_13/O
                         net (fo=3, routed)           0.847     6.357    i_scope/i_dfilt1_chb/bb_mult_2[1]
    DSP48_X1Y8           DSP48E1                                      r  i_scope/i_dfilt1_chb/bb_mult/B[1]
  -------------------------------------------------------------------    -------------------

                         (clock pll_adc_clk rise edge)
                                                      0.000     0.000 r  
    U18                                               0.000     0.000 r  adc_clk_i[1] (IN)
                         net (fo=0)                   0.000     0.000    adc_clk_i[1]
    U18                  IBUFDS (Prop_ibufds_I_O)     0.983     0.983 r  i_clk/O
                         net (fo=1, routed)           1.306     2.289    pll/adc_clk_in
    PLLE2_ADV_X0Y0       PLLE2_ADV (Prop_plle2_adv_CLKIN1_CLKOUT0)
                                                      0.089     2.378 r  pll/pll/CLKOUT0
                         net (fo=1, routed)           1.754     4.132    pll_adc_clk
    BUFGCTRL_X0Y0        BUFG (Prop_bufg_I_O)         0.101     4.233 r  bufg_adc_clk/O
                         net (fo=8602, routed)        1.750     5.983    i_scope/i_dfilt1_chb/clk_i
    DSP48_X1Y8           DSP48E1                                      r  i_scope/i_dfilt1_chb/bb_mult/CLK
                         clock pessimism              0.000     5.983    
                         clock uncertainty            0.166     6.148    
    DSP48_X1Y8           DSP48E1 (Hold_dsp48e1_CLK_B[1])
                                                      0.015     6.163    i_scope/i_dfilt1_chb/bb_mult
  -------------------------------------------------------------------
                         required time                         -6.163    
                         arrival time                           6.357    
  -------------------------------------------------------------------
                         slack                                  0.194    

Slack (MET) :             0.204ns  (arrival time - required time)
  Source:                 adc_dat_i[0][13]
                            (input port clocked by adc_clk  {rise@0.000ns fall@4.000ns period=8.000ns})
  Destination:            adc_dat_reg[0][11]/D
                            (rising edge-triggered cell FDRE clocked by pll_adc_clk  {rise@0.000ns fall@4.000ns period=8.000ns})
  Path Group:             pll_adc_clk
  Path Type:              Hold (Min at Slow Process Corner)
  Requirement:            0.000ns  (pll_adc_clk rise@0.000ns - adc_clk rise@0.000ns)
  Data Path Delay:        3.123ns  (logic 1.020ns (32.647%)  route 2.104ns (67.353%))
  Logic Levels:           2  (IBUF=1 LUT3=1)
  Input Delay:            3.400ns
  Clock Path Skew:        5.973ns (DCD - SCD - CPR)
    Destination Clock Delay (DCD):    5.973ns
    Source Clock Delay      (SCD):    0.000ns
    Clock Pessimism Removal (CPR):    -0.000ns
  Clock Uncertainty:      0.166ns  ((TSJ^2 + DJ^2)^1/2) / 2 + PE
    Total System Jitter     (TSJ):    0.071ns
    Discrete Jitter          (DJ):    0.118ns
    Phase Error              (PE):    0.097ns

    Location             Delay type                Incr(ns)  Path(ns)    Netlist Resource(s)
  -------------------------------------------------------------------    -------------------
                         (clock adc_clk rise edge)    0.000     0.000 r  
                         input delay                  3.400     3.400    
    V15                                               0.000     3.400 f  adc_dat_i[0][13] (IN)
                         net (fo=0)                   0.000     3.400    adc_dat_i[0][13]
    V15                  IBUF (Prop_ibuf_I_O)         0.920     4.320 f  product_q_reg_i_45/O
                         net (fo=1, routed)           1.237     5.557    i_laser_lock_core/u_output_protect/product_q_reg_1
    SLICE_X42Y22         LUT3 (Prop_lut3_I2_O)        0.100     5.657 r  i_laser_lock_core/u_output_protect/product_q_reg_i_17/O
                         net (fo=3, routed)           0.867     6.523    i_laser_lock_core_n_47
    SLICE_X37Y19         FDRE                                         r  adc_dat_reg[0][11]/D
  -------------------------------------------------------------------    -------------------

                         (clock pll_adc_clk rise edge)
                                                      0.000     0.000 r  
    U18                                               0.000     0.000 r  adc_clk_i[1] (IN)
                         net (fo=0)                   0.000     0.000    adc_clk_i[1]
    U18                  IBUFDS (Prop_ibufds_I_O)     0.983     0.983 r  i_clk/O
                         net (fo=1, routed)           1.306     2.289    pll/adc_clk_in
    PLLE2_ADV_X0Y0       PLLE2_ADV (Prop_plle2_adv_CLKIN1_CLKOUT0)
                                                      0.089     2.378 r  pll/pll/CLKOUT0
                         net (fo=1, routed)           1.754     4.132    pll_adc_clk
    BUFGCTRL_X0Y0        BUFG (Prop_bufg_I_O)         0.101     4.233 r  bufg_adc_clk/O
                         net (fo=8602, routed)        1.740     5.973    adc_clk
    SLICE_X37Y19         FDRE                                         r  adc_dat_reg[0][11]/C
                         clock pessimism              0.000     5.973    
                         clock uncertainty            0.166     6.139    
    SLICE_X37Y19         FDRE (Hold_fdre_C_D)         0.180     6.319    adc_dat_reg[0][11]
  -------------------------------------------------------------------
                         required time                         -6.319    
                         arrival time                           6.523    
  -------------------------------------------------------------------
                         slack                                  0.204    

Slack (MET) :             0.222ns  (arrival time - required time)
  Source:                 adc_dat_i[1][8]
                            (input port clocked by adc_clk  {rise@0.000ns fall@4.000ns period=8.000ns})
  Destination:            adc_dat_reg[1][6]/D
                            (rising edge-triggered cell FDRE clocked by pll_adc_clk  {rise@0.000ns fall@4.000ns period=8.000ns})
  Path Group:             pll_adc_clk
  Path Type:              Hold (Min at Slow Process Corner)
  Requirement:            0.000ns  (pll_adc_clk rise@0.000ns - adc_clk rise@0.000ns)
  Data Path Delay:        3.084ns  (logic 0.916ns (29.717%)  route 2.167ns (70.283%))
  Logic Levels:           2  (IBUF=1 LUT3=1)
  Input Delay:            3.400ns
  Clock Path Skew:        5.900ns (DCD - SCD - CPR)
    Destination Clock Delay (DCD):    5.900ns
    Source Clock Delay      (SCD):    0.000ns
    Clock Pessimism Removal (CPR):    -0.000ns
  Clock Uncertainty:      0.166ns  ((TSJ^2 + DJ^2)^1/2) / 2 + PE
    Total System Jitter     (TSJ):    0.071ns
    Discrete Jitter          (DJ):    0.118ns
    Phase Error              (PE):    0.097ns

    Location             Delay type                Incr(ns)  Path(ns)    Netlist Resource(s)
  -------------------------------------------------------------------    -------------------
                         (clock adc_clk rise edge)    0.000     0.000 r  
                         input delay                  3.400     3.400    
    T19                                               0.000     3.400 f  adc_dat_i[1][8] (IN)
                         net (fo=0)                   0.000     3.400    adc_dat_i[1][8]
    T19                  IBUF (Prop_ibuf_I_O)         0.816     4.216 f  product_q_reg_i_36/O
                         net (fo=1, routed)           1.511     5.728    i_out2_lock_controller/bb_mult_6
    SLICE_X41Y18         LUT3 (Prop_lut3_I2_O)        0.100     5.828 r  i_out2_lock_controller/product_q_reg_i_8/O
                         net (fo=3, routed)           0.656     6.484    i_out2_lock_controller_n_86
    SLICE_X35Y15         FDRE                                         r  adc_dat_reg[1][6]/D
  -------------------------------------------------------------------    -------------------

                         (clock pll_adc_clk rise edge)
                                                      0.000     0.000 r  
    U18                                               0.000     0.000 r  adc_clk_i[1] (IN)
                         net (fo=0)                   0.000     0.000    adc_clk_i[1]
    U18                  IBUFDS (Prop_ibufds_I_O)     0.983     0.983 r  i_clk/O
                         net (fo=1, routed)           1.306     2.289    pll/adc_clk_in
    PLLE2_ADV_X0Y0       PLLE2_ADV (Prop_plle2_adv_CLKIN1_CLKOUT0)
                                                      0.089     2.378 r  pll/pll/CLKOUT0
                         net (fo=1, routed)           1.754     4.132    pll_adc_clk
    BUFGCTRL_X0Y0        BUFG (Prop_bufg_I_O)         0.101     4.233 r  bufg_adc_clk/O
                         net (fo=8602, routed)        1.667     5.900    adc_clk
    SLICE_X35Y15         FDRE                                         r  adc_dat_reg[1][6]/C
                         clock pessimism              0.000     5.900    
                         clock uncertainty            0.166     6.066    
    SLICE_X35Y15         FDRE (Hold_fdre_C_D)         0.196     6.262    adc_dat_reg[1][6]
  -------------------------------------------------------------------
                         required time                         -6.262    
                         arrival time                           6.484    
  -------------------------------------------------------------------
                         slack                                  0.222    

Slack (MET) :             0.242ns  (arrival time - required time)
  Source:                 adc_dat_i[0][11]
                            (input port clocked by adc_clk  {rise@0.000ns fall@4.000ns period=8.000ns})
  Destination:            adc_dat_reg[0][9]/D
                            (rising edge-triggered cell FDRE clocked by pll_adc_clk  {rise@0.000ns fall@4.000ns period=8.000ns})
  Path Group:             pll_adc_clk
  Path Type:              Hold (Min at Slow Process Corner)
  Requirement:            0.000ns  (pll_adc_clk rise@0.000ns - adc_clk rise@0.000ns)
  Data Path Delay:        3.016ns  (logic 0.980ns (32.477%)  route 2.037ns (67.523%))
  Logic Levels:           2  (IBUF=1 LUT3=1)
  Input Delay:            3.400ns
  Clock Path Skew:        5.973ns (DCD - SCD - CPR)
    Destination Clock Delay (DCD):    5.973ns
    Source Clock Delay      (SCD):    0.000ns
    Clock Pessimism Removal (CPR):    -0.000ns
  Clock Uncertainty:      0.166ns  ((TSJ^2 + DJ^2)^1/2) / 2 + PE
    Total System Jitter     (TSJ):    0.071ns
    Discrete Jitter          (DJ):    0.118ns
    Phase Error              (PE):    0.097ns

    Location             Delay type                Incr(ns)  Path(ns)    Netlist Resource(s)
  -------------------------------------------------------------------    -------------------
                         (clock adc_clk rise edge)    0.000     0.000 r  
                         input delay                  3.400     3.400    
    T14                                               0.000     3.400 f  adc_dat_i[0][11] (IN)
                         net (fo=0)                   0.000     3.400    adc_dat_i[0][11]
    T14                  IBUF (Prop_ibuf_I_O)         0.860     4.260 f  product_q_reg_i_47/O
                         net (fo=1, routed)           1.619     5.879    i_laser_lock_core/u_output_protect/product_q_reg_3
    SLICE_X42Y19         LUT3 (Prop_lut3_I2_O)        0.120     5.999 r  i_laser_lock_core/u_output_protect/product_q_reg_i_19/O
                         net (fo=3, routed)           0.417     6.416    i_laser_lock_core_n_49
    SLICE_X36Y19         FDRE                                         r  adc_dat_reg[0][9]/D
  -------------------------------------------------------------------    -------------------

                         (clock pll_adc_clk rise edge)
                                                      0.000     0.000 r  
    U18                                               0.000     0.000 r  adc_clk_i[1] (IN)
                         net (fo=0)                   0.000     0.000    adc_clk_i[1]
    U18                  IBUFDS (Prop_ibufds_I_O)     0.983     0.983 r  i_clk/O
                         net (fo=1, routed)           1.306     2.289    pll/adc_clk_in
    PLLE2_ADV_X0Y0       PLLE2_ADV (Prop_plle2_adv_CLKIN1_CLKOUT0)
                                                      0.089     2.378 r  pll/pll/CLKOUT0
                         net (fo=1, routed)           1.754     4.132    pll_adc_clk
    BUFGCTRL_X0Y0        BUFG (Prop_bufg_I_O)         0.101     4.233 r  bufg_adc_clk/O
                         net (fo=8602, routed)        1.740     5.973    adc_clk
    SLICE_X36Y19         FDRE                                         r  adc_dat_reg[0][9]/C
                         clock pessimism              0.000     5.973    
                         clock uncertainty            0.166     6.139    
    SLICE_X36Y19         FDRE (Hold_fdre_C_D)         0.035     6.174    adc_dat_reg[0][9]
  -------------------------------------------------------------------
                         required time                         -6.174    
                         arrival time                           6.416    
  -------------------------------------------------------------------
                         slack                                  0.242    





---------------------------------------------------------------------------------------------------
From Clock:  dna_clk
  To Clock:  pll_adc_clk

Setup :            0  Failing Endpoints,  Worst Slack        1.522ns,  Total Violation        0.000ns
Hold  :            0  Failing Endpoints,  Worst Slack        2.766ns,  Total Violation        0.000ns
---------------------------------------------------------------------------------------------------


Max Delay Paths
--------------------------------------------------------------------------------------
Slack (MET) :             1.522ns  (required time - arrival time)
  Source:                 i_hk/i_DNA/CLK
                            (rising edge-triggered cell DNA_PORT clocked by dna_clk  {rise@0.000ns fall@64.000ns period=128.000ns})
  Destination:            i_hk/dna_value_reg[0]/D
                            (rising edge-triggered cell FDRE clocked by pll_adc_clk  {rise@0.000ns fall@4.000ns period=8.000ns})
  Path Group:             pll_adc_clk
  Path Type:              Setup (Max at Slow Process Corner)
  Requirement:            8.000ns  (pll_adc_clk rise@8.000ns - dna_clk rise@0.000ns)
  Data Path Delay:        4.126ns  (logic 3.214ns (77.888%)  route 0.912ns (22.112%))
  Logic Levels:           0  
  Clock Path Skew:        -2.216ns (DCD - SCD + CPR)
    Destination Clock Delay (DCD):    5.382ns = ( 13.382 - 8.000 ) 
    Source Clock Delay      (SCD):    7.941ns
    Clock Pessimism Removal (CPR):    0.343ns
  Clock Uncertainty:      0.069ns  ((TSJ^2 + DJ^2)^1/2) / 2 + PE
    Total System Jitter     (TSJ):    0.071ns
    Discrete Jitter          (DJ):    0.118ns
    Phase Error              (PE):    0.000ns

    Location             Delay type                Incr(ns)  Path(ns)    Netlist Resource(s)
  -------------------------------------------------------------------    -------------------
                         (clock dna_clk rise edge)    0.000     0.000 r  
    U18                                               0.000     0.000 r  adc_clk_i[1] (IN)
                         net (fo=0)                   0.000     0.000    adc_clk_i[1]
    U18                  IBUFDS (Prop_ibufds_I_O)     0.983     0.983 r  i_clk/O
                         net (fo=1, routed)           1.306     2.289    pll/adc_clk_in
    PLLE2_ADV_X0Y0       PLLE2_ADV (Prop_plle2_adv_CLKIN1_CLKOUT0)
                                                      0.089     2.378 r  pll/pll/CLKOUT0
                         net (fo=1, routed)           1.754     4.132    pll_adc_clk
    BUFGCTRL_X0Y0        BUFG (Prop_bufg_I_O)         0.101     4.233 r  bufg_adc_clk/O
                         net (fo=8602, routed)        1.728     5.961    i_hk/adc_clk
    SLICE_X3Y45          FDRE (Prop_fdre_C_Q)         0.456     6.417 r  i_hk/dna_clk_reg/Q
                         net (fo=1, routed)           1.523     7.941    i_hk/dna_clk
    DNA_PORT_X0Y0        DNA_PORT                                     r  i_hk/i_DNA/CLK
  -------------------------------------------------------------------    -------------------
    DNA_PORT_X0Y0        DNA_PORT (Prop_dna_port_CLK_DOUT)
                                                      3.214    11.155 r  i_hk/i_DNA/DOUT
                         net (fo=1, routed)           0.912    12.067    i_hk/dna_dout
    SLICE_X14Y51         FDRE                                         r  i_hk/dna_value_reg[0]/D
  -------------------------------------------------------------------    -------------------

                         (clock pll_adc_clk rise edge)
                                                      8.000     8.000 r  
    U18                                               0.000     8.000 r  adc_clk_i[1] (IN)
                         net (fo=0)                   0.000     8.000    adc_clk_i[1]
    U18                  IBUFDS (Prop_ibufds_I_O)     0.940     8.940 r  i_clk/O
                         net (fo=1, routed)           1.181    10.121    pll/adc_clk_in
    PLLE2_ADV_X0Y0       PLLE2_ADV (Prop_plle2_adv_CLKIN1_CLKOUT0)
                                                      0.084    10.205 r  pll/pll/CLKOUT0
                         net (fo=1, routed)           1.594    11.799    pll_adc_clk
    BUFGCTRL_X0Y0        BUFG (Prop_bufg_I_O)         0.091    11.890 r  bufg_adc_clk/O
                         net (fo=8602, routed)        1.492    13.382    i_hk/adc_clk
    SLICE_X14Y51         FDRE                                         r  i_hk/dna_value_reg[0]/C
                         clock pessimism              0.343    13.725    
                         clock uncertainty           -0.069    13.656    
    SLICE_X14Y51         FDRE (Setup_fdre_C_D)       -0.067    13.589    i_hk/dna_value_reg[0]
  -------------------------------------------------------------------
                         required time                         13.589    
                         arrival time                         -12.067    
  -------------------------------------------------------------------
                         slack                                  1.522    





Min Delay Paths
--------------------------------------------------------------------------------------
Slack (MET) :             2.766ns  (arrival time - required time)
  Source:                 i_hk/i_DNA/CLK
                            (rising edge-triggered cell DNA_PORT clocked by dna_clk  {rise@0.000ns fall@64.000ns period=128.000ns})
  Destination:            i_hk/dna_value_reg[0]/D
                            (rising edge-triggered cell FDRE clocked by pll_adc_clk  {rise@0.000ns fall@4.000ns period=8.000ns})
  Path Group:             pll_adc_clk
  Path Type:              Hold (Min at Fast Process Corner)
  Requirement:            0.000ns  (pll_adc_clk rise@0.000ns - dna_clk rise@0.000ns)
  Data Path Delay:        2.170ns  (logic 1.862ns (85.789%)  route 0.308ns (14.211%))
  Logic Levels:           0  
  Clock Path Skew:        -0.666ns (DCD - SCD - CPR)
    Destination Clock Delay (DCD):    2.372ns
    Source Clock Delay      (SCD):    2.913ns
    Clock Pessimism Removal (CPR):    0.125ns

    Location             Delay type                Incr(ns)  Path(ns)    Netlist Resource(s)
  -------------------------------------------------------------------    -------------------
                         (clock dna_clk rise edge)    0.000     0.000 r  
    U18                                               0.000     0.000 r  adc_clk_i[1] (IN)
                         net (fo=0)                   0.000     0.000    adc_clk_i[1]
    U18                  IBUFDS (Prop_ibufds_I_O)     0.401     0.401 r  i_clk/O
                         net (fo=1, routed)           0.440     0.842    pll/adc_clk_in
    PLLE2_ADV_X0Y0       PLLE2_ADV (Prop_plle2_adv_CLKIN1_CLKOUT0)
                                                      0.051     0.893 r  pll/pll/CLKOUT0
                         net (fo=1, routed)           0.497     1.390    pll_adc_clk
    BUFGCTRL_X0Y0        BUFG (Prop_bufg_I_O)         0.026     1.416 r  bufg_adc_clk/O
                         net (fo=8602, routed)        0.585     2.000    i_hk/adc_clk
    SLICE_X3Y45          FDRE (Prop_fdre_C_Q)         0.141     2.141 r  i_hk/dna_clk_reg/Q
                         net (fo=1, routed)           0.771     2.913    i_hk/dna_clk
    DNA_PORT_X0Y0        DNA_PORT                                     r  i_hk/i_DNA/CLK
  -------------------------------------------------------------------    -------------------
    DNA_PORT_X0Y0        DNA_PORT (Prop_dna_port_CLK_DOUT)
                                                      1.862     4.775 r  i_hk/i_DNA/DOUT
                         net (fo=1, routed)           0.308     5.083    i_hk/dna_dout
    SLICE_X14Y51         FDRE                                         r  i_hk/dna_value_reg[0]/D
  -------------------------------------------------------------------    -------------------

                         (clock pll_adc_clk rise edge)
                                                      0.000     0.000 r  
    U18                                               0.000     0.000 r  adc_clk_i[1] (IN)
                         net (fo=0)                   0.000     0.000    adc_clk_i[1]
    U18                  IBUFDS (Prop_ibufds_I_O)     0.433     0.433 r  i_clk/O
                         net (fo=1, routed)           0.481     0.914    pll/adc_clk_in
    PLLE2_ADV_X0Y0       PLLE2_ADV (Prop_plle2_adv_CLKIN1_CLKOUT0)
                                                      0.054     0.968 r  pll/pll/CLKOUT0
                         net (fo=1, routed)           0.544     1.512    pll_adc_clk
    BUFGCTRL_X0Y0        BUFG (Prop_bufg_I_O)         0.029     1.541 r  bufg_adc_clk/O
                         net (fo=8602, routed)        0.831     2.372    i_hk/adc_clk
    SLICE_X14Y51         FDRE                                         r  i_hk/dna_value_reg[0]/C
                         clock pessimism             -0.125     2.247    
    SLICE_X14Y51         FDRE (Hold_fdre_C_D)         0.070     2.317    i_hk/dna_value_reg[0]
  -------------------------------------------------------------------
                         required time                         -2.317    
                         arrival time                           5.083    
  -------------------------------------------------------------------
                         slack                                  2.766    





---------------------------------------------------------------------------------------------------
From Clock:  pll_adc_clk
  To Clock:  dna_clk

Setup :            0  Failing Endpoints,  Worst Slack        0.265ns,  Total Violation        0.000ns
Hold  :            0  Failing Endpoints,  Worst Slack        0.242ns,  Total Violation        0.000ns
---------------------------------------------------------------------------------------------------


Max Delay Paths
--------------------------------------------------------------------------------------
Slack (MET) :             0.265ns  (required time - arrival time)
  Source:                 i_hk/dna_shift_reg/C
                            (rising edge-triggered cell FDRE clocked by pll_adc_clk  {rise@0.000ns fall@4.000ns period=8.000ns})
  Destination:            i_hk/i_DNA/SHIFT
                            (rising edge-triggered cell DNA_PORT clocked by dna_clk  {rise@0.000ns fall@64.000ns period=128.000ns})
  Path Group:             dna_clk
  Path Type:              Setup (Max at Slow Process Corner)
  Requirement:            8.000ns  (dna_clk rise@128.000ns - pll_adc_clk rise@120.000ns)
  Data Path Delay:        3.830ns  (logic 0.456ns (11.905%)  route 3.374ns (88.095%))
  Logic Levels:           0  
  Clock Path Skew:        1.520ns (DCD - SCD + CPR)
    Destination Clock Delay (DCD):    7.139ns = ( 135.139 - 128.000 ) 
    Source Clock Delay      (SCD):    5.962ns = ( 125.962 - 120.000 ) 
    Clock Pessimism Removal (CPR):    0.343ns
  Clock Uncertainty:      0.069ns  ((TSJ^2 + DJ^2)^1/2) / 2 + PE
    Total System Jitter     (TSJ):    0.071ns
    Discrete Jitter          (DJ):    0.118ns
    Phase Error              (PE):    0.000ns

    Location             Delay type                Incr(ns)  Path(ns)    Netlist Resource(s)
  -------------------------------------------------------------------    -------------------
                         (clock pll_adc_clk rise edge)
                                                    120.000   120.000 r  
    U18                                               0.000   120.000 r  adc_clk_i[1] (IN)
                         net (fo=0)                   0.000   120.000    adc_clk_i[1]
    U18                  IBUFDS (Prop_ibufds_I_O)     0.983   120.983 r  i_clk/O
                         net (fo=1, routed)           1.306   122.289    pll/adc_clk_in
    PLLE2_ADV_X0Y0       PLLE2_ADV (Prop_plle2_adv_CLKIN1_CLKOUT0)
                                                      0.089   122.378 r  pll/pll/CLKOUT0
                         net (fo=1, routed)           1.754   124.132    pll_adc_clk
    BUFGCTRL_X0Y0        BUFG (Prop_bufg_I_O)         0.101   124.233 r  bufg_adc_clk/O
                         net (fo=8602, routed)        1.729   125.962    i_hk/adc_clk
    SLICE_X3Y49          FDRE                                         r  i_hk/dna_shift_reg/C
  -------------------------------------------------------------------    -------------------
    SLICE_X3Y49          FDRE (Prop_fdre_C_Q)         0.456   126.418 r  i_hk/dna_shift_reg/Q
                         net (fo=1, routed)           3.374   129.793    i_hk/dna_shift
    DNA_PORT_X0Y0        DNA_PORT                                     r  i_hk/i_DNA/SHIFT
  -------------------------------------------------------------------    -------------------

                         (clock dna_clk rise edge)  128.000   128.000 r  
    U18                                               0.000   128.000 r  adc_clk_i[1] (IN)
                         net (fo=0)                   0.000   128.000    adc_clk_i[1]
    U18                  IBUFDS (Prop_ibufds_I_O)     0.940   128.940 r  i_clk/O
                         net (fo=1, routed)           1.181   130.121    pll/adc_clk_in
    PLLE2_ADV_X0Y0       PLLE2_ADV (Prop_plle2_adv_CLKIN1_CLKOUT0)
                                                      0.084   130.205 r  pll/pll/CLKOUT0
                         net (fo=1, routed)           1.594   131.799    pll_adc_clk
    BUFGCTRL_X0Y0        BUFG (Prop_bufg_I_O)         0.091   131.890 r  bufg_adc_clk/O
                         net (fo=8602, routed)        1.551   133.441    i_hk/adc_clk
    SLICE_X3Y45          FDRE (Prop_fdre_C_Q)         0.367   133.808 r  i_hk/dna_clk_reg/Q
                         net (fo=1, routed)           1.330   135.139    i_hk/dna_clk
    DNA_PORT_X0Y0        DNA_PORT                                     r  i_hk/i_DNA/CLK
                         clock pessimism              0.343   135.482    
                         clock uncertainty           -0.069   135.413    
    DNA_PORT_X0Y0        DNA_PORT (Setup_dna_port_CLK_SHIFT)
                                                     -5.356   130.057    i_hk/i_DNA
  -------------------------------------------------------------------
                         required time                        130.057    
                         arrival time                        -129.793    
  -------------------------------------------------------------------
                         slack                                  0.265    

Slack (MET) :             0.418ns  (required time - arrival time)
  Source:                 i_hk/dna_read_reg/C
                            (rising edge-triggered cell FDRE clocked by pll_adc_clk  {rise@0.000ns fall@4.000ns period=8.000ns})
  Destination:            i_hk/i_DNA/READ
                            (rising edge-triggered cell DNA_PORT clocked by dna_clk  {rise@0.000ns fall@64.000ns period=128.000ns})
  Path Group:             dna_clk
  Path Type:              Setup (Max at Slow Process Corner)
  Requirement:            8.000ns  (dna_clk rise@128.000ns - pll_adc_clk rise@120.000ns)
  Data Path Delay:        3.677ns  (logic 0.456ns (12.402%)  route 3.221ns (87.598%))
  Logic Levels:           0  
  Clock Path Skew:        1.520ns (DCD - SCD + CPR)
    Destination Clock Delay (DCD):    7.139ns = ( 135.139 - 128.000 ) 
    Source Clock Delay      (SCD):    5.962ns = ( 125.962 - 120.000 ) 
    Clock Pessimism Removal (CPR):    0.343ns
  Clock Uncertainty:      0.069ns  ((TSJ^2 + DJ^2)^1/2) / 2 + PE
    Total System Jitter     (TSJ):    0.071ns
    Discrete Jitter          (DJ):    0.118ns
    Phase Error              (PE):    0.000ns

    Location             Delay type                Incr(ns)  Path(ns)    Netlist Resource(s)
  -------------------------------------------------------------------    -------------------
                         (clock pll_adc_clk rise edge)
                                                    120.000   120.000 r  
    U18                                               0.000   120.000 r  adc_clk_i[1] (IN)
                         net (fo=0)                   0.000   120.000    adc_clk_i[1]
    U18                  IBUFDS (Prop_ibufds_I_O)     0.983   120.983 r  i_clk/O
                         net (fo=1, routed)           1.306   122.289    pll/adc_clk_in
    PLLE2_ADV_X0Y0       PLLE2_ADV (Prop_plle2_adv_CLKIN1_CLKOUT0)
                                                      0.089   122.378 r  pll/pll/CLKOUT0
                         net (fo=1, routed)           1.754   124.132    pll_adc_clk
    BUFGCTRL_X0Y0        BUFG (Prop_bufg_I_O)         0.101   124.233 r  bufg_adc_clk/O
                         net (fo=8602, routed)        1.729   125.962    i_hk/adc_clk
    SLICE_X3Y49          FDRE                                         r  i_hk/dna_read_reg/C
  -------------------------------------------------------------------    -------------------
    SLICE_X3Y49          FDRE (Prop_fdre_C_Q)         0.456   126.418 r  i_hk/dna_read_reg/Q
                         net (fo=1, routed)           3.221   129.639    i_hk/dna_read
    DNA_PORT_X0Y0        DNA_PORT                                     r  i_hk/i_DNA/READ
  -------------------------------------------------------------------    -------------------

                         (clock dna_clk rise edge)  128.000   128.000 r  
    U18                                               0.000   128.000 r  adc_clk_i[1] (IN)
                         net (fo=0)                   0.000   128.000    adc_clk_i[1]
    U18                  IBUFDS (Prop_ibufds_I_O)     0.940   128.940 r  i_clk/O
                         net (fo=1, routed)           1.181   130.121    pll/adc_clk_in
    PLLE2_ADV_X0Y0       PLLE2_ADV (Prop_plle2_adv_CLKIN1_CLKOUT0)
                                                      0.084   130.205 r  pll/pll/CLKOUT0
                         net (fo=1, routed)           1.594   131.799    pll_adc_clk
    BUFGCTRL_X0Y0        BUFG (Prop_bufg_I_O)         0.091   131.890 r  bufg_adc_clk/O
                         net (fo=8602, routed)        1.551   133.441    i_hk/adc_clk
    SLICE_X3Y45          FDRE (Prop_fdre_C_Q)         0.367   133.808 r  i_hk/dna_clk_reg/Q
                         net (fo=1, routed)           1.330   135.139    i_hk/dna_clk
    DNA_PORT_X0Y0        DNA_PORT                                     r  i_hk/i_DNA/CLK
                         clock pessimism              0.343   135.482    
                         clock uncertainty           -0.069   135.413    
    DNA_PORT_X0Y0        DNA_PORT (Setup_dna_port_CLK_READ)
                                                     -5.356   130.057    i_hk/i_DNA
  -------------------------------------------------------------------
                         required time                        130.057    
                         arrival time                        -129.639    
  -------------------------------------------------------------------
                         slack                                  0.418    





Min Delay Paths
--------------------------------------------------------------------------------------
Slack (MET) :             0.242ns  (arrival time - required time)
  Source:                 i_hk/dna_shift_reg/C
                            (rising edge-triggered cell FDRE clocked by pll_adc_clk  {rise@0.000ns fall@4.000ns period=8.000ns})
  Destination:            i_hk/i_DNA/SHIFT
                            (rising edge-triggered cell DNA_PORT clocked by dna_clk  {rise@0.000ns fall@64.000ns period=128.000ns})
  Path Group:             dna_clk
  Path Type:              Hold (Min at Fast Process Corner)
  Requirement:            0.000ns  (dna_clk rise@0.000ns - pll_adc_clk rise@0.000ns)
  Data Path Delay:        1.544ns  (logic 0.141ns (9.130%)  route 1.403ns (90.870%))
  Logic Levels:           0  
  Clock Path Skew:        1.303ns (DCD - SCD - CPR)
    Destination Clock Delay (DCD):    3.429ns
    Source Clock Delay      (SCD):    2.001ns
    Clock Pessimism Removal (CPR):    0.125ns

    Location             Delay type                Incr(ns)  Path(ns)    Netlist Resource(s)
  -------------------------------------------------------------------    -------------------
                         (clock pll_adc_clk rise edge)
                                                      0.000     0.000 r  
    U18                                               0.000     0.000 r  adc_clk_i[1] (IN)
                         net (fo=0)                   0.000     0.000    adc_clk_i[1]
    U18                  IBUFDS (Prop_ibufds_I_O)     0.401     0.401 r  i_clk/O
                         net (fo=1, routed)           0.440     0.842    pll/adc_clk_in
    PLLE2_ADV_X0Y0       PLLE2_ADV (Prop_plle2_adv_CLKIN1_CLKOUT0)
                                                      0.051     0.893 r  pll/pll/CLKOUT0
                         net (fo=1, routed)           0.497     1.390    pll_adc_clk
    BUFGCTRL_X0Y0        BUFG (Prop_bufg_I_O)         0.026     1.416 r  bufg_adc_clk/O
                         net (fo=8602, routed)        0.586     2.001    i_hk/adc_clk
    SLICE_X3Y49          FDRE                                         r  i_hk/dna_shift_reg/C
  -------------------------------------------------------------------    -------------------
    SLICE_X3Y49          FDRE (Prop_fdre_C_Q)         0.141     2.142 r  i_hk/dna_shift_reg/Q
                         net (fo=1, routed)           1.403     3.546    i_hk/dna_shift
    DNA_PORT_X0Y0        DNA_PORT                                     r  i_hk/i_DNA/SHIFT
  -------------------------------------------------------------------    -------------------

                         (clock dna_clk rise edge)    0.000     0.000 r  
    U18                                               0.000     0.000 r  adc_clk_i[1] (IN)
                         net (fo=0)                   0.000     0.000    adc_clk_i[1]
    U18                  IBUFDS (Prop_ibufds_I_O)     0.433     0.433 r  i_clk/O
                         net (fo=1, routed)           0.481     0.914    pll/adc_clk_in
    PLLE2_ADV_X0Y0       PLLE2_ADV (Prop_plle2_adv_CLKIN1_CLKOUT0)
                                                      0.054     0.968 r  pll/pll/CLKOUT0
                         net (fo=1, routed)           0.544     1.512    pll_adc_clk
    BUFGCTRL_X0Y0        BUFG (Prop_bufg_I_O)         0.029     1.541 r  bufg_adc_clk/O
                         net (fo=8602, routed)        0.853     2.394    i_hk/adc_clk
    SLICE_X3Y45          FDRE (Prop_fdre_C_Q)         0.175     2.569 r  i_hk/dna_clk_reg/Q
                         net (fo=1, routed)           0.860     3.429    i_hk/dna_clk
    DNA_PORT_X0Y0        DNA_PORT                                     r  i_hk/i_DNA/CLK
                         clock pessimism             -0.125     3.304    
    DNA_PORT_X0Y0        DNA_PORT (Hold_dna_port_CLK_SHIFT)
                                                      0.000     3.304    i_hk/i_DNA
  -------------------------------------------------------------------
                         required time                         -3.304    
                         arrival time                           3.546    
  -------------------------------------------------------------------
                         slack                                  0.242    

Slack (MET) :             0.253ns  (arrival time - required time)
  Source:                 i_hk/dna_read_reg/C
                            (rising edge-triggered cell FDRE clocked by pll_adc_clk  {rise@0.000ns fall@4.000ns period=8.000ns})
  Destination:            i_hk/i_DNA/READ
                            (rising edge-triggered cell DNA_PORT clocked by dna_clk  {rise@0.000ns fall@64.000ns period=128.000ns})
  Path Group:             dna_clk
  Path Type:              Hold (Min at Fast Process Corner)
  Requirement:            0.000ns  (dna_clk rise@0.000ns - pll_adc_clk rise@0.000ns)
  Data Path Delay:        1.556ns  (logic 0.141ns (9.062%)  route 1.415ns (90.938%))
  Logic Levels:           0  
  Clock Path Skew:        1.303ns (DCD - SCD - CPR)
    Destination Clock Delay (DCD):    3.429ns
    Source Clock Delay      (SCD):    2.001ns
    Clock Pessimism Removal (CPR):    0.125ns

    Location             Delay type                Incr(ns)  Path(ns)    Netlist Resource(s)
  -------------------------------------------------------------------    -------------------
                         (clock pll_adc_clk rise edge)
                                                      0.000     0.000 r  
    U18                                               0.000     0.000 r  adc_clk_i[1] (IN)
                         net (fo=0)                   0.000     0.000    adc_clk_i[1]
    U18                  IBUFDS (Prop_ibufds_I_O)     0.401     0.401 r  i_clk/O
                         net (fo=1, routed)           0.440     0.842    pll/adc_clk_in
    PLLE2_ADV_X0Y0       PLLE2_ADV (Prop_plle2_adv_CLKIN1_CLKOUT0)
                                                      0.051     0.893 r  pll/pll/CLKOUT0
                         net (fo=1, routed)           0.497     1.390    pll_adc_clk
    BUFGCTRL_X0Y0        BUFG (Prop_bufg_I_O)         0.026     1.416 r  bufg_adc_clk/O
                         net (fo=8602, routed)        0.586     2.001    i_hk/adc_clk
    SLICE_X3Y49          FDRE                                         r  i_hk/dna_read_reg/C
  -------------------------------------------------------------------    -------------------
    SLICE_X3Y49          FDRE (Prop_fdre_C_Q)         0.141     2.142 r  i_hk/dna_read_reg/Q
                         net (fo=1, routed)           1.415     3.557    i_hk/dna_read
    DNA_PORT_X0Y0        DNA_PORT                                     r  i_hk/i_DNA/READ
  -------------------------------------------------------------------    -------------------

                         (clock dna_clk rise edge)    0.000     0.000 r  
    U18                                               0.000     0.000 r  adc_clk_i[1] (IN)
                         net (fo=0)                   0.000     0.000    adc_clk_i[1]
    U18                  IBUFDS (Prop_ibufds_I_O)     0.433     0.433 r  i_clk/O
                         net (fo=1, routed)           0.481     0.914    pll/adc_clk_in
    PLLE2_ADV_X0Y0       PLLE2_ADV (Prop_plle2_adv_CLKIN1_CLKOUT0)
                                                      0.054     0.968 r  pll/pll/CLKOUT0
                         net (fo=1, routed)           0.544     1.512    pll_adc_clk
    BUFGCTRL_X0Y0        BUFG (Prop_bufg_I_O)         0.029     1.541 r  bufg_adc_clk/O
                         net (fo=8602, routed)        0.853     2.394    i_hk/adc_clk
    SLICE_X3Y45          FDRE (Prop_fdre_C_Q)         0.175     2.569 r  i_hk/dna_clk_reg/Q
                         net (fo=1, routed)           0.860     3.429    i_hk/dna_clk
    DNA_PORT_X0Y0        DNA_PORT                                     r  i_hk/i_DNA/CLK
                         clock pessimism             -0.125     3.304    
    DNA_PORT_X0Y0        DNA_PORT (Hold_dna_port_CLK_READ)
                                                      0.000     3.304    i_hk/i_DNA
  -------------------------------------------------------------------
                         required time                         -3.304    
                         arrival time                           3.557    
  -------------------------------------------------------------------
                         slack                                  0.253    





---------------------------------------------------------------------------------------------------
From Clock:  pll_adc_clk
  To Clock:  pll_dac_clk_1x

Setup :            0  Failing Endpoints,  Worst Slack        2.584ns,  Total Violation        0.000ns
Hold  :            0  Failing Endpoints,  Worst Slack        0.377ns,  Total Violation        0.000ns
---------------------------------------------------------------------------------------------------


Max Delay Paths
--------------------------------------------------------------------------------------
Slack (MET) :             2.584ns  (required time - arrival time)
  Source:                 i_laser_lock_core/u_output_protect/data_o_reg[4]/C
                            (rising edge-triggered cell FDCE clocked by pll_adc_clk  {rise@0.000ns fall@4.000ns period=8.000ns})
  Destination:            dac_dat_a_reg[4]/D
                            (rising edge-triggered cell FDRE clocked by pll_dac_clk_1x  {rise@0.000ns fall@4.000ns period=8.000ns})
  Path Group:             pll_dac_clk_1x
  Path Type:              Setup (Max at Slow Process Corner)
  Requirement:            8.000ns  (pll_dac_clk_1x rise@8.000ns - pll_adc_clk rise@0.000ns)
  Data Path Delay:        4.950ns  (logic 0.580ns (11.717%)  route 4.370ns (88.283%))
  Logic Levels:           1  (LUT1=1)
  Clock Path Skew:        -0.356ns (DCD - SCD + CPR)
    Destination Clock Delay (DCD):    5.451ns = ( 13.451 - 8.000 ) 
    Source Clock Delay      (SCD):    5.980ns
    Clock Pessimism Removal (CPR):    0.173ns
  Clock Uncertainty:      0.189ns  ((TSJ^2 + DJ^2)^1/2) / 2 + PE
    Total System Jitter     (TSJ):    0.071ns
    Discrete Jitter          (DJ):    0.118ns
    Phase Error              (PE):    0.120ns

    Location             Delay type                Incr(ns)  Path(ns)    Netlist Resource(s)
  -------------------------------------------------------------------    -------------------
                         (clock pll_adc_clk rise edge)
                                                      0.000     0.000 r  
    U18                                               0.000     0.000 r  adc_clk_i[1] (IN)
                         net (fo=0)                   0.000     0.000    adc_clk_i[1]
    U18                  IBUFDS (Prop_ibufds_I_O)     0.983     0.983 r  i_clk/O
                         net (fo=1, routed)           1.306     2.289    pll/adc_clk_in
    PLLE2_ADV_X0Y0       PLLE2_ADV (Prop_plle2_adv_CLKIN1_CLKOUT0)
                                                      0.089     2.378 r  pll/pll/CLKOUT0
                         net (fo=1, routed)           1.754     4.132    pll_adc_clk
    BUFGCTRL_X0Y0        BUFG (Prop_bufg_I_O)         0.101     4.233 r  bufg_adc_clk/O
                         net (fo=8602, routed)        1.747     5.980    i_laser_lock_core/u_output_protect/adc_clk
    SLICE_X39Y13         FDCE                                         r  i_laser_lock_core/u_output_protect/data_o_reg[4]/C
  -------------------------------------------------------------------    -------------------
    SLICE_X39Y13         FDCE (Prop_fdce_C_Q)         0.456     6.436 f  i_laser_lock_core/u_output_protect/data_o_reg[4]/Q
                         net (fo=10, routed)          4.370    10.806    i_laser_lock_core/u_output_protect/Q[4]
    SLICE_X42Y64         LUT1 (Prop_lut1_I0_O)        0.124    10.930 r  i_laser_lock_core/u_output_protect/dac_dat_a[4]_i_1/O
                         net (fo=1, routed)           0.000    10.930    i_laser_lock_core_n_40
    SLICE_X42Y64         FDRE                                         r  dac_dat_a_reg[4]/D
  -------------------------------------------------------------------    -------------------

                         (clock pll_dac_clk_1x rise edge)
                                                      8.000     8.000 r  
    U18                                               0.000     8.000 r  adc_clk_i[1] (IN)
                         net (fo=0)                   0.000     8.000    adc_clk_i[1]
    U18                  IBUFDS (Prop_ibufds_I_O)     0.940     8.940 r  i_clk/O
                         net (fo=1, routed)           1.181    10.121    pll/adc_clk_in
    PLLE2_ADV_X0Y0       PLLE2_ADV (Prop_plle2_adv_CLKIN1_CLKOUT1)
                                                      0.084    10.205 r  pll/pll/CLKOUT1
                         net (fo=1, routed)           1.594    11.799    pll_dac_clk_1x
    BUFGCTRL_X0Y2        BUFG (Prop_bufg_I_O)         0.091    11.890 r  bufg_dac_clk_1x/O
                         net (fo=45, routed)          1.561    13.451    dac_clk_1x
    SLICE_X42Y64         FDRE                                         r  dac_dat_a_reg[4]/C
                         clock pessimism              0.173    13.624    
                         clock uncertainty           -0.189    13.435    
    SLICE_X42Y64         FDRE (Setup_fdre_C_D)        0.079    13.514    dac_dat_a_reg[4]
  -------------------------------------------------------------------
                         required time                         13.514    
                         arrival time                         -10.930    
  -------------------------------------------------------------------
                         slack                                  2.584    

Slack (MET) :             2.794ns  (required time - arrival time)
  Source:                 i_out2_lock_controller/control_o_reg[13]/C
                            (rising edge-triggered cell FDRE clocked by pll_adc_clk  {rise@0.000ns fall@4.000ns period=8.000ns})
  Destination:            dac_dat_b_reg[13]/D
                            (rising edge-triggered cell FDRE clocked by pll_dac_clk_1x  {rise@0.000ns fall@4.000ns period=8.000ns})
  Path Group:             pll_dac_clk_1x
  Path Type:              Setup (Max at Slow Process Corner)
  Requirement:            8.000ns  (pll_dac_clk_1x rise@8.000ns - pll_adc_clk rise@0.000ns)
  Data Path Delay:        4.689ns  (logic 0.456ns (9.725%)  route 4.233ns (90.275%))
  Logic Levels:           0  
  Clock Path Skew:        -0.283ns (DCD - SCD + CPR)
    Destination Clock Delay (DCD):    5.446ns = ( 13.446 - 8.000 ) 
    Source Clock Delay      (SCD):    5.902ns
    Clock Pessimism Removal (CPR):    0.173ns
  Clock Uncertainty:      0.189ns  ((TSJ^2 + DJ^2)^1/2) / 2 + PE
    Total System Jitter     (TSJ):    0.071ns
    Discrete Jitter          (DJ):    0.118ns
    Phase Error              (PE):    0.120ns

    Location             Delay type                Incr(ns)  Path(ns)    Netlist Resource(s)
  -------------------------------------------------------------------    -------------------
                         (clock pll_adc_clk rise edge)
                                                      0.000     0.000 r  
    U18                                               0.000     0.000 r  adc_clk_i[1] (IN)
                         net (fo=0)                   0.000     0.000    adc_clk_i[1]
    U18                  IBUFDS (Prop_ibufds_I_O)     0.983     0.983 r  i_clk/O
                         net (fo=1, routed)           1.306     2.289    pll/adc_clk_in
    PLLE2_ADV_X0Y0       PLLE2_ADV (Prop_plle2_adv_CLKIN1_CLKOUT0)
                                                      0.089     2.378 r  pll/pll/CLKOUT0
                         net (fo=1, routed)           1.754     4.132    pll_adc_clk
    BUFGCTRL_X0Y0        BUFG (Prop_bufg_I_O)         0.101     4.233 r  bufg_adc_clk/O
                         net (fo=8602, routed)        1.669     5.902    i_out2_lock_controller/adc_clk
    SLICE_X17Y36         FDRE                                         r  i_out2_lock_controller/control_o_reg[13]/C
  -------------------------------------------------------------------    -------------------
    SLICE_X17Y36         FDRE (Prop_fdre_C_Q)         0.456     6.358 r  i_out2_lock_controller/control_o_reg[13]/Q
                         net (fo=25, routed)          4.233    10.591    selected_out2[13]
    SLICE_X42Y81         FDRE                                         r  dac_dat_b_reg[13]/D
  -------------------------------------------------------------------    -------------------

                         (clock pll_dac_clk_1x rise edge)
                                                      8.000     8.000 r  
    U18                                               0.000     8.000 r  adc_clk_i[1] (IN)
                         net (fo=0)                   0.000     8.000    adc_clk_i[1]
    U18                  IBUFDS (Prop_ibufds_I_O)     0.940     8.940 r  i_clk/O
                         net (fo=1, routed)           1.181    10.121    pll/adc_clk_in
    PLLE2_ADV_X0Y0       PLLE2_ADV (Prop_plle2_adv_CLKIN1_CLKOUT1)
                                                      0.084    10.205 r  pll/pll/CLKOUT1
                         net (fo=1, routed)           1.594    11.799    pll_dac_clk_1x
    BUFGCTRL_X0Y2        BUFG (Prop_bufg_I_O)         0.091    11.890 r  bufg_dac_clk_1x/O
                         net (fo=45, routed)          1.556    13.446    dac_clk_1x
    SLICE_X42Y81         FDRE                                         r  dac_dat_b_reg[13]/C
                         clock pessimism              0.173    13.619    
                         clock uncertainty           -0.189    13.430    
    SLICE_X42Y81         FDRE (Setup_fdre_C_D)       -0.045    13.385    dac_dat_b_reg[13]
  -------------------------------------------------------------------
                         required time                         13.385    
                         arrival time                         -10.591    
  -------------------------------------------------------------------
                         slack                                  2.794    

Slack (MET) :             3.376ns  (required time - arrival time)
  Source:                 i_out2_lock_controller/control_o_reg[4]/C
                            (rising edge-triggered cell FDRE clocked by pll_adc_clk  {rise@0.000ns fall@4.000ns period=8.000ns})
  Destination:            dac_dat_b_reg[4]/D
                            (rising edge-triggered cell FDRE clocked by pll_dac_clk_1x  {rise@0.000ns fall@4.000ns period=8.000ns})
  Path Group:             pll_dac_clk_1x
  Path Type:              Setup (Max at Slow Process Corner)
  Requirement:            8.000ns  (pll_dac_clk_1x rise@8.000ns - pll_adc_clk rise@0.000ns)
  Data Path Delay:        4.232ns  (logic 0.580ns (13.704%)  route 3.652ns (86.296%))
  Logic Levels:           1  (LUT1=1)
  Clock Path Skew:        -0.281ns (DCD - SCD + CPR)
    Destination Clock Delay (DCD):    5.446ns = ( 13.446 - 8.000 ) 
    Source Clock Delay      (SCD):    5.900ns
    Clock Pessimism Removal (CPR):    0.173ns
  Clock Uncertainty:      0.189ns  ((TSJ^2 + DJ^2)^1/2) / 2 + PE
    Total System Jitter     (TSJ):    0.071ns
    Discrete Jitter          (DJ):    0.118ns
    Phase Error              (PE):    0.120ns

    Location             Delay type                Incr(ns)  Path(ns)    Netlist Resource(s)
  -------------------------------------------------------------------    -------------------
                         (clock pll_adc_clk rise edge)
                                                      0.000     0.000 r  
    U18                                               0.000     0.000 r  adc_clk_i[1] (IN)
                         net (fo=0)                   0.000     0.000    adc_clk_i[1]
    U18                  IBUFDS (Prop_ibufds_I_O)     0.983     0.983 r  i_clk/O
                         net (fo=1, routed)           1.306     2.289    pll/adc_clk_in
    PLLE2_ADV_X0Y0       PLLE2_ADV (Prop_plle2_adv_CLKIN1_CLKOUT0)
                                                      0.089     2.378 r  pll/pll/CLKOUT0
                         net (fo=1, routed)           1.754     4.132    pll_adc_clk
    BUFGCTRL_X0Y0        BUFG (Prop_bufg_I_O)         0.101     4.233 r  bufg_adc_clk/O
                         net (fo=8602, routed)        1.667     5.900    i_out2_lock_controller/adc_clk
    SLICE_X17Y34         FDRE                                         r  i_out2_lock_controller/control_o_reg[4]/C
  -------------------------------------------------------------------    -------------------
    SLICE_X17Y34         FDRE (Prop_fdre_C_Q)         0.456     6.356 f  i_out2_lock_controller/control_o_reg[4]/Q
                         net (fo=22, routed)          3.652    10.009    i_out2_lock_controller/control_o_reg[13]_0[4]
    SLICE_X42Y68         LUT1 (Prop_lut1_I0_O)        0.124    10.133 r  i_out2_lock_controller/dac_dat_b[4]_i_1/O
                         net (fo=1, routed)           0.000    10.133    i_out2_lock_controller_n_74
    SLICE_X42Y68         FDRE                                         r  dac_dat_b_reg[4]/D
  -------------------------------------------------------------------    -------------------

                         (clock pll_dac_clk_1x rise edge)
                                                      8.000     8.000 r  
    U18                                               0.000     8.000 r  adc_clk_i[1] (IN)
                         net (fo=0)                   0.000     8.000    adc_clk_i[1]
    U18                  IBUFDS (Prop_ibufds_I_O)     0.940     8.940 r  i_clk/O
                         net (fo=1, routed)           1.181    10.121    pll/adc_clk_in
    PLLE2_ADV_X0Y0       PLLE2_ADV (Prop_plle2_adv_CLKIN1_CLKOUT1)
                                                      0.084    10.205 r  pll/pll/CLKOUT1
                         net (fo=1, routed)           1.594    11.799    pll_dac_clk_1x
    BUFGCTRL_X0Y2        BUFG (Prop_bufg_I_O)         0.091    11.890 r  bufg_dac_clk_1x/O
                         net (fo=45, routed)          1.556    13.446    dac_clk_1x
    SLICE_X42Y68         FDRE                                         r  dac_dat_b_reg[4]/C
                         clock pessimism              0.173    13.619    
                         clock uncertainty           -0.189    13.430    
    SLICE_X42Y68         FDRE (Setup_fdre_C_D)        0.079    13.509    dac_dat_b_reg[4]
  -------------------------------------------------------------------
                         required time                         13.509    
                         arrival time                         -10.133    
  -------------------------------------------------------------------
                         slack                                  3.376    

Slack (MET) :             3.509ns  (required time - arrival time)
  Source:                 i_out2_lock_controller/control_o_reg[2]/C
                            (rising edge-triggered cell FDRE clocked by pll_adc_clk  {rise@0.000ns fall@4.000ns period=8.000ns})
  Destination:            dac_dat_b_reg[2]/D
                            (rising edge-triggered cell FDRE clocked by pll_dac_clk_1x  {rise@0.000ns fall@4.000ns period=8.000ns})
  Path Group:             pll_dac_clk_1x
  Path Type:              Setup (Max at Slow Process Corner)
  Requirement:            8.000ns  (pll_dac_clk_1x rise@8.000ns - pll_adc_clk rise@0.000ns)
  Data Path Delay:        4.096ns  (logic 0.580ns (14.159%)  route 3.516ns (85.841%))
  Logic Levels:           1  (LUT1=1)
  Clock Path Skew:        -0.282ns (DCD - SCD + CPR)
    Destination Clock Delay (DCD):    5.444ns = ( 13.444 - 8.000 ) 
    Source Clock Delay      (SCD):    5.899ns
    Clock Pessimism Removal (CPR):    0.173ns
  Clock Uncertainty:      0.189ns  ((TSJ^2 + DJ^2)^1/2) / 2 + PE
    Total System Jitter     (TSJ):    0.071ns
    Discrete Jitter          (DJ):    0.118ns
    Phase Error              (PE):    0.120ns

    Location             Delay type                Incr(ns)  Path(ns)    Netlist Resource(s)
  -------------------------------------------------------------------    -------------------
                         (clock pll_adc_clk rise edge)
                                                      0.000     0.000 r  
    U18                                               0.000     0.000 r  adc_clk_i[1] (IN)
                         net (fo=0)                   0.000     0.000    adc_clk_i[1]
    U18                  IBUFDS (Prop_ibufds_I_O)     0.983     0.983 r  i_clk/O
                         net (fo=1, routed)           1.306     2.289    pll/adc_clk_in
    PLLE2_ADV_X0Y0       PLLE2_ADV (Prop_plle2_adv_CLKIN1_CLKOUT0)
                                                      0.089     2.378 r  pll/pll/CLKOUT0
                         net (fo=1, routed)           1.754     4.132    pll_adc_clk
    BUFGCTRL_X0Y0        BUFG (Prop_bufg_I_O)         0.101     4.233 r  bufg_adc_clk/O
                         net (fo=8602, routed)        1.666     5.899    i_out2_lock_controller/adc_clk
    SLICE_X18Y33         FDRE                                         r  i_out2_lock_controller/control_o_reg[2]/C
  -------------------------------------------------------------------    -------------------
    SLICE_X18Y33         FDRE (Prop_fdre_C_Q)         0.456     6.355 f  i_out2_lock_controller/control_o_reg[2]/Q
                         net (fo=22, routed)          3.516     9.872    i_out2_lock_controller/control_o_reg[13]_0[2]
    SLICE_X42Y71         LUT1 (Prop_lut1_I0_O)        0.124     9.996 r  i_out2_lock_controller/dac_dat_b[2]_i_1/O
                         net (fo=1, routed)           0.000     9.996    i_out2_lock_controller_n_76
    SLICE_X42Y71         FDRE                                         r  dac_dat_b_reg[2]/D
  -------------------------------------------------------------------    -------------------

                         (clock pll_dac_clk_1x rise edge)
                                                      8.000     8.000 r  
    U18                                               0.000     8.000 r  adc_clk_i[1] (IN)
                         net (fo=0)                   0.000     8.000    adc_clk_i[1]
    U18                  IBUFDS (Prop_ibufds_I_O)     0.940     8.940 r  i_clk/O
                         net (fo=1, routed)           1.181    10.121    pll/adc_clk_in
    PLLE2_ADV_X0Y0       PLLE2_ADV (Prop_plle2_adv_CLKIN1_CLKOUT1)
                                                      0.084    10.205 r  pll/pll/CLKOUT1
                         net (fo=1, routed)           1.594    11.799    pll_dac_clk_1x
    BUFGCTRL_X0Y2        BUFG (Prop_bufg_I_O)         0.091    11.890 r  bufg_dac_clk_1x/O
                         net (fo=45, routed)          1.554    13.444    dac_clk_1x
    SLICE_X42Y71         FDRE                                         r  dac_dat_b_reg[2]/C
                         clock pessimism              0.173    13.617    
                         clock uncertainty           -0.189    13.428    
    SLICE_X42Y71         FDRE (Setup_fdre_C_D)        0.077    13.505    dac_dat_b_reg[2]
  -------------------------------------------------------------------
                         required time                         13.505    
                         arrival time                          -9.996    
  -------------------------------------------------------------------
                         slack                                  3.509    

Slack (MET) :             3.564ns  (required time - arrival time)
  Source:                 i_out2_lock_controller/control_o_reg[12]/C
                            (rising edge-triggered cell FDRE clocked by pll_adc_clk  {rise@0.000ns fall@4.000ns period=8.000ns})
  Destination:            dac_dat_b_reg[12]/D
                            (rising edge-triggered cell FDRE clocked by pll_dac_clk_1x  {rise@0.000ns fall@4.000ns period=8.000ns})
  Path Group:             pll_dac_clk_1x
  Path Type:              Setup (Max at Slow Process Corner)
  Requirement:            8.000ns  (pll_dac_clk_1x rise@8.000ns - pll_adc_clk rise@0.000ns)
  Data Path Delay:        3.989ns  (logic 0.642ns (16.096%)  route 3.347ns (83.904%))
  Logic Levels:           1  (LUT1=1)
  Clock Path Skew:        -0.287ns (DCD - SCD + CPR)
    Destination Clock Delay (DCD):    5.442ns = ( 13.442 - 8.000 ) 
    Source Clock Delay      (SCD):    5.902ns
    Clock Pessimism Removal (CPR):    0.173ns
  Clock Uncertainty:      0.189ns  ((TSJ^2 + DJ^2)^1/2) / 2 + PE
    Total System Jitter     (TSJ):    0.071ns
    Discrete Jitter          (DJ):    0.118ns
    Phase Error              (PE):    0.120ns

    Location             Delay type                Incr(ns)  Path(ns)    Netlist Resource(s)
  -------------------------------------------------------------------    -------------------
                         (clock pll_adc_clk rise edge)
                                                      0.000     0.000 r  
    U18                                               0.000     0.000 r  adc_clk_i[1] (IN)
                         net (fo=0)                   0.000     0.000    adc_clk_i[1]
    U18                  IBUFDS (Prop_ibufds_I_O)     0.983     0.983 r  i_clk/O
                         net (fo=1, routed)           1.306     2.289    pll/adc_clk_in
    PLLE2_ADV_X0Y0       PLLE2_ADV (Prop_plle2_adv_CLKIN1_CLKOUT0)
                                                      0.089     2.378 r  pll/pll/CLKOUT0
                         net (fo=1, routed)           1.754     4.132    pll_adc_clk
    BUFGCTRL_X0Y0        BUFG (Prop_bufg_I_O)         0.101     4.233 r  bufg_adc_clk/O
                         net (fo=8602, routed)        1.669     5.902    i_out2_lock_controller/adc_clk
    SLICE_X16Y36         FDRE                                         r  i_out2_lock_controller/control_o_reg[12]/C
  -------------------------------------------------------------------    -------------------
    SLICE_X16Y36         FDRE (Prop_fdre_C_Q)         0.518     6.420 f  i_out2_lock_controller/control_o_reg[12]/Q
                         net (fo=22, routed)          3.347     9.767    i_out2_lock_controller/control_o_reg[13]_0[12]
    SLICE_X43Y77         LUT1 (Prop_lut1_I0_O)        0.124     9.891 r  i_out2_lock_controller/dac_dat_b[12]_i_1/O
                         net (fo=1, routed)           0.000     9.891    i_out2_lock_controller_n_66
    SLICE_X43Y77         FDRE                                         r  dac_dat_b_reg[12]/D
  -------------------------------------------------------------------    -------------------

                         (clock pll_dac_clk_1x rise edge)
                                                      8.000     8.000 r  
    U18                                               0.000     8.000 r  adc_clk_i[1] (IN)
                         net (fo=0)                   0.000     8.000    adc_clk_i[1]
    U18                  IBUFDS (Prop_ibufds_I_O)     0.940     8.940 r  i_clk/O
                         net (fo=1, routed)           1.181    10.121    pll/adc_clk_in
    PLLE2_ADV_X0Y0       PLLE2_ADV (Prop_plle2_adv_CLKIN1_CLKOUT1)
                                                      0.084    10.205 r  pll/pll/CLKOUT1
                         net (fo=1, routed)           1.594    11.799    pll_dac_clk_1x
    BUFGCTRL_X0Y2        BUFG (Prop_bufg_I_O)         0.091    11.890 r  bufg_dac_clk_1x/O
                         net (fo=45, routed)          1.552    13.442    dac_clk_1x
    SLICE_X43Y77         FDRE                                         r  dac_dat_b_reg[12]/C
                         clock pessimism              0.173    13.615    
                         clock uncertainty           -0.189    13.426    
    SLICE_X43Y77         FDRE (Setup_fdre_C_D)        0.029    13.455    dac_dat_b_reg[12]
  -------------------------------------------------------------------
                         required time                         13.455    
                         arrival time                          -9.891    
  -------------------------------------------------------------------
                         slack                                  3.564    

Slack (MET) :             3.600ns  (required time - arrival time)
  Source:                 i_laser_lock_core/u_output_protect/data_o_reg[1]/C
                            (rising edge-triggered cell FDCE clocked by pll_adc_clk  {rise@0.000ns fall@4.000ns period=8.000ns})
  Destination:            dac_dat_a_reg[1]/D
                            (rising edge-triggered cell FDRE clocked by pll_dac_clk_1x  {rise@0.000ns fall@4.000ns period=8.000ns})
  Path Group:             pll_dac_clk_1x
  Path Type:              Setup (Max at Slow Process Corner)
  Requirement:            8.000ns  (pll_dac_clk_1x rise@8.000ns - pll_adc_clk rise@0.000ns)
  Data Path Delay:        3.875ns  (logic 0.580ns (14.966%)  route 3.295ns (85.034%))
  Logic Levels:           1  (LUT1=1)
  Clock Path Skew:        -0.366ns (DCD - SCD + CPR)
    Destination Clock Delay (DCD):    5.441ns = ( 13.441 - 8.000 ) 
    Source Clock Delay      (SCD):    5.980ns
    Clock Pessimism Removal (CPR):    0.173ns
  Clock Uncertainty:      0.189ns  ((TSJ^2 + DJ^2)^1/2) / 2 + PE
    Total System Jitter     (TSJ):    0.071ns
    Discrete Jitter          (DJ):    0.118ns
    Phase Error              (PE):    0.120ns

    Location             Delay type                Incr(ns)  Path(ns)    Netlist Resource(s)
  -------------------------------------------------------------------    -------------------
                         (clock pll_adc_clk rise edge)
                                                      0.000     0.000 r  
    U18                                               0.000     0.000 r  adc_clk_i[1] (IN)
                         net (fo=0)                   0.000     0.000    adc_clk_i[1]
    U18                  IBUFDS (Prop_ibufds_I_O)     0.983     0.983 r  i_clk/O
                         net (fo=1, routed)           1.306     2.289    pll/adc_clk_in
    PLLE2_ADV_X0Y0       PLLE2_ADV (Prop_plle2_adv_CLKIN1_CLKOUT0)
                                                      0.089     2.378 r  pll/pll/CLKOUT0
                         net (fo=1, routed)           1.754     4.132    pll_adc_clk
    BUFGCTRL_X0Y0        BUFG (Prop_bufg_I_O)         0.101     4.233 r  bufg_adc_clk/O
                         net (fo=8602, routed)        1.747     5.980    i_laser_lock_core/u_output_protect/adc_clk
    SLICE_X39Y13         FDCE                                         r  i_laser_lock_core/u_output_protect/data_o_reg[1]/C
  -------------------------------------------------------------------    -------------------
    SLICE_X39Y13         FDCE (Prop_fdce_C_Q)         0.456     6.436 f  i_laser_lock_core/u_output_protect/data_o_reg[1]/Q
                         net (fo=10, routed)          3.295     9.732    i_laser_lock_core/u_output_protect/Q[1]
    SLICE_X43Y76         LUT1 (Prop_lut1_I0_O)        0.124     9.856 r  i_laser_lock_core/u_output_protect/dac_dat_a[1]_i_1/O
                         net (fo=1, routed)           0.000     9.856    i_laser_lock_core_n_43
    SLICE_X43Y76         FDRE                                         r  dac_dat_a_reg[1]/D
  -------------------------------------------------------------------    -------------------

                         (clock pll_dac_clk_1x rise edge)
                                                      8.000     8.000 r  
    U18                                               0.000     8.000 r  adc_clk_i[1] (IN)
                         net (fo=0)                   0.000     8.000    adc_clk_i[1]
    U18                  IBUFDS (Prop_ibufds_I_O)     0.940     8.940 r  i_clk/O
                         net (fo=1, routed)           1.181    10.121    pll/adc_clk_in
    PLLE2_ADV_X0Y0       PLLE2_ADV (Prop_plle2_adv_CLKIN1_CLKOUT1)
                                                      0.084    10.205 r  pll/pll/CLKOUT1
                         net (fo=1, routed)           1.594    11.799    pll_dac_clk_1x
    BUFGCTRL_X0Y2        BUFG (Prop_bufg_I_O)         0.091    11.890 r  bufg_dac_clk_1x/O
                         net (fo=45, routed)          1.551    13.441    dac_clk_1x
    SLICE_X43Y76         FDRE                                         r  dac_dat_a_reg[1]/C
                         clock pessimism              0.173    13.614    
                         clock uncertainty           -0.189    13.425    
    SLICE_X43Y76         FDRE (Setup_fdre_C_D)        0.031    13.456    dac_dat_a_reg[1]
  -------------------------------------------------------------------
                         required time                         13.456    
                         arrival time                          -9.856    
  -------------------------------------------------------------------
                         slack                                  3.600    

Slack (MET) :             3.632ns  (required time - arrival time)
  Source:                 i_laser_lock_core/u_output_protect/data_o_reg[12]/C
                            (rising edge-triggered cell FDCE clocked by pll_adc_clk  {rise@0.000ns fall@4.000ns period=8.000ns})
  Destination:            dac_dat_a_reg[12]/D
                            (rising edge-triggered cell FDRE clocked by pll_dac_clk_1x  {rise@0.000ns fall@4.000ns period=8.000ns})
  Path Group:             pll_dac_clk_1x
  Path Type:              Setup (Max at Slow Process Corner)
  Requirement:            8.000ns  (pll_dac_clk_1x rise@8.000ns - pll_adc_clk rise@0.000ns)
  Data Path Delay:        3.849ns  (logic 0.642ns (16.678%)  route 3.207ns (83.322%))
  Logic Levels:           1  (LUT1=1)
  Clock Path Skew:        -0.358ns (DCD - SCD + CPR)
    Destination Clock Delay (DCD):    5.446ns = ( 13.446 - 8.000 ) 
    Source Clock Delay      (SCD):    5.977ns
    Clock Pessimism Removal (CPR):    0.173ns
  Clock Uncertainty:      0.189ns  ((TSJ^2 + DJ^2)^1/2) / 2 + PE
    Total System Jitter     (TSJ):    0.071ns
    Discrete Jitter          (DJ):    0.118ns
    Phase Error              (PE):    0.120ns

    Location             Delay type                Incr(ns)  Path(ns)    Netlist Resource(s)
  -------------------------------------------------------------------    -------------------
                         (clock pll_adc_clk rise edge)
                                                      0.000     0.000 r  
    U18                                               0.000     0.000 r  adc_clk_i[1] (IN)
                         net (fo=0)                   0.000     0.000    adc_clk_i[1]
    U18                  IBUFDS (Prop_ibufds_I_O)     0.983     0.983 r  i_clk/O
                         net (fo=1, routed)           1.306     2.289    pll/adc_clk_in
    PLLE2_ADV_X0Y0       PLLE2_ADV (Prop_plle2_adv_CLKIN1_CLKOUT0)
                                                      0.089     2.378 r  pll/pll/CLKOUT0
                         net (fo=1, routed)           1.754     4.132    pll_adc_clk
    BUFGCTRL_X0Y0        BUFG (Prop_bufg_I_O)         0.101     4.233 r  bufg_adc_clk/O
                         net (fo=8602, routed)        1.744     5.977    i_laser_lock_core/u_output_protect/adc_clk
    SLICE_X38Y16         FDCE                                         r  i_laser_lock_core/u_output_protect/data_o_reg[12]/C
  -------------------------------------------------------------------    -------------------
    SLICE_X38Y16         FDCE (Prop_fdce_C_Q)         0.518     6.495 f  i_laser_lock_core/u_output_protect/data_o_reg[12]/Q
                         net (fo=10, routed)          3.207     9.703    i_laser_lock_core/u_output_protect/Q[12]
    SLICE_X43Y81         LUT1 (Prop_lut1_I0_O)        0.124     9.827 r  i_laser_lock_core/u_output_protect/dac_dat_a[12]_i_1/O
                         net (fo=1, routed)           0.000     9.827    i_laser_lock_core_n_32
    SLICE_X43Y81         FDRE                                         r  dac_dat_a_reg[12]/D
  -------------------------------------------------------------------    -------------------

                         (clock pll_dac_clk_1x rise edge)
                                                      8.000     8.000 r  
    U18                                               0.000     8.000 r  adc_clk_i[1] (IN)
                         net (fo=0)                   0.000     8.000    adc_clk_i[1]
    U18                  IBUFDS (Prop_ibufds_I_O)     0.940     8.940 r  i_clk/O
                         net (fo=1, routed)           1.181    10.121    pll/adc_clk_in
    PLLE2_ADV_X0Y0       PLLE2_ADV (Prop_plle2_adv_CLKIN1_CLKOUT1)
                                                      0.084    10.205 r  pll/pll/CLKOUT1
                         net (fo=1, routed)           1.594    11.799    pll_dac_clk_1x
    BUFGCTRL_X0Y2        BUFG (Prop_bufg_I_O)         0.091    11.890 r  bufg_dac_clk_1x/O
                         net (fo=45, routed)          1.556    13.446    dac_clk_1x
    SLICE_X43Y81         FDRE                                         r  dac_dat_a_reg[12]/C
                         clock pessimism              0.173    13.619    
                         clock uncertainty           -0.189    13.430    
    SLICE_X43Y81         FDRE (Setup_fdre_C_D)        0.029    13.459    dac_dat_a_reg[12]
  -------------------------------------------------------------------
                         required time                         13.459    
                         arrival time                          -9.827    
  -------------------------------------------------------------------
                         slack                                  3.632    

Slack (MET) :             3.739ns  (required time - arrival time)
  Source:                 i_out2_lock_controller/control_o_reg[1]/C
                            (rising edge-triggered cell FDRE clocked by pll_adc_clk  {rise@0.000ns fall@4.000ns period=8.000ns})
  Destination:            dac_dat_b_reg[1]/D
                            (rising edge-triggered cell FDRE clocked by pll_dac_clk_1x  {rise@0.000ns fall@4.000ns period=8.000ns})
  Path Group:             pll_dac_clk_1x
  Path Type:              Setup (Max at Slow Process Corner)
  Requirement:            8.000ns  (pll_dac_clk_1x rise@8.000ns - pll_adc_clk rise@0.000ns)
  Data Path Delay:        3.868ns  (logic 0.642ns (16.596%)  route 3.226ns (83.404%))
  Logic Levels:           1  (LUT1=1)
  Clock Path Skew:        -0.284ns (DCD - SCD + CPR)
    Destination Clock Delay (DCD):    5.441ns = ( 13.441 - 8.000 ) 
    Source Clock Delay      (SCD):    5.898ns
    Clock Pessimism Removal (CPR):    0.173ns
  Clock Uncertainty:      0.189ns  ((TSJ^2 + DJ^2)^1/2) / 2 + PE
    Total System Jitter     (TSJ):    0.071ns
    Discrete Jitter          (DJ):    0.118ns
    Phase Error              (PE):    0.120ns

    Location             Delay type                Incr(ns)  Path(ns)    Netlist Resource(s)
  -------------------------------------------------------------------    -------------------
                         (clock pll_adc_clk rise edge)
                                                      0.000     0.000 r  
    U18                                               0.000     0.000 r  adc_clk_i[1] (IN)
                         net (fo=0)                   0.000     0.000    adc_clk_i[1]
    U18                  IBUFDS (Prop_ibufds_I_O)     0.983     0.983 r  i_clk/O
                         net (fo=1, routed)           1.306     2.289    pll/adc_clk_in
    PLLE2_ADV_X0Y0       PLLE2_ADV (Prop_plle2_adv_CLKIN1_CLKOUT0)
                                                      0.089     2.378 r  pll/pll/CLKOUT0
                         net (fo=1, routed)           1.754     4.132    pll_adc_clk
    BUFGCTRL_X0Y0        BUFG (Prop_bufg_I_O)         0.101     4.233 r  bufg_adc_clk/O
                         net (fo=8602, routed)        1.665     5.898    i_out2_lock_controller/adc_clk
    SLICE_X20Y33         FDRE                                         r  i_out2_lock_controller/control_o_reg[1]/C
  -------------------------------------------------------------------    -------------------
    SLICE_X20Y33         FDRE (Prop_fdre_C_Q)         0.518     6.416 f  i_out2_lock_controller/control_o_reg[1]/Q
                         net (fo=22, routed)          3.226     9.643    i_out2_lock_controller/control_o_reg[13]_0[1]
    SLICE_X42Y76         LUT1 (Prop_lut1_I0_O)        0.124     9.767 r  i_out2_lock_controller/dac_dat_b[1]_i_1/O
                         net (fo=1, routed)           0.000     9.767    i_out2_lock_controller_n_77
    SLICE_X42Y76         FDRE                                         r  dac_dat_b_reg[1]/D
  -------------------------------------------------------------------    -------------------

                         (clock pll_dac_clk_1x rise edge)
                                                      8.000     8.000 r  
    U18                                               0.000     8.000 r  adc_clk_i[1] (IN)
                         net (fo=0)                   0.000     8.000    adc_clk_i[1]
    U18                  IBUFDS (Prop_ibufds_I_O)     0.940     8.940 r  i_clk/O
                         net (fo=1, routed)           1.181    10.121    pll/adc_clk_in
    PLLE2_ADV_X0Y0       PLLE2_ADV (Prop_plle2_adv_CLKIN1_CLKOUT1)
                                                      0.084    10.205 r  pll/pll/CLKOUT1
                         net (fo=1, routed)           1.594    11.799    pll_dac_clk_1x
    BUFGCTRL_X0Y2        BUFG (Prop_bufg_I_O)         0.091    11.890 r  bufg_dac_clk_1x/O
                         net (fo=45, routed)          1.551    13.441    dac_clk_1x
    SLICE_X42Y76         FDRE                                         r  dac_dat_b_reg[1]/C
                         clock pessimism              0.173    13.614    
                         clock uncertainty           -0.189    13.425    
    SLICE_X42Y76         FDRE (Setup_fdre_C_D)        0.081    13.506    dac_dat_b_reg[1]
  -------------------------------------------------------------------
                         required time                         13.506    
                         arrival time                          -9.767    
  -------------------------------------------------------------------
                         slack                                  3.739    

Slack (MET) :             3.757ns  (required time - arrival time)
  Source:                 i_out2_lock_controller/control_o_reg[7]/C
                            (rising edge-triggered cell FDRE clocked by pll_adc_clk  {rise@0.000ns fall@4.000ns period=8.000ns})
  Destination:            dac_dat_b_reg[7]/D
                            (rising edge-triggered cell FDRE clocked by pll_dac_clk_1x  {rise@0.000ns fall@4.000ns period=8.000ns})
  Path Group:             pll_dac_clk_1x
  Path Type:              Setup (Max at Slow Process Corner)
  Requirement:            8.000ns  (pll_dac_clk_1x rise@8.000ns - pll_adc_clk rise@0.000ns)
  Data Path Delay:        3.806ns  (logic 0.580ns (15.240%)  route 3.226ns (84.760%))
  Logic Levels:           1  (LUT1=1)
  Clock Path Skew:        -0.277ns (DCD - SCD + CPR)
    Destination Clock Delay (DCD):    5.452ns = ( 13.452 - 8.000 ) 
    Source Clock Delay      (SCD):    5.902ns
    Clock Pessimism Removal (CPR):    0.173ns
  Clock Uncertainty:      0.189ns  ((TSJ^2 + DJ^2)^1/2) / 2 + PE
    Total System Jitter     (TSJ):    0.071ns
    Discrete Jitter          (DJ):    0.118ns
    Phase Error              (PE):    0.120ns

    Location             Delay type                Incr(ns)  Path(ns)    Netlist Resource(s)
  -------------------------------------------------------------------    -------------------
                         (clock pll_adc_clk rise edge)
                                                      0.000     0.000 r  
    U18                                               0.000     0.000 r  adc_clk_i[1] (IN)
                         net (fo=0)                   0.000     0.000    adc_clk_i[1]
    U18                  IBUFDS (Prop_ibufds_I_O)     0.983     0.983 r  i_clk/O
                         net (fo=1, routed)           1.306     2.289    pll/adc_clk_in
    PLLE2_ADV_X0Y0       PLLE2_ADV (Prop_plle2_adv_CLKIN1_CLKOUT0)
                                                      0.089     2.378 r  pll/pll/CLKOUT0
                         net (fo=1, routed)           1.754     4.132    pll_adc_clk
    BUFGCTRL_X0Y0        BUFG (Prop_bufg_I_O)         0.101     4.233 r  bufg_adc_clk/O
                         net (fo=8602, routed)        1.669     5.902    i_out2_lock_controller/adc_clk
    SLICE_X17Y36         FDRE                                         r  i_out2_lock_controller/control_o_reg[7]/C
  -------------------------------------------------------------------    -------------------
    SLICE_X17Y36         FDRE (Prop_fdre_C_Q)         0.456     6.358 f  i_out2_lock_controller/control_o_reg[7]/Q
                         net (fo=22, routed)          3.226     9.584    i_out2_lock_controller/control_o_reg[13]_0[7]
    SLICE_X43Y62         LUT1 (Prop_lut1_I0_O)        0.124     9.708 r  i_out2_lock_controller/dac_dat_b[7]_i_1/O
                         net (fo=1, routed)           0.000     9.708    i_out2_lock_controller_n_71
    SLICE_X43Y62         FDRE                                         r  dac_dat_b_reg[7]/D
  -------------------------------------------------------------------    -------------------

                         (clock pll_dac_clk_1x rise edge)
                                                      8.000     8.000 r  
    U18                                               0.000     8.000 r  adc_clk_i[1] (IN)
                         net (fo=0)                   0.000     8.000    adc_clk_i[1]
    U18                  IBUFDS (Prop_ibufds_I_O)     0.940     8.940 r  i_clk/O
                         net (fo=1, routed)           1.181    10.121    pll/adc_clk_in
    PLLE2_ADV_X0Y0       PLLE2_ADV (Prop_plle2_adv_CLKIN1_CLKOUT1)
                                                      0.084    10.205 r  pll/pll/CLKOUT1
                         net (fo=1, routed)           1.594    11.799    pll_dac_clk_1x
    BUFGCTRL_X0Y2        BUFG (Prop_bufg_I_O)         0.091    11.890 r  bufg_dac_clk_1x/O
                         net (fo=45, routed)          1.562    13.452    dac_clk_1x
    SLICE_X43Y62         FDRE                                         r  dac_dat_b_reg[7]/C
                         clock pessimism              0.173    13.625    
                         clock uncertainty           -0.189    13.436    
    SLICE_X43Y62         FDRE (Setup_fdre_C_D)        0.029    13.465    dac_dat_b_reg[7]
  -------------------------------------------------------------------
                         required time                         13.465    
                         arrival time                          -9.708    
  -------------------------------------------------------------------
                         slack                                  3.757    

Slack (MET) :             3.912ns  (required time - arrival time)
  Source:                 i_laser_lock_core/u_output_protect/data_o_reg[2]/C
                            (rising edge-triggered cell FDCE clocked by pll_adc_clk  {rise@0.000ns fall@4.000ns period=8.000ns})
  Destination:            dac_dat_a_reg[2]/D
                            (rising edge-triggered cell FDRE clocked by pll_dac_clk_1x  {rise@0.000ns fall@4.000ns period=8.000ns})
  Path Group:             pll_dac_clk_1x
  Path Type:              Setup (Max at Slow Process Corner)
  Requirement:            8.000ns  (pll_dac_clk_1x rise@8.000ns - pll_adc_clk rise@0.000ns)
  Data Path Delay:        3.618ns  (logic 0.642ns (17.743%)  route 2.976ns (82.257%))
  Logic Levels:           1  (LUT1=1)
  Clock Path Skew:        -0.358ns (DCD - SCD + CPR)
    Destination Clock Delay (DCD):    5.446ns = ( 13.446 - 8.000 ) 
    Source Clock Delay      (SCD):    5.977ns
    Clock Pessimism Removal (CPR):    0.173ns
  Clock Uncertainty:      0.189ns  ((TSJ^2 + DJ^2)^1/2) / 2 + PE
    Total System Jitter     (TSJ):    0.071ns
    Discrete Jitter          (DJ):    0.118ns
    Phase Error              (PE):    0.120ns

    Location             Delay type                Incr(ns)  Path(ns)    Netlist Resource(s)
  -------------------------------------------------------------------    -------------------
                         (clock pll_adc_clk rise edge)
                                                      0.000     0.000 r  
    U18                                               0.000     0.000 r  adc_clk_i[1] (IN)
                         net (fo=0)                   0.000     0.000    adc_clk_i[1]
    U18                  IBUFDS (Prop_ibufds_I_O)     0.983     0.983 r  i_clk/O
                         net (fo=1, routed)           1.306     2.289    pll/adc_clk_in
    PLLE2_ADV_X0Y0       PLLE2_ADV (Prop_plle2_adv_CLKIN1_CLKOUT0)
                                                      0.089     2.378 r  pll/pll/CLKOUT0
                         net (fo=1, routed)           1.754     4.132    pll_adc_clk
    BUFGCTRL_X0Y0        BUFG (Prop_bufg_I_O)         0.101     4.233 r  bufg_adc_clk/O
                         net (fo=8602, routed)        1.744     5.977    i_laser_lock_core/u_output_protect/adc_clk
    SLICE_X38Y16         FDCE                                         r  i_laser_lock_core/u_output_protect/data_o_reg[2]/C
  -------------------------------------------------------------------    -------------------
    SLICE_X38Y16         FDCE (Prop_fdce_C_Q)         0.518     6.495 f  i_laser_lock_core/u_output_protect/data_o_reg[2]/Q
                         net (fo=10, routed)          2.976     9.471    i_laser_lock_core/u_output_protect/Q[2]
    SLICE_X42Y68         LUT1 (Prop_lut1_I0_O)        0.124     9.595 r  i_laser_lock_core/u_output_protect/dac_dat_a[2]_i_1/O
                         net (fo=1, routed)           0.000     9.595    i_laser_lock_core_n_42
    SLICE_X42Y68         FDRE                                         r  dac_dat_a_reg[2]/D
  -------------------------------------------------------------------    -------------------

                         (clock pll_dac_clk_1x rise edge)
                                                      8.000     8.000 r  
    U18                                               0.000     8.000 r  adc_clk_i[1] (IN)
                         net (fo=0)                   0.000     8.000    adc_clk_i[1]
    U18                  IBUFDS (Prop_ibufds_I_O)     0.940     8.940 r  i_clk/O
                         net (fo=1, routed)           1.181    10.121    pll/adc_clk_in
    PLLE2_ADV_X0Y0       PLLE2_ADV (Prop_plle2_adv_CLKIN1_CLKOUT1)
                                                      0.084    10.205 r  pll/pll/CLKOUT1
                         net (fo=1, routed)           1.594    11.799    pll_dac_clk_1x
    BUFGCTRL_X0Y2        BUFG (Prop_bufg_I_O)         0.091    11.890 r  bufg_dac_clk_1x/O
                         net (fo=45, routed)          1.556    13.446    dac_clk_1x
    SLICE_X42Y68         FDRE                                         r  dac_dat_a_reg[2]/C
                         clock pessimism              0.173    13.619    
                         clock uncertainty           -0.189    13.430    
    SLICE_X42Y68         FDRE (Setup_fdre_C_D)        0.077    13.507    dac_dat_a_reg[2]
  -------------------------------------------------------------------
                         required time                         13.507    
                         arrival time                          -9.595    
  -------------------------------------------------------------------
                         slack                                  3.912    





Min Delay Paths
--------------------------------------------------------------------------------------
Slack (MET) :             0.377ns  (arrival time - required time)
  Source:                 i_laser_lock_core/u_output_protect/data_o_reg[6]/C
                            (rising edge-triggered cell FDCE clocked by pll_adc_clk  {rise@0.000ns fall@4.000ns period=8.000ns})
  Destination:            dac_dat_a_reg[6]/D
                            (rising edge-triggered cell FDRE clocked by pll_dac_clk_1x  {rise@0.000ns fall@4.000ns period=8.000ns})
  Path Group:             pll_dac_clk_1x
  Path Type:              Hold (Min at Fast Process Corner)
  Requirement:            0.000ns  (pll_dac_clk_1x rise@0.000ns - pll_adc_clk rise@0.000ns)
  Data Path Delay:        1.005ns  (logic 0.186ns (18.510%)  route 0.819ns (81.490%))
  Logic Levels:           1  (LUT1=1)
  Clock Path Skew:        0.318ns (DCD - SCD - CPR)
    Destination Clock Delay (DCD):    2.397ns
    Source Clock Delay      (SCD):    2.003ns
    Clock Pessimism Removal (CPR):    0.075ns
  Clock Uncertainty:      0.189ns  ((TSJ^2 + DJ^2)^1/2) / 2 + PE
    Total System Jitter     (TSJ):    0.071ns
    Discrete Jitter          (DJ):    0.118ns
    Phase Error              (PE):    0.120ns

    Location             Delay type                Incr(ns)  Path(ns)    Netlist Resource(s)
  -------------------------------------------------------------------    -------------------
                         (clock pll_adc_clk rise edge)
                                                      0.000     0.000 r  
    U18                                               0.000     0.000 r  adc_clk_i[1] (IN)
                         net (fo=0)                   0.000     0.000    adc_clk_i[1]
    U18                  IBUFDS (Prop_ibufds_I_O)     0.401     0.401 r  i_clk/O
                         net (fo=1, routed)           0.440     0.842    pll/adc_clk_in
    PLLE2_ADV_X0Y0       PLLE2_ADV (Prop_plle2_adv_CLKIN1_CLKOUT0)
                                                      0.051     0.893 r  pll/pll/CLKOUT0
                         net (fo=1, routed)           0.497     1.390    pll_adc_clk
    BUFGCTRL_X0Y0        BUFG (Prop_bufg_I_O)         0.026     1.416 r  bufg_adc_clk/O
                         net (fo=8602, routed)        0.588     2.003    i_laser_lock_core/u_output_protect/adc_clk
    SLICE_X40Y15         FDCE                                         r  i_laser_lock_core/u_output_protect/data_o_reg[6]/C
  -------------------------------------------------------------------    -------------------
    SLICE_X40Y15         FDCE (Prop_fdce_C_Q)         0.141     2.144 f  i_laser_lock_core/u_output_protect/data_o_reg[6]/Q
                         net (fo=10, routed)          0.819     2.963    i_laser_lock_core/u_output_protect/Q[6]
    SLICE_X42Y62         LUT1 (Prop_lut1_I0_O)        0.045     3.008 r  i_laser_lock_core/u_output_protect/dac_dat_a[6]_i_1/O
                         net (fo=1, routed)           0.000     3.008    i_laser_lock_core_n_38
    SLICE_X42Y62         FDRE                                         r  dac_dat_a_reg[6]/D
  -------------------------------------------------------------------    -------------------

                         (clock pll_dac_clk_1x rise edge)
                                                      0.000     0.000 r  
    U18                                               0.000     0.000 r  adc_clk_i[1] (IN)
                         net (fo=0)                   0.000     0.000    adc_clk_i[1]
    U18                  IBUFDS (Prop_ibufds_I_O)     0.433     0.433 r  i_clk/O
                         net (fo=1, routed)           0.481     0.914    pll/adc_clk_in
    PLLE2_ADV_X0Y0       PLLE2_ADV (Prop_plle2_adv_CLKIN1_CLKOUT1)
                                                      0.054     0.968 r  pll/pll/CLKOUT1
                         net (fo=1, routed)           0.544     1.512    pll_dac_clk_1x
    BUFGCTRL_X0Y2        BUFG (Prop_bufg_I_O)         0.029     1.541 r  bufg_dac_clk_1x/O
                         net (fo=45, routed)          0.856     2.397    dac_clk_1x
    SLICE_X42Y62         FDRE                                         r  dac_dat_a_reg[6]/C
                         clock pessimism             -0.075     2.322    
                         clock uncertainty            0.189     2.511    
    SLICE_X42Y62         FDRE (Hold_fdre_C_D)         0.120     2.631    dac_dat_a_reg[6]
  -------------------------------------------------------------------
                         required time                         -2.631    
                         arrival time                           3.008    
  -------------------------------------------------------------------
                         slack                                  0.377    

Slack (MET) :             0.402ns  (arrival time - required time)
  Source:                 i_out2_lock_controller/control_o_reg[10]/C
                            (rising edge-triggered cell FDRE clocked by pll_adc_clk  {rise@0.000ns fall@4.000ns period=8.000ns})
  Destination:            dac_dat_b_reg[10]/D
                            (rising edge-triggered cell FDRE clocked by pll_dac_clk_1x  {rise@0.000ns fall@4.000ns period=8.000ns})
  Path Group:             pll_dac_clk_1x
  Path Type:              Hold (Min at Fast Process Corner)
  Requirement:            0.000ns  (pll_dac_clk_1x rise@0.000ns - pll_adc_clk rise@0.000ns)
  Data Path Delay:        1.058ns  (logic 0.186ns (17.575%)  route 0.872ns (82.425%))
  Logic Levels:           1  (LUT1=1)
  Clock Path Skew:        0.346ns (DCD - SCD - CPR)
    Destination Clock Delay (DCD):    2.396ns
    Source Clock Delay      (SCD):    1.974ns
    Clock Pessimism Removal (CPR):    0.075ns
  Clock Uncertainty:      0.189ns  ((TSJ^2 + DJ^2)^1/2) / 2 + PE
    Total System Jitter     (TSJ):    0.071ns
    Discrete Jitter          (DJ):    0.118ns
    Phase Error              (PE):    0.120ns

    Location             Delay type                Incr(ns)  Path(ns)    Netlist Resource(s)
  -------------------------------------------------------------------    -------------------
                         (clock pll_adc_clk rise edge)
                                                      0.000     0.000 r  
    U18                                               0.000     0.000 r  adc_clk_i[1] (IN)
                         net (fo=0)                   0.000     0.000    adc_clk_i[1]
    U18                  IBUFDS (Prop_ibufds_I_O)     0.401     0.401 r  i_clk/O
                         net (fo=1, routed)           0.440     0.842    pll/adc_clk_in
    PLLE2_ADV_X0Y0       PLLE2_ADV (Prop_plle2_adv_CLKIN1_CLKOUT0)
                                                      0.051     0.893 r  pll/pll/CLKOUT0
                         net (fo=1, routed)           0.497     1.390    pll_adc_clk
    BUFGCTRL_X0Y0        BUFG (Prop_bufg_I_O)         0.026     1.416 r  bufg_adc_clk/O
                         net (fo=8602, routed)        0.559     1.974    i_out2_lock_controller/adc_clk
    SLICE_X27Y35         FDRE                                         r  i_out2_lock_controller/control_o_reg[10]/C
  -------------------------------------------------------------------    -------------------
    SLICE_X27Y35         FDRE (Prop_fdre_C_Q)         0.141     2.115 f  i_out2_lock_controller/control_o_reg[10]/Q
                         net (fo=22, routed)          0.872     2.988    i_out2_lock_controller/control_o_reg[13]_0[10]
    SLICE_X42Y64         LUT1 (Prop_lut1_I0_O)        0.045     3.033 r  i_out2_lock_controller/dac_dat_b[10]_i_1/O
                         net (fo=1, routed)           0.000     3.033    i_out2_lock_controller_n_68
    SLICE_X42Y64         FDRE                                         r  dac_dat_b_reg[10]/D
  -------------------------------------------------------------------    -------------------

                         (clock pll_dac_clk_1x rise edge)
                                                      0.000     0.000 r  
    U18                                               0.000     0.000 r  adc_clk_i[1] (IN)
                         net (fo=0)                   0.000     0.000    adc_clk_i[1]
    U18                  IBUFDS (Prop_ibufds_I_O)     0.433     0.433 r  i_clk/O
                         net (fo=1, routed)           0.481     0.914    pll/adc_clk_in
    PLLE2_ADV_X0Y0       PLLE2_ADV (Prop_plle2_adv_CLKIN1_CLKOUT1)
                                                      0.054     0.968 r  pll/pll/CLKOUT1
                         net (fo=1, routed)           0.544     1.512    pll_dac_clk_1x
    BUFGCTRL_X0Y2        BUFG (Prop_bufg_I_O)         0.029     1.541 r  bufg_dac_clk_1x/O
                         net (fo=45, routed)          0.855     2.396    dac_clk_1x
    SLICE_X42Y64         FDRE                                         r  dac_dat_b_reg[10]/C
                         clock pessimism             -0.075     2.321    
                         clock uncertainty            0.189     2.510    
    SLICE_X42Y64         FDRE (Hold_fdre_C_D)         0.121     2.631    dac_dat_b_reg[10]
  -------------------------------------------------------------------
                         required time                         -2.631    
                         arrival time                           3.033    
  -------------------------------------------------------------------
                         slack                                  0.402    

Slack (MET) :             0.445ns  (arrival time - required time)
  Source:                 i_laser_lock_core/u_output_protect/data_o_reg[5]/C
                            (rising edge-triggered cell FDCE clocked by pll_adc_clk  {rise@0.000ns fall@4.000ns period=8.000ns})
  Destination:            dac_dat_a_reg[5]/D
                            (rising edge-triggered cell FDRE clocked by pll_dac_clk_1x  {rise@0.000ns fall@4.000ns period=8.000ns})
  Path Group:             pll_dac_clk_1x
  Path Type:              Hold (Min at Fast Process Corner)
  Requirement:            0.000ns  (pll_dac_clk_1x rise@0.000ns - pll_adc_clk rise@0.000ns)
  Data Path Delay:        1.068ns  (logic 0.186ns (17.412%)  route 0.882ns (82.588%))
  Logic Levels:           1  (LUT1=1)
  Clock Path Skew:        0.313ns (DCD - SCD - CPR)
    Destination Clock Delay (DCD):    2.392ns
    Source Clock Delay      (SCD):    2.003ns
    Clock Pessimism Removal (CPR):    0.075ns
  Clock Uncertainty:      0.189ns  ((TSJ^2 + DJ^2)^1/2) / 2 + PE
    Total System Jitter     (TSJ):    0.071ns
    Discrete Jitter          (DJ):    0.118ns
    Phase Error              (PE):    0.120ns

    Location             Delay type                Incr(ns)  Path(ns)    Netlist Resource(s)
  -------------------------------------------------------------------    -------------------
                         (clock pll_adc_clk rise edge)
                                                      0.000     0.000 r  
    U18                                               0.000     0.000 r  adc_clk_i[1] (IN)
                         net (fo=0)                   0.000     0.000    adc_clk_i[1]
    U18                  IBUFDS (Prop_ibufds_I_O)     0.401     0.401 r  i_clk/O
                         net (fo=1, routed)           0.440     0.842    pll/adc_clk_in
    PLLE2_ADV_X0Y0       PLLE2_ADV (Prop_plle2_adv_CLKIN1_CLKOUT0)
                                                      0.051     0.893 r  pll/pll/CLKOUT0
                         net (fo=1, routed)           0.497     1.390    pll_adc_clk
    BUFGCTRL_X0Y0        BUFG (Prop_bufg_I_O)         0.026     1.416 r  bufg_adc_clk/O
                         net (fo=8602, routed)        0.588     2.003    i_laser_lock_core/u_output_protect/adc_clk
    SLICE_X40Y15         FDCE                                         r  i_laser_lock_core/u_output_protect/data_o_reg[5]/C
  -------------------------------------------------------------------    -------------------
    SLICE_X40Y15         FDCE (Prop_fdce_C_Q)         0.141     2.144 f  i_laser_lock_core/u_output_protect/data_o_reg[5]/Q
                         net (fo=10, routed)          0.882     3.026    i_laser_lock_core/u_output_protect/Q[5]
    SLICE_X42Y68         LUT1 (Prop_lut1_I0_O)        0.045     3.071 r  i_laser_lock_core/u_output_protect/dac_dat_a[5]_i_1/O
                         net (fo=1, routed)           0.000     3.071    i_laser_lock_core_n_39
    SLICE_X42Y68         FDRE                                         r  dac_dat_a_reg[5]/D
  -------------------------------------------------------------------    -------------------

                         (clock pll_dac_clk_1x rise edge)
                                                      0.000     0.000 r  
    U18                                               0.000     0.000 r  adc_clk_i[1] (IN)
                         net (fo=0)                   0.000     0.000    adc_clk_i[1]
    U18                  IBUFDS (Prop_ibufds_I_O)     0.433     0.433 r  i_clk/O
                         net (fo=1, routed)           0.481     0.914    pll/adc_clk_in
    PLLE2_ADV_X0Y0       PLLE2_ADV (Prop_plle2_adv_CLKIN1_CLKOUT1)
                                                      0.054     0.968 r  pll/pll/CLKOUT1
                         net (fo=1, routed)           0.544     1.512    pll_dac_clk_1x
    BUFGCTRL_X0Y2        BUFG (Prop_bufg_I_O)         0.029     1.541 r  bufg_dac_clk_1x/O
                         net (fo=45, routed)          0.851     2.392    dac_clk_1x
    SLICE_X42Y68         FDRE                                         r  dac_dat_a_reg[5]/C
                         clock pessimism             -0.075     2.317    
                         clock uncertainty            0.189     2.506    
    SLICE_X42Y68         FDRE (Hold_fdre_C_D)         0.121     2.627    dac_dat_a_reg[5]
  -------------------------------------------------------------------
                         required time                         -2.627    
                         arrival time                           3.071    
  -------------------------------------------------------------------
                         slack                                  0.445    

Slack (MET) :             0.543ns  (arrival time - required time)
  Source:                 i_laser_lock_core/u_output_protect/data_o_reg[9]/C
                            (rising edge-triggered cell FDCE clocked by pll_adc_clk  {rise@0.000ns fall@4.000ns period=8.000ns})
  Destination:            dac_dat_a_reg[9]/D
                            (rising edge-triggered cell FDRE clocked by pll_dac_clk_1x  {rise@0.000ns fall@4.000ns period=8.000ns})
  Path Group:             pll_dac_clk_1x
  Path Type:              Hold (Min at Fast Process Corner)
  Requirement:            0.000ns  (pll_dac_clk_1x rise@0.000ns - pll_adc_clk rise@0.000ns)
  Data Path Delay:        1.173ns  (logic 0.186ns (15.858%)  route 0.987ns (84.142%))
  Logic Levels:           1  (LUT1=1)
  Clock Path Skew:        0.322ns (DCD - SCD - CPR)
    Destination Clock Delay (DCD):    2.400ns
    Source Clock Delay      (SCD):    2.003ns
    Clock Pessimism Removal (CPR):    0.075ns
  Clock Uncertainty:      0.189ns  ((TSJ^2 + DJ^2)^1/2) / 2 + PE
    Total System Jitter     (TSJ):    0.071ns
    Discrete Jitter          (DJ):    0.118ns
    Phase Error              (PE):    0.120ns

    Location             Delay type                Incr(ns)  Path(ns)    Netlist Resource(s)
  -------------------------------------------------------------------    -------------------
                         (clock pll_adc_clk rise edge)
                                                      0.000     0.000 r  
    U18                                               0.000     0.000 r  adc_clk_i[1] (IN)
                         net (fo=0)                   0.000     0.000    adc_clk_i[1]
    U18                  IBUFDS (Prop_ibufds_I_O)     0.401     0.401 r  i_clk/O
                         net (fo=1, routed)           0.440     0.842    pll/adc_clk_in
    PLLE2_ADV_X0Y0       PLLE2_ADV (Prop_plle2_adv_CLKIN1_CLKOUT0)
                                                      0.051     0.893 r  pll/pll/CLKOUT0
                         net (fo=1, routed)           0.497     1.390    pll_adc_clk
    BUFGCTRL_X0Y0        BUFG (Prop_bufg_I_O)         0.026     1.416 r  bufg_adc_clk/O
                         net (fo=8602, routed)        0.588     2.003    i_laser_lock_core/u_output_protect/adc_clk
    SLICE_X40Y15         FDCE                                         r  i_laser_lock_core/u_output_protect/data_o_reg[9]/C
  -------------------------------------------------------------------    -------------------
    SLICE_X40Y15         FDCE (Prop_fdce_C_Q)         0.141     2.144 f  i_laser_lock_core/u_output_protect/data_o_reg[9]/Q
                         net (fo=10, routed)          0.987     3.131    i_laser_lock_core/u_output_protect/Q[9]
    SLICE_X42Y59         LUT1 (Prop_lut1_I0_O)        0.045     3.176 r  i_laser_lock_core/u_output_protect/dac_dat_a[9]_i_1/O
                         net (fo=1, routed)           0.000     3.176    i_laser_lock_core_n_35
    SLICE_X42Y59         FDRE                                         r  dac_dat_a_reg[9]/D
  -------------------------------------------------------------------    -------------------

                         (clock pll_dac_clk_1x rise edge)
                                                      0.000     0.000 r  
    U18                                               0.000     0.000 r  adc_clk_i[1] (IN)
                         net (fo=0)                   0.000     0.000    adc_clk_i[1]
    U18                  IBUFDS (Prop_ibufds_I_O)     0.433     0.433 r  i_clk/O
                         net (fo=1, routed)           0.481     0.914    pll/adc_clk_in
    PLLE2_ADV_X0Y0       PLLE2_ADV (Prop_plle2_adv_CLKIN1_CLKOUT1)
                                                      0.054     0.968 r  pll/pll/CLKOUT1
                         net (fo=1, routed)           0.544     1.512    pll_dac_clk_1x
    BUFGCTRL_X0Y2        BUFG (Prop_bufg_I_O)         0.029     1.541 r  bufg_dac_clk_1x/O
                         net (fo=45, routed)          0.859     2.400    dac_clk_1x
    SLICE_X42Y59         FDRE                                         r  dac_dat_a_reg[9]/C
                         clock pessimism             -0.075     2.325    
                         clock uncertainty            0.189     2.514    
    SLICE_X42Y59         FDRE (Hold_fdre_C_D)         0.120     2.634    dac_dat_a_reg[9]
  -------------------------------------------------------------------
                         required time                         -2.634    
                         arrival time                           3.176    
  -------------------------------------------------------------------
                         slack                                  0.543    

Slack (MET) :             0.581ns  (arrival time - required time)
  Source:                 i_laser_lock_core/u_output_protect/data_o_reg[13]/C
                            (rising edge-triggered cell FDCE clocked by pll_adc_clk  {rise@0.000ns fall@4.000ns period=8.000ns})
  Destination:            dac_dat_a_reg[13]/D
                            (rising edge-triggered cell FDRE clocked by pll_dac_clk_1x  {rise@0.000ns fall@4.000ns period=8.000ns})
  Path Group:             pll_dac_clk_1x
  Path Type:              Hold (Min at Fast Process Corner)
  Requirement:            0.000ns  (pll_dac_clk_1x rise@0.000ns - pll_adc_clk rise@0.000ns)
  Data Path Delay:        1.145ns  (logic 0.141ns (12.318%)  route 1.004ns (87.682%))
  Logic Levels:           0  
  Clock Path Skew:        0.315ns (DCD - SCD - CPR)
    Destination Clock Delay (DCD):    2.392ns
    Source Clock Delay      (SCD):    2.001ns
    Clock Pessimism Removal (CPR):    0.075ns
  Clock Uncertainty:      0.189ns  ((TSJ^2 + DJ^2)^1/2) / 2 + PE
    Total System Jitter     (TSJ):    0.071ns
    Discrete Jitter          (DJ):    0.118ns
    Phase Error              (PE):    0.120ns

    Location             Delay type                Incr(ns)  Path(ns)    Netlist Resource(s)
  -------------------------------------------------------------------    -------------------
                         (clock pll_adc_clk rise edge)
                                                      0.000     0.000 r  
    U18                                               0.000     0.000 r  adc_clk_i[1] (IN)
                         net (fo=0)                   0.000     0.000    adc_clk_i[1]
    U18                  IBUFDS (Prop_ibufds_I_O)     0.401     0.401 r  i_clk/O
                         net (fo=1, routed)           0.440     0.842    pll/adc_clk_in
    PLLE2_ADV_X0Y0       PLLE2_ADV (Prop_plle2_adv_CLKIN1_CLKOUT0)
                                                      0.051     0.893 r  pll/pll/CLKOUT0
                         net (fo=1, routed)           0.497     1.390    pll_adc_clk
    BUFGCTRL_X0Y0        BUFG (Prop_bufg_I_O)         0.026     1.416 r  bufg_adc_clk/O
                         net (fo=8602, routed)        0.586     2.001    i_laser_lock_core/u_output_protect/adc_clk
    SLICE_X39Y13         FDCE                                         r  i_laser_lock_core/u_output_protect/data_o_reg[13]/C
  -------------------------------------------------------------------    -------------------
    SLICE_X39Y13         FDCE (Prop_fdce_C_Q)         0.141     2.142 r  i_laser_lock_core/u_output_protect/data_o_reg[13]/Q
                         net (fo=8, routed)           1.004     3.146    laser_error[13]
    SLICE_X42Y81         FDRE                                         r  dac_dat_a_reg[13]/D
  -------------------------------------------------------------------    -------------------

                         (clock pll_dac_clk_1x rise edge)
                                                      0.000     0.000 r  
    U18                                               0.000     0.000 r  adc_clk_i[1] (IN)
                         net (fo=0)                   0.000     0.000    adc_clk_i[1]
    U18                  IBUFDS (Prop_ibufds_I_O)     0.433     0.433 r  i_clk/O
                         net (fo=1, routed)           0.481     0.914    pll/adc_clk_in
    PLLE2_ADV_X0Y0       PLLE2_ADV (Prop_plle2_adv_CLKIN1_CLKOUT1)
                                                      0.054     0.968 r  pll/pll/CLKOUT1
                         net (fo=1, routed)           0.544     1.512    pll_dac_clk_1x
    BUFGCTRL_X0Y2        BUFG (Prop_bufg_I_O)         0.029     1.541 r  bufg_dac_clk_1x/O
                         net (fo=45, routed)          0.851     2.392    dac_clk_1x
    SLICE_X42Y81         FDRE                                         r  dac_dat_a_reg[13]/C
                         clock pessimism             -0.075     2.317    
                         clock uncertainty            0.189     2.506    
    SLICE_X42Y81         FDRE (Hold_fdre_C_D)         0.059     2.565    dac_dat_a_reg[13]
  -------------------------------------------------------------------
                         required time                         -2.565    
                         arrival time                           3.146    
  -------------------------------------------------------------------
                         slack                                  0.581    

Slack (MET) :             0.667ns  (arrival time - required time)
  Source:                 i_laser_lock_core/u_output_protect/data_o_reg[7]/C
                            (rising edge-triggered cell FDCE clocked by pll_adc_clk  {rise@0.000ns fall@4.000ns period=8.000ns})
  Destination:            dac_dat_a_reg[7]/D
                            (rising edge-triggered cell FDRE clocked by pll_dac_clk_1x  {rise@0.000ns fall@4.000ns period=8.000ns})
  Path Group:             pll_dac_clk_1x
  Path Type:              Hold (Min at Fast Process Corner)
  Requirement:            0.000ns  (pll_dac_clk_1x rise@0.000ns - pll_adc_clk rise@0.000ns)
  Data Path Delay:        1.296ns  (logic 0.186ns (14.357%)  route 1.110ns (85.643%))
  Logic Levels:           1  (LUT1=1)
  Clock Path Skew:        0.319ns (DCD - SCD - CPR)
    Destination Clock Delay (DCD):    2.396ns
    Source Clock Delay      (SCD):    2.001ns
    Clock Pessimism Removal (CPR):    0.075ns
  Clock Uncertainty:      0.189ns  ((TSJ^2 + DJ^2)^1/2) / 2 + PE
    Total System Jitter     (TSJ):    0.071ns
    Discrete Jitter          (DJ):    0.118ns
    Phase Error              (PE):    0.120ns

    Location             Delay type                Incr(ns)  Path(ns)    Netlist Resource(s)
  -------------------------------------------------------------------    -------------------
                         (clock pll_adc_clk rise edge)
                                                      0.000     0.000 r  
    U18                                               0.000     0.000 r  adc_clk_i[1] (IN)
                         net (fo=0)                   0.000     0.000    adc_clk_i[1]
    U18                  IBUFDS (Prop_ibufds_I_O)     0.401     0.401 r  i_clk/O
                         net (fo=1, routed)           0.440     0.842    pll/adc_clk_in
    PLLE2_ADV_X0Y0       PLLE2_ADV (Prop_plle2_adv_CLKIN1_CLKOUT0)
                                                      0.051     0.893 r  pll/pll/CLKOUT0
                         net (fo=1, routed)           0.497     1.390    pll_adc_clk
    BUFGCTRL_X0Y0        BUFG (Prop_bufg_I_O)         0.026     1.416 r  bufg_adc_clk/O
                         net (fo=8602, routed)        0.586     2.001    i_laser_lock_core/u_output_protect/adc_clk
    SLICE_X39Y13         FDCE                                         r  i_laser_lock_core/u_output_protect/data_o_reg[7]/C
  -------------------------------------------------------------------    -------------------
    SLICE_X39Y13         FDCE (Prop_fdce_C_Q)         0.141     2.142 f  i_laser_lock_core/u_output_protect/data_o_reg[7]/Q
                         net (fo=10, routed)          1.110     3.252    i_laser_lock_core/u_output_protect/Q[7]
    SLICE_X42Y63         LUT1 (Prop_lut1_I0_O)        0.045     3.297 r  i_laser_lock_core/u_output_protect/dac_dat_a[7]_i_1/O
                         net (fo=1, routed)           0.000     3.297    i_laser_lock_core_n_37
    SLICE_X42Y63         FDRE                                         r  dac_dat_a_reg[7]/D
  -------------------------------------------------------------------    -------------------

                         (clock pll_dac_clk_1x rise edge)
                                                      0.000     0.000 r  
    U18                                               0.000     0.000 r  adc_clk_i[1] (IN)
                         net (fo=0)                   0.000     0.000    adc_clk_i[1]
    U18                  IBUFDS (Prop_ibufds_I_O)     0.433     0.433 r  i_clk/O
                         net (fo=1, routed)           0.481     0.914    pll/adc_clk_in
    PLLE2_ADV_X0Y0       PLLE2_ADV (Prop_plle2_adv_CLKIN1_CLKOUT1)
                                                      0.054     0.968 r  pll/pll/CLKOUT1
                         net (fo=1, routed)           0.544     1.512    pll_dac_clk_1x
    BUFGCTRL_X0Y2        BUFG (Prop_bufg_I_O)         0.029     1.541 r  bufg_dac_clk_1x/O
                         net (fo=45, routed)          0.855     2.396    dac_clk_1x
    SLICE_X42Y63         FDRE                                         r  dac_dat_a_reg[7]/C
                         clock pessimism             -0.075     2.321    
                         clock uncertainty            0.189     2.510    
    SLICE_X42Y63         FDRE (Hold_fdre_C_D)         0.120     2.630    dac_dat_a_reg[7]
  -------------------------------------------------------------------
                         required time                         -2.630    
                         arrival time                           3.297    
  -------------------------------------------------------------------
                         slack                                  0.667    

Slack (MET) :             0.675ns  (arrival time - required time)
  Source:                 i_out2_lock_controller/control_o_reg[11]/C
                            (rising edge-triggered cell FDRE clocked by pll_adc_clk  {rise@0.000ns fall@4.000ns period=8.000ns})
  Destination:            dac_dat_b_reg[11]/D
                            (rising edge-triggered cell FDRE clocked by pll_dac_clk_1x  {rise@0.000ns fall@4.000ns period=8.000ns})
  Path Group:             pll_dac_clk_1x
  Path Type:              Hold (Min at Fast Process Corner)
  Requirement:            0.000ns  (pll_dac_clk_1x rise@0.000ns - pll_adc_clk rise@0.000ns)
  Data Path Delay:        1.331ns  (logic 0.209ns (15.699%)  route 1.122ns (84.301%))
  Logic Levels:           1  (LUT1=1)
  Clock Path Skew:        0.346ns (DCD - SCD - CPR)
    Destination Clock Delay (DCD):    2.396ns
    Source Clock Delay      (SCD):    1.974ns
    Clock Pessimism Removal (CPR):    0.075ns
  Clock Uncertainty:      0.189ns  ((TSJ^2 + DJ^2)^1/2) / 2 + PE
    Total System Jitter     (TSJ):    0.071ns
    Discrete Jitter          (DJ):    0.118ns
    Phase Error              (PE):    0.120ns

    Location             Delay type                Incr(ns)  Path(ns)    Netlist Resource(s)
  -------------------------------------------------------------------    -------------------
                         (clock pll_adc_clk rise edge)
                                                      0.000     0.000 r  
    U18                                               0.000     0.000 r  adc_clk_i[1] (IN)
                         net (fo=0)                   0.000     0.000    adc_clk_i[1]
    U18                  IBUFDS (Prop_ibufds_I_O)     0.401     0.401 r  i_clk/O
                         net (fo=1, routed)           0.440     0.842    pll/adc_clk_in
    PLLE2_ADV_X0Y0       PLLE2_ADV (Prop_plle2_adv_CLKIN1_CLKOUT0)
                                                      0.051     0.893 r  pll/pll/CLKOUT0
                         net (fo=1, routed)           0.497     1.390    pll_adc_clk
    BUFGCTRL_X0Y0        BUFG (Prop_bufg_I_O)         0.026     1.416 r  bufg_adc_clk/O
                         net (fo=8602, routed)        0.559     1.974    i_out2_lock_controller/adc_clk
    SLICE_X16Y36         FDRE                                         r  i_out2_lock_controller/control_o_reg[11]/C
  -------------------------------------------------------------------    -------------------
    SLICE_X16Y36         FDRE (Prop_fdre_C_Q)         0.164     2.138 f  i_out2_lock_controller/control_o_reg[11]/Q
                         net (fo=22, routed)          1.122     3.260    i_out2_lock_controller/control_o_reg[13]_0[11]
    SLICE_X42Y63         LUT1 (Prop_lut1_I0_O)        0.045     3.305 r  i_out2_lock_controller/dac_dat_b[11]_i_1/O
                         net (fo=1, routed)           0.000     3.305    i_out2_lock_controller_n_67
    SLICE_X42Y63         FDRE                                         r  dac_dat_b_reg[11]/D
  -------------------------------------------------------------------    -------------------

                         (clock pll_dac_clk_1x rise edge)
                                                      0.000     0.000 r  
    U18                                               0.000     0.000 r  adc_clk_i[1] (IN)
                         net (fo=0)                   0.000     0.000    adc_clk_i[1]
    U18                  IBUFDS (Prop_ibufds_I_O)     0.433     0.433 r  i_clk/O
                         net (fo=1, routed)           0.481     0.914    pll/adc_clk_in
    PLLE2_ADV_X0Y0       PLLE2_ADV (Prop_plle2_adv_CLKIN1_CLKOUT1)
                                                      0.054     0.968 r  pll/pll/CLKOUT1
                         net (fo=1, routed)           0.544     1.512    pll_dac_clk_1x
    BUFGCTRL_X0Y2        BUFG (Prop_bufg_I_O)         0.029     1.541 r  bufg_dac_clk_1x/O
                         net (fo=45, routed)          0.855     2.396    dac_clk_1x
    SLICE_X42Y63         FDRE                                         r  dac_dat_b_reg[11]/C
                         clock pessimism             -0.075     2.321    
                         clock uncertainty            0.189     2.510    
    SLICE_X42Y63         FDRE (Hold_fdre_C_D)         0.121     2.631    dac_dat_b_reg[11]
  -------------------------------------------------------------------
                         required time                         -2.631    
                         arrival time                           3.305    
  -------------------------------------------------------------------
                         slack                                  0.675    

Slack (MET) :             0.720ns  (arrival time - required time)
  Source:                 i_out2_lock_controller/control_o_reg[6]/C
                            (rising edge-triggered cell FDRE clocked by pll_adc_clk  {rise@0.000ns fall@4.000ns period=8.000ns})
  Destination:            dac_dat_b_reg[6]/D
                            (rising edge-triggered cell FDRE clocked by pll_dac_clk_1x  {rise@0.000ns fall@4.000ns period=8.000ns})
  Path Group:             pll_dac_clk_1x
  Path Type:              Hold (Min at Fast Process Corner)
  Requirement:            0.000ns  (pll_dac_clk_1x rise@0.000ns - pll_adc_clk rise@0.000ns)
  Data Path Delay:        1.379ns  (logic 0.186ns (13.491%)  route 1.193ns (86.509%))
  Logic Levels:           1  (LUT1=1)
  Clock Path Skew:        0.348ns (DCD - SCD - CPR)
    Destination Clock Delay (DCD):    2.397ns
    Source Clock Delay      (SCD):    1.973ns
    Clock Pessimism Removal (CPR):    0.075ns
  Clock Uncertainty:      0.189ns  ((TSJ^2 + DJ^2)^1/2) / 2 + PE
    Total System Jitter     (TSJ):    0.071ns
    Discrete Jitter          (DJ):    0.118ns
    Phase Error              (PE):    0.120ns

    Location             Delay type                Incr(ns)  Path(ns)    Netlist Resource(s)
  -------------------------------------------------------------------    -------------------
                         (clock pll_adc_clk rise edge)
                                                      0.000     0.000 r  
    U18                                               0.000     0.000 r  adc_clk_i[1] (IN)
                         net (fo=0)                   0.000     0.000    adc_clk_i[1]
    U18                  IBUFDS (Prop_ibufds_I_O)     0.401     0.401 r  i_clk/O
                         net (fo=1, routed)           0.440     0.842    pll/adc_clk_in
    PLLE2_ADV_X0Y0       PLLE2_ADV (Prop_plle2_adv_CLKIN1_CLKOUT0)
                                                      0.051     0.893 r  pll/pll/CLKOUT0
                         net (fo=1, routed)           0.497     1.390    pll_adc_clk
    BUFGCTRL_X0Y0        BUFG (Prop_bufg_I_O)         0.026     1.416 r  bufg_adc_clk/O
                         net (fo=8602, routed)        0.558     1.973    i_out2_lock_controller/adc_clk
    SLICE_X18Y33         FDRE                                         r  i_out2_lock_controller/control_o_reg[6]/C
  -------------------------------------------------------------------    -------------------
    SLICE_X18Y33         FDRE (Prop_fdre_C_Q)         0.141     2.114 f  i_out2_lock_controller/control_o_reg[6]/Q
                         net (fo=22, routed)          1.193     3.307    i_out2_lock_controller/control_o_reg[13]_0[6]
    SLICE_X42Y62         LUT1 (Prop_lut1_I0_O)        0.045     3.352 r  i_out2_lock_controller/dac_dat_b[6]_i_1/O
                         net (fo=1, routed)           0.000     3.352    i_out2_lock_controller_n_72
    SLICE_X42Y62         FDRE                                         r  dac_dat_b_reg[6]/D
  -------------------------------------------------------------------    -------------------

                         (clock pll_dac_clk_1x rise edge)
                                                      0.000     0.000 r  
    U18                                               0.000     0.000 r  adc_clk_i[1] (IN)
                         net (fo=0)                   0.000     0.000    adc_clk_i[1]
    U18                  IBUFDS (Prop_ibufds_I_O)     0.433     0.433 r  i_clk/O
                         net (fo=1, routed)           0.481     0.914    pll/adc_clk_in
    PLLE2_ADV_X0Y0       PLLE2_ADV (Prop_plle2_adv_CLKIN1_CLKOUT1)
                                                      0.054     0.968 r  pll/pll/CLKOUT1
                         net (fo=1, routed)           0.544     1.512    pll_dac_clk_1x
    BUFGCTRL_X0Y2        BUFG (Prop_bufg_I_O)         0.029     1.541 r  bufg_dac_clk_1x/O
                         net (fo=45, routed)          0.856     2.397    dac_clk_1x
    SLICE_X42Y62         FDRE                                         r  dac_dat_b_reg[6]/C
                         clock pessimism             -0.075     2.322    
                         clock uncertainty            0.189     2.511    
    SLICE_X42Y62         FDRE (Hold_fdre_C_D)         0.121     2.632    dac_dat_b_reg[6]
  -------------------------------------------------------------------
                         required time                         -2.632    
                         arrival time                           3.352    
  -------------------------------------------------------------------
                         slack                                  0.720    

Slack (MET) :             0.740ns  (arrival time - required time)
  Source:                 i_laser_lock_core/u_output_protect/data_o_reg[10]/C
                            (rising edge-triggered cell FDCE clocked by pll_adc_clk  {rise@0.000ns fall@4.000ns period=8.000ns})
  Destination:            dac_dat_a_reg[10]/D
                            (rising edge-triggered cell FDRE clocked by pll_dac_clk_1x  {rise@0.000ns fall@4.000ns period=8.000ns})
  Path Group:             pll_dac_clk_1x
  Path Type:              Hold (Min at Fast Process Corner)
  Requirement:            0.000ns  (pll_dac_clk_1x rise@0.000ns - pll_adc_clk rise@0.000ns)
  Data Path Delay:        1.371ns  (logic 0.209ns (15.244%)  route 1.162ns (84.756%))
  Logic Levels:           1  (LUT1=1)
  Clock Path Skew:        0.322ns (DCD - SCD - CPR)
    Destination Clock Delay (DCD):    2.396ns
    Source Clock Delay      (SCD):    1.998ns
    Clock Pessimism Removal (CPR):    0.075ns
  Clock Uncertainty:      0.189ns  ((TSJ^2 + DJ^2)^1/2) / 2 + PE
    Total System Jitter     (TSJ):    0.071ns
    Discrete Jitter          (DJ):    0.118ns
    Phase Error              (PE):    0.120ns

    Location             Delay type                Incr(ns)  Path(ns)    Netlist Resource(s)
  -------------------------------------------------------------------    -------------------
                         (clock pll_adc_clk rise edge)
                                                      0.000     0.000 r  
    U18                                               0.000     0.000 r  adc_clk_i[1] (IN)
                         net (fo=0)                   0.000     0.000    adc_clk_i[1]
    U18                  IBUFDS (Prop_ibufds_I_O)     0.401     0.401 r  i_clk/O
                         net (fo=1, routed)           0.440     0.842    pll/adc_clk_in
    PLLE2_ADV_X0Y0       PLLE2_ADV (Prop_plle2_adv_CLKIN1_CLKOUT0)
                                                      0.051     0.893 r  pll/pll/CLKOUT0
                         net (fo=1, routed)           0.497     1.390    pll_adc_clk
    BUFGCTRL_X0Y0        BUFG (Prop_bufg_I_O)         0.026     1.416 r  bufg_adc_clk/O
                         net (fo=8602, routed)        0.583     1.998    i_laser_lock_core/u_output_protect/adc_clk
    SLICE_X38Y18         FDCE                                         r  i_laser_lock_core/u_output_protect/data_o_reg[10]/C
  -------------------------------------------------------------------    -------------------
    SLICE_X38Y18         FDCE (Prop_fdce_C_Q)         0.164     2.162 f  i_laser_lock_core/u_output_protect/data_o_reg[10]/Q
                         net (fo=10, routed)          1.162     3.324    i_laser_lock_core/u_output_protect/Q[10]
    SLICE_X42Y64         LUT1 (Prop_lut1_I0_O)        0.045     3.369 r  i_laser_lock_core/u_output_protect/dac_dat_a[10]_i_1/O
                         net (fo=1, routed)           0.000     3.369    i_laser_lock_core_n_34
    SLICE_X42Y64         FDRE                                         r  dac_dat_a_reg[10]/D
  -------------------------------------------------------------------    -------------------

                         (clock pll_dac_clk_1x rise edge)
                                                      0.000     0.000 r  
    U18                                               0.000     0.000 r  adc_clk_i[1] (IN)
                         net (fo=0)                   0.000     0.000    adc_clk_i[1]
    U18                  IBUFDS (Prop_ibufds_I_O)     0.433     0.433 r  i_clk/O
                         net (fo=1, routed)           0.481     0.914    pll/adc_clk_in
    PLLE2_ADV_X0Y0       PLLE2_ADV (Prop_plle2_adv_CLKIN1_CLKOUT1)
                                                      0.054     0.968 r  pll/pll/CLKOUT1
                         net (fo=1, routed)           0.544     1.512    pll_dac_clk_1x
    BUFGCTRL_X0Y2        BUFG (Prop_bufg_I_O)         0.029     1.541 r  bufg_dac_clk_1x/O
                         net (fo=45, routed)          0.855     2.396    dac_clk_1x
    SLICE_X42Y64         FDRE                                         r  dac_dat_a_reg[10]/C
                         clock pessimism             -0.075     2.321    
                         clock uncertainty            0.189     2.510    
    SLICE_X42Y64         FDRE (Hold_fdre_C_D)         0.120     2.630    dac_dat_a_reg[10]
  -------------------------------------------------------------------
                         required time                         -2.630    
                         arrival time                           3.369    
  -------------------------------------------------------------------
                         slack                                  0.740    

Slack (MET) :             0.746ns  (arrival time - required time)
  Source:                 i_out2_lock_controller/control_o_reg[8]/C
                            (rising edge-triggered cell FDRE clocked by pll_adc_clk  {rise@0.000ns fall@4.000ns period=8.000ns})
  Destination:            dac_dat_b_reg[8]/D
                            (rising edge-triggered cell FDRE clocked by pll_dac_clk_1x  {rise@0.000ns fall@4.000ns period=8.000ns})
  Path Group:             pll_dac_clk_1x
  Path Type:              Hold (Min at Fast Process Corner)
  Requirement:            0.000ns  (pll_dac_clk_1x rise@0.000ns - pll_adc_clk rise@0.000ns)
  Data Path Delay:        1.374ns  (logic 0.186ns (13.535%)  route 1.188ns (86.465%))
  Logic Levels:           1  (LUT1=1)
  Clock Path Skew:        0.347ns (DCD - SCD - CPR)
    Destination Clock Delay (DCD):    2.397ns
    Source Clock Delay      (SCD):    1.974ns
    Clock Pessimism Removal (CPR):    0.075ns
  Clock Uncertainty:      0.189ns  ((TSJ^2 + DJ^2)^1/2) / 2 + PE
    Total System Jitter     (TSJ):    0.071ns
    Discrete Jitter          (DJ):    0.118ns
    Phase Error              (PE):    0.120ns

    Location             Delay type                Incr(ns)  Path(ns)    Netlist Resource(s)
  -------------------------------------------------------------------    -------------------
                         (clock pll_adc_clk rise edge)
                                                      0.000     0.000 r  
    U18                                               0.000     0.000 r  adc_clk_i[1] (IN)
                         net (fo=0)                   0.000     0.000    adc_clk_i[1]
    U18                  IBUFDS (Prop_ibufds_I_O)     0.401     0.401 r  i_clk/O
                         net (fo=1, routed)           0.440     0.842    pll/adc_clk_in
    PLLE2_ADV_X0Y0       PLLE2_ADV (Prop_plle2_adv_CLKIN1_CLKOUT0)
                                                      0.051     0.893 r  pll/pll/CLKOUT0
                         net (fo=1, routed)           0.497     1.390    pll_adc_clk
    BUFGCTRL_X0Y0        BUFG (Prop_bufg_I_O)         0.026     1.416 r  bufg_adc_clk/O
                         net (fo=8602, routed)        0.559     1.974    i_out2_lock_controller/adc_clk
    SLICE_X17Y35         FDRE                                         r  i_out2_lock_controller/control_o_reg[8]/C
  -------------------------------------------------------------------    -------------------
    SLICE_X17Y35         FDRE (Prop_fdre_C_Q)         0.141     2.115 f  i_out2_lock_controller/control_o_reg[8]/Q
                         net (fo=22, routed)          1.188     3.303    i_out2_lock_controller/control_o_reg[13]_0[8]
    SLICE_X43Y62         LUT1 (Prop_lut1_I0_O)        0.045     3.348 r  i_out2_lock_controller/dac_dat_b[8]_i_1/O
                         net (fo=1, routed)           0.000     3.348    i_out2_lock_controller_n_70
    SLICE_X43Y62         FDRE                                         r  dac_dat_b_reg[8]/D
  -------------------------------------------------------------------    -------------------

                         (clock pll_dac_clk_1x rise edge)
                                                      0.000     0.000 r  
    U18                                               0.000     0.000 r  adc_clk_i[1] (IN)
                         net (fo=0)                   0.000     0.000    adc_clk_i[1]
    U18                  IBUFDS (Prop_ibufds_I_O)     0.433     0.433 r  i_clk/O
                         net (fo=1, routed)           0.481     0.914    pll/adc_clk_in
    PLLE2_ADV_X0Y0       PLLE2_ADV (Prop_plle2_adv_CLKIN1_CLKOUT1)
                                                      0.054     0.968 r  pll/pll/CLKOUT1
                         net (fo=1, routed)           0.544     1.512    pll_dac_clk_1x
    BUFGCTRL_X0Y2        BUFG (Prop_bufg_I_O)         0.029     1.541 r  bufg_dac_clk_1x/O
                         net (fo=45, routed)          0.856     2.397    dac_clk_1x
    SLICE_X43Y62         FDRE                                         r  dac_dat_b_reg[8]/C
                         clock pessimism             -0.075     2.322    
                         clock uncertainty            0.189     2.511    
    SLICE_X43Y62         FDRE (Hold_fdre_C_D)         0.092     2.603    dac_dat_b_reg[8]
  -------------------------------------------------------------------
                         required time                         -2.603    
                         arrival time                           3.348    
  -------------------------------------------------------------------
                         slack                                  0.746    





---------------------------------------------------------------------------------------------------
Path Group:  **async_default**
From Clock:  pll_adc_clk
  To Clock:  pll_adc_clk

Setup :            0  Failing Endpoints,  Worst Slack        1.296ns,  Total Violation        0.000ns
Hold  :            0  Failing Endpoints,  Worst Slack        2.455ns,  Total Violation        0.000ns
---------------------------------------------------------------------------------------------------


Max Delay Paths
--------------------------------------------------------------------------------------
Slack (MET) :             1.296ns  (required time - arrival time)
  Source:                 adc_rstn_reg_rep__13/C
                            (rising edge-triggered cell FDRE clocked by pll_adc_clk  {rise@0.000ns fall@4.000ns period=8.000ns})
  Destination:            i_laser_lock_core/u_output_protect/data_o_reg[13]/CLR
                            (recovery check against rising-edge clock pll_adc_clk  {rise@0.000ns fall@4.000ns period=8.000ns})
  Path Group:             **async_default**
  Path Type:              Recovery (Max at Slow Process Corner)
  Requirement:            8.000ns  (pll_adc_clk rise@8.000ns - pll_adc_clk rise@0.000ns)
  Data Path Delay:        6.138ns  (logic 0.642ns (10.459%)  route 5.496ns (89.541%))
  Logic Levels:           1  (LUT1=1)
  Clock Path Skew:        -0.092ns (DCD - SCD + CPR)
    Destination Clock Delay (DCD):    5.460ns = ( 13.460 - 8.000 ) 
    Source Clock Delay      (SCD):    5.895ns
    Clock Pessimism Removal (CPR):    0.343ns
  Clock Uncertainty:      0.069ns  ((TSJ^2 + DJ^2)^1/2) / 2 + PE
    Total System Jitter     (TSJ):    0.071ns
    Discrete Jitter          (DJ):    0.118ns
    Phase Error              (PE):    0.000ns

    Location             Delay type                Incr(ns)  Path(ns)    Netlist Resource(s)
  -------------------------------------------------------------------    -------------------
                         (clock pll_adc_clk rise edge)
                                                      0.000     0.000 r  
    U18                                               0.000     0.000 r  adc_clk_i[1] (IN)
                         net (fo=0)                   0.000     0.000    adc_clk_i[1]
    U18                  IBUFDS (Prop_ibufds_I_O)     0.983     0.983 r  i_clk/O
                         net (fo=1, routed)           1.306     2.289    pll/adc_clk_in
    PLLE2_ADV_X0Y0       PLLE2_ADV (Prop_plle2_adv_CLKIN1_CLKOUT0)
                                                      0.089     2.378 r  pll/pll/CLKOUT0
                         net (fo=1, routed)           1.754     4.132    pll_adc_clk
    BUFGCTRL_X0Y0        BUFG (Prop_bufg_I_O)         0.101     4.233 r  bufg_adc_clk/O
                         net (fo=8602, routed)        1.662     5.895    adc_clk
    SLICE_X28Y57         FDRE                                         r  adc_rstn_reg_rep__13/C
  -------------------------------------------------------------------    -------------------
    SLICE_X28Y57         FDRE (Prop_fdre_C_Q)         0.518     6.413 r  adc_rstn_reg_rep__13/Q
                         net (fo=15, routed)          0.805     7.218    i_asg/ch[0]/dac_pnt_reg[0]_0
    SLICE_X28Y67         LUT1 (Prop_lut1_I0_O)        0.124     7.342 f  i_asg/ch[0]/ext_trig_dn[1]_i_1/O
                         net (fo=3680, routed)        4.691    12.033    i_laser_lock_core/u_output_protect/SS[0]
    SLICE_X39Y13         FDCE                                         f  i_laser_lock_core/u_output_protect/data_o_reg[13]/CLR
  -------------------------------------------------------------------    -------------------

                         (clock pll_adc_clk rise edge)
                                                      8.000     8.000 r  
    U18                                               0.000     8.000 r  adc_clk_i[1] (IN)
                         net (fo=0)                   0.000     8.000    adc_clk_i[1]
    U18                  IBUFDS (Prop_ibufds_I_O)     0.940     8.940 r  i_clk/O
                         net (fo=1, routed)           1.181    10.121    pll/adc_clk_in
    PLLE2_ADV_X0Y0       PLLE2_ADV (Prop_plle2_adv_CLKIN1_CLKOUT0)
                                                      0.084    10.205 r  pll/pll/CLKOUT0
                         net (fo=1, routed)           1.594    11.799    pll_adc_clk
    BUFGCTRL_X0Y0        BUFG (Prop_bufg_I_O)         0.091    11.890 r  bufg_adc_clk/O
                         net (fo=8602, routed)        1.570    13.460    i_laser_lock_core/u_output_protect/adc_clk
    SLICE_X39Y13         FDCE                                         r  i_laser_lock_core/u_output_protect/data_o_reg[13]/C
                         clock pessimism              0.343    13.804    
                         clock uncertainty           -0.069    13.735    
    SLICE_X39Y13         FDCE (Recov_fdce_C_CLR)     -0.405    13.330    i_laser_lock_core/u_output_protect/data_o_reg[13]
  -------------------------------------------------------------------
                         required time                         13.330    
                         arrival time                         -12.033    
  -------------------------------------------------------------------
                         slack                                  1.296    

Slack (MET) :             1.296ns  (required time - arrival time)
  Source:                 adc_rstn_reg_rep__13/C
                            (rising edge-triggered cell FDRE clocked by pll_adc_clk  {rise@0.000ns fall@4.000ns period=8.000ns})
  Destination:            i_laser_lock_core/u_output_protect/data_o_reg[1]/CLR
                            (recovery check against rising-edge clock pll_adc_clk  {rise@0.000ns fall@4.000ns period=8.000ns})
  Path Group:             **async_default**
  Path Type:              Recovery (Max at Slow Process Corner)
  Requirement:            8.000ns  (pll_adc_clk rise@8.000ns - pll_adc_clk rise@0.000ns)
  Data Path Delay:        6.138ns  (logic 0.642ns (10.459%)  route 5.496ns (89.541%))
  Logic Levels:           1  (LUT1=1)
  Clock Path Skew:        -0.092ns (DCD - SCD + CPR)
    Destination Clock Delay (DCD):    5.460ns = ( 13.460 - 8.000 ) 
    Source Clock Delay      (SCD):    5.895ns
    Clock Pessimism Removal (CPR):    0.343ns
  Clock Uncertainty:      0.069ns  ((TSJ^2 + DJ^2)^1/2) / 2 + PE
    Total System Jitter     (TSJ):    0.071ns
    Discrete Jitter          (DJ):    0.118ns
    Phase Error              (PE):    0.000ns

    Location             Delay type                Incr(ns)  Path(ns)    Netlist Resource(s)
  -------------------------------------------------------------------    -------------------
                         (clock pll_adc_clk rise edge)
                                                      0.000     0.000 r  
    U18                                               0.000     0.000 r  adc_clk_i[1] (IN)
                         net (fo=0)                   0.000     0.000    adc_clk_i[1]
    U18                  IBUFDS (Prop_ibufds_I_O)     0.983     0.983 r  i_clk/O
                         net (fo=1, routed)           1.306     2.289    pll/adc_clk_in
    PLLE2_ADV_X0Y0       PLLE2_ADV (Prop_plle2_adv_CLKIN1_CLKOUT0)
                                                      0.089     2.378 r  pll/pll/CLKOUT0
                         net (fo=1, routed)           1.754     4.132    pll_adc_clk
    BUFGCTRL_X0Y0        BUFG (Prop_bufg_I_O)         0.101     4.233 r  bufg_adc_clk/O
                         net (fo=8602, routed)        1.662     5.895    adc_clk
    SLICE_X28Y57         FDRE                                         r  adc_rstn_reg_rep__13/C
  -------------------------------------------------------------------    -------------------
    SLICE_X28Y57         FDRE (Prop_fdre_C_Q)         0.518     6.413 r  adc_rstn_reg_rep__13/Q
                         net (fo=15, routed)          0.805     7.218    i_asg/ch[0]/dac_pnt_reg[0]_0
    SLICE_X28Y67         LUT1 (Prop_lut1_I0_O)        0.124     7.342 f  i_asg/ch[0]/ext_trig_dn[1]_i_1/O
                         net (fo=3680, routed)        4.691    12.033    i_laser_lock_core/u_output_protect/SS[0]
    SLICE_X39Y13         FDCE                                         f  i_laser_lock_core/u_output_protect/data_o_reg[1]/CLR
  -------------------------------------------------------------------    -------------------

                         (clock pll_adc_clk rise edge)
                                                      8.000     8.000 r  
    U18                                               0.000     8.000 r  adc_clk_i[1] (IN)
                         net (fo=0)                   0.000     8.000    adc_clk_i[1]
    U18                  IBUFDS (Prop_ibufds_I_O)     0.940     8.940 r  i_clk/O
                         net (fo=1, routed)           1.181    10.121    pll/adc_clk_in
    PLLE2_ADV_X0Y0       PLLE2_ADV (Prop_plle2_adv_CLKIN1_CLKOUT0)
                                                      0.084    10.205 r  pll/pll/CLKOUT0
                         net (fo=1, routed)           1.594    11.799    pll_adc_clk
    BUFGCTRL_X0Y0        BUFG (Prop_bufg_I_O)         0.091    11.890 r  bufg_adc_clk/O
                         net (fo=8602, routed)        1.570    13.460    i_laser_lock_core/u_output_protect/adc_clk
    SLICE_X39Y13         FDCE                                         r  i_laser_lock_core/u_output_protect/data_o_reg[1]/C
                         clock pessimism              0.343    13.804    
                         clock uncertainty           -0.069    13.735    
    SLICE_X39Y13         FDCE (Recov_fdce_C_CLR)     -0.405    13.330    i_laser_lock_core/u_output_protect/data_o_reg[1]
  -------------------------------------------------------------------
                         required time                         13.330    
                         arrival time                         -12.033    
  -------------------------------------------------------------------
                         slack                                  1.296    

Slack (MET) :             1.296ns  (required time - arrival time)
  Source:                 adc_rstn_reg_rep__13/C
                            (rising edge-triggered cell FDRE clocked by pll_adc_clk  {rise@0.000ns fall@4.000ns period=8.000ns})
  Destination:            i_laser_lock_core/u_output_protect/data_o_reg[4]/CLR
                            (recovery check against rising-edge clock pll_adc_clk  {rise@0.000ns fall@4.000ns period=8.000ns})
  Path Group:             **async_default**
  Path Type:              Recovery (Max at Slow Process Corner)
  Requirement:            8.000ns  (pll_adc_clk rise@8.000ns - pll_adc_clk rise@0.000ns)
  Data Path Delay:        6.138ns  (logic 0.642ns (10.459%)  route 5.496ns (89.541%))
  Logic Levels:           1  (LUT1=1)
  Clock Path Skew:        -0.092ns (DCD - SCD + CPR)
    Destination Clock Delay (DCD):    5.460ns = ( 13.460 - 8.000 ) 
    Source Clock Delay      (SCD):    5.895ns
    Clock Pessimism Removal (CPR):    0.343ns
  Clock Uncertainty:      0.069ns  ((TSJ^2 + DJ^2)^1/2) / 2 + PE
    Total System Jitter     (TSJ):    0.071ns
    Discrete Jitter          (DJ):    0.118ns
    Phase Error              (PE):    0.000ns

    Location             Delay type                Incr(ns)  Path(ns)    Netlist Resource(s)
  -------------------------------------------------------------------    -------------------
                         (clock pll_adc_clk rise edge)
                                                      0.000     0.000 r  
    U18                                               0.000     0.000 r  adc_clk_i[1] (IN)
                         net (fo=0)                   0.000     0.000    adc_clk_i[1]
    U18                  IBUFDS (Prop_ibufds_I_O)     0.983     0.983 r  i_clk/O
                         net (fo=1, routed)           1.306     2.289    pll/adc_clk_in
    PLLE2_ADV_X0Y0       PLLE2_ADV (Prop_plle2_adv_CLKIN1_CLKOUT0)
                                                      0.089     2.378 r  pll/pll/CLKOUT0
                         net (fo=1, routed)           1.754     4.132    pll_adc_clk
    BUFGCTRL_X0Y0        BUFG (Prop_bufg_I_O)         0.101     4.233 r  bufg_adc_clk/O
                         net (fo=8602, routed)        1.662     5.895    adc_clk
    SLICE_X28Y57         FDRE                                         r  adc_rstn_reg_rep__13/C
  -------------------------------------------------------------------    -------------------
    SLICE_X28Y57         FDRE (Prop_fdre_C_Q)         0.518     6.413 r  adc_rstn_reg_rep__13/Q
                         net (fo=15, routed)          0.805     7.218    i_asg/ch[0]/dac_pnt_reg[0]_0
    SLICE_X28Y67         LUT1 (Prop_lut1_I0_O)        0.124     7.342 f  i_asg/ch[0]/ext_trig_dn[1]_i_1/O
                         net (fo=3680, routed)        4.691    12.033    i_laser_lock_core/u_output_protect/SS[0]
    SLICE_X39Y13         FDCE                                         f  i_laser_lock_core/u_output_protect/data_o_reg[4]/CLR
  -------------------------------------------------------------------    -------------------

                         (clock pll_adc_clk rise edge)
                                                      8.000     8.000 r  
    U18                                               0.000     8.000 r  adc_clk_i[1] (IN)
                         net (fo=0)                   0.000     8.000    adc_clk_i[1]
    U18                  IBUFDS (Prop_ibufds_I_O)     0.940     8.940 r  i_clk/O
                         net (fo=1, routed)           1.181    10.121    pll/adc_clk_in
    PLLE2_ADV_X0Y0       PLLE2_ADV (Prop_plle2_adv_CLKIN1_CLKOUT0)
                                                      0.084    10.205 r  pll/pll/CLKOUT0
                         net (fo=1, routed)           1.594    11.799    pll_adc_clk
    BUFGCTRL_X0Y0        BUFG (Prop_bufg_I_O)         0.091    11.890 r  bufg_adc_clk/O
                         net (fo=8602, routed)        1.570    13.460    i_laser_lock_core/u_output_protect/adc_clk
    SLICE_X39Y13         FDCE                                         r  i_laser_lock_core/u_output_protect/data_o_reg[4]/C
                         clock pessimism              0.343    13.804    
                         clock uncertainty           -0.069    13.735    
    SLICE_X39Y13         FDCE (Recov_fdce_C_CLR)     -0.405    13.330    i_laser_lock_core/u_output_protect/data_o_reg[4]
  -------------------------------------------------------------------
                         required time                         13.330    
                         arrival time                         -12.033    
  -------------------------------------------------------------------
                         slack                                  1.296    

Slack (MET) :             1.296ns  (required time - arrival time)
  Source:                 adc_rstn_reg_rep__13/C
                            (rising edge-triggered cell FDRE clocked by pll_adc_clk  {rise@0.000ns fall@4.000ns period=8.000ns})
  Destination:            i_laser_lock_core/u_output_protect/data_o_reg[7]/CLR
                            (recovery check against rising-edge clock pll_adc_clk  {rise@0.000ns fall@4.000ns period=8.000ns})
  Path Group:             **async_default**
  Path Type:              Recovery (Max at Slow Process Corner)
  Requirement:            8.000ns  (pll_adc_clk rise@8.000ns - pll_adc_clk rise@0.000ns)
  Data Path Delay:        6.138ns  (logic 0.642ns (10.459%)  route 5.496ns (89.541%))
  Logic Levels:           1  (LUT1=1)
  Clock Path Skew:        -0.092ns (DCD - SCD + CPR)
    Destination Clock Delay (DCD):    5.460ns = ( 13.460 - 8.000 ) 
    Source Clock Delay      (SCD):    5.895ns
    Clock Pessimism Removal (CPR):    0.343ns
  Clock Uncertainty:      0.069ns  ((TSJ^2 + DJ^2)^1/2) / 2 + PE
    Total System Jitter     (TSJ):    0.071ns
    Discrete Jitter          (DJ):    0.118ns
    Phase Error              (PE):    0.000ns

    Location             Delay type                Incr(ns)  Path(ns)    Netlist Resource(s)
  -------------------------------------------------------------------    -------------------
                         (clock pll_adc_clk rise edge)
                                                      0.000     0.000 r  
    U18                                               0.000     0.000 r  adc_clk_i[1] (IN)
                         net (fo=0)                   0.000     0.000    adc_clk_i[1]
    U18                  IBUFDS (Prop_ibufds_I_O)     0.983     0.983 r  i_clk/O
                         net (fo=1, routed)           1.306     2.289    pll/adc_clk_in
    PLLE2_ADV_X0Y0       PLLE2_ADV (Prop_plle2_adv_CLKIN1_CLKOUT0)
                                                      0.089     2.378 r  pll/pll/CLKOUT0
                         net (fo=1, routed)           1.754     4.132    pll_adc_clk
    BUFGCTRL_X0Y0        BUFG (Prop_bufg_I_O)         0.101     4.233 r  bufg_adc_clk/O
                         net (fo=8602, routed)        1.662     5.895    adc_clk
    SLICE_X28Y57         FDRE                                         r  adc_rstn_reg_rep__13/C
  -------------------------------------------------------------------    -------------------
    SLICE_X28Y57         FDRE (Prop_fdre_C_Q)         0.518     6.413 r  adc_rstn_reg_rep__13/Q
                         net (fo=15, routed)          0.805     7.218    i_asg/ch[0]/dac_pnt_reg[0]_0
    SLICE_X28Y67         LUT1 (Prop_lut1_I0_O)        0.124     7.342 f  i_asg/ch[0]/ext_trig_dn[1]_i_1/O
                         net (fo=3680, routed)        4.691    12.033    i_laser_lock_core/u_output_protect/SS[0]
    SLICE_X39Y13         FDCE                                         f  i_laser_lock_core/u_output_protect/data_o_reg[7]/CLR
  -------------------------------------------------------------------    -------------------

                         (clock pll_adc_clk rise edge)
                                                      8.000     8.000 r  
    U18                                               0.000     8.000 r  adc_clk_i[1] (IN)
                         net (fo=0)                   0.000     8.000    adc_clk_i[1]
    U18                  IBUFDS (Prop_ibufds_I_O)     0.940     8.940 r  i_clk/O
                         net (fo=1, routed)           1.181    10.121    pll/adc_clk_in
    PLLE2_ADV_X0Y0       PLLE2_ADV (Prop_plle2_adv_CLKIN1_CLKOUT0)
                                                      0.084    10.205 r  pll/pll/CLKOUT0
                         net (fo=1, routed)           1.594    11.799    pll_adc_clk
    BUFGCTRL_X0Y0        BUFG (Prop_bufg_I_O)         0.091    11.890 r  bufg_adc_clk/O
                         net (fo=8602, routed)        1.570    13.460    i_laser_lock_core/u_output_protect/adc_clk
    SLICE_X39Y13         FDCE                                         r  i_laser_lock_core/u_output_protect/data_o_reg[7]/C
                         clock pessimism              0.343    13.804    
                         clock uncertainty           -0.069    13.735    
    SLICE_X39Y13         FDCE (Recov_fdce_C_CLR)     -0.405    13.330    i_laser_lock_core/u_output_protect/data_o_reg[7]
  -------------------------------------------------------------------
                         required time                         13.330    
                         arrival time                         -12.033    
  -------------------------------------------------------------------
                         slack                                  1.296    

Slack (MET) :             1.354ns  (required time - arrival time)
  Source:                 adc_rstn_reg_rep__13/C
                            (rising edge-triggered cell FDRE clocked by pll_adc_clk  {rise@0.000ns fall@4.000ns period=8.000ns})
  Destination:            i_laser_lock_core/u_output_protect/data_o_reg[0]/CLR
                            (recovery check against rising-edge clock pll_adc_clk  {rise@0.000ns fall@4.000ns period=8.000ns})
  Path Group:             **async_default**
  Path Type:              Recovery (Max at Slow Process Corner)
  Requirement:            8.000ns  (pll_adc_clk rise@8.000ns - pll_adc_clk rise@0.000ns)
  Data Path Delay:        6.081ns  (logic 0.642ns (10.558%)  route 5.439ns (89.442%))
  Logic Levels:           1  (LUT1=1)
  Clock Path Skew:        -0.092ns (DCD - SCD + CPR)
    Destination Clock Delay (DCD):    5.460ns = ( 13.460 - 8.000 ) 
    Source Clock Delay      (SCD):    5.895ns
    Clock Pessimism Removal (CPR):    0.343ns
  Clock Uncertainty:      0.069ns  ((TSJ^2 + DJ^2)^1/2) / 2 + PE
    Total System Jitter     (TSJ):    0.071ns
    Discrete Jitter          (DJ):    0.118ns
    Phase Error              (PE):    0.000ns

    Location             Delay type                Incr(ns)  Path(ns)    Netlist Resource(s)
  -------------------------------------------------------------------    -------------------
                         (clock pll_adc_clk rise edge)
                                                      0.000     0.000 r  
    U18                                               0.000     0.000 r  adc_clk_i[1] (IN)
                         net (fo=0)                   0.000     0.000    adc_clk_i[1]
    U18                  IBUFDS (Prop_ibufds_I_O)     0.983     0.983 r  i_clk/O
                         net (fo=1, routed)           1.306     2.289    pll/adc_clk_in
    PLLE2_ADV_X0Y0       PLLE2_ADV (Prop_plle2_adv_CLKIN1_CLKOUT0)
                                                      0.089     2.378 r  pll/pll/CLKOUT0
                         net (fo=1, routed)           1.754     4.132    pll_adc_clk
    BUFGCTRL_X0Y0        BUFG (Prop_bufg_I_O)         0.101     4.233 r  bufg_adc_clk/O
                         net (fo=8602, routed)        1.662     5.895    adc_clk
    SLICE_X28Y57         FDRE                                         r  adc_rstn_reg_rep__13/C
  -------------------------------------------------------------------    -------------------
    SLICE_X28Y57         FDRE (Prop_fdre_C_Q)         0.518     6.413 r  adc_rstn_reg_rep__13/Q
                         net (fo=15, routed)          0.805     7.218    i_asg/ch[0]/dac_pnt_reg[0]_0
    SLICE_X28Y67         LUT1 (Prop_lut1_I0_O)        0.124     7.342 f  i_asg/ch[0]/ext_trig_dn[1]_i_1/O
                         net (fo=3680, routed)        4.634    11.976    i_laser_lock_core/u_output_protect/SS[0]
    SLICE_X39Y14         FDCE                                         f  i_laser_lock_core/u_output_protect/data_o_reg[0]/CLR
  -------------------------------------------------------------------    -------------------

                         (clock pll_adc_clk rise edge)
                                                      8.000     8.000 r  
    U18                                               0.000     8.000 r  adc_clk_i[1] (IN)
                         net (fo=0)                   0.000     8.000    adc_clk_i[1]
    U18                  IBUFDS (Prop_ibufds_I_O)     0.940     8.940 r  i_clk/O
                         net (fo=1, routed)           1.181    10.121    pll/adc_clk_in
    PLLE2_ADV_X0Y0       PLLE2_ADV (Prop_plle2_adv_CLKIN1_CLKOUT0)
                                                      0.084    10.205 r  pll/pll/CLKOUT0
                         net (fo=1, routed)           1.594    11.799    pll_adc_clk
    BUFGCTRL_X0Y0        BUFG (Prop_bufg_I_O)         0.091    11.890 r  bufg_adc_clk/O
                         net (fo=8602, routed)        1.570    13.460    i_laser_lock_core/u_output_protect/adc_clk
    SLICE_X39Y14         FDCE                                         r  i_laser_lock_core/u_output_protect/data_o_reg[0]/C
                         clock pessimism              0.343    13.804    
                         clock uncertainty           -0.069    13.735    
    SLICE_X39Y14         FDCE (Recov_fdce_C_CLR)     -0.405    13.330    i_laser_lock_core/u_output_protect/data_o_reg[0]
  -------------------------------------------------------------------
                         required time                         13.330    
                         arrival time                         -11.976    
  -------------------------------------------------------------------
                         slack                                  1.354    

Slack (MET) :             1.452ns  (required time - arrival time)
  Source:                 adc_rstn_reg_rep__13/C
                            (rising edge-triggered cell FDRE clocked by pll_adc_clk  {rise@0.000ns fall@4.000ns period=8.000ns})
  Destination:            i_laser_lock_core/u_output_protect/data_o_reg[10]/CLR
                            (recovery check against rising-edge clock pll_adc_clk  {rise@0.000ns fall@4.000ns period=8.000ns})
  Path Group:             **async_default**
  Path Type:              Recovery (Max at Slow Process Corner)
  Requirement:            8.000ns  (pll_adc_clk rise@8.000ns - pll_adc_clk rise@0.000ns)
  Data Path Delay:        6.064ns  (logic 0.642ns (10.588%)  route 5.422ns (89.412%))
  Logic Levels:           1  (LUT1=1)
  Clock Path Skew:        -0.097ns (DCD - SCD + CPR)
    Destination Clock Delay (DCD):    5.455ns = ( 13.455 - 8.000 ) 
    Source Clock Delay      (SCD):    5.895ns
    Clock Pessimism Removal (CPR):    0.343ns
  Clock Uncertainty:      0.069ns  ((TSJ^2 + DJ^2)^1/2) / 2 + PE
    Total System Jitter     (TSJ):    0.071ns
    Discrete Jitter          (DJ):    0.118ns
    Phase Error              (PE):    0.000ns

    Location             Delay type                Incr(ns)  Path(ns)    Netlist Resource(s)
  -------------------------------------------------------------------    -------------------
                         (clock pll_adc_clk rise edge)
                                                      0.000     0.000 r  
    U18                                               0.000     0.000 r  adc_clk_i[1] (IN)
                         net (fo=0)                   0.000     0.000    adc_clk_i[1]
    U18                  IBUFDS (Prop_ibufds_I_O)     0.983     0.983 r  i_clk/O
                         net (fo=1, routed)           1.306     2.289    pll/adc_clk_in
    PLLE2_ADV_X0Y0       PLLE2_ADV (Prop_plle2_adv_CLKIN1_CLKOUT0)
                                                      0.089     2.378 r  pll/pll/CLKOUT0
                         net (fo=1, routed)           1.754     4.132    pll_adc_clk
    BUFGCTRL_X0Y0        BUFG (Prop_bufg_I_O)         0.101     4.233 r  bufg_adc_clk/O
                         net (fo=8602, routed)        1.662     5.895    adc_clk
    SLICE_X28Y57         FDRE                                         r  adc_rstn_reg_rep__13/C
  -------------------------------------------------------------------    -------------------
    SLICE_X28Y57         FDRE (Prop_fdre_C_Q)         0.518     6.413 r  adc_rstn_reg_rep__13/Q
                         net (fo=15, routed)          0.805     7.218    i_asg/ch[0]/dac_pnt_reg[0]_0
    SLICE_X28Y67         LUT1 (Prop_lut1_I0_O)        0.124     7.342 f  i_asg/ch[0]/ext_trig_dn[1]_i_1/O
                         net (fo=3680, routed)        4.617    11.959    i_laser_lock_core/u_output_protect/SS[0]
    SLICE_X38Y18         FDCE                                         f  i_laser_lock_core/u_output_protect/data_o_reg[10]/CLR
  -------------------------------------------------------------------    -------------------

                         (clock pll_adc_clk rise edge)
                                                      8.000     8.000 r  
    U18                                               0.000     8.000 r  adc_clk_i[1] (IN)
                         net (fo=0)                   0.000     8.000    adc_clk_i[1]
    U18                  IBUFDS (Prop_ibufds_I_O)     0.940     8.940 r  i_clk/O
                         net (fo=1, routed)           1.181    10.121    pll/adc_clk_in
    PLLE2_ADV_X0Y0       PLLE2_ADV (Prop_plle2_adv_CLKIN1_CLKOUT0)
                                                      0.084    10.205 r  pll/pll/CLKOUT0
                         net (fo=1, routed)           1.594    11.799    pll_adc_clk
    BUFGCTRL_X0Y0        BUFG (Prop_bufg_I_O)         0.091    11.890 r  bufg_adc_clk/O
                         net (fo=8602, routed)        1.565    13.455    i_laser_lock_core/u_output_protect/adc_clk
    SLICE_X38Y18         FDCE                                         r  i_laser_lock_core/u_output_protect/data_o_reg[10]/C
                         clock pessimism              0.343    13.799    
                         clock uncertainty           -0.069    13.730    
    SLICE_X38Y18         FDCE (Recov_fdce_C_CLR)     -0.319    13.411    i_laser_lock_core/u_output_protect/data_o_reg[10]
  -------------------------------------------------------------------
                         required time                         13.411    
                         arrival time                         -11.959    
  -------------------------------------------------------------------
                         slack                                  1.452    

Slack (MET) :             1.582ns  (required time - arrival time)
  Source:                 adc_rstn_reg_rep__13/C
                            (rising edge-triggered cell FDRE clocked by pll_adc_clk  {rise@0.000ns fall@4.000ns period=8.000ns})
  Destination:            i_laser_lock_core/u_output_protect/data_o_reg[5]/CLR
                            (recovery check against rising-edge clock pll_adc_clk  {rise@0.000ns fall@4.000ns period=8.000ns})
  Path Group:             **async_default**
  Path Type:              Recovery (Max at Slow Process Corner)
  Requirement:            8.000ns  (pll_adc_clk rise@8.000ns - pll_adc_clk rise@0.000ns)
  Data Path Delay:        5.853ns  (logic 0.642ns (10.969%)  route 5.211ns (89.031%))
  Logic Levels:           1  (LUT1=1)
  Clock Path Skew:        -0.092ns (DCD - SCD + CPR)
    Destination Clock Delay (DCD):    5.460ns = ( 13.460 - 8.000 ) 
    Source Clock Delay      (SCD):    5.895ns
    Clock Pessimism Removal (CPR):    0.343ns
  Clock Uncertainty:      0.069ns  ((TSJ^2 + DJ^2)^1/2) / 2 + PE
    Total System Jitter     (TSJ):    0.071ns
    Discrete Jitter          (DJ):    0.118ns
    Phase Error              (PE):    0.000ns

    Location             Delay type                Incr(ns)  Path(ns)    Netlist Resource(s)
  -------------------------------------------------------------------    -------------------
                         (clock pll_adc_clk rise edge)
                                                      0.000     0.000 r  
    U18                                               0.000     0.000 r  adc_clk_i[1] (IN)
                         net (fo=0)                   0.000     0.000    adc_clk_i[1]
    U18                  IBUFDS (Prop_ibufds_I_O)     0.983     0.983 r  i_clk/O
                         net (fo=1, routed)           1.306     2.289    pll/adc_clk_in
    PLLE2_ADV_X0Y0       PLLE2_ADV (Prop_plle2_adv_CLKIN1_CLKOUT0)
                                                      0.089     2.378 r  pll/pll/CLKOUT0
                         net (fo=1, routed)           1.754     4.132    pll_adc_clk
    BUFGCTRL_X0Y0        BUFG (Prop_bufg_I_O)         0.101     4.233 r  bufg_adc_clk/O
                         net (fo=8602, routed)        1.662     5.895    adc_clk
    SLICE_X28Y57         FDRE                                         r  adc_rstn_reg_rep__13/C
  -------------------------------------------------------------------    -------------------
    SLICE_X28Y57         FDRE (Prop_fdre_C_Q)         0.518     6.413 r  adc_rstn_reg_rep__13/Q
                         net (fo=15, routed)          0.805     7.218    i_asg/ch[0]/dac_pnt_reg[0]_0
    SLICE_X28Y67         LUT1 (Prop_lut1_I0_O)        0.124     7.342 f  i_asg/ch[0]/ext_trig_dn[1]_i_1/O
                         net (fo=3680, routed)        4.406    11.748    i_laser_lock_core/u_output_protect/SS[0]
    SLICE_X40Y15         FDCE                                         f  i_laser_lock_core/u_output_protect/data_o_reg[5]/CLR
  -------------------------------------------------------------------    -------------------

                         (clock pll_adc_clk rise edge)
                                                      8.000     8.000 r  
    U18                                               0.000     8.000 r  adc_clk_i[1] (IN)
                         net (fo=0)                   0.000     8.000    adc_clk_i[1]
    U18                  IBUFDS (Prop_ibufds_I_O)     0.940     8.940 r  i_clk/O
                         net (fo=1, routed)           1.181    10.121    pll/adc_clk_in
    PLLE2_ADV_X0Y0       PLLE2_ADV (Prop_plle2_adv_CLKIN1_CLKOUT0)
                                                      0.084    10.205 r  pll/pll/CLKOUT0
                         net (fo=1, routed)           1.594    11.799    pll_adc_clk
    BUFGCTRL_X0Y0        BUFG (Prop_bufg_I_O)         0.091    11.890 r  bufg_adc_clk/O
                         net (fo=8602, routed)        1.570    13.460    i_laser_lock_core/u_output_protect/adc_clk
    SLICE_X40Y15         FDCE                                         r  i_laser_lock_core/u_output_protect/data_o_reg[5]/C
                         clock pessimism              0.343    13.804    
                         clock uncertainty           -0.069    13.735    
    SLICE_X40Y15         FDCE (Recov_fdce_C_CLR)     -0.405    13.330    i_laser_lock_core/u_output_protect/data_o_reg[5]
  -------------------------------------------------------------------
                         required time                         13.330    
                         arrival time                         -11.748    
  -------------------------------------------------------------------
                         slack                                  1.582    

Slack (MET) :             1.582ns  (required time - arrival time)
  Source:                 adc_rstn_reg_rep__13/C
                            (rising edge-triggered cell FDRE clocked by pll_adc_clk  {rise@0.000ns fall@4.000ns period=8.000ns})
  Destination:            i_laser_lock_core/u_output_protect/data_o_reg[6]/CLR
                            (recovery check against rising-edge clock pll_adc_clk  {rise@0.000ns fall@4.000ns period=8.000ns})
  Path Group:             **async_default**
  Path Type:              Recovery (Max at Slow Process Corner)
  Requirement:            8.000ns  (pll_adc_clk rise@8.000ns - pll_adc_clk rise@0.000ns)
  Data Path Delay:        5.853ns  (logic 0.642ns (10.969%)  route 5.211ns (89.031%))
  Logic Levels:           1  (LUT1=1)
  Clock Path Skew:        -0.092ns (DCD - SCD + CPR)
    Destination Clock Delay (DCD):    5.460ns = ( 13.460 - 8.000 ) 
    Source Clock Delay      (SCD):    5.895ns
    Clock Pessimism Removal (CPR):    0.343ns
  Clock Uncertainty:      0.069ns  ((TSJ^2 + DJ^2)^1/2) / 2 + PE
    Total System Jitter     (TSJ):    0.071ns
    Discrete Jitter          (DJ):    0.118ns
    Phase Error              (PE):    0.000ns

    Location             Delay type                Incr(ns)  Path(ns)    Netlist Resource(s)
  -------------------------------------------------------------------    -------------------
                         (clock pll_adc_clk rise edge)
                                                      0.000     0.000 r  
    U18                                               0.000     0.000 r  adc_clk_i[1] (IN)
                         net (fo=0)                   0.000     0.000    adc_clk_i[1]
    U18                  IBUFDS (Prop_ibufds_I_O)     0.983     0.983 r  i_clk/O
                         net (fo=1, routed)           1.306     2.289    pll/adc_clk_in
    PLLE2_ADV_X0Y0       PLLE2_ADV (Prop_plle2_adv_CLKIN1_CLKOUT0)
                                                      0.089     2.378 r  pll/pll/CLKOUT0
                         net (fo=1, routed)           1.754     4.132    pll_adc_clk
    BUFGCTRL_X0Y0        BUFG (Prop_bufg_I_O)         0.101     4.233 r  bufg_adc_clk/O
                         net (fo=8602, routed)        1.662     5.895    adc_clk
    SLICE_X28Y57         FDRE                                         r  adc_rstn_reg_rep__13/C
  -------------------------------------------------------------------    -------------------
    SLICE_X28Y57         FDRE (Prop_fdre_C_Q)         0.518     6.413 r  adc_rstn_reg_rep__13/Q
                         net (fo=15, routed)          0.805     7.218    i_asg/ch[0]/dac_pnt_reg[0]_0
    SLICE_X28Y67         LUT1 (Prop_lut1_I0_O)        0.124     7.342 f  i_asg/ch[0]/ext_trig_dn[1]_i_1/O
                         net (fo=3680, routed)        4.406    11.748    i_laser_lock_core/u_output_protect/SS[0]
    SLICE_X40Y15         FDCE                                         f  i_laser_lock_core/u_output_protect/data_o_reg[6]/CLR
  -------------------------------------------------------------------    -------------------

                         (clock pll_adc_clk rise edge)
                                                      8.000     8.000 r  
    U18                                               0.000     8.000 r  adc_clk_i[1] (IN)
                         net (fo=0)                   0.000     8.000    adc_clk_i[1]
    U18                  IBUFDS (Prop_ibufds_I_O)     0.940     8.940 r  i_clk/O
                         net (fo=1, routed)           1.181    10.121    pll/adc_clk_in
    PLLE2_ADV_X0Y0       PLLE2_ADV (Prop_plle2_adv_CLKIN1_CLKOUT0)
                                                      0.084    10.205 r  pll/pll/CLKOUT0
                         net (fo=1, routed)           1.594    11.799    pll_adc_clk
    BUFGCTRL_X0Y0        BUFG (Prop_bufg_I_O)         0.091    11.890 r  bufg_adc_clk/O
                         net (fo=8602, routed)        1.570    13.460    i_laser_lock_core/u_output_protect/adc_clk
    SLICE_X40Y15         FDCE                                         r  i_laser_lock_core/u_output_protect/data_o_reg[6]/C
                         clock pessimism              0.343    13.804    
                         clock uncertainty           -0.069    13.735    
    SLICE_X40Y15         FDCE (Recov_fdce_C_CLR)     -0.405    13.330    i_laser_lock_core/u_output_protect/data_o_reg[6]
  -------------------------------------------------------------------
                         required time                         13.330    
                         arrival time                         -11.748    
  -------------------------------------------------------------------
                         slack                                  1.582    

Slack (MET) :             1.582ns  (required time - arrival time)
  Source:                 adc_rstn_reg_rep__13/C
                            (rising edge-triggered cell FDRE clocked by pll_adc_clk  {rise@0.000ns fall@4.000ns period=8.000ns})
  Destination:            i_laser_lock_core/u_output_protect/data_o_reg[8]/CLR
                            (recovery check against rising-edge clock pll_adc_clk  {rise@0.000ns fall@4.000ns period=8.000ns})
  Path Group:             **async_default**
  Path Type:              Recovery (Max at Slow Process Corner)
  Requirement:            8.000ns  (pll_adc_clk rise@8.000ns - pll_adc_clk rise@0.000ns)
  Data Path Delay:        5.853ns  (logic 0.642ns (10.969%)  route 5.211ns (89.031%))
  Logic Levels:           1  (LUT1=1)
  Clock Path Skew:        -0.092ns (DCD - SCD + CPR)
    Destination Clock Delay (DCD):    5.460ns = ( 13.460 - 8.000 ) 
    Source Clock Delay      (SCD):    5.895ns
    Clock Pessimism Removal (CPR):    0.343ns
  Clock Uncertainty:      0.069ns  ((TSJ^2 + DJ^2)^1/2) / 2 + PE
    Total System Jitter     (TSJ):    0.071ns
    Discrete Jitter          (DJ):    0.118ns
    Phase Error              (PE):    0.000ns

    Location             Delay type                Incr(ns)  Path(ns)    Netlist Resource(s)
  -------------------------------------------------------------------    -------------------
                         (clock pll_adc_clk rise edge)
                                                      0.000     0.000 r  
    U18                                               0.000     0.000 r  adc_clk_i[1] (IN)
                         net (fo=0)                   0.000     0.000    adc_clk_i[1]
    U18                  IBUFDS (Prop_ibufds_I_O)     0.983     0.983 r  i_clk/O
                         net (fo=1, routed)           1.306     2.289    pll/adc_clk_in
    PLLE2_ADV_X0Y0       PLLE2_ADV (Prop_plle2_adv_CLKIN1_CLKOUT0)
                                                      0.089     2.378 r  pll/pll/CLKOUT0
                         net (fo=1, routed)           1.754     4.132    pll_adc_clk
    BUFGCTRL_X0Y0        BUFG (Prop_bufg_I_O)         0.101     4.233 r  bufg_adc_clk/O
                         net (fo=8602, routed)        1.662     5.895    adc_clk
    SLICE_X28Y57         FDRE                                         r  adc_rstn_reg_rep__13/C
  -------------------------------------------------------------------    -------------------
    SLICE_X28Y57         FDRE (Prop_fdre_C_Q)         0.518     6.413 r  adc_rstn_reg_rep__13/Q
                         net (fo=15, routed)          0.805     7.218    i_asg/ch[0]/dac_pnt_reg[0]_0
    SLICE_X28Y67         LUT1 (Prop_lut1_I0_O)        0.124     7.342 f  i_asg/ch[0]/ext_trig_dn[1]_i_1/O
                         net (fo=3680, routed)        4.406    11.748    i_laser_lock_core/u_output_protect/SS[0]
    SLICE_X40Y15         FDCE                                         f  i_laser_lock_core/u_output_protect/data_o_reg[8]/CLR
  -------------------------------------------------------------------    -------------------

                         (clock pll_adc_clk rise edge)
                                                      8.000     8.000 r  
    U18                                               0.000     8.000 r  adc_clk_i[1] (IN)
                         net (fo=0)                   0.000     8.000    adc_clk_i[1]
    U18                  IBUFDS (Prop_ibufds_I_O)     0.940     8.940 r  i_clk/O
                         net (fo=1, routed)           1.181    10.121    pll/adc_clk_in
    PLLE2_ADV_X0Y0       PLLE2_ADV (Prop_plle2_adv_CLKIN1_CLKOUT0)
                                                      0.084    10.205 r  pll/pll/CLKOUT0
                         net (fo=1, routed)           1.594    11.799    pll_adc_clk
    BUFGCTRL_X0Y0        BUFG (Prop_bufg_I_O)         0.091    11.890 r  bufg_adc_clk/O
                         net (fo=8602, routed)        1.570    13.460    i_laser_lock_core/u_output_protect/adc_clk
    SLICE_X40Y15         FDCE                                         r  i_laser_lock_core/u_output_protect/data_o_reg[8]/C
                         clock pessimism              0.343    13.804    
                         clock uncertainty           -0.069    13.735    
    SLICE_X40Y15         FDCE (Recov_fdce_C_CLR)     -0.405    13.330    i_laser_lock_core/u_output_protect/data_o_reg[8]
  -------------------------------------------------------------------
                         required time                         13.330    
                         arrival time                         -11.748    
  -------------------------------------------------------------------
                         slack                                  1.582    

Slack (MET) :             1.582ns  (required time - arrival time)
  Source:                 adc_rstn_reg_rep__13/C
                            (rising edge-triggered cell FDRE clocked by pll_adc_clk  {rise@0.000ns fall@4.000ns period=8.000ns})
  Destination:            i_laser_lock_core/u_output_protect/data_o_reg[9]/CLR
                            (recovery check against rising-edge clock pll_adc_clk  {rise@0.000ns fall@4.000ns period=8.000ns})
  Path Group:             **async_default**
  Path Type:              Recovery (Max at Slow Process Corner)
  Requirement:            8.000ns  (pll_adc_clk rise@8.000ns - pll_adc_clk rise@0.000ns)
  Data Path Delay:        5.853ns  (logic 0.642ns (10.969%)  route 5.211ns (89.031%))
  Logic Levels:           1  (LUT1=1)
  Clock Path Skew:        -0.092ns (DCD - SCD + CPR)
    Destination Clock Delay (DCD):    5.460ns = ( 13.460 - 8.000 ) 
    Source Clock Delay      (SCD):    5.895ns
    Clock Pessimism Removal (CPR):    0.343ns
  Clock Uncertainty:      0.069ns  ((TSJ^2 + DJ^2)^1/2) / 2 + PE
    Total System Jitter     (TSJ):    0.071ns
    Discrete Jitter          (DJ):    0.118ns
    Phase Error              (PE):    0.000ns

    Location             Delay type                Incr(ns)  Path(ns)    Netlist Resource(s)
  -------------------------------------------------------------------    -------------------
                         (clock pll_adc_clk rise edge)
                                                      0.000     0.000 r  
    U18                                               0.000     0.000 r  adc_clk_i[1] (IN)
                         net (fo=0)                   0.000     0.000    adc_clk_i[1]
    U18                  IBUFDS (Prop_ibufds_I_O)     0.983     0.983 r  i_clk/O
                         net (fo=1, routed)           1.306     2.289    pll/adc_clk_in
    PLLE2_ADV_X0Y0       PLLE2_ADV (Prop_plle2_adv_CLKIN1_CLKOUT0)
                                                      0.089     2.378 r  pll/pll/CLKOUT0
                         net (fo=1, routed)           1.754     4.132    pll_adc_clk
    BUFGCTRL_X0Y0        BUFG (Prop_bufg_I_O)         0.101     4.233 r  bufg_adc_clk/O
                         net (fo=8602, routed)        1.662     5.895    adc_clk
    SLICE_X28Y57         FDRE                                         r  adc_rstn_reg_rep__13/C
  -------------------------------------------------------------------    -------------------
    SLICE_X28Y57         FDRE (Prop_fdre_C_Q)         0.518     6.413 r  adc_rstn_reg_rep__13/Q
                         net (fo=15, routed)          0.805     7.218    i_asg/ch[0]/dac_pnt_reg[0]_0
    SLICE_X28Y67         LUT1 (Prop_lut1_I0_O)        0.124     7.342 f  i_asg/ch[0]/ext_trig_dn[1]_i_1/O
                         net (fo=3680, routed)        4.406    11.748    i_laser_lock_core/u_output_protect/SS[0]
    SLICE_X40Y15         FDCE                                         f  i_laser_lock_core/u_output_protect/data_o_reg[9]/CLR
  -------------------------------------------------------------------    -------------------

                         (clock pll_adc_clk rise edge)
                                                      8.000     8.000 r  
    U18                                               0.000     8.000 r  adc_clk_i[1] (IN)
                         net (fo=0)                   0.000     8.000    adc_clk_i[1]
    U18                  IBUFDS (Prop_ibufds_I_O)     0.940     8.940 r  i_clk/O
                         net (fo=1, routed)           1.181    10.121    pll/adc_clk_in
    PLLE2_ADV_X0Y0       PLLE2_ADV (Prop_plle2_adv_CLKIN1_CLKOUT0)
                                                      0.084    10.205 r  pll/pll/CLKOUT0
                         net (fo=1, routed)           1.594    11.799    pll_adc_clk
    BUFGCTRL_X0Y0        BUFG (Prop_bufg_I_O)         0.091    11.890 r  bufg_adc_clk/O
                         net (fo=8602, routed)        1.570    13.460    i_laser_lock_core/u_output_protect/adc_clk
    SLICE_X40Y15         FDCE                                         r  i_laser_lock_core/u_output_protect/data_o_reg[9]/C
                         clock pessimism              0.343    13.804    
                         clock uncertainty           -0.069    13.735    
    SLICE_X40Y15         FDCE (Recov_fdce_C_CLR)     -0.405    13.330    i_laser_lock_core/u_output_protect/data_o_reg[9]
  -------------------------------------------------------------------
                         required time                         13.330    
                         arrival time                         -11.748    
  -------------------------------------------------------------------
                         slack                                  1.582    





Min Delay Paths
--------------------------------------------------------------------------------------
Slack (MET) :             2.455ns  (arrival time - required time)
  Source:                 adc_rstn_reg_rep__13/C
                            (rising edge-triggered cell FDRE clocked by pll_adc_clk  {rise@0.000ns fall@4.000ns period=8.000ns})
  Destination:            i_laser_lock_core/u_output_protect/data_o_reg[12]/CLR
                            (removal check against rising-edge clock pll_adc_clk  {rise@0.000ns fall@4.000ns period=8.000ns})
  Path Group:             **async_default**
  Path Type:              Removal (Min at Fast Process Corner)
  Requirement:            0.000ns  (pll_adc_clk rise@0.000ns - pll_adc_clk rise@0.000ns)
  Data Path Delay:        2.680ns  (logic 0.209ns (7.799%)  route 2.471ns (92.201%))
  Logic Levels:           1  (LUT1=1)
  Clock Path Skew:        0.292ns (DCD - SCD - CPR)
    Destination Clock Delay (DCD):    2.393ns
    Source Clock Delay      (SCD):    1.975ns
    Clock Pessimism Removal (CPR):    0.125ns

    Location             Delay type                Incr(ns)  Path(ns)    Netlist Resource(s)
  -------------------------------------------------------------------    -------------------
                         (clock pll_adc_clk rise edge)
                                                      0.000     0.000 r  
    U18                                               0.000     0.000 r  adc_clk_i[1] (IN)
                         net (fo=0)                   0.000     0.000    adc_clk_i[1]
    U18                  IBUFDS (Prop_ibufds_I_O)     0.401     0.401 r  i_clk/O
                         net (fo=1, routed)           0.440     0.842    pll/adc_clk_in
    PLLE2_ADV_X0Y0       PLLE2_ADV (Prop_plle2_adv_CLKIN1_CLKOUT0)
                                                      0.051     0.893 r  pll/pll/CLKOUT0
                         net (fo=1, routed)           0.497     1.390    pll_adc_clk
    BUFGCTRL_X0Y0        BUFG (Prop_bufg_I_O)         0.026     1.416 r  bufg_adc_clk/O
                         net (fo=8602, routed)        0.560     1.975    adc_clk
    SLICE_X28Y57         FDRE                                         r  adc_rstn_reg_rep__13/C
  -------------------------------------------------------------------    -------------------
    SLICE_X28Y57         FDRE (Prop_fdre_C_Q)         0.164     2.139 r  adc_rstn_reg_rep__13/Q
                         net (fo=15, routed)          0.340     2.479    i_asg/ch[0]/dac_pnt_reg[0]_0
    SLICE_X28Y67         LUT1 (Prop_lut1_I0_O)        0.045     2.524 f  i_asg/ch[0]/ext_trig_dn[1]_i_1/O
                         net (fo=3680, routed)        2.131     4.655    i_laser_lock_core/u_output_protect/SS[0]
    SLICE_X38Y16         FDCE                                         f  i_laser_lock_core/u_output_protect/data_o_reg[12]/CLR
  -------------------------------------------------------------------    -------------------

                         (clock pll_adc_clk rise edge)
                                                      0.000     0.000 r  
    U18                                               0.000     0.000 r  adc_clk_i[1] (IN)
                         net (fo=0)                   0.000     0.000    adc_clk_i[1]
    U18                  IBUFDS (Prop_ibufds_I_O)     0.433     0.433 r  i_clk/O
                         net (fo=1, routed)           0.481     0.914    pll/adc_clk_in
    PLLE2_ADV_X0Y0       PLLE2_ADV (Prop_plle2_adv_CLKIN1_CLKOUT0)
                                                      0.054     0.968 r  pll/pll/CLKOUT0
                         net (fo=1, routed)           0.544     1.512    pll_adc_clk
    BUFGCTRL_X0Y0        BUFG (Prop_bufg_I_O)         0.029     1.541 r  bufg_adc_clk/O
                         net (fo=8602, routed)        0.852     2.393    i_laser_lock_core/u_output_protect/adc_clk
    SLICE_X38Y16         FDCE                                         r  i_laser_lock_core/u_output_protect/data_o_reg[12]/C
                         clock pessimism             -0.125     2.268    
    SLICE_X38Y16         FDCE (Remov_fdce_C_CLR)     -0.067     2.201    i_laser_lock_core/u_output_protect/data_o_reg[12]
  -------------------------------------------------------------------
                         required time                         -2.201    
                         arrival time                           4.655    
  -------------------------------------------------------------------
                         slack                                  2.455    

Slack (MET) :             2.455ns  (arrival time - required time)
  Source:                 adc_rstn_reg_rep__13/C
                            (rising edge-triggered cell FDRE clocked by pll_adc_clk  {rise@0.000ns fall@4.000ns period=8.000ns})
  Destination:            i_laser_lock_core/u_output_protect/data_o_reg[2]/CLR
                            (removal check against rising-edge clock pll_adc_clk  {rise@0.000ns fall@4.000ns period=8.000ns})
  Path Group:             **async_default**
  Path Type:              Removal (Min at Fast Process Corner)
  Requirement:            0.000ns  (pll_adc_clk rise@0.000ns - pll_adc_clk rise@0.000ns)
  Data Path Delay:        2.680ns  (logic 0.209ns (7.799%)  route 2.471ns (92.201%))
  Logic Levels:           1  (LUT1=1)
  Clock Path Skew:        0.292ns (DCD - SCD - CPR)
    Destination Clock Delay (DCD):    2.393ns
    Source Clock Delay      (SCD):    1.975ns
    Clock Pessimism Removal (CPR):    0.125ns

    Location             Delay type                Incr(ns)  Path(ns)    Netlist Resource(s)
  -------------------------------------------------------------------    -------------------
                         (clock pll_adc_clk rise edge)
                                                      0.000     0.000 r  
    U18                                               0.000     0.000 r  adc_clk_i[1] (IN)
                         net (fo=0)                   0.000     0.000    adc_clk_i[1]
    U18                  IBUFDS (Prop_ibufds_I_O)     0.401     0.401 r  i_clk/O
                         net (fo=1, routed)           0.440     0.842    pll/adc_clk_in
    PLLE2_ADV_X0Y0       PLLE2_ADV (Prop_plle2_adv_CLKIN1_CLKOUT0)
                                                      0.051     0.893 r  pll/pll/CLKOUT0
                         net (fo=1, routed)           0.497     1.390    pll_adc_clk
    BUFGCTRL_X0Y0        BUFG (Prop_bufg_I_O)         0.026     1.416 r  bufg_adc_clk/O
                         net (fo=8602, routed)        0.560     1.975    adc_clk
    SLICE_X28Y57         FDRE                                         r  adc_rstn_reg_rep__13/C
  -------------------------------------------------------------------    -------------------
    SLICE_X28Y57         FDRE (Prop_fdre_C_Q)         0.164     2.139 r  adc_rstn_reg_rep__13/Q
                         net (fo=15, routed)          0.340     2.479    i_asg/ch[0]/dac_pnt_reg[0]_0
    SLICE_X28Y67         LUT1 (Prop_lut1_I0_O)        0.045     2.524 f  i_asg/ch[0]/ext_trig_dn[1]_i_1/O
                         net (fo=3680, routed)        2.131     4.655    i_laser_lock_core/u_output_protect/SS[0]
    SLICE_X38Y16         FDCE                                         f  i_laser_lock_core/u_output_protect/data_o_reg[2]/CLR
  -------------------------------------------------------------------    -------------------

                         (clock pll_adc_clk rise edge)
                                                      0.000     0.000 r  
    U18                                               0.000     0.000 r  adc_clk_i[1] (IN)
                         net (fo=0)                   0.000     0.000    adc_clk_i[1]
    U18                  IBUFDS (Prop_ibufds_I_O)     0.433     0.433 r  i_clk/O
                         net (fo=1, routed)           0.481     0.914    pll/adc_clk_in
    PLLE2_ADV_X0Y0       PLLE2_ADV (Prop_plle2_adv_CLKIN1_CLKOUT0)
                                                      0.054     0.968 r  pll/pll/CLKOUT0
                         net (fo=1, routed)           0.544     1.512    pll_adc_clk
    BUFGCTRL_X0Y0        BUFG (Prop_bufg_I_O)         0.029     1.541 r  bufg_adc_clk/O
                         net (fo=8602, routed)        0.852     2.393    i_laser_lock_core/u_output_protect/adc_clk
    SLICE_X38Y16         FDCE                                         r  i_laser_lock_core/u_output_protect/data_o_reg[2]/C
                         clock pessimism             -0.125     2.268    
    SLICE_X38Y16         FDCE (Remov_fdce_C_CLR)     -0.067     2.201    i_laser_lock_core/u_output_protect/data_o_reg[2]
  -------------------------------------------------------------------
                         required time                         -2.201    
                         arrival time                           4.655    
  -------------------------------------------------------------------
                         slack                                  2.455    

Slack (MET) :             2.459ns  (arrival time - required time)
  Source:                 adc_rstn_reg_rep__13/C
                            (rising edge-triggered cell FDRE clocked by pll_adc_clk  {rise@0.000ns fall@4.000ns period=8.000ns})
  Destination:            i_laser_lock_core/u_output_protect/data_o_reg[11]/CLR
                            (removal check against rising-edge clock pll_adc_clk  {rise@0.000ns fall@4.000ns period=8.000ns})
  Path Group:             **async_default**
  Path Type:              Removal (Min at Fast Process Corner)
  Requirement:            0.000ns  (pll_adc_clk rise@0.000ns - pll_adc_clk rise@0.000ns)
  Data Path Delay:        2.662ns  (logic 0.209ns (7.850%)  route 2.453ns (92.150%))
  Logic Levels:           1  (LUT1=1)
  Clock Path Skew:        0.295ns (DCD - SCD - CPR)
    Destination Clock Delay (DCD):    2.396ns
    Source Clock Delay      (SCD):    1.975ns
    Clock Pessimism Removal (CPR):    0.125ns

    Location             Delay type                Incr(ns)  Path(ns)    Netlist Resource(s)
  -------------------------------------------------------------------    -------------------
                         (clock pll_adc_clk rise edge)
                                                      0.000     0.000 r  
    U18                                               0.000     0.000 r  adc_clk_i[1] (IN)
                         net (fo=0)                   0.000     0.000    adc_clk_i[1]
    U18                  IBUFDS (Prop_ibufds_I_O)     0.401     0.401 r  i_clk/O
                         net (fo=1, routed)           0.440     0.842    pll/adc_clk_in
    PLLE2_ADV_X0Y0       PLLE2_ADV (Prop_plle2_adv_CLKIN1_CLKOUT0)
                                                      0.051     0.893 r  pll/pll/CLKOUT0
                         net (fo=1, routed)           0.497     1.390    pll_adc_clk
    BUFGCTRL_X0Y0        BUFG (Prop_bufg_I_O)         0.026     1.416 r  bufg_adc_clk/O
                         net (fo=8602, routed)        0.560     1.975    adc_clk
    SLICE_X28Y57         FDRE                                         r  adc_rstn_reg_rep__13/C
  -------------------------------------------------------------------    -------------------
    SLICE_X28Y57         FDRE (Prop_fdre_C_Q)         0.164     2.139 r  adc_rstn_reg_rep__13/Q
                         net (fo=15, routed)          0.340     2.479    i_asg/ch[0]/dac_pnt_reg[0]_0
    SLICE_X28Y67         LUT1 (Prop_lut1_I0_O)        0.045     2.524 f  i_asg/ch[0]/ext_trig_dn[1]_i_1/O
                         net (fo=3680, routed)        2.114     4.638    i_laser_lock_core/u_output_protect/SS[0]
    SLICE_X41Y15         FDCE                                         f  i_laser_lock_core/u_output_protect/data_o_reg[11]/CLR
  -------------------------------------------------------------------    -------------------

                         (clock pll_adc_clk rise edge)
                                                      0.000     0.000 r  
    U18                                               0.000     0.000 r  adc_clk_i[1] (IN)
                         net (fo=0)                   0.000     0.000    adc_clk_i[1]
    U18                  IBUFDS (Prop_ibufds_I_O)     0.433     0.433 r  i_clk/O
                         net (fo=1, routed)           0.481     0.914    pll/adc_clk_in
    PLLE2_ADV_X0Y0       PLLE2_ADV (Prop_plle2_adv_CLKIN1_CLKOUT0)
                                                      0.054     0.968 r  pll/pll/CLKOUT0
                         net (fo=1, routed)           0.544     1.512    pll_adc_clk
    BUFGCTRL_X0Y0        BUFG (Prop_bufg_I_O)         0.029     1.541 r  bufg_adc_clk/O
                         net (fo=8602, routed)        0.855     2.396    i_laser_lock_core/u_output_protect/adc_clk
    SLICE_X41Y15         FDCE                                         r  i_laser_lock_core/u_output_protect/data_o_reg[11]/C
                         clock pessimism             -0.125     2.271    
    SLICE_X41Y15         FDCE (Remov_fdce_C_CLR)     -0.092     2.179    i_laser_lock_core/u_output_protect/data_o_reg[11]
  -------------------------------------------------------------------
                         required time                         -2.179    
                         arrival time                           4.638    
  -------------------------------------------------------------------
                         slack                                  2.459    

Slack (MET) :             2.459ns  (arrival time - required time)
  Source:                 adc_rstn_reg_rep__13/C
                            (rising edge-triggered cell FDRE clocked by pll_adc_clk  {rise@0.000ns fall@4.000ns period=8.000ns})
  Destination:            i_laser_lock_core/u_output_protect/data_o_reg[3]/CLR
                            (removal check against rising-edge clock pll_adc_clk  {rise@0.000ns fall@4.000ns period=8.000ns})
  Path Group:             **async_default**
  Path Type:              Removal (Min at Fast Process Corner)
  Requirement:            0.000ns  (pll_adc_clk rise@0.000ns - pll_adc_clk rise@0.000ns)
  Data Path Delay:        2.662ns  (logic 0.209ns (7.850%)  route 2.453ns (92.150%))
  Logic Levels:           1  (LUT1=1)
  Clock Path Skew:        0.295ns (DCD - SCD - CPR)
    Destination Clock Delay (DCD):    2.396ns
    Source Clock Delay      (SCD):    1.975ns
    Clock Pessimism Removal (CPR):    0.125ns

    Location             Delay type                Incr(ns)  Path(ns)    Netlist Resource(s)
  -------------------------------------------------------------------    -------------------
                         (clock pll_adc_clk rise edge)
                                                      0.000     0.000 r  
    U18                                               0.000     0.000 r  adc_clk_i[1] (IN)
                         net (fo=0)                   0.000     0.000    adc_clk_i[1]
    U18                  IBUFDS (Prop_ibufds_I_O)     0.401     0.401 r  i_clk/O
                         net (fo=1, routed)           0.440     0.842    pll/adc_clk_in
    PLLE2_ADV_X0Y0       PLLE2_ADV (Prop_plle2_adv_CLKIN1_CLKOUT0)
                                                      0.051     0.893 r  pll/pll/CLKOUT0
                         net (fo=1, routed)           0.497     1.390    pll_adc_clk
    BUFGCTRL_X0Y0        BUFG (Prop_bufg_I_O)         0.026     1.416 r  bufg_adc_clk/O
                         net (fo=8602, routed)        0.560     1.975    adc_clk
    SLICE_X28Y57         FDRE                                         r  adc_rstn_reg_rep__13/C
  -------------------------------------------------------------------    -------------------
    SLICE_X28Y57         FDRE (Prop_fdre_C_Q)         0.164     2.139 r  adc_rstn_reg_rep__13/Q
                         net (fo=15, routed)          0.340     2.479    i_asg/ch[0]/dac_pnt_reg[0]_0
    SLICE_X28Y67         LUT1 (Prop_lut1_I0_O)        0.045     2.524 f  i_asg/ch[0]/ext_trig_dn[1]_i_1/O
                         net (fo=3680, routed)        2.114     4.638    i_laser_lock_core/u_output_protect/SS[0]
    SLICE_X41Y15         FDCE                                         f  i_laser_lock_core/u_output_protect/data_o_reg[3]/CLR
  -------------------------------------------------------------------    -------------------

                         (clock pll_adc_clk rise edge)
                                                      0.000     0.000 r  
    U18                                               0.000     0.000 r  adc_clk_i[1] (IN)
                         net (fo=0)                   0.000     0.000    adc_clk_i[1]
    U18                  IBUFDS (Prop_ibufds_I_O)     0.433     0.433 r  i_clk/O
                         net (fo=1, routed)           0.481     0.914    pll/adc_clk_in
    PLLE2_ADV_X0Y0       PLLE2_ADV (Prop_plle2_adv_CLKIN1_CLKOUT0)
                                                      0.054     0.968 r  pll/pll/CLKOUT0
                         net (fo=1, routed)           0.544     1.512    pll_adc_clk
    BUFGCTRL_X0Y0        BUFG (Prop_bufg_I_O)         0.029     1.541 r  bufg_adc_clk/O
                         net (fo=8602, routed)        0.855     2.396    i_laser_lock_core/u_output_protect/adc_clk
    SLICE_X41Y15         FDCE                                         r  i_laser_lock_core/u_output_protect/data_o_reg[3]/C
                         clock pessimism             -0.125     2.271    
    SLICE_X41Y15         FDCE (Remov_fdce_C_CLR)     -0.092     2.179    i_laser_lock_core/u_output_protect/data_o_reg[3]
  -------------------------------------------------------------------
                         required time                         -2.179    
                         arrival time                           4.638    
  -------------------------------------------------------------------
                         slack                                  2.459    

Slack (MET) :             2.463ns  (arrival time - required time)
  Source:                 adc_rstn_reg_rep__13/C
                            (rising edge-triggered cell FDRE clocked by pll_adc_clk  {rise@0.000ns fall@4.000ns period=8.000ns})
  Destination:            i_laser_lock_core/u_output_protect/data_o_reg[5]/CLR
                            (removal check against rising-edge clock pll_adc_clk  {rise@0.000ns fall@4.000ns period=8.000ns})
  Path Group:             **async_default**
  Path Type:              Removal (Min at Fast Process Corner)
  Requirement:            0.000ns  (pll_adc_clk rise@0.000ns - pll_adc_clk rise@0.000ns)
  Data Path Delay:        2.667ns  (logic 0.209ns (7.837%)  route 2.458ns (92.163%))
  Logic Levels:           1  (LUT1=1)
  Clock Path Skew:        0.295ns (DCD - SCD - CPR)
    Destination Clock Delay (DCD):    2.396ns
    Source Clock Delay      (SCD):    1.975ns
    Clock Pessimism Removal (CPR):    0.125ns

    Location             Delay type                Incr(ns)  Path(ns)    Netlist Resource(s)
  -------------------------------------------------------------------    -------------------
                         (clock pll_adc_clk rise edge)
                                                      0.000     0.000 r  
    U18                                               0.000     0.000 r  adc_clk_i[1] (IN)
                         net (fo=0)                   0.000     0.000    adc_clk_i[1]
    U18                  IBUFDS (Prop_ibufds_I_O)     0.401     0.401 r  i_clk/O
                         net (fo=1, routed)           0.440     0.842    pll/adc_clk_in
    PLLE2_ADV_X0Y0       PLLE2_ADV (Prop_plle2_adv_CLKIN1_CLKOUT0)
                                                      0.051     0.893 r  pll/pll/CLKOUT0
                         net (fo=1, routed)           0.497     1.390    pll_adc_clk
    BUFGCTRL_X0Y0        BUFG (Prop_bufg_I_O)         0.026     1.416 r  bufg_adc_clk/O
                         net (fo=8602, routed)        0.560     1.975    adc_clk
    SLICE_X28Y57         FDRE                                         r  adc_rstn_reg_rep__13/C
  -------------------------------------------------------------------    -------------------
    SLICE_X28Y57         FDRE (Prop_fdre_C_Q)         0.164     2.139 r  adc_rstn_reg_rep__13/Q
                         net (fo=15, routed)          0.340     2.479    i_asg/ch[0]/dac_pnt_reg[0]_0
    SLICE_X28Y67         LUT1 (Prop_lut1_I0_O)        0.045     2.524 f  i_asg/ch[0]/ext_trig_dn[1]_i_1/O
                         net (fo=3680, routed)        2.118     4.642    i_laser_lock_core/u_output_protect/SS[0]
    SLICE_X40Y15         FDCE                                         f  i_laser_lock_core/u_output_protect/data_o_reg[5]/CLR
  -------------------------------------------------------------------    -------------------

                         (clock pll_adc_clk rise edge)
                                                      0.000     0.000 r  
    U18                                               0.000     0.000 r  adc_clk_i[1] (IN)
                         net (fo=0)                   0.000     0.000    adc_clk_i[1]
    U18                  IBUFDS (Prop_ibufds_I_O)     0.433     0.433 r  i_clk/O
                         net (fo=1, routed)           0.481     0.914    pll/adc_clk_in
    PLLE2_ADV_X0Y0       PLLE2_ADV (Prop_plle2_adv_CLKIN1_CLKOUT0)
                                                      0.054     0.968 r  pll/pll/CLKOUT0
                         net (fo=1, routed)           0.544     1.512    pll_adc_clk
    BUFGCTRL_X0Y0        BUFG (Prop_bufg_I_O)         0.029     1.541 r  bufg_adc_clk/O
                         net (fo=8602, routed)        0.855     2.396    i_laser_lock_core/u_output_protect/adc_clk
    SLICE_X40Y15         FDCE                                         r  i_laser_lock_core/u_output_protect/data_o_reg[5]/C
                         clock pessimism             -0.125     2.271    
    SLICE_X40Y15         FDCE (Remov_fdce_C_CLR)     -0.092     2.179    i_laser_lock_core/u_output_protect/data_o_reg[5]
  -------------------------------------------------------------------
                         required time                         -2.179    
                         arrival time                           4.642    
  -------------------------------------------------------------------
                         slack                                  2.463    

Slack (MET) :             2.463ns  (arrival time - required time)
  Source:                 adc_rstn_reg_rep__13/C
                            (rising edge-triggered cell FDRE clocked by pll_adc_clk  {rise@0.000ns fall@4.000ns period=8.000ns})
  Destination:            i_laser_lock_core/u_output_protect/data_o_reg[6]/CLR
                            (removal check against rising-edge clock pll_adc_clk  {rise@0.000ns fall@4.000ns period=8.000ns})
  Path Group:             **async_default**
  Path Type:              Removal (Min at Fast Process Corner)
  Requirement:            0.000ns  (pll_adc_clk rise@0.000ns - pll_adc_clk rise@0.000ns)
  Data Path Delay:        2.667ns  (logic 0.209ns (7.837%)  route 2.458ns (92.163%))
  Logic Levels:           1  (LUT1=1)
  Clock Path Skew:        0.295ns (DCD - SCD - CPR)
    Destination Clock Delay (DCD):    2.396ns
    Source Clock Delay      (SCD):    1.975ns
    Clock Pessimism Removal (CPR):    0.125ns

    Location             Delay type                Incr(ns)  Path(ns)    Netlist Resource(s)
  -------------------------------------------------------------------    -------------------
                         (clock pll_adc_clk rise edge)
                                                      0.000     0.000 r  
    U18                                               0.000     0.000 r  adc_clk_i[1] (IN)
                         net (fo=0)                   0.000     0.000    adc_clk_i[1]
    U18                  IBUFDS (Prop_ibufds_I_O)     0.401     0.401 r  i_clk/O
                         net (fo=1, routed)           0.440     0.842    pll/adc_clk_in
    PLLE2_ADV_X0Y0       PLLE2_ADV (Prop_plle2_adv_CLKIN1_CLKOUT0)
                                                      0.051     0.893 r  pll/pll/CLKOUT0
                         net (fo=1, routed)           0.497     1.390    pll_adc_clk
    BUFGCTRL_X0Y0        BUFG (Prop_bufg_I_O)         0.026     1.416 r  bufg_adc_clk/O
                         net (fo=8602, routed)        0.560     1.975    adc_clk
    SLICE_X28Y57         FDRE                                         r  adc_rstn_reg_rep__13/C
  -------------------------------------------------------------------    -------------------
    SLICE_X28Y57         FDRE (Prop_fdre_C_Q)         0.164     2.139 r  adc_rstn_reg_rep__13/Q
                         net (fo=15, routed)          0.340     2.479    i_asg/ch[0]/dac_pnt_reg[0]_0
    SLICE_X28Y67         LUT1 (Prop_lut1_I0_O)        0.045     2.524 f  i_asg/ch[0]/ext_trig_dn[1]_i_1/O
                         net (fo=3680, routed)        2.118     4.642    i_laser_lock_core/u_output_protect/SS[0]
    SLICE_X40Y15         FDCE                                         f  i_laser_lock_core/u_output_protect/data_o_reg[6]/CLR
  -------------------------------------------------------------------    -------------------

                         (clock pll_adc_clk rise edge)
                                                      0.000     0.000 r  
    U18                                               0.000     0.000 r  adc_clk_i[1] (IN)
                         net (fo=0)                   0.000     0.000    adc_clk_i[1]
    U18                  IBUFDS (Prop_ibufds_I_O)     0.433     0.433 r  i_clk/O
                         net (fo=1, routed)           0.481     0.914    pll/adc_clk_in
    PLLE2_ADV_X0Y0       PLLE2_ADV (Prop_plle2_adv_CLKIN1_CLKOUT0)
                                                      0.054     0.968 r  pll/pll/CLKOUT0
                         net (fo=1, routed)           0.544     1.512    pll_adc_clk
    BUFGCTRL_X0Y0        BUFG (Prop_bufg_I_O)         0.029     1.541 r  bufg_adc_clk/O
                         net (fo=8602, routed)        0.855     2.396    i_laser_lock_core/u_output_protect/adc_clk
    SLICE_X40Y15         FDCE                                         r  i_laser_lock_core/u_output_protect/data_o_reg[6]/C
                         clock pessimism             -0.125     2.271    
    SLICE_X40Y15         FDCE (Remov_fdce_C_CLR)     -0.092     2.179    i_laser_lock_core/u_output_protect/data_o_reg[6]
  -------------------------------------------------------------------
                         required time                         -2.179    
                         arrival time                           4.642    
  -------------------------------------------------------------------
                         slack                                  2.463    

Slack (MET) :             2.463ns  (arrival time - required time)
  Source:                 adc_rstn_reg_rep__13/C
                            (rising edge-triggered cell FDRE clocked by pll_adc_clk  {rise@0.000ns fall@4.000ns period=8.000ns})
  Destination:            i_laser_lock_core/u_output_protect/data_o_reg[8]/CLR
                            (removal check against rising-edge clock pll_adc_clk  {rise@0.000ns fall@4.000ns period=8.000ns})
  Path Group:             **async_default**
  Path Type:              Removal (Min at Fast Process Corner)
  Requirement:            0.000ns  (pll_adc_clk rise@0.000ns - pll_adc_clk rise@0.000ns)
  Data Path Delay:        2.667ns  (logic 0.209ns (7.837%)  route 2.458ns (92.163%))
  Logic Levels:           1  (LUT1=1)
  Clock Path Skew:        0.295ns (DCD - SCD - CPR)
    Destination Clock Delay (DCD):    2.396ns
    Source Clock Delay      (SCD):    1.975ns
    Clock Pessimism Removal (CPR):    0.125ns

    Location             Delay type                Incr(ns)  Path(ns)    Netlist Resource(s)
  -------------------------------------------------------------------    -------------------
                         (clock pll_adc_clk rise edge)
                                                      0.000     0.000 r  
    U18                                               0.000     0.000 r  adc_clk_i[1] (IN)
                         net (fo=0)                   0.000     0.000    adc_clk_i[1]
    U18                  IBUFDS (Prop_ibufds_I_O)     0.401     0.401 r  i_clk/O
                         net (fo=1, routed)           0.440     0.842    pll/adc_clk_in
    PLLE2_ADV_X0Y0       PLLE2_ADV (Prop_plle2_adv_CLKIN1_CLKOUT0)
                                                      0.051     0.893 r  pll/pll/CLKOUT0
                         net (fo=1, routed)           0.497     1.390    pll_adc_clk
    BUFGCTRL_X0Y0        BUFG (Prop_bufg_I_O)         0.026     1.416 r  bufg_adc_clk/O
                         net (fo=8602, routed)        0.560     1.975    adc_clk
    SLICE_X28Y57         FDRE                                         r  adc_rstn_reg_rep__13/C
  -------------------------------------------------------------------    -------------------
    SLICE_X28Y57         FDRE (Prop_fdre_C_Q)         0.164     2.139 r  adc_rstn_reg_rep__13/Q
                         net (fo=15, routed)          0.340     2.479    i_asg/ch[0]/dac_pnt_reg[0]_0
    SLICE_X28Y67         LUT1 (Prop_lut1_I0_O)        0.045     2.524 f  i_asg/ch[0]/ext_trig_dn[1]_i_1/O
                         net (fo=3680, routed)        2.118     4.642    i_laser_lock_core/u_output_protect/SS[0]
    SLICE_X40Y15         FDCE                                         f  i_laser_lock_core/u_output_protect/data_o_reg[8]/CLR
  -------------------------------------------------------------------    -------------------

                         (clock pll_adc_clk rise edge)
                                                      0.000     0.000 r  
    U18                                               0.000     0.000 r  adc_clk_i[1] (IN)
                         net (fo=0)                   0.000     0.000    adc_clk_i[1]
    U18                  IBUFDS (Prop_ibufds_I_O)     0.433     0.433 r  i_clk/O
                         net (fo=1, routed)           0.481     0.914    pll/adc_clk_in
    PLLE2_ADV_X0Y0       PLLE2_ADV (Prop_plle2_adv_CLKIN1_CLKOUT0)
                                                      0.054     0.968 r  pll/pll/CLKOUT0
                         net (fo=1, routed)           0.544     1.512    pll_adc_clk
    BUFGCTRL_X0Y0        BUFG (Prop_bufg_I_O)         0.029     1.541 r  bufg_adc_clk/O
                         net (fo=8602, routed)        0.855     2.396    i_laser_lock_core/u_output_protect/adc_clk
    SLICE_X40Y15         FDCE                                         r  i_laser_lock_core/u_output_protect/data_o_reg[8]/C
                         clock pessimism             -0.125     2.271    
    SLICE_X40Y15         FDCE (Remov_fdce_C_CLR)     -0.092     2.179    i_laser_lock_core/u_output_protect/data_o_reg[8]
  -------------------------------------------------------------------
                         required time                         -2.179    
                         arrival time                           4.642    
  -------------------------------------------------------------------
                         slack                                  2.463    

Slack (MET) :             2.463ns  (arrival time - required time)
  Source:                 adc_rstn_reg_rep__13/C
                            (rising edge-triggered cell FDRE clocked by pll_adc_clk  {rise@0.000ns fall@4.000ns period=8.000ns})
  Destination:            i_laser_lock_core/u_output_protect/data_o_reg[9]/CLR
                            (removal check against rising-edge clock pll_adc_clk  {rise@0.000ns fall@4.000ns period=8.000ns})
  Path Group:             **async_default**
  Path Type:              Removal (Min at Fast Process Corner)
  Requirement:            0.000ns  (pll_adc_clk rise@0.000ns - pll_adc_clk rise@0.000ns)
  Data Path Delay:        2.667ns  (logic 0.209ns (7.837%)  route 2.458ns (92.163%))
  Logic Levels:           1  (LUT1=1)
  Clock Path Skew:        0.295ns (DCD - SCD - CPR)
    Destination Clock Delay (DCD):    2.396ns
    Source Clock Delay      (SCD):    1.975ns
    Clock Pessimism Removal (CPR):    0.125ns

    Location             Delay type                Incr(ns)  Path(ns)    Netlist Resource(s)
  -------------------------------------------------------------------    -------------------
                         (clock pll_adc_clk rise edge)
                                                      0.000     0.000 r  
    U18                                               0.000     0.000 r  adc_clk_i[1] (IN)
                         net (fo=0)                   0.000     0.000    adc_clk_i[1]
    U18                  IBUFDS (Prop_ibufds_I_O)     0.401     0.401 r  i_clk/O
                         net (fo=1, routed)           0.440     0.842    pll/adc_clk_in
    PLLE2_ADV_X0Y0       PLLE2_ADV (Prop_plle2_adv_CLKIN1_CLKOUT0)
                                                      0.051     0.893 r  pll/pll/CLKOUT0
                         net (fo=1, routed)           0.497     1.390    pll_adc_clk
    BUFGCTRL_X0Y0        BUFG (Prop_bufg_I_O)         0.026     1.416 r  bufg_adc_clk/O
                         net (fo=8602, routed)        0.560     1.975    adc_clk
    SLICE_X28Y57         FDRE                                         r  adc_rstn_reg_rep__13/C
  -------------------------------------------------------------------    -------------------
    SLICE_X28Y57         FDRE (Prop_fdre_C_Q)         0.164     2.139 r  adc_rstn_reg_rep__13/Q
                         net (fo=15, routed)          0.340     2.479    i_asg/ch[0]/dac_pnt_reg[0]_0
    SLICE_X28Y67         LUT1 (Prop_lut1_I0_O)        0.045     2.524 f  i_asg/ch[0]/ext_trig_dn[1]_i_1/O
                         net (fo=3680, routed)        2.118     4.642    i_laser_lock_core/u_output_protect/SS[0]
    SLICE_X40Y15         FDCE                                         f  i_laser_lock_core/u_output_protect/data_o_reg[9]/CLR
  -------------------------------------------------------------------    -------------------

                         (clock pll_adc_clk rise edge)
                                                      0.000     0.000 r  
    U18                                               0.000     0.000 r  adc_clk_i[1] (IN)
                         net (fo=0)                   0.000     0.000    adc_clk_i[1]
    U18                  IBUFDS (Prop_ibufds_I_O)     0.433     0.433 r  i_clk/O
                         net (fo=1, routed)           0.481     0.914    pll/adc_clk_in
    PLLE2_ADV_X0Y0       PLLE2_ADV (Prop_plle2_adv_CLKIN1_CLKOUT0)
                                                      0.054     0.968 r  pll/pll/CLKOUT0
                         net (fo=1, routed)           0.544     1.512    pll_adc_clk
    BUFGCTRL_X0Y0        BUFG (Prop_bufg_I_O)         0.029     1.541 r  bufg_adc_clk/O
                         net (fo=8602, routed)        0.855     2.396    i_laser_lock_core/u_output_protect/adc_clk
    SLICE_X40Y15         FDCE                                         r  i_laser_lock_core/u_output_protect/data_o_reg[9]/C
                         clock pessimism             -0.125     2.271    
    SLICE_X40Y15         FDCE (Remov_fdce_C_CLR)     -0.092     2.179    i_laser_lock_core/u_output_protect/data_o_reg[9]
  -------------------------------------------------------------------
                         required time                         -2.179    
                         arrival time                           4.642    
  -------------------------------------------------------------------
                         slack                                  2.463    

Slack (MET) :             2.577ns  (arrival time - required time)
  Source:                 adc_rstn_reg_rep__13/C
                            (rising edge-triggered cell FDRE clocked by pll_adc_clk  {rise@0.000ns fall@4.000ns period=8.000ns})
  Destination:            i_laser_lock_core/u_output_protect/data_o_reg[13]/CLR
                            (removal check against rising-edge clock pll_adc_clk  {rise@0.000ns fall@4.000ns period=8.000ns})
  Path Group:             **async_default**
  Path Type:              Removal (Min at Fast Process Corner)
  Requirement:            0.000ns  (pll_adc_clk rise@0.000ns - pll_adc_clk rise@0.000ns)
  Data Path Delay:        2.779ns  (logic 0.209ns (7.520%)  route 2.570ns (92.480%))
  Logic Levels:           1  (LUT1=1)
  Clock Path Skew:        0.294ns (DCD - SCD - CPR)
    Destination Clock Delay (DCD):    2.395ns
    Source Clock Delay      (SCD):    1.975ns
    Clock Pessimism Removal (CPR):    0.125ns

    Location             Delay type                Incr(ns)  Path(ns)    Netlist Resource(s)
  -------------------------------------------------------------------    -------------------
                         (clock pll_adc_clk rise edge)
                                                      0.000     0.000 r  
    U18                                               0.000     0.000 r  adc_clk_i[1] (IN)
                         net (fo=0)                   0.000     0.000    adc_clk_i[1]
    U18                  IBUFDS (Prop_ibufds_I_O)     0.401     0.401 r  i_clk/O
                         net (fo=1, routed)           0.440     0.842    pll/adc_clk_in
    PLLE2_ADV_X0Y0       PLLE2_ADV (Prop_plle2_adv_CLKIN1_CLKOUT0)
                                                      0.051     0.893 r  pll/pll/CLKOUT0
                         net (fo=1, routed)           0.497     1.390    pll_adc_clk
    BUFGCTRL_X0Y0        BUFG (Prop_bufg_I_O)         0.026     1.416 r  bufg_adc_clk/O
                         net (fo=8602, routed)        0.560     1.975    adc_clk
    SLICE_X28Y57         FDRE                                         r  adc_rstn_reg_rep__13/C
  -------------------------------------------------------------------    -------------------
    SLICE_X28Y57         FDRE (Prop_fdre_C_Q)         0.164     2.139 r  adc_rstn_reg_rep__13/Q
                         net (fo=15, routed)          0.340     2.479    i_asg/ch[0]/dac_pnt_reg[0]_0
    SLICE_X28Y67         LUT1 (Prop_lut1_I0_O)        0.045     2.524 f  i_asg/ch[0]/ext_trig_dn[1]_i_1/O
                         net (fo=3680, routed)        2.230     4.755    i_laser_lock_core/u_output_protect/SS[0]
    SLICE_X39Y13         FDCE                                         f  i_laser_lock_core/u_output_protect/data_o_reg[13]/CLR
  -------------------------------------------------------------------    -------------------

                         (clock pll_adc_clk rise edge)
                                                      0.000     0.000 r  
    U18                                               0.000     0.000 r  adc_clk_i[1] (IN)
                         net (fo=0)                   0.000     0.000    adc_clk_i[1]
    U18                  IBUFDS (Prop_ibufds_I_O)     0.433     0.433 r  i_clk/O
                         net (fo=1, routed)           0.481     0.914    pll/adc_clk_in
    PLLE2_ADV_X0Y0       PLLE2_ADV (Prop_plle2_adv_CLKIN1_CLKOUT0)
                                                      0.054     0.968 r  pll/pll/CLKOUT0
                         net (fo=1, routed)           0.544     1.512    pll_adc_clk
    BUFGCTRL_X0Y0        BUFG (Prop_bufg_I_O)         0.029     1.541 r  bufg_adc_clk/O
                         net (fo=8602, routed)        0.854     2.395    i_laser_lock_core/u_output_protect/adc_clk
    SLICE_X39Y13         FDCE                                         r  i_laser_lock_core/u_output_protect/data_o_reg[13]/C
                         clock pessimism             -0.125     2.270    
    SLICE_X39Y13         FDCE (Remov_fdce_C_CLR)     -0.092     2.178    i_laser_lock_core/u_output_protect/data_o_reg[13]
  -------------------------------------------------------------------
                         required time                         -2.178    
                         arrival time                           4.755    
  -------------------------------------------------------------------
                         slack                                  2.577    

Slack (MET) :             2.577ns  (arrival time - required time)
  Source:                 adc_rstn_reg_rep__13/C
                            (rising edge-triggered cell FDRE clocked by pll_adc_clk  {rise@0.000ns fall@4.000ns period=8.000ns})
  Destination:            i_laser_lock_core/u_output_protect/data_o_reg[1]/CLR
                            (removal check against rising-edge clock pll_adc_clk  {rise@0.000ns fall@4.000ns period=8.000ns})
  Path Group:             **async_default**
  Path Type:              Removal (Min at Fast Process Corner)
  Requirement:            0.000ns  (pll_adc_clk rise@0.000ns - pll_adc_clk rise@0.000ns)
  Data Path Delay:        2.779ns  (logic 0.209ns (7.520%)  route 2.570ns (92.480%))
  Logic Levels:           1  (LUT1=1)
  Clock Path Skew:        0.294ns (DCD - SCD - CPR)
    Destination Clock Delay (DCD):    2.395ns
    Source Clock Delay      (SCD):    1.975ns
    Clock Pessimism Removal (CPR):    0.125ns

    Location             Delay type                Incr(ns)  Path(ns)    Netlist Resource(s)
  -------------------------------------------------------------------    -------------------
                         (clock pll_adc_clk rise edge)
                                                      0.000     0.000 r  
    U18                                               0.000     0.000 r  adc_clk_i[1] (IN)
                         net (fo=0)                   0.000     0.000    adc_clk_i[1]
    U18                  IBUFDS (Prop_ibufds_I_O)     0.401     0.401 r  i_clk/O
                         net (fo=1, routed)           0.440     0.842    pll/adc_clk_in
    PLLE2_ADV_X0Y0       PLLE2_ADV (Prop_plle2_adv_CLKIN1_CLKOUT0)
                                                      0.051     0.893 r  pll/pll/CLKOUT0
                         net (fo=1, routed)           0.497     1.390    pll_adc_clk
    BUFGCTRL_X0Y0        BUFG (Prop_bufg_I_O)         0.026     1.416 r  bufg_adc_clk/O
                         net (fo=8602, routed)        0.560     1.975    adc_clk
    SLICE_X28Y57         FDRE                                         r  adc_rstn_reg_rep__13/C
  -------------------------------------------------------------------    -------------------
    SLICE_X28Y57         FDRE (Prop_fdre_C_Q)         0.164     2.139 r  adc_rstn_reg_rep__13/Q
                         net (fo=15, routed)          0.340     2.479    i_asg/ch[0]/dac_pnt_reg[0]_0
    SLICE_X28Y67         LUT1 (Prop_lut1_I0_O)        0.045     2.524 f  i_asg/ch[0]/ext_trig_dn[1]_i_1/O
                         net (fo=3680, routed)        2.230     4.755    i_laser_lock_core/u_output_protect/SS[0]
    SLICE_X39Y13         FDCE                                         f  i_laser_lock_core/u_output_protect/data_o_reg[1]/CLR
  -------------------------------------------------------------------    -------------------

                         (clock pll_adc_clk rise edge)
                                                      0.000     0.000 r  
    U18                                               0.000     0.000 r  adc_clk_i[1] (IN)
                         net (fo=0)                   0.000     0.000    adc_clk_i[1]
    U18                  IBUFDS (Prop_ibufds_I_O)     0.433     0.433 r  i_clk/O
                         net (fo=1, routed)           0.481     0.914    pll/adc_clk_in
    PLLE2_ADV_X0Y0       PLLE2_ADV (Prop_plle2_adv_CLKIN1_CLKOUT0)
                                                      0.054     0.968 r  pll/pll/CLKOUT0
                         net (fo=1, routed)           0.544     1.512    pll_adc_clk
    BUFGCTRL_X0Y0        BUFG (Prop_bufg_I_O)         0.029     1.541 r  bufg_adc_clk/O
                         net (fo=8602, routed)        0.854     2.395    i_laser_lock_core/u_output_protect/adc_clk
    SLICE_X39Y13         FDCE                                         r  i_laser_lock_core/u_output_protect/data_o_reg[1]/C
                         clock pessimism             -0.125     2.270    
    SLICE_X39Y13         FDCE (Remov_fdce_C_CLR)     -0.092     2.178    i_laser_lock_core/u_output_protect/data_o_reg[1]
  -------------------------------------------------------------------
                         required time                         -2.178    
                         arrival time                           4.755    
  -------------------------------------------------------------------
                         slack                                  2.577    





