Copyright 1986-2020 Xilinx, Inc. All Rights Reserved.
-----------------------------------------------------------------------------------------------------------------------------------------------------------------------------------------------------------------------------------------------------------------
| Tool Version : Vivado v.2020.1 (win64) Build 2902540 Wed May 27 19:54:49 MDT 2020
| Date         : Fri Jul 24 13:08:40 2026
| Host         : lin running 64-bit major release  (build 9200)
| Command      : report_timing -delay_type max -to [get_pins -hier -regexp {.*i_deterministic_lock_acquisition/arm.*_q_reg.*\/CE}] -max_paths 100 -nworst 100 -path_type full_clock_expanded -input_pins -nets -file E:/new/fpga_lock/v94/v0.94/arm_ce_paths.rpt
| Design       : red_pitaya_top
| Device       : 7z010-clg400
| Speed File   : -1  PRODUCTION 1.12 2019-11-22
-----------------------------------------------------------------------------------------------------------------------------------------------------------------------------------------------------------------------------------------------------------------

Timing Report

Slack (VIOLATED) :        -0.363ns  (required time - arrival time)
  Source:                 ps/axi_slave_gp0/rd_do_reg/C
                            (rising edge-triggered cell FDRE clocked by pll_adc_clk  {rise@0.000ns fall@4.000ns period=8.000ns})
  Destination:            i_custom_register_bank/i_deterministic_lock_acquisition/arm_error_setpoint_q_reg[9]/CE
                            (rising edge-triggered cell FDRE clocked by pll_adc_clk  {rise@0.000ns fall@4.000ns period=8.000ns})
  Path Group:             pll_adc_clk
  Path Type:              Setup (Max at Slow Process Corner)
  Requirement:            8.000ns  (pll_adc_clk rise@8.000ns - pll_adc_clk rise@0.000ns)
  Data Path Delay:        7.718ns  (logic 1.692ns (21.923%)  route 6.026ns (78.077%))
  Logic Levels:           6  (LUT2=2 LUT3=1 LUT5=1 LUT6=2)
  Clock Path Skew:        -0.164ns (DCD - SCD + CPR)
    Destination Clock Delay (DCD):    5.390ns = ( 13.390 - 8.000 ) 
    Source Clock Delay      (SCD):    5.897ns
    Clock Pessimism Removal (CPR):    0.343ns
  Clock Uncertainty:      0.069ns  ((TSJ^2 + DJ^2)^1/2) / 2 + PE
    Total System Jitter     (TSJ):    0.071ns
    Discrete Jitter          (DJ):    0.118ns
    Phase Error              (PE):    0.000ns

    Location             Delay type                Incr(ns)  Path(ns)    Netlist Resource(s)
  -------------------------------------------------------------------    -------------------
                         (clock pll_adc_clk rise edge)
                                                      0.000     0.000 r  
    U18                                               0.000     0.000 r  adc_clk_i[1] (IN)
                         net (fo=0)                   0.000     0.000    adc_clk_i[1]
    U18                                                               r  i_clk/I
    U18                  IBUFDS (Prop_ibufds_I_O)     0.983     0.983 r  i_clk/O
                         net (fo=1, routed)           1.306     2.289    pll/adc_clk_in
    PLLE2_ADV_X0Y0                                                    r  pll/pll/CLKIN1
    PLLE2_ADV_X0Y0       PLLE2_ADV (Prop_plle2_adv_CLKIN1_CLKOUT0)
                                                      0.089     2.378 r  pll/pll/CLKOUT0
                         net (fo=1, routed)           1.754     4.132    pll_adc_clk
    BUFGCTRL_X0Y0                                                     r  bufg_adc_clk/I
    BUFGCTRL_X0Y0        BUFG (Prop_bufg_I_O)         0.101     4.233 r  bufg_adc_clk/O
                         net (fo=7983, routed)        1.664     5.897    ps/axi_slave_gp0/adc_clk
    SLICE_X19Y51         FDRE                                         r  ps/axi_slave_gp0/rd_do_reg/C
  -------------------------------------------------------------------    -------------------
    SLICE_X19Y51         FDRE (Prop_fdre_C_Q)         0.456     6.353 r  ps/axi_slave_gp0/rd_do_reg/Q
                         net (fo=171, routed)         0.807     7.160    ps/axi_slave_gp0/rd_do
    SLICE_X18Y51                                                      r  ps/axi_slave_gp0/scan_offset_o[13]_i_5/I1
    SLICE_X18Y51         LUT3 (Prop_lut3_I1_O)        0.152     7.312 r  ps/axi_slave_gp0/scan_offset_o[13]_i_5/O
                         net (fo=96, routed)          0.838     8.150    ps/axi_slave_gp0/rd_araddr_reg[3]_10
    SLICE_X17Y51                                                      r  ps/axi_slave_gp0/FSM_onehot_arm_phase_q[4]_i_8/I0
    SLICE_X17Y51         LUT5 (Prop_lut5_I0_O)        0.326     8.476 r  ps/axi_slave_gp0/FSM_onehot_arm_phase_q[4]_i_8/O
                         net (fo=1, routed)           0.667     9.143    ps/axi_slave_gp0/FSM_onehot_arm_phase_q[4]_i_8_n_0
    SLICE_X14Y42                                                      r  ps/axi_slave_gp0/FSM_onehot_arm_phase_q[4]_i_4/I5
    SLICE_X14Y42         LUT6 (Prop_lut6_I5_O)        0.124     9.267 f  ps/axi_slave_gp0/FSM_onehot_arm_phase_q[4]_i_4/O
                         net (fo=12, routed)          0.743    10.010    ps/axi_slave_gp0/FSM_onehot_arm_phase_q[4]_i_4_n_0
    SLICE_X13Y42                                                      f  ps/axi_slave_gp0/event_stage_fault_code_q[0]_i_2/I0
    SLICE_X13Y42         LUT6 (Prop_lut6_I0_O)        0.124    10.134 f  ps/axi_slave_gp0/event_stage_fault_code_q[0]_i_2/O
                         net (fo=8, routed)           0.633    10.767    ps/axi_slave_gp0/acq_abort
    SLICE_X10Y41                                                      f  ps/axi_slave_gp0/arm_window_q[31]_i_2/I0
    SLICE_X10Y41         LUT2 (Prop_lut2_I0_O)        0.153    10.920 f  ps/axi_slave_gp0/arm_window_q[31]_i_2/O
                         net (fo=65, routed)          0.889    11.809    i_custom_register_bank/i_deterministic_lock_acquisition/arm_target_high_q_reg[0]_0
    SLICE_X9Y42                                                       f  i_custom_register_bank/i_deterministic_lock_acquisition/arm_window_q[31]_i_1/I1
    SLICE_X9Y42          LUT2 (Prop_lut2_I1_O)        0.357    12.166 r  i_custom_register_bank/i_deterministic_lock_acquisition/arm_window_q[31]_i_1/O
                         net (fo=327, routed)         1.449    13.615    i_custom_register_bank/i_deterministic_lock_acquisition/arm_window_q[31]_i_1_n_0
    SLICE_X19Y46         FDRE                                         r  i_custom_register_bank/i_deterministic_lock_acquisition/arm_error_setpoint_q_reg[9]/CE
  -------------------------------------------------------------------    -------------------

                         (clock pll_adc_clk rise edge)
                                                      8.000     8.000 r  
    U18                                               0.000     8.000 r  adc_clk_i[1] (IN)
                         net (fo=0)                   0.000     8.000    adc_clk_i[1]
    U18                                                               r  i_clk/I
    U18                  IBUFDS (Prop_ibufds_I_O)     0.940     8.940 r  i_clk/O
                         net (fo=1, routed)           1.181    10.121    pll/adc_clk_in
    PLLE2_ADV_X0Y0                                                    r  pll/pll/CLKIN1
    PLLE2_ADV_X0Y0       PLLE2_ADV (Prop_plle2_adv_CLKIN1_CLKOUT0)
                                                      0.084    10.205 r  pll/pll/CLKOUT0
                         net (fo=1, routed)           1.594    11.799    pll_adc_clk
    BUFGCTRL_X0Y0                                                     r  bufg_adc_clk/I
    BUFGCTRL_X0Y0        BUFG (Prop_bufg_I_O)         0.091    11.890 r  bufg_adc_clk/O
                         net (fo=7983, routed)        1.500    13.390    i_custom_register_bank/i_deterministic_lock_acquisition/adc_clk
    SLICE_X19Y46         FDRE                                         r  i_custom_register_bank/i_deterministic_lock_acquisition/arm_error_setpoint_q_reg[9]/C
                         clock pessimism              0.343    13.734    
                         clock uncertainty           -0.069    13.665    
    SLICE_X19Y46         FDRE (Setup_fdre_C_CE)      -0.413    13.252    i_custom_register_bank/i_deterministic_lock_acquisition/arm_error_setpoint_q_reg[9]
  -------------------------------------------------------------------
                         required time                         13.252    
                         arrival time                         -13.615    
  -------------------------------------------------------------------
                         slack                                 -0.363    

Slack (VIOLATED) :        -0.363ns  (required time - arrival time)
  Source:                 ps/axi_slave_gp0/rd_do_reg/C
                            (rising edge-triggered cell FDRE clocked by pll_adc_clk  {rise@0.000ns fall@4.000ns period=8.000ns})
  Destination:            i_custom_register_bank/i_deterministic_lock_acquisition/arm_error_setpoint_q_reg[9]/CE
                            (rising edge-triggered cell FDRE clocked by pll_adc_clk  {rise@0.000ns fall@4.000ns period=8.000ns})
  Path Group:             pll_adc_clk
  Path Type:              Setup (Max at Slow Process Corner)
  Requirement:            8.000ns  (pll_adc_clk rise@8.000ns - pll_adc_clk rise@0.000ns)
  Data Path Delay:        7.718ns  (logic 1.692ns (21.923%)  route 6.026ns (78.077%))
  Logic Levels:           6  (LUT2=2 LUT3=1 LUT5=1 LUT6=2)
  Clock Path Skew:        -0.164ns (DCD - SCD + CPR)
    Destination Clock Delay (DCD):    5.390ns = ( 13.390 - 8.000 ) 
    Source Clock Delay      (SCD):    5.897ns
    Clock Pessimism Removal (CPR):    0.343ns
  Clock Uncertainty:      0.069ns  ((TSJ^2 + DJ^2)^1/2) / 2 + PE
    Total System Jitter     (TSJ):    0.071ns
    Discrete Jitter          (DJ):    0.118ns
    Phase Error              (PE):    0.000ns

    Location             Delay type                Incr(ns)  Path(ns)    Netlist Resource(s)
  -------------------------------------------------------------------    -------------------
                         (clock pll_adc_clk rise edge)
                                                      0.000     0.000 r  
    U18                                               0.000     0.000 r  adc_clk_i[1] (IN)
                         net (fo=0)                   0.000     0.000    adc_clk_i[1]
    U18                                                               r  i_clk/I
    U18                  IBUFDS (Prop_ibufds_I_O)     0.983     0.983 r  i_clk/O
                         net (fo=1, routed)           1.306     2.289    pll/adc_clk_in
    PLLE2_ADV_X0Y0                                                    r  pll/pll/CLKIN1
    PLLE2_ADV_X0Y0       PLLE2_ADV (Prop_plle2_adv_CLKIN1_CLKOUT0)
                                                      0.089     2.378 r  pll/pll/CLKOUT0
                         net (fo=1, routed)           1.754     4.132    pll_adc_clk
    BUFGCTRL_X0Y0                                                     r  bufg_adc_clk/I
    BUFGCTRL_X0Y0        BUFG (Prop_bufg_I_O)         0.101     4.233 r  bufg_adc_clk/O
                         net (fo=7983, routed)        1.664     5.897    ps/axi_slave_gp0/adc_clk
    SLICE_X19Y51         FDRE                                         r  ps/axi_slave_gp0/rd_do_reg/C
  -------------------------------------------------------------------    -------------------
    SLICE_X19Y51         FDRE (Prop_fdre_C_Q)         0.456     6.353 f  ps/axi_slave_gp0/rd_do_reg/Q
                         net (fo=171, routed)         0.807     7.160    ps/axi_slave_gp0/rd_do
    SLICE_X18Y51                                                      f  ps/axi_slave_gp0/scan_offset_o[13]_i_5/I1
    SLICE_X18Y51         LUT3 (Prop_lut3_I1_O)        0.152     7.312 r  ps/axi_slave_gp0/scan_offset_o[13]_i_5/O
                         net (fo=96, routed)          0.838     8.150    ps/axi_slave_gp0/rd_araddr_reg[3]_10
    SLICE_X17Y51                                                      r  ps/axi_slave_gp0/FSM_onehot_arm_phase_q[4]_i_8/I0
    SLICE_X17Y51         LUT5 (Prop_lut5_I0_O)        0.326     8.476 r  ps/axi_slave_gp0/FSM_onehot_arm_phase_q[4]_i_8/O
                         net (fo=1, routed)           0.667     9.143    ps/axi_slave_gp0/FSM_onehot_arm_phase_q[4]_i_8_n_0
    SLICE_X14Y42                                                      r  ps/axi_slave_gp0/FSM_onehot_arm_phase_q[4]_i_4/I5
    SLICE_X14Y42         LUT6 (Prop_lut6_I5_O)        0.124     9.267 f  ps/axi_slave_gp0/FSM_onehot_arm_phase_q[4]_i_4/O
                         net (fo=12, routed)          0.743    10.010    ps/axi_slave_gp0/FSM_onehot_arm_phase_q[4]_i_4_n_0
    SLICE_X13Y42                                                      f  ps/axi_slave_gp0/event_stage_fault_code_q[0]_i_2/I0
    SLICE_X13Y42         LUT6 (Prop_lut6_I0_O)        0.124    10.134 f  ps/axi_slave_gp0/event_stage_fault_code_q[0]_i_2/O
                         net (fo=8, routed)           0.633    10.767    ps/axi_slave_gp0/acq_abort
    SLICE_X10Y41                                                      f  ps/axi_slave_gp0/arm_window_q[31]_i_2/I0
    SLICE_X10Y41         LUT2 (Prop_lut2_I0_O)        0.153    10.920 f  ps/axi_slave_gp0/arm_window_q[31]_i_2/O
                         net (fo=65, routed)          0.889    11.809    i_custom_register_bank/i_deterministic_lock_acquisition/arm_target_high_q_reg[0]_0
    SLICE_X9Y42                                                       f  i_custom_register_bank/i_deterministic_lock_acquisition/arm_window_q[31]_i_1/I1
    SLICE_X9Y42          LUT2 (Prop_lut2_I1_O)        0.357    12.166 r  i_custom_register_bank/i_deterministic_lock_acquisition/arm_window_q[31]_i_1/O
                         net (fo=327, routed)         1.449    13.615    i_custom_register_bank/i_deterministic_lock_acquisition/arm_window_q[31]_i_1_n_0
    SLICE_X19Y46         FDRE                                         r  i_custom_register_bank/i_deterministic_lock_acquisition/arm_error_setpoint_q_reg[9]/CE
  -------------------------------------------------------------------    -------------------

                         (clock pll_adc_clk rise edge)
                                                      8.000     8.000 r  
    U18                                               0.000     8.000 r  adc_clk_i[1] (IN)
                         net (fo=0)                   0.000     8.000    adc_clk_i[1]
    U18                                                               r  i_clk/I
    U18                  IBUFDS (Prop_ibufds_I_O)     0.940     8.940 r  i_clk/O
                         net (fo=1, routed)           1.181    10.121    pll/adc_clk_in
    PLLE2_ADV_X0Y0                                                    r  pll/pll/CLKIN1
    PLLE2_ADV_X0Y0       PLLE2_ADV (Prop_plle2_adv_CLKIN1_CLKOUT0)
                                                      0.084    10.205 r  pll/pll/CLKOUT0
                         net (fo=1, routed)           1.594    11.799    pll_adc_clk
    BUFGCTRL_X0Y0                                                     r  bufg_adc_clk/I
    BUFGCTRL_X0Y0        BUFG (Prop_bufg_I_O)         0.091    11.890 r  bufg_adc_clk/O
                         net (fo=7983, routed)        1.500    13.390    i_custom_register_bank/i_deterministic_lock_acquisition/adc_clk
    SLICE_X19Y46         FDRE                                         r  i_custom_register_bank/i_deterministic_lock_acquisition/arm_error_setpoint_q_reg[9]/C
                         clock pessimism              0.343    13.734    
                         clock uncertainty           -0.069    13.665    
    SLICE_X19Y46         FDRE (Setup_fdre_C_CE)      -0.413    13.252    i_custom_register_bank/i_deterministic_lock_acquisition/arm_error_setpoint_q_reg[9]
  -------------------------------------------------------------------
                         required time                         13.252    
                         arrival time                         -13.615    
  -------------------------------------------------------------------
                         slack                                 -0.363    

Slack (VIOLATED) :        -0.363ns  (required time - arrival time)
  Source:                 ps/axi_slave_gp0/rd_do_reg/C
                            (rising edge-triggered cell FDRE clocked by pll_adc_clk  {rise@0.000ns fall@4.000ns period=8.000ns})
  Destination:            i_custom_register_bank/i_deterministic_lock_acquisition/arm_error_setpoint_q_reg[9]/CE
                            (rising edge-triggered cell FDRE clocked by pll_adc_clk  {rise@0.000ns fall@4.000ns period=8.000ns})
  Path Group:             pll_adc_clk
  Path Type:              Setup (Max at Slow Process Corner)
  Requirement:            8.000ns  (pll_adc_clk rise@8.000ns - pll_adc_clk rise@0.000ns)
  Data Path Delay:        7.718ns  (logic 1.692ns (21.923%)  route 6.026ns (78.077%))
  Logic Levels:           6  (LUT2=2 LUT3=1 LUT5=1 LUT6=2)
  Clock Path Skew:        -0.164ns (DCD - SCD + CPR)
    Destination Clock Delay (DCD):    5.390ns = ( 13.390 - 8.000 ) 
    Source Clock Delay      (SCD):    5.897ns
    Clock Pessimism Removal (CPR):    0.343ns
  Clock Uncertainty:      0.069ns  ((TSJ^2 + DJ^2)^1/2) / 2 + PE
    Total System Jitter     (TSJ):    0.071ns
    Discrete Jitter          (DJ):    0.118ns
    Phase Error              (PE):    0.000ns

    Location             Delay type                Incr(ns)  Path(ns)    Netlist Resource(s)
  -------------------------------------------------------------------    -------------------
                         (clock pll_adc_clk rise edge)
                                                      0.000     0.000 r  
    U18                                               0.000     0.000 r  adc_clk_i[1] (IN)
                         net (fo=0)                   0.000     0.000    adc_clk_i[1]
    U18                                                               r  i_clk/I
    U18                  IBUFDS (Prop_ibufds_I_O)     0.983     0.983 r  i_clk/O
                         net (fo=1, routed)           1.306     2.289    pll/adc_clk_in
    PLLE2_ADV_X0Y0                                                    r  pll/pll/CLKIN1
    PLLE2_ADV_X0Y0       PLLE2_ADV (Prop_plle2_adv_CLKIN1_CLKOUT0)
                                                      0.089     2.378 r  pll/pll/CLKOUT0
                         net (fo=1, routed)           1.754     4.132    pll_adc_clk
    BUFGCTRL_X0Y0                                                     r  bufg_adc_clk/I
    BUFGCTRL_X0Y0        BUFG (Prop_bufg_I_O)         0.101     4.233 r  bufg_adc_clk/O
                         net (fo=7983, routed)        1.664     5.897    ps/axi_slave_gp0/adc_clk
    SLICE_X19Y51         FDRE                                         r  ps/axi_slave_gp0/rd_do_reg/C
  -------------------------------------------------------------------    -------------------
    SLICE_X19Y51         FDRE (Prop_fdre_C_Q)         0.456     6.353 r  ps/axi_slave_gp0/rd_do_reg/Q
                         net (fo=171, routed)         0.807     7.160    ps/axi_slave_gp0/rd_do
    SLICE_X18Y51                                                      r  ps/axi_slave_gp0/scan_offset_o[13]_i_5/I1
    SLICE_X18Y51         LUT3 (Prop_lut3_I1_O)        0.152     7.312 f  ps/axi_slave_gp0/scan_offset_o[13]_i_5/O
                         net (fo=96, routed)          0.838     8.150    ps/axi_slave_gp0/rd_araddr_reg[3]_10
    SLICE_X17Y51                                                      f  ps/axi_slave_gp0/FSM_onehot_arm_phase_q[4]_i_8/I0
    SLICE_X17Y51         LUT5 (Prop_lut5_I0_O)        0.326     8.476 f  ps/axi_slave_gp0/FSM_onehot_arm_phase_q[4]_i_8/O
                         net (fo=1, routed)           0.667     9.143    ps/axi_slave_gp0/FSM_onehot_arm_phase_q[4]_i_8_n_0
    SLICE_X14Y42                                                      f  ps/axi_slave_gp0/FSM_onehot_arm_phase_q[4]_i_4/I5
    SLICE_X14Y42         LUT6 (Prop_lut6_I5_O)        0.124     9.267 r  ps/axi_slave_gp0/FSM_onehot_arm_phase_q[4]_i_4/O
                         net (fo=12, routed)          0.743    10.010    ps/axi_slave_gp0/FSM_onehot_arm_phase_q[4]_i_4_n_0
    SLICE_X13Y42                                                      r  ps/axi_slave_gp0/event_stage_fault_code_q[0]_i_2/I0
    SLICE_X13Y42         LUT6 (Prop_lut6_I0_O)        0.124    10.134 r  ps/axi_slave_gp0/event_stage_fault_code_q[0]_i_2/O
                         net (fo=8, routed)           0.633    10.767    ps/axi_slave_gp0/acq_abort
    SLICE_X10Y41                                                      r  ps/axi_slave_gp0/arm_window_q[31]_i_2/I0
    SLICE_X10Y41         LUT2 (Prop_lut2_I0_O)        0.153    10.920 r  ps/axi_slave_gp0/arm_window_q[31]_i_2/O
                         net (fo=65, routed)          0.889    11.809    i_custom_register_bank/i_deterministic_lock_acquisition/arm_target_high_q_reg[0]_0
    SLICE_X9Y42                                                       r  i_custom_register_bank/i_deterministic_lock_acquisition/arm_window_q[31]_i_1/I1
    SLICE_X9Y42          LUT2 (Prop_lut2_I1_O)        0.357    12.166 f  i_custom_register_bank/i_deterministic_lock_acquisition/arm_window_q[31]_i_1/O
                         net (fo=327, routed)         1.449    13.615    i_custom_register_bank/i_deterministic_lock_acquisition/arm_window_q[31]_i_1_n_0
    SLICE_X19Y46         FDRE                                         f  i_custom_register_bank/i_deterministic_lock_acquisition/arm_error_setpoint_q_reg[9]/CE
  -------------------------------------------------------------------    -------------------

                         (clock pll_adc_clk rise edge)
                                                      8.000     8.000 r  
    U18                                               0.000     8.000 r  adc_clk_i[1] (IN)
                         net (fo=0)                   0.000     8.000    adc_clk_i[1]
    U18                                                               r  i_clk/I
    U18                  IBUFDS (Prop_ibufds_I_O)     0.940     8.940 r  i_clk/O
                         net (fo=1, routed)           1.181    10.121    pll/adc_clk_in
    PLLE2_ADV_X0Y0                                                    r  pll/pll/CLKIN1
    PLLE2_ADV_X0Y0       PLLE2_ADV (Prop_plle2_adv_CLKIN1_CLKOUT0)
                                                      0.084    10.205 r  pll/pll/CLKOUT0
                         net (fo=1, routed)           1.594    11.799    pll_adc_clk
    BUFGCTRL_X0Y0                                                     r  bufg_adc_clk/I
    BUFGCTRL_X0Y0        BUFG (Prop_bufg_I_O)         0.091    11.890 r  bufg_adc_clk/O
                         net (fo=7983, routed)        1.500    13.390    i_custom_register_bank/i_deterministic_lock_acquisition/adc_clk
    SLICE_X19Y46         FDRE                                         r  i_custom_register_bank/i_deterministic_lock_acquisition/arm_error_setpoint_q_reg[9]/C
                         clock pessimism              0.343    13.734    
                         clock uncertainty           -0.069    13.665    
    SLICE_X19Y46         FDRE (Setup_fdre_C_CE)      -0.413    13.252    i_custom_register_bank/i_deterministic_lock_acquisition/arm_error_setpoint_q_reg[9]
  -------------------------------------------------------------------
                         required time                         13.252    
                         arrival time                         -13.615    
  -------------------------------------------------------------------
                         slack                                 -0.363    

Slack (VIOLATED) :        -0.363ns  (required time - arrival time)
  Source:                 ps/axi_slave_gp0/rd_do_reg/C
                            (rising edge-triggered cell FDRE clocked by pll_adc_clk  {rise@0.000ns fall@4.000ns period=8.000ns})
  Destination:            i_custom_register_bank/i_deterministic_lock_acquisition/arm_error_setpoint_q_reg[9]/CE
                            (rising edge-triggered cell FDRE clocked by pll_adc_clk  {rise@0.000ns fall@4.000ns period=8.000ns})
  Path Group:             pll_adc_clk
  Path Type:              Setup (Max at Slow Process Corner)
  Requirement:            8.000ns  (pll_adc_clk rise@8.000ns - pll_adc_clk rise@0.000ns)
  Data Path Delay:        7.718ns  (logic 1.692ns (21.923%)  route 6.026ns (78.077%))
  Logic Levels:           6  (LUT2=2 LUT3=1 LUT5=1 LUT6=2)
  Clock Path Skew:        -0.164ns (DCD - SCD + CPR)
    Destination Clock Delay (DCD):    5.390ns = ( 13.390 - 8.000 ) 
    Source Clock Delay      (SCD):    5.897ns
    Clock Pessimism Removal (CPR):    0.343ns
  Clock Uncertainty:      0.069ns  ((TSJ^2 + DJ^2)^1/2) / 2 + PE
    Total System Jitter     (TSJ):    0.071ns
    Discrete Jitter          (DJ):    0.118ns
    Phase Error              (PE):    0.000ns

    Location             Delay type                Incr(ns)  Path(ns)    Netlist Resource(s)
  -------------------------------------------------------------------    -------------------
                         (clock pll_adc_clk rise edge)
                                                      0.000     0.000 r  
    U18                                               0.000     0.000 r  adc_clk_i[1] (IN)
                         net (fo=0)                   0.000     0.000    adc_clk_i[1]
    U18                                                               r  i_clk/I
    U18                  IBUFDS (Prop_ibufds_I_O)     0.983     0.983 r  i_clk/O
                         net (fo=1, routed)           1.306     2.289    pll/adc_clk_in
    PLLE2_ADV_X0Y0                                                    r  pll/pll/CLKIN1
    PLLE2_ADV_X0Y0       PLLE2_ADV (Prop_plle2_adv_CLKIN1_CLKOUT0)
                                                      0.089     2.378 r  pll/pll/CLKOUT0
                         net (fo=1, routed)           1.754     4.132    pll_adc_clk
    BUFGCTRL_X0Y0                                                     r  bufg_adc_clk/I
    BUFGCTRL_X0Y0        BUFG (Prop_bufg_I_O)         0.101     4.233 r  bufg_adc_clk/O
                         net (fo=7983, routed)        1.664     5.897    ps/axi_slave_gp0/adc_clk
    SLICE_X19Y51         FDRE                                         r  ps/axi_slave_gp0/rd_do_reg/C
  -------------------------------------------------------------------    -------------------
    SLICE_X19Y51         FDRE (Prop_fdre_C_Q)         0.456     6.353 f  ps/axi_slave_gp0/rd_do_reg/Q
                         net (fo=171, routed)         0.807     7.160    ps/axi_slave_gp0/rd_do
    SLICE_X18Y51                                                      f  ps/axi_slave_gp0/scan_offset_o[13]_i_5/I1
    SLICE_X18Y51         LUT3 (Prop_lut3_I1_O)        0.152     7.312 f  ps/axi_slave_gp0/scan_offset_o[13]_i_5/O
                         net (fo=96, routed)          0.838     8.150    ps/axi_slave_gp0/rd_araddr_reg[3]_10
    SLICE_X17Y51                                                      f  ps/axi_slave_gp0/FSM_onehot_arm_phase_q[4]_i_8/I0
    SLICE_X17Y51         LUT5 (Prop_lut5_I0_O)        0.326     8.476 f  ps/axi_slave_gp0/FSM_onehot_arm_phase_q[4]_i_8/O
                         net (fo=1, routed)           0.667     9.143    ps/axi_slave_gp0/FSM_onehot_arm_phase_q[4]_i_8_n_0
    SLICE_X14Y42                                                      f  ps/axi_slave_gp0/FSM_onehot_arm_phase_q[4]_i_4/I5
    SLICE_X14Y42         LUT6 (Prop_lut6_I5_O)        0.124     9.267 r  ps/axi_slave_gp0/FSM_onehot_arm_phase_q[4]_i_4/O
                         net (fo=12, routed)          0.743    10.010    ps/axi_slave_gp0/FSM_onehot_arm_phase_q[4]_i_4_n_0
    SLICE_X13Y42                                                      r  ps/axi_slave_gp0/event_stage_fault_code_q[0]_i_2/I0
    SLICE_X13Y42         LUT6 (Prop_lut6_I0_O)        0.124    10.134 r  ps/axi_slave_gp0/event_stage_fault_code_q[0]_i_2/O
                         net (fo=8, routed)           0.633    10.767    ps/axi_slave_gp0/acq_abort
    SLICE_X10Y41                                                      r  ps/axi_slave_gp0/arm_window_q[31]_i_2/I0
    SLICE_X10Y41         LUT2 (Prop_lut2_I0_O)        0.153    10.920 r  ps/axi_slave_gp0/arm_window_q[31]_i_2/O
                         net (fo=65, routed)          0.889    11.809    i_custom_register_bank/i_deterministic_lock_acquisition/arm_target_high_q_reg[0]_0
    SLICE_X9Y42                                                       r  i_custom_register_bank/i_deterministic_lock_acquisition/arm_window_q[31]_i_1/I1
    SLICE_X9Y42          LUT2 (Prop_lut2_I1_O)        0.357    12.166 f  i_custom_register_bank/i_deterministic_lock_acquisition/arm_window_q[31]_i_1/O
                         net (fo=327, routed)         1.449    13.615    i_custom_register_bank/i_deterministic_lock_acquisition/arm_window_q[31]_i_1_n_0
    SLICE_X19Y46         FDRE                                         f  i_custom_register_bank/i_deterministic_lock_acquisition/arm_error_setpoint_q_reg[9]/CE
  -------------------------------------------------------------------    -------------------

                         (clock pll_adc_clk rise edge)
                                                      8.000     8.000 r  
    U18                                               0.000     8.000 r  adc_clk_i[1] (IN)
                         net (fo=0)                   0.000     8.000    adc_clk_i[1]
    U18                                                               r  i_clk/I
    U18                  IBUFDS (Prop_ibufds_I_O)     0.940     8.940 r  i_clk/O
                         net (fo=1, routed)           1.181    10.121    pll/adc_clk_in
    PLLE2_ADV_X0Y0                                                    r  pll/pll/CLKIN1
    PLLE2_ADV_X0Y0       PLLE2_ADV (Prop_plle2_adv_CLKIN1_CLKOUT0)
                                                      0.084    10.205 r  pll/pll/CLKOUT0
                         net (fo=1, routed)           1.594    11.799    pll_adc_clk
    BUFGCTRL_X0Y0                                                     r  bufg_adc_clk/I
    BUFGCTRL_X0Y0        BUFG (Prop_bufg_I_O)         0.091    11.890 r  bufg_adc_clk/O
                         net (fo=7983, routed)        1.500    13.390    i_custom_register_bank/i_deterministic_lock_acquisition/adc_clk
    SLICE_X19Y46         FDRE                                         r  i_custom_register_bank/i_deterministic_lock_acquisition/arm_error_setpoint_q_reg[9]/C
                         clock pessimism              0.343    13.734    
                         clock uncertainty           -0.069    13.665    
    SLICE_X19Y46         FDRE (Setup_fdre_C_CE)      -0.413    13.252    i_custom_register_bank/i_deterministic_lock_acquisition/arm_error_setpoint_q_reg[9]
  -------------------------------------------------------------------
                         required time                         13.252    
                         arrival time                         -13.615    
  -------------------------------------------------------------------
                         slack                                 -0.363    

Slack (VIOLATED) :        -0.363ns  (required time - arrival time)
  Source:                 ps/axi_slave_gp0/rd_do_reg/C
                            (rising edge-triggered cell FDRE clocked by pll_adc_clk  {rise@0.000ns fall@4.000ns period=8.000ns})
  Destination:            i_custom_register_bank/i_deterministic_lock_acquisition/arm_target_out2_q_reg[11]/CE
                            (rising edge-triggered cell FDRE clocked by pll_adc_clk  {rise@0.000ns fall@4.000ns period=8.000ns})
  Path Group:             pll_adc_clk
  Path Type:              Setup (Max at Slow Process Corner)
  Requirement:            8.000ns  (pll_adc_clk rise@8.000ns - pll_adc_clk rise@0.000ns)
  Data Path Delay:        7.718ns  (logic 1.692ns (21.923%)  route 6.026ns (78.077%))
  Logic Levels:           6  (LUT2=2 LUT3=1 LUT5=1 LUT6=2)
  Clock Path Skew:        -0.164ns (DCD - SCD + CPR)
    Destination Clock Delay (DCD):    5.390ns = ( 13.390 - 8.000 ) 
    Source Clock Delay      (SCD):    5.897ns
    Clock Pessimism Removal (CPR):    0.343ns
  Clock Uncertainty:      0.069ns  ((TSJ^2 + DJ^2)^1/2) / 2 + PE
    Total System Jitter     (TSJ):    0.071ns
    Discrete Jitter          (DJ):    0.118ns
    Phase Error              (PE):    0.000ns

    Location             Delay type                Incr(ns)  Path(ns)    Netlist Resource(s)
  -------------------------------------------------------------------    -------------------
                         (clock pll_adc_clk rise edge)
                                                      0.000     0.000 r  
    U18                                               0.000     0.000 r  adc_clk_i[1] (IN)
                         net (fo=0)                   0.000     0.000    adc_clk_i[1]
    U18                                                               r  i_clk/I
    U18                  IBUFDS (Prop_ibufds_I_O)     0.983     0.983 r  i_clk/O
                         net (fo=1, routed)           1.306     2.289    pll/adc_clk_in
    PLLE2_ADV_X0Y0                                                    r  pll/pll/CLKIN1
    PLLE2_ADV_X0Y0       PLLE2_ADV (Prop_plle2_adv_CLKIN1_CLKOUT0)
                                                      0.089     2.378 r  pll/pll/CLKOUT0
                         net (fo=1, routed)           1.754     4.132    pll_adc_clk
    BUFGCTRL_X0Y0                                                     r  bufg_adc_clk/I
    BUFGCTRL_X0Y0        BUFG (Prop_bufg_I_O)         0.101     4.233 r  bufg_adc_clk/O
                         net (fo=7983, routed)        1.664     5.897    ps/axi_slave_gp0/adc_clk
    SLICE_X19Y51         FDRE                                         r  ps/axi_slave_gp0/rd_do_reg/C
  -------------------------------------------------------------------    -------------------
    SLICE_X19Y51         FDRE (Prop_fdre_C_Q)         0.456     6.353 r  ps/axi_slave_gp0/rd_do_reg/Q
                         net (fo=171, routed)         0.807     7.160    ps/axi_slave_gp0/rd_do
    SLICE_X18Y51                                                      r  ps/axi_slave_gp0/scan_offset_o[13]_i_5/I1
    SLICE_X18Y51         LUT3 (Prop_lut3_I1_O)        0.152     7.312 r  ps/axi_slave_gp0/scan_offset_o[13]_i_5/O
                         net (fo=96, routed)          0.838     8.150    ps/axi_slave_gp0/rd_araddr_reg[3]_10
    SLICE_X17Y51                                                      r  ps/axi_slave_gp0/FSM_onehot_arm_phase_q[4]_i_8/I0
    SLICE_X17Y51         LUT5 (Prop_lut5_I0_O)        0.326     8.476 r  ps/axi_slave_gp0/FSM_onehot_arm_phase_q[4]_i_8/O
                         net (fo=1, routed)           0.667     9.143    ps/axi_slave_gp0/FSM_onehot_arm_phase_q[4]_i_8_n_0
    SLICE_X14Y42                                                      r  ps/axi_slave_gp0/FSM_onehot_arm_phase_q[4]_i_4/I5
    SLICE_X14Y42         LUT6 (Prop_lut6_I5_O)        0.124     9.267 f  ps/axi_slave_gp0/FSM_onehot_arm_phase_q[4]_i_4/O
                         net (fo=12, routed)          0.743    10.010    ps/axi_slave_gp0/FSM_onehot_arm_phase_q[4]_i_4_n_0
    SLICE_X13Y42                                                      f  ps/axi_slave_gp0/event_stage_fault_code_q[0]_i_2/I0
    SLICE_X13Y42         LUT6 (Prop_lut6_I0_O)        0.124    10.134 f  ps/axi_slave_gp0/event_stage_fault_code_q[0]_i_2/O
                         net (fo=8, routed)           0.633    10.767    ps/axi_slave_gp0/acq_abort
    SLICE_X10Y41                                                      f  ps/axi_slave_gp0/arm_window_q[31]_i_2/I0
    SLICE_X10Y41         LUT2 (Prop_lut2_I0_O)        0.153    10.920 f  ps/axi_slave_gp0/arm_window_q[31]_i_2/O
                         net (fo=65, routed)          0.889    11.809    i_custom_register_bank/i_deterministic_lock_acquisition/arm_target_high_q_reg[0]_0
    SLICE_X9Y42                                                       f  i_custom_register_bank/i_deterministic_lock_acquisition/arm_window_q[31]_i_1/I1
    SLICE_X9Y42          LUT2 (Prop_lut2_I1_O)        0.357    12.166 r  i_custom_register_bank/i_deterministic_lock_acquisition/arm_window_q[31]_i_1/O
                         net (fo=327, routed)         1.449    13.615    i_custom_register_bank/i_deterministic_lock_acquisition/arm_window_q[31]_i_1_n_0
    SLICE_X19Y46         FDRE                                         r  i_custom_register_bank/i_deterministic_lock_acquisition/arm_target_out2_q_reg[11]/CE
  -------------------------------------------------------------------    -------------------

                         (clock pll_adc_clk rise edge)
                                                      8.000     8.000 r  
    U18                                               0.000     8.000 r  adc_clk_i[1] (IN)
                         net (fo=0)                   0.000     8.000    adc_clk_i[1]
    U18                                                               r  i_clk/I
    U18                  IBUFDS (Prop_ibufds_I_O)     0.940     8.940 r  i_clk/O
                         net (fo=1, routed)           1.181    10.121    pll/adc_clk_in
    PLLE2_ADV_X0Y0                                                    r  pll/pll/CLKIN1
    PLLE2_ADV_X0Y0       PLLE2_ADV (Prop_plle2_adv_CLKIN1_CLKOUT0)
                                                      0.084    10.205 r  pll/pll/CLKOUT0
                         net (fo=1, routed)           1.594    11.799    pll_adc_clk
    BUFGCTRL_X0Y0                                                     r  bufg_adc_clk/I
    BUFGCTRL_X0Y0        BUFG (Prop_bufg_I_O)         0.091    11.890 r  bufg_adc_clk/O
                         net (fo=7983, routed)        1.500    13.390    i_custom_register_bank/i_deterministic_lock_acquisition/adc_clk
    SLICE_X19Y46         FDRE                                         r  i_custom_register_bank/i_deterministic_lock_acquisition/arm_target_out2_q_reg[11]/C
                         clock pessimism              0.343    13.734    
                         clock uncertainty           -0.069    13.665    
    SLICE_X19Y46         FDRE (Setup_fdre_C_CE)      -0.413    13.252    i_custom_register_bank/i_deterministic_lock_acquisition/arm_target_out2_q_reg[11]
  -------------------------------------------------------------------
                         required time                         13.252    
                         arrival time                         -13.615    
  -------------------------------------------------------------------
                         slack                                 -0.363    

Slack (VIOLATED) :        -0.363ns  (required time - arrival time)
  Source:                 ps/axi_slave_gp0/rd_do_reg/C
                            (rising edge-triggered cell FDRE clocked by pll_adc_clk  {rise@0.000ns fall@4.000ns period=8.000ns})
  Destination:            i_custom_register_bank/i_deterministic_lock_acquisition/arm_target_out2_q_reg[11]/CE
                            (rising edge-triggered cell FDRE clocked by pll_adc_clk  {rise@0.000ns fall@4.000ns period=8.000ns})
  Path Group:             pll_adc_clk
  Path Type:              Setup (Max at Slow Process Corner)
  Requirement:            8.000ns  (pll_adc_clk rise@8.000ns - pll_adc_clk rise@0.000ns)
  Data Path Delay:        7.718ns  (logic 1.692ns (21.923%)  route 6.026ns (78.077%))
  Logic Levels:           6  (LUT2=2 LUT3=1 LUT5=1 LUT6=2)
  Clock Path Skew:        -0.164ns (DCD - SCD + CPR)
    Destination Clock Delay (DCD):    5.390ns = ( 13.390 - 8.000 ) 
    Source Clock Delay      (SCD):    5.897ns
    Clock Pessimism Removal (CPR):    0.343ns
  Clock Uncertainty:      0.069ns  ((TSJ^2 + DJ^2)^1/2) / 2 + PE
    Total System Jitter     (TSJ):    0.071ns
    Discrete Jitter          (DJ):    0.118ns
    Phase Error              (PE):    0.000ns

    Location             Delay type                Incr(ns)  Path(ns)    Netlist Resource(s)
  -------------------------------------------------------------------    -------------------
                         (clock pll_adc_clk rise edge)
                                                      0.000     0.000 r  
    U18                                               0.000     0.000 r  adc_clk_i[1] (IN)
                         net (fo=0)                   0.000     0.000    adc_clk_i[1]
    U18                                                               r  i_clk/I
    U18                  IBUFDS (Prop_ibufds_I_O)     0.983     0.983 r  i_clk/O
                         net (fo=1, routed)           1.306     2.289    pll/adc_clk_in
    PLLE2_ADV_X0Y0                                                    r  pll/pll/CLKIN1
    PLLE2_ADV_X0Y0       PLLE2_ADV (Prop_plle2_adv_CLKIN1_CLKOUT0)
                                                      0.089     2.378 r  pll/pll/CLKOUT0
                         net (fo=1, routed)           1.754     4.132    pll_adc_clk
    BUFGCTRL_X0Y0                                                     r  bufg_adc_clk/I
    BUFGCTRL_X0Y0        BUFG (Prop_bufg_I_O)         0.101     4.233 r  bufg_adc_clk/O
                         net (fo=7983, routed)        1.664     5.897    ps/axi_slave_gp0/adc_clk
    SLICE_X19Y51         FDRE                                         r  ps/axi_slave_gp0/rd_do_reg/C
  -------------------------------------------------------------------    -------------------
    SLICE_X19Y51         FDRE (Prop_fdre_C_Q)         0.456     6.353 f  ps/axi_slave_gp0/rd_do_reg/Q
                         net (fo=171, routed)         0.807     7.160    ps/axi_slave_gp0/rd_do
    SLICE_X18Y51                                                      f  ps/axi_slave_gp0/scan_offset_o[13]_i_5/I1
    SLICE_X18Y51         LUT3 (Prop_lut3_I1_O)        0.152     7.312 r  ps/axi_slave_gp0/scan_offset_o[13]_i_5/O
                         net (fo=96, routed)          0.838     8.150    ps/axi_slave_gp0/rd_araddr_reg[3]_10
    SLICE_X17Y51                                                      r  ps/axi_slave_gp0/FSM_onehot_arm_phase_q[4]_i_8/I0
    SLICE_X17Y51         LUT5 (Prop_lut5_I0_O)        0.326     8.476 r  ps/axi_slave_gp0/FSM_onehot_arm_phase_q[4]_i_8/O
                         net (fo=1, routed)           0.667     9.143    ps/axi_slave_gp0/FSM_onehot_arm_phase_q[4]_i_8_n_0
    SLICE_X14Y42                                                      r  ps/axi_slave_gp0/FSM_onehot_arm_phase_q[4]_i_4/I5
    SLICE_X14Y42         LUT6 (Prop_lut6_I5_O)        0.124     9.267 f  ps/axi_slave_gp0/FSM_onehot_arm_phase_q[4]_i_4/O
                         net (fo=12, routed)          0.743    10.010    ps/axi_slave_gp0/FSM_onehot_arm_phase_q[4]_i_4_n_0
    SLICE_X13Y42                                                      f  ps/axi_slave_gp0/event_stage_fault_code_q[0]_i_2/I0
    SLICE_X13Y42         LUT6 (Prop_lut6_I0_O)        0.124    10.134 f  ps/axi_slave_gp0/event_stage_fault_code_q[0]_i_2/O
                         net (fo=8, routed)           0.633    10.767    ps/axi_slave_gp0/acq_abort
    SLICE_X10Y41                                                      f  ps/axi_slave_gp0/arm_window_q[31]_i_2/I0
    SLICE_X10Y41         LUT2 (Prop_lut2_I0_O)        0.153    10.920 f  ps/axi_slave_gp0/arm_window_q[31]_i_2/O
                         net (fo=65, routed)          0.889    11.809    i_custom_register_bank/i_deterministic_lock_acquisition/arm_target_high_q_reg[0]_0
    SLICE_X9Y42                                                       f  i_custom_register_bank/i_deterministic_lock_acquisition/arm_window_q[31]_i_1/I1
    SLICE_X9Y42          LUT2 (Prop_lut2_I1_O)        0.357    12.166 r  i_custom_register_bank/i_deterministic_lock_acquisition/arm_window_q[31]_i_1/O
                         net (fo=327, routed)         1.449    13.615    i_custom_register_bank/i_deterministic_lock_acquisition/arm_window_q[31]_i_1_n_0
    SLICE_X19Y46         FDRE                                         r  i_custom_register_bank/i_deterministic_lock_acquisition/arm_target_out2_q_reg[11]/CE
  -------------------------------------------------------------------    -------------------

                         (clock pll_adc_clk rise edge)
                                                      8.000     8.000 r  
    U18                                               0.000     8.000 r  adc_clk_i[1] (IN)
                         net (fo=0)                   0.000     8.000    adc_clk_i[1]
    U18                                                               r  i_clk/I
    U18                  IBUFDS (Prop_ibufds_I_O)     0.940     8.940 r  i_clk/O
                         net (fo=1, routed)           1.181    10.121    pll/adc_clk_in
    PLLE2_ADV_X0Y0                                                    r  pll/pll/CLKIN1
    PLLE2_ADV_X0Y0       PLLE2_ADV (Prop_plle2_adv_CLKIN1_CLKOUT0)
                                                      0.084    10.205 r  pll/pll/CLKOUT0
                         net (fo=1, routed)           1.594    11.799    pll_adc_clk
    BUFGCTRL_X0Y0                                                     r  bufg_adc_clk/I
    BUFGCTRL_X0Y0        BUFG (Prop_bufg_I_O)         0.091    11.890 r  bufg_adc_clk/O
                         net (fo=7983, routed)        1.500    13.390    i_custom_register_bank/i_deterministic_lock_acquisition/adc_clk
    SLICE_X19Y46         FDRE                                         r  i_custom_register_bank/i_deterministic_lock_acquisition/arm_target_out2_q_reg[11]/C
                         clock pessimism              0.343    13.734    
                         clock uncertainty           -0.069    13.665    
    SLICE_X19Y46         FDRE (Setup_fdre_C_CE)      -0.413    13.252    i_custom_register_bank/i_deterministic_lock_acquisition/arm_target_out2_q_reg[11]
  -------------------------------------------------------------------
                         required time                         13.252    
                         arrival time                         -13.615    
  -------------------------------------------------------------------
                         slack                                 -0.363    

Slack (VIOLATED) :        -0.363ns  (required time - arrival time)
  Source:                 ps/axi_slave_gp0/rd_do_reg/C
                            (rising edge-triggered cell FDRE clocked by pll_adc_clk  {rise@0.000ns fall@4.000ns period=8.000ns})
  Destination:            i_custom_register_bank/i_deterministic_lock_acquisition/arm_target_out2_q_reg[11]/CE
                            (rising edge-triggered cell FDRE clocked by pll_adc_clk  {rise@0.000ns fall@4.000ns period=8.000ns})
  Path Group:             pll_adc_clk
  Path Type:              Setup (Max at Slow Process Corner)
  Requirement:            8.000ns  (pll_adc_clk rise@8.000ns - pll_adc_clk rise@0.000ns)
  Data Path Delay:        7.718ns  (logic 1.692ns (21.923%)  route 6.026ns (78.077%))
  Logic Levels:           6  (LUT2=2 LUT3=1 LUT5=1 LUT6=2)
  Clock Path Skew:        -0.164ns (DCD - SCD + CPR)
    Destination Clock Delay (DCD):    5.390ns = ( 13.390 - 8.000 ) 
    Source Clock Delay      (SCD):    5.897ns
    Clock Pessimism Removal (CPR):    0.343ns
  Clock Uncertainty:      0.069ns  ((TSJ^2 + DJ^2)^1/2) / 2 + PE
    Total System Jitter     (TSJ):    0.071ns
    Discrete Jitter          (DJ):    0.118ns
    Phase Error              (PE):    0.000ns

    Location             Delay type                Incr(ns)  Path(ns)    Netlist Resource(s)
  -------------------------------------------------------------------    -------------------
                         (clock pll_adc_clk rise edge)
                                                      0.000     0.000 r  
    U18                                               0.000     0.000 r  adc_clk_i[1] (IN)
                         net (fo=0)                   0.000     0.000    adc_clk_i[1]
    U18                                                               r  i_clk/I
    U18                  IBUFDS (Prop_ibufds_I_O)     0.983     0.983 r  i_clk/O
                         net (fo=1, routed)           1.306     2.289    pll/adc_clk_in
    PLLE2_ADV_X0Y0                                                    r  pll/pll/CLKIN1
    PLLE2_ADV_X0Y0       PLLE2_ADV (Prop_plle2_adv_CLKIN1_CLKOUT0)
                                                      0.089     2.378 r  pll/pll/CLKOUT0
                         net (fo=1, routed)           1.754     4.132    pll_adc_clk
    BUFGCTRL_X0Y0                                                     r  bufg_adc_clk/I
    BUFGCTRL_X0Y0        BUFG (Prop_bufg_I_O)         0.101     4.233 r  bufg_adc_clk/O
                         net (fo=7983, routed)        1.664     5.897    ps/axi_slave_gp0/adc_clk
    SLICE_X19Y51         FDRE                                         r  ps/axi_slave_gp0/rd_do_reg/C
  -------------------------------------------------------------------    -------------------
    SLICE_X19Y51         FDRE (Prop_fdre_C_Q)         0.456     6.353 r  ps/axi_slave_gp0/rd_do_reg/Q
                         net (fo=171, routed)         0.807     7.160    ps/axi_slave_gp0/rd_do
    SLICE_X18Y51                                                      r  ps/axi_slave_gp0/scan_offset_o[13]_i_5/I1
    SLICE_X18Y51         LUT3 (Prop_lut3_I1_O)        0.152     7.312 f  ps/axi_slave_gp0/scan_offset_o[13]_i_5/O
                         net (fo=96, routed)          0.838     8.150    ps/axi_slave_gp0/rd_araddr_reg[3]_10
    SLICE_X17Y51                                                      f  ps/axi_slave_gp0/FSM_onehot_arm_phase_q[4]_i_8/I0
    SLICE_X17Y51         LUT5 (Prop_lut5_I0_O)        0.326     8.476 f  ps/axi_slave_gp0/FSM_onehot_arm_phase_q[4]_i_8/O
                         net (fo=1, routed)           0.667     9.143    ps/axi_slave_gp0/FSM_onehot_arm_phase_q[4]_i_8_n_0
    SLICE_X14Y42                                                      f  ps/axi_slave_gp0/FSM_onehot_arm_phase_q[4]_i_4/I5
    SLICE_X14Y42         LUT6 (Prop_lut6_I5_O)        0.124     9.267 r  ps/axi_slave_gp0/FSM_onehot_arm_phase_q[4]_i_4/O
                         net (fo=12, routed)          0.743    10.010    ps/axi_slave_gp0/FSM_onehot_arm_phase_q[4]_i_4_n_0
    SLICE_X13Y42                                                      r  ps/axi_slave_gp0/event_stage_fault_code_q[0]_i_2/I0
    SLICE_X13Y42         LUT6 (Prop_lut6_I0_O)        0.124    10.134 r  ps/axi_slave_gp0/event_stage_fault_code_q[0]_i_2/O
                         net (fo=8, routed)           0.633    10.767    ps/axi_slave_gp0/acq_abort
    SLICE_X10Y41                                                      r  ps/axi_slave_gp0/arm_window_q[31]_i_2/I0
    SLICE_X10Y41         LUT2 (Prop_lut2_I0_O)        0.153    10.920 r  ps/axi_slave_gp0/arm_window_q[31]_i_2/O
                         net (fo=65, routed)          0.889    11.809    i_custom_register_bank/i_deterministic_lock_acquisition/arm_target_high_q_reg[0]_0
    SLICE_X9Y42                                                       r  i_custom_register_bank/i_deterministic_lock_acquisition/arm_window_q[31]_i_1/I1
    SLICE_X9Y42          LUT2 (Prop_lut2_I1_O)        0.357    12.166 f  i_custom_register_bank/i_deterministic_lock_acquisition/arm_window_q[31]_i_1/O
                         net (fo=327, routed)         1.449    13.615    i_custom_register_bank/i_deterministic_lock_acquisition/arm_window_q[31]_i_1_n_0
    SLICE_X19Y46         FDRE                                         f  i_custom_register_bank/i_deterministic_lock_acquisition/arm_target_out2_q_reg[11]/CE
  -------------------------------------------------------------------    -------------------

                         (clock pll_adc_clk rise edge)
                                                      8.000     8.000 r  
    U18                                               0.000     8.000 r  adc_clk_i[1] (IN)
                         net (fo=0)                   0.000     8.000    adc_clk_i[1]
    U18                                                               r  i_clk/I
    U18                  IBUFDS (Prop_ibufds_I_O)     0.940     8.940 r  i_clk/O
                         net (fo=1, routed)           1.181    10.121    pll/adc_clk_in
    PLLE2_ADV_X0Y0                                                    r  pll/pll/CLKIN1
    PLLE2_ADV_X0Y0       PLLE2_ADV (Prop_plle2_adv_CLKIN1_CLKOUT0)
                                                      0.084    10.205 r  pll/pll/CLKOUT0
                         net (fo=1, routed)           1.594    11.799    pll_adc_clk
    BUFGCTRL_X0Y0                                                     r  bufg_adc_clk/I
    BUFGCTRL_X0Y0        BUFG (Prop_bufg_I_O)         0.091    11.890 r  bufg_adc_clk/O
                         net (fo=7983, routed)        1.500    13.390    i_custom_register_bank/i_deterministic_lock_acquisition/adc_clk
    SLICE_X19Y46         FDRE                                         r  i_custom_register_bank/i_deterministic_lock_acquisition/arm_target_out2_q_reg[11]/C
                         clock pessimism              0.343    13.734    
                         clock uncertainty           -0.069    13.665    
    SLICE_X19Y46         FDRE (Setup_fdre_C_CE)      -0.413    13.252    i_custom_register_bank/i_deterministic_lock_acquisition/arm_target_out2_q_reg[11]
  -------------------------------------------------------------------
                         required time                         13.252    
                         arrival time                         -13.615    
  -------------------------------------------------------------------
                         slack                                 -0.363    

Slack (VIOLATED) :        -0.363ns  (required time - arrival time)
  Source:                 ps/axi_slave_gp0/rd_do_reg/C
                            (rising edge-triggered cell FDRE clocked by pll_adc_clk  {rise@0.000ns fall@4.000ns period=8.000ns})
  Destination:            i_custom_register_bank/i_deterministic_lock_acquisition/arm_target_out2_q_reg[11]/CE
                            (rising edge-triggered cell FDRE clocked by pll_adc_clk  {rise@0.000ns fall@4.000ns period=8.000ns})
  Path Group:             pll_adc_clk
  Path Type:              Setup (Max at Slow Process Corner)
  Requirement:            8.000ns  (pll_adc_clk rise@8.000ns - pll_adc_clk rise@0.000ns)
  Data Path Delay:        7.718ns  (logic 1.692ns (21.923%)  route 6.026ns (78.077%))
  Logic Levels:           6  (LUT2=2 LUT3=1 LUT5=1 LUT6=2)
  Clock Path Skew:        -0.164ns (DCD - SCD + CPR)
    Destination Clock Delay (DCD):    5.390ns = ( 13.390 - 8.000 ) 
    Source Clock Delay      (SCD):    5.897ns
    Clock Pessimism Removal (CPR):    0.343ns
  Clock Uncertainty:      0.069ns  ((TSJ^2 + DJ^2)^1/2) / 2 + PE
    Total System Jitter     (TSJ):    0.071ns
    Discrete Jitter          (DJ):    0.118ns
    Phase Error              (PE):    0.000ns

    Location             Delay type                Incr(ns)  Path(ns)    Netlist Resource(s)
  -------------------------------------------------------------------    -------------------
                         (clock pll_adc_clk rise edge)
                                                      0.000     0.000 r  
    U18                                               0.000     0.000 r  adc_clk_i[1] (IN)
                         net (fo=0)                   0.000     0.000    adc_clk_i[1]
    U18                                                               r  i_clk/I
    U18                  IBUFDS (Prop_ibufds_I_O)     0.983     0.983 r  i_clk/O
                         net (fo=1, routed)           1.306     2.289    pll/adc_clk_in
    PLLE2_ADV_X0Y0                                                    r  pll/pll/CLKIN1
    PLLE2_ADV_X0Y0       PLLE2_ADV (Prop_plle2_adv_CLKIN1_CLKOUT0)
                                                      0.089     2.378 r  pll/pll/CLKOUT0
                         net (fo=1, routed)           1.754     4.132    pll_adc_clk
    BUFGCTRL_X0Y0                                                     r  bufg_adc_clk/I
    BUFGCTRL_X0Y0        BUFG (Prop_bufg_I_O)         0.101     4.233 r  bufg_adc_clk/O
                         net (fo=7983, routed)        1.664     5.897    ps/axi_slave_gp0/adc_clk
    SLICE_X19Y51         FDRE                                         r  ps/axi_slave_gp0/rd_do_reg/C
  -------------------------------------------------------------------    -------------------
    SLICE_X19Y51         FDRE (Prop_fdre_C_Q)         0.456     6.353 f  ps/axi_slave_gp0/rd_do_reg/Q
                         net (fo=171, routed)         0.807     7.160    ps/axi_slave_gp0/rd_do
    SLICE_X18Y51                                                      f  ps/axi_slave_gp0/scan_offset_o[13]_i_5/I1
    SLICE_X18Y51         LUT3 (Prop_lut3_I1_O)        0.152     7.312 f  ps/axi_slave_gp0/scan_offset_o[13]_i_5/O
                         net (fo=96, routed)          0.838     8.150    ps/axi_slave_gp0/rd_araddr_reg[3]_10
    SLICE_X17Y51                                                      f  ps/axi_slave_gp0/FSM_onehot_arm_phase_q[4]_i_8/I0
    SLICE_X17Y51         LUT5 (Prop_lut5_I0_O)        0.326     8.476 f  ps/axi_slave_gp0/FSM_onehot_arm_phase_q[4]_i_8/O
                         net (fo=1, routed)           0.667     9.143    ps/axi_slave_gp0/FSM_onehot_arm_phase_q[4]_i_8_n_0
    SLICE_X14Y42                                                      f  ps/axi_slave_gp0/FSM_onehot_arm_phase_q[4]_i_4/I5
    SLICE_X14Y42         LUT6 (Prop_lut6_I5_O)        0.124     9.267 r  ps/axi_slave_gp0/FSM_onehot_arm_phase_q[4]_i_4/O
                         net (fo=12, routed)          0.743    10.010    ps/axi_slave_gp0/FSM_onehot_arm_phase_q[4]_i_4_n_0
    SLICE_X13Y42                                                      r  ps/axi_slave_gp0/event_stage_fault_code_q[0]_i_2/I0
    SLICE_X13Y42         LUT6 (Prop_lut6_I0_O)        0.124    10.134 r  ps/axi_slave_gp0/event_stage_fault_code_q[0]_i_2/O
                         net (fo=8, routed)           0.633    10.767    ps/axi_slave_gp0/acq_abort
    SLICE_X10Y41                                                      r  ps/axi_slave_gp0/arm_window_q[31]_i_2/I0
    SLICE_X10Y41         LUT2 (Prop_lut2_I0_O)        0.153    10.920 r  ps/axi_slave_gp0/arm_window_q[31]_i_2/O
                         net (fo=65, routed)          0.889    11.809    i_custom_register_bank/i_deterministic_lock_acquisition/arm_target_high_q_reg[0]_0
    SLICE_X9Y42                                                       r  i_custom_register_bank/i_deterministic_lock_acquisition/arm_window_q[31]_i_1/I1
    SLICE_X9Y42          LUT2 (Prop_lut2_I1_O)        0.357    12.166 f  i_custom_register_bank/i_deterministic_lock_acquisition/arm_window_q[31]_i_1/O
                         net (fo=327, routed)         1.449    13.615    i_custom_register_bank/i_deterministic_lock_acquisition/arm_window_q[31]_i_1_n_0
    SLICE_X19Y46         FDRE                                         f  i_custom_register_bank/i_deterministic_lock_acquisition/arm_target_out2_q_reg[11]/CE
  -------------------------------------------------------------------    -------------------

                         (clock pll_adc_clk rise edge)
                                                      8.000     8.000 r  
    U18                                               0.000     8.000 r  adc_clk_i[1] (IN)
                         net (fo=0)                   0.000     8.000    adc_clk_i[1]
    U18                                                               r  i_clk/I
    U18                  IBUFDS (Prop_ibufds_I_O)     0.940     8.940 r  i_clk/O
                         net (fo=1, routed)           1.181    10.121    pll/adc_clk_in
    PLLE2_ADV_X0Y0                                                    r  pll/pll/CLKIN1
    PLLE2_ADV_X0Y0       PLLE2_ADV (Prop_plle2_adv_CLKIN1_CLKOUT0)
                                                      0.084    10.205 r  pll/pll/CLKOUT0
                         net (fo=1, routed)           1.594    11.799    pll_adc_clk
    BUFGCTRL_X0Y0                                                     r  bufg_adc_clk/I
    BUFGCTRL_X0Y0        BUFG (Prop_bufg_I_O)         0.091    11.890 r  bufg_adc_clk/O
                         net (fo=7983, routed)        1.500    13.390    i_custom_register_bank/i_deterministic_lock_acquisition/adc_clk
    SLICE_X19Y46         FDRE                                         r  i_custom_register_bank/i_deterministic_lock_acquisition/arm_target_out2_q_reg[11]/C
                         clock pessimism              0.343    13.734    
                         clock uncertainty           -0.069    13.665    
    SLICE_X19Y46         FDRE (Setup_fdre_C_CE)      -0.413    13.252    i_custom_register_bank/i_deterministic_lock_acquisition/arm_target_out2_q_reg[11]
  -------------------------------------------------------------------
                         required time                         13.252    
                         arrival time                         -13.615    
  -------------------------------------------------------------------
                         slack                                 -0.363    

Slack (VIOLATED) :        -0.363ns  (required time - arrival time)
  Source:                 ps/axi_slave_gp0/rd_do_reg/C
                            (rising edge-triggered cell FDRE clocked by pll_adc_clk  {rise@0.000ns fall@4.000ns period=8.000ns})
  Destination:            i_custom_register_bank/i_deterministic_lock_acquisition/arm_target_out2_q_reg[12]/CE
                            (rising edge-triggered cell FDRE clocked by pll_adc_clk  {rise@0.000ns fall@4.000ns period=8.000ns})
  Path Group:             pll_adc_clk
  Path Type:              Setup (Max at Slow Process Corner)
  Requirement:            8.000ns  (pll_adc_clk rise@8.000ns - pll_adc_clk rise@0.000ns)
  Data Path Delay:        7.718ns  (logic 1.692ns (21.923%)  route 6.026ns (78.077%))
  Logic Levels:           6  (LUT2=2 LUT3=1 LUT5=1 LUT6=2)
  Clock Path Skew:        -0.164ns (DCD - SCD + CPR)
    Destination Clock Delay (DCD):    5.390ns = ( 13.390 - 8.000 ) 
    Source Clock Delay      (SCD):    5.897ns
    Clock Pessimism Removal (CPR):    0.343ns
  Clock Uncertainty:      0.069ns  ((TSJ^2 + DJ^2)^1/2) / 2 + PE
    Total System Jitter     (TSJ):    0.071ns
    Discrete Jitter          (DJ):    0.118ns
    Phase Error              (PE):    0.000ns

    Location             Delay type                Incr(ns)  Path(ns)    Netlist Resource(s)
  -------------------------------------------------------------------    -------------------
                         (clock pll_adc_clk rise edge)
                                                      0.000     0.000 r  
    U18                                               0.000     0.000 r  adc_clk_i[1] (IN)
                         net (fo=0)                   0.000     0.000    adc_clk_i[1]
    U18                                                               r  i_clk/I
    U18                  IBUFDS (Prop_ibufds_I_O)     0.983     0.983 r  i_clk/O
                         net (fo=1, routed)           1.306     2.289    pll/adc_clk_in
    PLLE2_ADV_X0Y0                                                    r  pll/pll/CLKIN1
    PLLE2_ADV_X0Y0       PLLE2_ADV (Prop_plle2_adv_CLKIN1_CLKOUT0)
                                                      0.089     2.378 r  pll/pll/CLKOUT0
                         net (fo=1, routed)           1.754     4.132    pll_adc_clk
    BUFGCTRL_X0Y0                                                     r  bufg_adc_clk/I
    BUFGCTRL_X0Y0        BUFG (Prop_bufg_I_O)         0.101     4.233 r  bufg_adc_clk/O
                         net (fo=7983, routed)        1.664     5.897    ps/axi_slave_gp0/adc_clk
    SLICE_X19Y51         FDRE                                         r  ps/axi_slave_gp0/rd_do_reg/C
  -------------------------------------------------------------------    -------------------
    SLICE_X19Y51         FDRE (Prop_fdre_C_Q)         0.456     6.353 r  ps/axi_slave_gp0/rd_do_reg/Q
                         net (fo=171, routed)         0.807     7.160    ps/axi_slave_gp0/rd_do
    SLICE_X18Y51                                                      r  ps/axi_slave_gp0/scan_offset_o[13]_i_5/I1
    SLICE_X18Y51         LUT3 (Prop_lut3_I1_O)        0.152     7.312 r  ps/axi_slave_gp0/scan_offset_o[13]_i_5/O
                         net (fo=96, routed)          0.838     8.150    ps/axi_slave_gp0/rd_araddr_reg[3]_10
    SLICE_X17Y51                                                      r  ps/axi_slave_gp0/FSM_onehot_arm_phase_q[4]_i_8/I0
    SLICE_X17Y51         LUT5 (Prop_lut5_I0_O)        0.326     8.476 r  ps/axi_slave_gp0/FSM_onehot_arm_phase_q[4]_i_8/O
                         net (fo=1, routed)           0.667     9.143    ps/axi_slave_gp0/FSM_onehot_arm_phase_q[4]_i_8_n_0
    SLICE_X14Y42                                                      r  ps/axi_slave_gp0/FSM_onehot_arm_phase_q[4]_i_4/I5
    SLICE_X14Y42         LUT6 (Prop_lut6_I5_O)        0.124     9.267 f  ps/axi_slave_gp0/FSM_onehot_arm_phase_q[4]_i_4/O
                         net (fo=12, routed)          0.743    10.010    ps/axi_slave_gp0/FSM_onehot_arm_phase_q[4]_i_4_n_0
    SLICE_X13Y42                                                      f  ps/axi_slave_gp0/event_stage_fault_code_q[0]_i_2/I0
    SLICE_X13Y42         LUT6 (Prop_lut6_I0_O)        0.124    10.134 f  ps/axi_slave_gp0/event_stage_fault_code_q[0]_i_2/O
                         net (fo=8, routed)           0.633    10.767    ps/axi_slave_gp0/acq_abort
    SLICE_X10Y41                                                      f  ps/axi_slave_gp0/arm_window_q[31]_i_2/I0
    SLICE_X10Y41         LUT2 (Prop_lut2_I0_O)        0.153    10.920 f  ps/axi_slave_gp0/arm_window_q[31]_i_2/O
                         net (fo=65, routed)          0.889    11.809    i_custom_register_bank/i_deterministic_lock_acquisition/arm_target_high_q_reg[0]_0
    SLICE_X9Y42                                                       f  i_custom_register_bank/i_deterministic_lock_acquisition/arm_window_q[31]_i_1/I1
    SLICE_X9Y42          LUT2 (Prop_lut2_I1_O)        0.357    12.166 r  i_custom_register_bank/i_deterministic_lock_acquisition/arm_window_q[31]_i_1/O
                         net (fo=327, routed)         1.449    13.615    i_custom_register_bank/i_deterministic_lock_acquisition/arm_window_q[31]_i_1_n_0
    SLICE_X19Y46         FDRE                                         r  i_custom_register_bank/i_deterministic_lock_acquisition/arm_target_out2_q_reg[12]/CE
  -------------------------------------------------------------------    -------------------

                         (clock pll_adc_clk rise edge)
                                                      8.000     8.000 r  
    U18                                               0.000     8.000 r  adc_clk_i[1] (IN)
                         net (fo=0)                   0.000     8.000    adc_clk_i[1]
    U18                                                               r  i_clk/I
    U18                  IBUFDS (Prop_ibufds_I_O)     0.940     8.940 r  i_clk/O
                         net (fo=1, routed)           1.181    10.121    pll/adc_clk_in
    PLLE2_ADV_X0Y0                                                    r  pll/pll/CLKIN1
    PLLE2_ADV_X0Y0       PLLE2_ADV (Prop_plle2_adv_CLKIN1_CLKOUT0)
                                                      0.084    10.205 r  pll/pll/CLKOUT0
                         net (fo=1, routed)           1.594    11.799    pll_adc_clk
    BUFGCTRL_X0Y0                                                     r  bufg_adc_clk/I
    BUFGCTRL_X0Y0        BUFG (Prop_bufg_I_O)         0.091    11.890 r  bufg_adc_clk/O
                         net (fo=7983, routed)        1.500    13.390    i_custom_register_bank/i_deterministic_lock_acquisition/adc_clk
    SLICE_X19Y46         FDRE                                         r  i_custom_register_bank/i_deterministic_lock_acquisition/arm_target_out2_q_reg[12]/C
                         clock pessimism              0.343    13.734    
                         clock uncertainty           -0.069    13.665    
    SLICE_X19Y46         FDRE (Setup_fdre_C_CE)      -0.413    13.252    i_custom_register_bank/i_deterministic_lock_acquisition/arm_target_out2_q_reg[12]
  -------------------------------------------------------------------
                         required time                         13.252    
                         arrival time                         -13.615    
  -------------------------------------------------------------------
                         slack                                 -0.363    

Slack (VIOLATED) :        -0.363ns  (required time - arrival time)
  Source:                 ps/axi_slave_gp0/rd_do_reg/C
                            (rising edge-triggered cell FDRE clocked by pll_adc_clk  {rise@0.000ns fall@4.000ns period=8.000ns})
  Destination:            i_custom_register_bank/i_deterministic_lock_acquisition/arm_target_out2_q_reg[12]/CE
                            (rising edge-triggered cell FDRE clocked by pll_adc_clk  {rise@0.000ns fall@4.000ns period=8.000ns})
  Path Group:             pll_adc_clk
  Path Type:              Setup (Max at Slow Process Corner)
  Requirement:            8.000ns  (pll_adc_clk rise@8.000ns - pll_adc_clk rise@0.000ns)
  Data Path Delay:        7.718ns  (logic 1.692ns (21.923%)  route 6.026ns (78.077%))
  Logic Levels:           6  (LUT2=2 LUT3=1 LUT5=1 LUT6=2)
  Clock Path Skew:        -0.164ns (DCD - SCD + CPR)
    Destination Clock Delay (DCD):    5.390ns = ( 13.390 - 8.000 ) 
    Source Clock Delay      (SCD):    5.897ns
    Clock Pessimism Removal (CPR):    0.343ns
  Clock Uncertainty:      0.069ns  ((TSJ^2 + DJ^2)^1/2) / 2 + PE
    Total System Jitter     (TSJ):    0.071ns
    Discrete Jitter          (DJ):    0.118ns
    Phase Error              (PE):    0.000ns

    Location             Delay type                Incr(ns)  Path(ns)    Netlist Resource(s)
  -------------------------------------------------------------------    -------------------
                         (clock pll_adc_clk rise edge)
                                                      0.000     0.000 r  
    U18                                               0.000     0.000 r  adc_clk_i[1] (IN)
                         net (fo=0)                   0.000     0.000    adc_clk_i[1]
    U18                                                               r  i_clk/I
    U18                  IBUFDS (Prop_ibufds_I_O)     0.983     0.983 r  i_clk/O
                         net (fo=1, routed)           1.306     2.289    pll/adc_clk_in
    PLLE2_ADV_X0Y0                                                    r  pll/pll/CLKIN1
    PLLE2_ADV_X0Y0       PLLE2_ADV (Prop_plle2_adv_CLKIN1_CLKOUT0)
                                                      0.089     2.378 r  pll/pll/CLKOUT0
                         net (fo=1, routed)           1.754     4.132    pll_adc_clk
    BUFGCTRL_X0Y0                                                     r  bufg_adc_clk/I
    BUFGCTRL_X0Y0        BUFG (Prop_bufg_I_O)         0.101     4.233 r  bufg_adc_clk/O
                         net (fo=7983, routed)        1.664     5.897    ps/axi_slave_gp0/adc_clk
    SLICE_X19Y51         FDRE                                         r  ps/axi_slave_gp0/rd_do_reg/C
  -------------------------------------------------------------------    -------------------
    SLICE_X19Y51         FDRE (Prop_fdre_C_Q)         0.456     6.353 f  ps/axi_slave_gp0/rd_do_reg/Q
                         net (fo=171, routed)         0.807     7.160    ps/axi_slave_gp0/rd_do
    SLICE_X18Y51                                                      f  ps/axi_slave_gp0/scan_offset_o[13]_i_5/I1
    SLICE_X18Y51         LUT3 (Prop_lut3_I1_O)        0.152     7.312 r  ps/axi_slave_gp0/scan_offset_o[13]_i_5/O
                         net (fo=96, routed)          0.838     8.150    ps/axi_slave_gp0/rd_araddr_reg[3]_10
    SLICE_X17Y51                                                      r  ps/axi_slave_gp0/FSM_onehot_arm_phase_q[4]_i_8/I0
    SLICE_X17Y51         LUT5 (Prop_lut5_I0_O)        0.326     8.476 r  ps/axi_slave_gp0/FSM_onehot_arm_phase_q[4]_i_8/O
                         net (fo=1, routed)           0.667     9.143    ps/axi_slave_gp0/FSM_onehot_arm_phase_q[4]_i_8_n_0
    SLICE_X14Y42                                                      r  ps/axi_slave_gp0/FSM_onehot_arm_phase_q[4]_i_4/I5
    SLICE_X14Y42         LUT6 (Prop_lut6_I5_O)        0.124     9.267 f  ps/axi_slave_gp0/FSM_onehot_arm_phase_q[4]_i_4/O
                         net (fo=12, routed)          0.743    10.010    ps/axi_slave_gp0/FSM_onehot_arm_phase_q[4]_i_4_n_0
    SLICE_X13Y42                                                      f  ps/axi_slave_gp0/event_stage_fault_code_q[0]_i_2/I0
    SLICE_X13Y42         LUT6 (Prop_lut6_I0_O)        0.124    10.134 f  ps/axi_slave_gp0/event_stage_fault_code_q[0]_i_2/O
                         net (fo=8, routed)           0.633    10.767    ps/axi_slave_gp0/acq_abort
    SLICE_X10Y41                                                      f  ps/axi_slave_gp0/arm_window_q[31]_i_2/I0
    SLICE_X10Y41         LUT2 (Prop_lut2_I0_O)        0.153    10.920 f  ps/axi_slave_gp0/arm_window_q[31]_i_2/O
                         net (fo=65, routed)          0.889    11.809    i_custom_register_bank/i_deterministic_lock_acquisition/arm_target_high_q_reg[0]_0
    SLICE_X9Y42                                                       f  i_custom_register_bank/i_deterministic_lock_acquisition/arm_window_q[31]_i_1/I1
    SLICE_X9Y42          LUT2 (Prop_lut2_I1_O)        0.357    12.166 r  i_custom_register_bank/i_deterministic_lock_acquisition/arm_window_q[31]_i_1/O
                         net (fo=327, routed)         1.449    13.615    i_custom_register_bank/i_deterministic_lock_acquisition/arm_window_q[31]_i_1_n_0
    SLICE_X19Y46         FDRE                                         r  i_custom_register_bank/i_deterministic_lock_acquisition/arm_target_out2_q_reg[12]/CE
  -------------------------------------------------------------------    -------------------

                         (clock pll_adc_clk rise edge)
                                                      8.000     8.000 r  
    U18                                               0.000     8.000 r  adc_clk_i[1] (IN)
                         net (fo=0)                   0.000     8.000    adc_clk_i[1]
    U18                                                               r  i_clk/I
    U18                  IBUFDS (Prop_ibufds_I_O)     0.940     8.940 r  i_clk/O
                         net (fo=1, routed)           1.181    10.121    pll/adc_clk_in
    PLLE2_ADV_X0Y0                                                    r  pll/pll/CLKIN1
    PLLE2_ADV_X0Y0       PLLE2_ADV (Prop_plle2_adv_CLKIN1_CLKOUT0)
                                                      0.084    10.205 r  pll/pll/CLKOUT0
                         net (fo=1, routed)           1.594    11.799    pll_adc_clk
    BUFGCTRL_X0Y0                                                     r  bufg_adc_clk/I
    BUFGCTRL_X0Y0        BUFG (Prop_bufg_I_O)         0.091    11.890 r  bufg_adc_clk/O
                         net (fo=7983, routed)        1.500    13.390    i_custom_register_bank/i_deterministic_lock_acquisition/adc_clk
    SLICE_X19Y46         FDRE                                         r  i_custom_register_bank/i_deterministic_lock_acquisition/arm_target_out2_q_reg[12]/C
                         clock pessimism              0.343    13.734    
                         clock uncertainty           -0.069    13.665    
    SLICE_X19Y46         FDRE (Setup_fdre_C_CE)      -0.413    13.252    i_custom_register_bank/i_deterministic_lock_acquisition/arm_target_out2_q_reg[12]
  -------------------------------------------------------------------
                         required time                         13.252    
                         arrival time                         -13.615    
  -------------------------------------------------------------------
                         slack                                 -0.363    

Slack (VIOLATED) :        -0.363ns  (required time - arrival time)
  Source:                 ps/axi_slave_gp0/rd_do_reg/C
                            (rising edge-triggered cell FDRE clocked by pll_adc_clk  {rise@0.000ns fall@4.000ns period=8.000ns})
  Destination:            i_custom_register_bank/i_deterministic_lock_acquisition/arm_target_out2_q_reg[12]/CE
                            (rising edge-triggered cell FDRE clocked by pll_adc_clk  {rise@0.000ns fall@4.000ns period=8.000ns})
  Path Group:             pll_adc_clk
  Path Type:              Setup (Max at Slow Process Corner)
  Requirement:            8.000ns  (pll_adc_clk rise@8.000ns - pll_adc_clk rise@0.000ns)
  Data Path Delay:        7.718ns  (logic 1.692ns (21.923%)  route 6.026ns (78.077%))
  Logic Levels:           6  (LUT2=2 LUT3=1 LUT5=1 LUT6=2)
  Clock Path Skew:        -0.164ns (DCD - SCD + CPR)
    Destination Clock Delay (DCD):    5.390ns = ( 13.390 - 8.000 ) 
    Source Clock Delay      (SCD):    5.897ns
    Clock Pessimism Removal (CPR):    0.343ns
  Clock Uncertainty:      0.069ns  ((TSJ^2 + DJ^2)^1/2) / 2 + PE
    Total System Jitter     (TSJ):    0.071ns
    Discrete Jitter          (DJ):    0.118ns
    Phase Error              (PE):    0.000ns

    Location             Delay type                Incr(ns)  Path(ns)    Netlist Resource(s)
  -------------------------------------------------------------------    -------------------
                         (clock pll_adc_clk rise edge)
                                                      0.000     0.000 r  
    U18                                               0.000     0.000 r  adc_clk_i[1] (IN)
                         net (fo=0)                   0.000     0.000    adc_clk_i[1]
    U18                                                               r  i_clk/I
    U18                  IBUFDS (Prop_ibufds_I_O)     0.983     0.983 r  i_clk/O
                         net (fo=1, routed)           1.306     2.289    pll/adc_clk_in
    PLLE2_ADV_X0Y0                                                    r  pll/pll/CLKIN1
    PLLE2_ADV_X0Y0       PLLE2_ADV (Prop_plle2_adv_CLKIN1_CLKOUT0)
                                                      0.089     2.378 r  pll/pll/CLKOUT0
                         net (fo=1, routed)           1.754     4.132    pll_adc_clk
    BUFGCTRL_X0Y0                                                     r  bufg_adc_clk/I
    BUFGCTRL_X0Y0        BUFG (Prop_bufg_I_O)         0.101     4.233 r  bufg_adc_clk/O
                         net (fo=7983, routed)        1.664     5.897    ps/axi_slave_gp0/adc_clk
    SLICE_X19Y51         FDRE                                         r  ps/axi_slave_gp0/rd_do_reg/C
  -------------------------------------------------------------------    -------------------
    SLICE_X19Y51         FDRE (Prop_fdre_C_Q)         0.456     6.353 r  ps/axi_slave_gp0/rd_do_reg/Q
                         net (fo=171, routed)         0.807     7.160    ps/axi_slave_gp0/rd_do
    SLICE_X18Y51                                                      r  ps/axi_slave_gp0/scan_offset_o[13]_i_5/I1
    SLICE_X18Y51         LUT3 (Prop_lut3_I1_O)        0.152     7.312 f  ps/axi_slave_gp0/scan_offset_o[13]_i_5/O
                         net (fo=96, routed)          0.838     8.150    ps/axi_slave_gp0/rd_araddr_reg[3]_10
    SLICE_X17Y51                                                      f  ps/axi_slave_gp0/FSM_onehot_arm_phase_q[4]_i_8/I0
    SLICE_X17Y51         LUT5 (Prop_lut5_I0_O)        0.326     8.476 f  ps/axi_slave_gp0/FSM_onehot_arm_phase_q[4]_i_8/O
                         net (fo=1, routed)           0.667     9.143    ps/axi_slave_gp0/FSM_onehot_arm_phase_q[4]_i_8_n_0
    SLICE_X14Y42                                                      f  ps/axi_slave_gp0/FSM_onehot_arm_phase_q[4]_i_4/I5
    SLICE_X14Y42         LUT6 (Prop_lut6_I5_O)        0.124     9.267 r  ps/axi_slave_gp0/FSM_onehot_arm_phase_q[4]_i_4/O
                         net (fo=12, routed)          0.743    10.010    ps/axi_slave_gp0/FSM_onehot_arm_phase_q[4]_i_4_n_0
    SLICE_X13Y42                                                      r  ps/axi_slave_gp0/event_stage_fault_code_q[0]_i_2/I0
    SLICE_X13Y42         LUT6 (Prop_lut6_I0_O)        0.124    10.134 r  ps/axi_slave_gp0/event_stage_fault_code_q[0]_i_2/O
                         net (fo=8, routed)           0.633    10.767    ps/axi_slave_gp0/acq_abort
    SLICE_X10Y41                                                      r  ps/axi_slave_gp0/arm_window_q[31]_i_2/I0
    SLICE_X10Y41         LUT2 (Prop_lut2_I0_O)        0.153    10.920 r  ps/axi_slave_gp0/arm_window_q[31]_i_2/O
                         net (fo=65, routed)          0.889    11.809    i_custom_register_bank/i_deterministic_lock_acquisition/arm_target_high_q_reg[0]_0
    SLICE_X9Y42                                                       r  i_custom_register_bank/i_deterministic_lock_acquisition/arm_window_q[31]_i_1/I1
    SLICE_X9Y42          LUT2 (Prop_lut2_I1_O)        0.357    12.166 f  i_custom_register_bank/i_deterministic_lock_acquisition/arm_window_q[31]_i_1/O
                         net (fo=327, routed)         1.449    13.615    i_custom_register_bank/i_deterministic_lock_acquisition/arm_window_q[31]_i_1_n_0
    SLICE_X19Y46         FDRE                                         f  i_custom_register_bank/i_deterministic_lock_acquisition/arm_target_out2_q_reg[12]/CE
  -------------------------------------------------------------------    -------------------

                         (clock pll_adc_clk rise edge)
                                                      8.000     8.000 r  
    U18                                               0.000     8.000 r  adc_clk_i[1] (IN)
                         net (fo=0)                   0.000     8.000    adc_clk_i[1]
    U18                                                               r  i_clk/I
    U18                  IBUFDS (Prop_ibufds_I_O)     0.940     8.940 r  i_clk/O
                         net (fo=1, routed)           1.181    10.121    pll/adc_clk_in
    PLLE2_ADV_X0Y0                                                    r  pll/pll/CLKIN1
    PLLE2_ADV_X0Y0       PLLE2_ADV (Prop_plle2_adv_CLKIN1_CLKOUT0)
                                                      0.084    10.205 r  pll/pll/CLKOUT0
                         net (fo=1, routed)           1.594    11.799    pll_adc_clk
    BUFGCTRL_X0Y0                                                     r  bufg_adc_clk/I
    BUFGCTRL_X0Y0        BUFG (Prop_bufg_I_O)         0.091    11.890 r  bufg_adc_clk/O
                         net (fo=7983, routed)        1.500    13.390    i_custom_register_bank/i_deterministic_lock_acquisition/adc_clk
    SLICE_X19Y46         FDRE                                         r  i_custom_register_bank/i_deterministic_lock_acquisition/arm_target_out2_q_reg[12]/C
                         clock pessimism              0.343    13.734    
                         clock uncertainty           -0.069    13.665    
    SLICE_X19Y46         FDRE (Setup_fdre_C_CE)      -0.413    13.252    i_custom_register_bank/i_deterministic_lock_acquisition/arm_target_out2_q_reg[12]
  -------------------------------------------------------------------
                         required time                         13.252    
                         arrival time                         -13.615    
  -------------------------------------------------------------------
                         slack                                 -0.363    

Slack (VIOLATED) :        -0.363ns  (required time - arrival time)
  Source:                 ps/axi_slave_gp0/rd_do_reg/C
                            (rising edge-triggered cell FDRE clocked by pll_adc_clk  {rise@0.000ns fall@4.000ns period=8.000ns})
  Destination:            i_custom_register_bank/i_deterministic_lock_acquisition/arm_target_out2_q_reg[12]/CE
                            (rising edge-triggered cell FDRE clocked by pll_adc_clk  {rise@0.000ns fall@4.000ns period=8.000ns})
  Path Group:             pll_adc_clk
  Path Type:              Setup (Max at Slow Process Corner)
  Requirement:            8.000ns  (pll_adc_clk rise@8.000ns - pll_adc_clk rise@0.000ns)
  Data Path Delay:        7.718ns  (logic 1.692ns (21.923%)  route 6.026ns (78.077%))
  Logic Levels:           6  (LUT2=2 LUT3=1 LUT5=1 LUT6=2)
  Clock Path Skew:        -0.164ns (DCD - SCD + CPR)
    Destination Clock Delay (DCD):    5.390ns = ( 13.390 - 8.000 ) 
    Source Clock Delay      (SCD):    5.897ns
    Clock Pessimism Removal (CPR):    0.343ns
  Clock Uncertainty:      0.069ns  ((TSJ^2 + DJ^2)^1/2) / 2 + PE
    Total System Jitter     (TSJ):    0.071ns
    Discrete Jitter          (DJ):    0.118ns
    Phase Error              (PE):    0.000ns

    Location             Delay type                Incr(ns)  Path(ns)    Netlist Resource(s)
  -------------------------------------------------------------------    -------------------
                         (clock pll_adc_clk rise edge)
                                                      0.000     0.000 r  
    U18                                               0.000     0.000 r  adc_clk_i[1] (IN)
                         net (fo=0)                   0.000     0.000    adc_clk_i[1]
    U18                                                               r  i_clk/I
    U18                  IBUFDS (Prop_ibufds_I_O)     0.983     0.983 r  i_clk/O
                         net (fo=1, routed)           1.306     2.289    pll/adc_clk_in
    PLLE2_ADV_X0Y0                                                    r  pll/pll/CLKIN1
    PLLE2_ADV_X0Y0       PLLE2_ADV (Prop_plle2_adv_CLKIN1_CLKOUT0)
                                                      0.089     2.378 r  pll/pll/CLKOUT0
                         net (fo=1, routed)           1.754     4.132    pll_adc_clk
    BUFGCTRL_X0Y0                                                     r  bufg_adc_clk/I
    BUFGCTRL_X0Y0        BUFG (Prop_bufg_I_O)         0.101     4.233 r  bufg_adc_clk/O
                         net (fo=7983, routed)        1.664     5.897    ps/axi_slave_gp0/adc_clk
    SLICE_X19Y51         FDRE                                         r  ps/axi_slave_gp0/rd_do_reg/C
  -------------------------------------------------------------------    -------------------
    SLICE_X19Y51         FDRE (Prop_fdre_C_Q)         0.456     6.353 f  ps/axi_slave_gp0/rd_do_reg/Q
                         net (fo=171, routed)         0.807     7.160    ps/axi_slave_gp0/rd_do
    SLICE_X18Y51                                                      f  ps/axi_slave_gp0/scan_offset_o[13]_i_5/I1
    SLICE_X18Y51         LUT3 (Prop_lut3_I1_O)        0.152     7.312 f  ps/axi_slave_gp0/scan_offset_o[13]_i_5/O
                         net (fo=96, routed)          0.838     8.150    ps/axi_slave_gp0/rd_araddr_reg[3]_10
    SLICE_X17Y51                                                      f  ps/axi_slave_gp0/FSM_onehot_arm_phase_q[4]_i_8/I0
    SLICE_X17Y51         LUT5 (Prop_lut5_I0_O)        0.326     8.476 f  ps/axi_slave_gp0/FSM_onehot_arm_phase_q[4]_i_8/O
                         net (fo=1, routed)           0.667     9.143    ps/axi_slave_gp0/FSM_onehot_arm_phase_q[4]_i_8_n_0
    SLICE_X14Y42                                                      f  ps/axi_slave_gp0/FSM_onehot_arm_phase_q[4]_i_4/I5
    SLICE_X14Y42         LUT6 (Prop_lut6_I5_O)        0.124     9.267 r  ps/axi_slave_gp0/FSM_onehot_arm_phase_q[4]_i_4/O
                         net (fo=12, routed)          0.743    10.010    ps/axi_slave_gp0/FSM_onehot_arm_phase_q[4]_i_4_n_0
    SLICE_X13Y42                                                      r  ps/axi_slave_gp0/event_stage_fault_code_q[0]_i_2/I0
    SLICE_X13Y42         LUT6 (Prop_lut6_I0_O)        0.124    10.134 r  ps/axi_slave_gp0/event_stage_fault_code_q[0]_i_2/O
                         net (fo=8, routed)           0.633    10.767    ps/axi_slave_gp0/acq_abort
    SLICE_X10Y41                                                      r  ps/axi_slave_gp0/arm_window_q[31]_i_2/I0
    SLICE_X10Y41         LUT2 (Prop_lut2_I0_O)        0.153    10.920 r  ps/axi_slave_gp0/arm_window_q[31]_i_2/O
                         net (fo=65, routed)          0.889    11.809    i_custom_register_bank/i_deterministic_lock_acquisition/arm_target_high_q_reg[0]_0
    SLICE_X9Y42                                                       r  i_custom_register_bank/i_deterministic_lock_acquisition/arm_window_q[31]_i_1/I1
    SLICE_X9Y42          LUT2 (Prop_lut2_I1_O)        0.357    12.166 f  i_custom_register_bank/i_deterministic_lock_acquisition/arm_window_q[31]_i_1/O
                         net (fo=327, routed)         1.449    13.615    i_custom_register_bank/i_deterministic_lock_acquisition/arm_window_q[31]_i_1_n_0
    SLICE_X19Y46         FDRE                                         f  i_custom_register_bank/i_deterministic_lock_acquisition/arm_target_out2_q_reg[12]/CE
  -------------------------------------------------------------------    -------------------

                         (clock pll_adc_clk rise edge)
                                                      8.000     8.000 r  
    U18                                               0.000     8.000 r  adc_clk_i[1] (IN)
                         net (fo=0)                   0.000     8.000    adc_clk_i[1]
    U18                                                               r  i_clk/I
    U18                  IBUFDS (Prop_ibufds_I_O)     0.940     8.940 r  i_clk/O
                         net (fo=1, routed)           1.181    10.121    pll/adc_clk_in
    PLLE2_ADV_X0Y0                                                    r  pll/pll/CLKIN1
    PLLE2_ADV_X0Y0       PLLE2_ADV (Prop_plle2_adv_CLKIN1_CLKOUT0)
                                                      0.084    10.205 r  pll/pll/CLKOUT0
                         net (fo=1, routed)           1.594    11.799    pll_adc_clk
    BUFGCTRL_X0Y0                                                     r  bufg_adc_clk/I
    BUFGCTRL_X0Y0        BUFG (Prop_bufg_I_O)         0.091    11.890 r  bufg_adc_clk/O
                         net (fo=7983, routed)        1.500    13.390    i_custom_register_bank/i_deterministic_lock_acquisition/adc_clk
    SLICE_X19Y46         FDRE                                         r  i_custom_register_bank/i_deterministic_lock_acquisition/arm_target_out2_q_reg[12]/C
                         clock pessimism              0.343    13.734    
                         clock uncertainty           -0.069    13.665    
    SLICE_X19Y46         FDRE (Setup_fdre_C_CE)      -0.413    13.252    i_custom_register_bank/i_deterministic_lock_acquisition/arm_target_out2_q_reg[12]
  -------------------------------------------------------------------
                         required time                         13.252    
                         arrival time                         -13.615    
  -------------------------------------------------------------------
                         slack                                 -0.363    

Slack (VIOLATED) :        -0.363ns  (required time - arrival time)
  Source:                 ps/axi_slave_gp0/rd_do_reg/C
                            (rising edge-triggered cell FDRE clocked by pll_adc_clk  {rise@0.000ns fall@4.000ns period=8.000ns})
  Destination:            i_custom_register_bank/i_deterministic_lock_acquisition/arm_target_out2_q_reg[9]/CE
                            (rising edge-triggered cell FDRE clocked by pll_adc_clk  {rise@0.000ns fall@4.000ns period=8.000ns})
  Path Group:             pll_adc_clk
  Path Type:              Setup (Max at Slow Process Corner)
  Requirement:            8.000ns  (pll_adc_clk rise@8.000ns - pll_adc_clk rise@0.000ns)
  Data Path Delay:        7.718ns  (logic 1.692ns (21.923%)  route 6.026ns (78.077%))
  Logic Levels:           6  (LUT2=2 LUT3=1 LUT5=1 LUT6=2)
  Clock Path Skew:        -0.164ns (DCD - SCD + CPR)
    Destination Clock Delay (DCD):    5.390ns = ( 13.390 - 8.000 ) 
    Source Clock Delay      (SCD):    5.897ns
    Clock Pessimism Removal (CPR):    0.343ns
  Clock Uncertainty:      0.069ns  ((TSJ^2 + DJ^2)^1/2) / 2 + PE
    Total System Jitter     (TSJ):    0.071ns
    Discrete Jitter          (DJ):    0.118ns
    Phase Error              (PE):    0.000ns

    Location             Delay type                Incr(ns)  Path(ns)    Netlist Resource(s)
  -------------------------------------------------------------------    -------------------
                         (clock pll_adc_clk rise edge)
                                                      0.000     0.000 r  
    U18                                               0.000     0.000 r  adc_clk_i[1] (IN)
                         net (fo=0)                   0.000     0.000    adc_clk_i[1]
    U18                                                               r  i_clk/I
    U18                  IBUFDS (Prop_ibufds_I_O)     0.983     0.983 r  i_clk/O
                         net (fo=1, routed)           1.306     2.289    pll/adc_clk_in
    PLLE2_ADV_X0Y0                                                    r  pll/pll/CLKIN1
    PLLE2_ADV_X0Y0       PLLE2_ADV (Prop_plle2_adv_CLKIN1_CLKOUT0)
                                                      0.089     2.378 r  pll/pll/CLKOUT0
                         net (fo=1, routed)           1.754     4.132    pll_adc_clk
    BUFGCTRL_X0Y0                                                     r  bufg_adc_clk/I
    BUFGCTRL_X0Y0        BUFG (Prop_bufg_I_O)         0.101     4.233 r  bufg_adc_clk/O
                         net (fo=7983, routed)        1.664     5.897    ps/axi_slave_gp0/adc_clk
    SLICE_X19Y51         FDRE                                         r  ps/axi_slave_gp0/rd_do_reg/C
  -------------------------------------------------------------------    -------------------
    SLICE_X19Y51         FDRE (Prop_fdre_C_Q)         0.456     6.353 r  ps/axi_slave_gp0/rd_do_reg/Q
                         net (fo=171, routed)         0.807     7.160    ps/axi_slave_gp0/rd_do
    SLICE_X18Y51                                                      r  ps/axi_slave_gp0/scan_offset_o[13]_i_5/I1
    SLICE_X18Y51         LUT3 (Prop_lut3_I1_O)        0.152     7.312 r  ps/axi_slave_gp0/scan_offset_o[13]_i_5/O
                         net (fo=96, routed)          0.838     8.150    ps/axi_slave_gp0/rd_araddr_reg[3]_10
    SLICE_X17Y51                                                      r  ps/axi_slave_gp0/FSM_onehot_arm_phase_q[4]_i_8/I0
    SLICE_X17Y51         LUT5 (Prop_lut5_I0_O)        0.326     8.476 r  ps/axi_slave_gp0/FSM_onehot_arm_phase_q[4]_i_8/O
                         net (fo=1, routed)           0.667     9.143    ps/axi_slave_gp0/FSM_onehot_arm_phase_q[4]_i_8_n_0
    SLICE_X14Y42                                                      r  ps/axi_slave_gp0/FSM_onehot_arm_phase_q[4]_i_4/I5
    SLICE_X14Y42         LUT6 (Prop_lut6_I5_O)        0.124     9.267 f  ps/axi_slave_gp0/FSM_onehot_arm_phase_q[4]_i_4/O
                         net (fo=12, routed)          0.743    10.010    ps/axi_slave_gp0/FSM_onehot_arm_phase_q[4]_i_4_n_0
    SLICE_X13Y42                                                      f  ps/axi_slave_gp0/event_stage_fault_code_q[0]_i_2/I0
    SLICE_X13Y42         LUT6 (Prop_lut6_I0_O)        0.124    10.134 f  ps/axi_slave_gp0/event_stage_fault_code_q[0]_i_2/O
                         net (fo=8, routed)           0.633    10.767    ps/axi_slave_gp0/acq_abort
    SLICE_X10Y41                                                      f  ps/axi_slave_gp0/arm_window_q[31]_i_2/I0
    SLICE_X10Y41         LUT2 (Prop_lut2_I0_O)        0.153    10.920 f  ps/axi_slave_gp0/arm_window_q[31]_i_2/O
                         net (fo=65, routed)          0.889    11.809    i_custom_register_bank/i_deterministic_lock_acquisition/arm_target_high_q_reg[0]_0
    SLICE_X9Y42                                                       f  i_custom_register_bank/i_deterministic_lock_acquisition/arm_window_q[31]_i_1/I1
    SLICE_X9Y42          LUT2 (Prop_lut2_I1_O)        0.357    12.166 r  i_custom_register_bank/i_deterministic_lock_acquisition/arm_window_q[31]_i_1/O
                         net (fo=327, routed)         1.449    13.615    i_custom_register_bank/i_deterministic_lock_acquisition/arm_window_q[31]_i_1_n_0
    SLICE_X19Y46         FDRE                                         r  i_custom_register_bank/i_deterministic_lock_acquisition/arm_target_out2_q_reg[9]/CE
  -------------------------------------------------------------------    -------------------

                         (clock pll_adc_clk rise edge)
                                                      8.000     8.000 r  
    U18                                               0.000     8.000 r  adc_clk_i[1] (IN)
                         net (fo=0)                   0.000     8.000    adc_clk_i[1]
    U18                                                               r  i_clk/I
    U18                  IBUFDS (Prop_ibufds_I_O)     0.940     8.940 r  i_clk/O
                         net (fo=1, routed)           1.181    10.121    pll/adc_clk_in
    PLLE2_ADV_X0Y0                                                    r  pll/pll/CLKIN1
    PLLE2_ADV_X0Y0       PLLE2_ADV (Prop_plle2_adv_CLKIN1_CLKOUT0)
                                                      0.084    10.205 r  pll/pll/CLKOUT0
                         net (fo=1, routed)           1.594    11.799    pll_adc_clk
    BUFGCTRL_X0Y0                                                     r  bufg_adc_clk/I
    BUFGCTRL_X0Y0        BUFG (Prop_bufg_I_O)         0.091    11.890 r  bufg_adc_clk/O
                         net (fo=7983, routed)        1.500    13.390    i_custom_register_bank/i_deterministic_lock_acquisition/adc_clk
    SLICE_X19Y46         FDRE                                         r  i_custom_register_bank/i_deterministic_lock_acquisition/arm_target_out2_q_reg[9]/C
                         clock pessimism              0.343    13.734    
                         clock uncertainty           -0.069    13.665    
    SLICE_X19Y46         FDRE (Setup_fdre_C_CE)      -0.413    13.252    i_custom_register_bank/i_deterministic_lock_acquisition/arm_target_out2_q_reg[9]
  -------------------------------------------------------------------
                         required time                         13.252    
                         arrival time                         -13.615    
  -------------------------------------------------------------------
                         slack                                 -0.363    

Slack (VIOLATED) :        -0.363ns  (required time - arrival time)
  Source:                 ps/axi_slave_gp0/rd_do_reg/C
                            (rising edge-triggered cell FDRE clocked by pll_adc_clk  {rise@0.000ns fall@4.000ns period=8.000ns})
  Destination:            i_custom_register_bank/i_deterministic_lock_acquisition/arm_target_out2_q_reg[9]/CE
                            (rising edge-triggered cell FDRE clocked by pll_adc_clk  {rise@0.000ns fall@4.000ns period=8.000ns})
  Path Group:             pll_adc_clk
  Path Type:              Setup (Max at Slow Process Corner)
  Requirement:            8.000ns  (pll_adc_clk rise@8.000ns - pll_adc_clk rise@0.000ns)
  Data Path Delay:        7.718ns  (logic 1.692ns (21.923%)  route 6.026ns (78.077%))
  Logic Levels:           6  (LUT2=2 LUT3=1 LUT5=1 LUT6=2)
  Clock Path Skew:        -0.164ns (DCD - SCD + CPR)
    Destination Clock Delay (DCD):    5.390ns = ( 13.390 - 8.000 ) 
    Source Clock Delay      (SCD):    5.897ns
    Clock Pessimism Removal (CPR):    0.343ns
  Clock Uncertainty:      0.069ns  ((TSJ^2 + DJ^2)^1/2) / 2 + PE
    Total System Jitter     (TSJ):    0.071ns
    Discrete Jitter          (DJ):    0.118ns
    Phase Error              (PE):    0.000ns

    Location             Delay type                Incr(ns)  Path(ns)    Netlist Resource(s)
  -------------------------------------------------------------------    -------------------
                         (clock pll_adc_clk rise edge)
                                                      0.000     0.000 r  
    U18                                               0.000     0.000 r  adc_clk_i[1] (IN)
                         net (fo=0)                   0.000     0.000    adc_clk_i[1]
    U18                                                               r  i_clk/I
    U18                  IBUFDS (Prop_ibufds_I_O)     0.983     0.983 r  i_clk/O
                         net (fo=1, routed)           1.306     2.289    pll/adc_clk_in
    PLLE2_ADV_X0Y0                                                    r  pll/pll/CLKIN1
    PLLE2_ADV_X0Y0       PLLE2_ADV (Prop_plle2_adv_CLKIN1_CLKOUT0)
                                                      0.089     2.378 r  pll/pll/CLKOUT0
                         net (fo=1, routed)           1.754     4.132    pll_adc_clk
    BUFGCTRL_X0Y0                                                     r  bufg_adc_clk/I
    BUFGCTRL_X0Y0        BUFG (Prop_bufg_I_O)         0.101     4.233 r  bufg_adc_clk/O
                         net (fo=7983, routed)        1.664     5.897    ps/axi_slave_gp0/adc_clk
    SLICE_X19Y51         FDRE                                         r  ps/axi_slave_gp0/rd_do_reg/C
  -------------------------------------------------------------------    -------------------
    SLICE_X19Y51         FDRE (Prop_fdre_C_Q)         0.456     6.353 f  ps/axi_slave_gp0/rd_do_reg/Q
                         net (fo=171, routed)         0.807     7.160    ps/axi_slave_gp0/rd_do
    SLICE_X18Y51                                                      f  ps/axi_slave_gp0/scan_offset_o[13]_i_5/I1
    SLICE_X18Y51         LUT3 (Prop_lut3_I1_O)        0.152     7.312 r  ps/axi_slave_gp0/scan_offset_o[13]_i_5/O
                         net (fo=96, routed)          0.838     8.150    ps/axi_slave_gp0/rd_araddr_reg[3]_10
    SLICE_X17Y51                                                      r  ps/axi_slave_gp0/FSM_onehot_arm_phase_q[4]_i_8/I0
    SLICE_X17Y51         LUT5 (Prop_lut5_I0_O)        0.326     8.476 r  ps/axi_slave_gp0/FSM_onehot_arm_phase_q[4]_i_8/O
                         net (fo=1, routed)           0.667     9.143    ps/axi_slave_gp0/FSM_onehot_arm_phase_q[4]_i_8_n_0
    SLICE_X14Y42                                                      r  ps/axi_slave_gp0/FSM_onehot_arm_phase_q[4]_i_4/I5
    SLICE_X14Y42         LUT6 (Prop_lut6_I5_O)        0.124     9.267 f  ps/axi_slave_gp0/FSM_onehot_arm_phase_q[4]_i_4/O
                         net (fo=12, routed)          0.743    10.010    ps/axi_slave_gp0/FSM_onehot_arm_phase_q[4]_i_4_n_0
    SLICE_X13Y42                                                      f  ps/axi_slave_gp0/event_stage_fault_code_q[0]_i_2/I0
    SLICE_X13Y42         LUT6 (Prop_lut6_I0_O)        0.124    10.134 f  ps/axi_slave_gp0/event_stage_fault_code_q[0]_i_2/O
                         net (fo=8, routed)           0.633    10.767    ps/axi_slave_gp0/acq_abort
    SLICE_X10Y41                                                      f  ps/axi_slave_gp0/arm_window_q[31]_i_2/I0
    SLICE_X10Y41         LUT2 (Prop_lut2_I0_O)        0.153    10.920 f  ps/axi_slave_gp0/arm_window_q[31]_i_2/O
                         net (fo=65, routed)          0.889    11.809    i_custom_register_bank/i_deterministic_lock_acquisition/arm_target_high_q_reg[0]_0
    SLICE_X9Y42                                                       f  i_custom_register_bank/i_deterministic_lock_acquisition/arm_window_q[31]_i_1/I1
    SLICE_X9Y42          LUT2 (Prop_lut2_I1_O)        0.357    12.166 r  i_custom_register_bank/i_deterministic_lock_acquisition/arm_window_q[31]_i_1/O
                         net (fo=327, routed)         1.449    13.615    i_custom_register_bank/i_deterministic_lock_acquisition/arm_window_q[31]_i_1_n_0
    SLICE_X19Y46         FDRE                                         r  i_custom_register_bank/i_deterministic_lock_acquisition/arm_target_out2_q_reg[9]/CE
  -------------------------------------------------------------------    -------------------

                         (clock pll_adc_clk rise edge)
                                                      8.000     8.000 r  
    U18                                               0.000     8.000 r  adc_clk_i[1] (IN)
                         net (fo=0)                   0.000     8.000    adc_clk_i[1]
    U18                                                               r  i_clk/I
    U18                  IBUFDS (Prop_ibufds_I_O)     0.940     8.940 r  i_clk/O
                         net (fo=1, routed)           1.181    10.121    pll/adc_clk_in
    PLLE2_ADV_X0Y0                                                    r  pll/pll/CLKIN1
    PLLE2_ADV_X0Y0       PLLE2_ADV (Prop_plle2_adv_CLKIN1_CLKOUT0)
                                                      0.084    10.205 r  pll/pll/CLKOUT0
                         net (fo=1, routed)           1.594    11.799    pll_adc_clk
    BUFGCTRL_X0Y0                                                     r  bufg_adc_clk/I
    BUFGCTRL_X0Y0        BUFG (Prop_bufg_I_O)         0.091    11.890 r  bufg_adc_clk/O
                         net (fo=7983, routed)        1.500    13.390    i_custom_register_bank/i_deterministic_lock_acquisition/adc_clk
    SLICE_X19Y46         FDRE                                         r  i_custom_register_bank/i_deterministic_lock_acquisition/arm_target_out2_q_reg[9]/C
                         clock pessimism              0.343    13.734    
                         clock uncertainty           -0.069    13.665    
    SLICE_X19Y46         FDRE (Setup_fdre_C_CE)      -0.413    13.252    i_custom_register_bank/i_deterministic_lock_acquisition/arm_target_out2_q_reg[9]
  -------------------------------------------------------------------
                         required time                         13.252    
                         arrival time                         -13.615    
  -------------------------------------------------------------------
                         slack                                 -0.363    

Slack (VIOLATED) :        -0.363ns  (required time - arrival time)
  Source:                 ps/axi_slave_gp0/rd_do_reg/C
                            (rising edge-triggered cell FDRE clocked by pll_adc_clk  {rise@0.000ns fall@4.000ns period=8.000ns})
  Destination:            i_custom_register_bank/i_deterministic_lock_acquisition/arm_target_out2_q_reg[9]/CE
                            (rising edge-triggered cell FDRE clocked by pll_adc_clk  {rise@0.000ns fall@4.000ns period=8.000ns})
  Path Group:             pll_adc_clk
  Path Type:              Setup (Max at Slow Process Corner)
  Requirement:            8.000ns  (pll_adc_clk rise@8.000ns - pll_adc_clk rise@0.000ns)
  Data Path Delay:        7.718ns  (logic 1.692ns (21.923%)  route 6.026ns (78.077%))
  Logic Levels:           6  (LUT2=2 LUT3=1 LUT5=1 LUT6=2)
  Clock Path Skew:        -0.164ns (DCD - SCD + CPR)
    Destination Clock Delay (DCD):    5.390ns = ( 13.390 - 8.000 ) 
    Source Clock Delay      (SCD):    5.897ns
    Clock Pessimism Removal (CPR):    0.343ns
  Clock Uncertainty:      0.069ns  ((TSJ^2 + DJ^2)^1/2) / 2 + PE
    Total System Jitter     (TSJ):    0.071ns
    Discrete Jitter          (DJ):    0.118ns
    Phase Error              (PE):    0.000ns

    Location             Delay type                Incr(ns)  Path(ns)    Netlist Resource(s)
  -------------------------------------------------------------------    -------------------
                         (clock pll_adc_clk rise edge)
                                                      0.000     0.000 r  
    U18                                               0.000     0.000 r  adc_clk_i[1] (IN)
                         net (fo=0)                   0.000     0.000    adc_clk_i[1]
    U18                                                               r  i_clk/I
    U18                  IBUFDS (Prop_ibufds_I_O)     0.983     0.983 r  i_clk/O
                         net (fo=1, routed)           1.306     2.289    pll/adc_clk_in
    PLLE2_ADV_X0Y0                                                    r  pll/pll/CLKIN1
    PLLE2_ADV_X0Y0       PLLE2_ADV (Prop_plle2_adv_CLKIN1_CLKOUT0)
                                                      0.089     2.378 r  pll/pll/CLKOUT0
                         net (fo=1, routed)           1.754     4.132    pll_adc_clk
    BUFGCTRL_X0Y0                                                     r  bufg_adc_clk/I
    BUFGCTRL_X0Y0        BUFG (Prop_bufg_I_O)         0.101     4.233 r  bufg_adc_clk/O
                         net (fo=7983, routed)        1.664     5.897    ps/axi_slave_gp0/adc_clk
    SLICE_X19Y51         FDRE                                         r  ps/axi_slave_gp0/rd_do_reg/C
  -------------------------------------------------------------------    -------------------
    SLICE_X19Y51         FDRE (Prop_fdre_C_Q)         0.456     6.353 r  ps/axi_slave_gp0/rd_do_reg/Q
                         net (fo=171, routed)         0.807     7.160    ps/axi_slave_gp0/rd_do
    SLICE_X18Y51                                                      r  ps/axi_slave_gp0/scan_offset_o[13]_i_5/I1
    SLICE_X18Y51         LUT3 (Prop_lut3_I1_O)        0.152     7.312 f  ps/axi_slave_gp0/scan_offset_o[13]_i_5/O
                         net (fo=96, routed)          0.838     8.150    ps/axi_slave_gp0/rd_araddr_reg[3]_10
    SLICE_X17Y51                                                      f  ps/axi_slave_gp0/FSM_onehot_arm_phase_q[4]_i_8/I0
    SLICE_X17Y51         LUT5 (Prop_lut5_I0_O)        0.326     8.476 f  ps/axi_slave_gp0/FSM_onehot_arm_phase_q[4]_i_8/O
                         net (fo=1, routed)           0.667     9.143    ps/axi_slave_gp0/FSM_onehot_arm_phase_q[4]_i_8_n_0
    SLICE_X14Y42                                                      f  ps/axi_slave_gp0/FSM_onehot_arm_phase_q[4]_i_4/I5
    SLICE_X14Y42         LUT6 (Prop_lut6_I5_O)        0.124     9.267 r  ps/axi_slave_gp0/FSM_onehot_arm_phase_q[4]_i_4/O
                         net (fo=12, routed)          0.743    10.010    ps/axi_slave_gp0/FSM_onehot_arm_phase_q[4]_i_4_n_0
    SLICE_X13Y42                                                      r  ps/axi_slave_gp0/event_stage_fault_code_q[0]_i_2/I0
    SLICE_X13Y42         LUT6 (Prop_lut6_I0_O)        0.124    10.134 r  ps/axi_slave_gp0/event_stage_fault_code_q[0]_i_2/O
                         net (fo=8, routed)           0.633    10.767    ps/axi_slave_gp0/acq_abort
    SLICE_X10Y41                                                      r  ps/axi_slave_gp0/arm_window_q[31]_i_2/I0
    SLICE_X10Y41         LUT2 (Prop_lut2_I0_O)        0.153    10.920 r  ps/axi_slave_gp0/arm_window_q[31]_i_2/O
                         net (fo=65, routed)          0.889    11.809    i_custom_register_bank/i_deterministic_lock_acquisition/arm_target_high_q_reg[0]_0
    SLICE_X9Y42                                                       r  i_custom_register_bank/i_deterministic_lock_acquisition/arm_window_q[31]_i_1/I1
    SLICE_X9Y42          LUT2 (Prop_lut2_I1_O)        0.357    12.166 f  i_custom_register_bank/i_deterministic_lock_acquisition/arm_window_q[31]_i_1/O
                         net (fo=327, routed)         1.449    13.615    i_custom_register_bank/i_deterministic_lock_acquisition/arm_window_q[31]_i_1_n_0
    SLICE_X19Y46         FDRE                                         f  i_custom_register_bank/i_deterministic_lock_acquisition/arm_target_out2_q_reg[9]/CE
  -------------------------------------------------------------------    -------------------

                         (clock pll_adc_clk rise edge)
                                                      8.000     8.000 r  
    U18                                               0.000     8.000 r  adc_clk_i[1] (IN)
                         net (fo=0)                   0.000     8.000    adc_clk_i[1]
    U18                                                               r  i_clk/I
    U18                  IBUFDS (Prop_ibufds_I_O)     0.940     8.940 r  i_clk/O
                         net (fo=1, routed)           1.181    10.121    pll/adc_clk_in
    PLLE2_ADV_X0Y0                                                    r  pll/pll/CLKIN1
    PLLE2_ADV_X0Y0       PLLE2_ADV (Prop_plle2_adv_CLKIN1_CLKOUT0)
                                                      0.084    10.205 r  pll/pll/CLKOUT0
                         net (fo=1, routed)           1.594    11.799    pll_adc_clk
    BUFGCTRL_X0Y0                                                     r  bufg_adc_clk/I
    BUFGCTRL_X0Y0        BUFG (Prop_bufg_I_O)         0.091    11.890 r  bufg_adc_clk/O
                         net (fo=7983, routed)        1.500    13.390    i_custom_register_bank/i_deterministic_lock_acquisition/adc_clk
    SLICE_X19Y46         FDRE                                         r  i_custom_register_bank/i_deterministic_lock_acquisition/arm_target_out2_q_reg[9]/C
                         clock pessimism              0.343    13.734    
                         clock uncertainty           -0.069    13.665    
    SLICE_X19Y46         FDRE (Setup_fdre_C_CE)      -0.413    13.252    i_custom_register_bank/i_deterministic_lock_acquisition/arm_target_out2_q_reg[9]
  -------------------------------------------------------------------
                         required time                         13.252    
                         arrival time                         -13.615    
  -------------------------------------------------------------------
                         slack                                 -0.363    

Slack (VIOLATED) :        -0.363ns  (required time - arrival time)
  Source:                 ps/axi_slave_gp0/rd_do_reg/C
                            (rising edge-triggered cell FDRE clocked by pll_adc_clk  {rise@0.000ns fall@4.000ns period=8.000ns})
  Destination:            i_custom_register_bank/i_deterministic_lock_acquisition/arm_target_out2_q_reg[9]/CE
                            (rising edge-triggered cell FDRE clocked by pll_adc_clk  {rise@0.000ns fall@4.000ns period=8.000ns})
  Path Group:             pll_adc_clk
  Path Type:              Setup (Max at Slow Process Corner)
  Requirement:            8.000ns  (pll_adc_clk rise@8.000ns - pll_adc_clk rise@0.000ns)
  Data Path Delay:        7.718ns  (logic 1.692ns (21.923%)  route 6.026ns (78.077%))
  Logic Levels:           6  (LUT2=2 LUT3=1 LUT5=1 LUT6=2)
  Clock Path Skew:        -0.164ns (DCD - SCD + CPR)
    Destination Clock Delay (DCD):    5.390ns = ( 13.390 - 8.000 ) 
    Source Clock Delay      (SCD):    5.897ns
    Clock Pessimism Removal (CPR):    0.343ns
  Clock Uncertainty:      0.069ns  ((TSJ^2 + DJ^2)^1/2) / 2 + PE
    Total System Jitter     (TSJ):    0.071ns
    Discrete Jitter          (DJ):    0.118ns
    Phase Error              (PE):    0.000ns

    Location             Delay type                Incr(ns)  Path(ns)    Netlist Resource(s)
  -------------------------------------------------------------------    -------------------
                         (clock pll_adc_clk rise edge)
                                                      0.000     0.000 r  
    U18                                               0.000     0.000 r  adc_clk_i[1] (IN)
                         net (fo=0)                   0.000     0.000    adc_clk_i[1]
    U18                                                               r  i_clk/I
    U18                  IBUFDS (Prop_ibufds_I_O)     0.983     0.983 r  i_clk/O
                         net (fo=1, routed)           1.306     2.289    pll/adc_clk_in
    PLLE2_ADV_X0Y0                                                    r  pll/pll/CLKIN1
    PLLE2_ADV_X0Y0       PLLE2_ADV (Prop_plle2_adv_CLKIN1_CLKOUT0)
                                                      0.089     2.378 r  pll/pll/CLKOUT0
                         net (fo=1, routed)           1.754     4.132    pll_adc_clk
    BUFGCTRL_X0Y0                                                     r  bufg_adc_clk/I
    BUFGCTRL_X0Y0        BUFG (Prop_bufg_I_O)         0.101     4.233 r  bufg_adc_clk/O
                         net (fo=7983, routed)        1.664     5.897    ps/axi_slave_gp0/adc_clk
    SLICE_X19Y51         FDRE                                         r  ps/axi_slave_gp0/rd_do_reg/C
  -------------------------------------------------------------------    -------------------
    SLICE_X19Y51         FDRE (Prop_fdre_C_Q)         0.456     6.353 f  ps/axi_slave_gp0/rd_do_reg/Q
                         net (fo=171, routed)         0.807     7.160    ps/axi_slave_gp0/rd_do
    SLICE_X18Y51                                                      f  ps/axi_slave_gp0/scan_offset_o[13]_i_5/I1
    SLICE_X18Y51         LUT3 (Prop_lut3_I1_O)        0.152     7.312 f  ps/axi_slave_gp0/scan_offset_o[13]_i_5/O
                         net (fo=96, routed)          0.838     8.150    ps/axi_slave_gp0/rd_araddr_reg[3]_10
    SLICE_X17Y51                                                      f  ps/axi_slave_gp0/FSM_onehot_arm_phase_q[4]_i_8/I0
    SLICE_X17Y51         LUT5 (Prop_lut5_I0_O)        0.326     8.476 f  ps/axi_slave_gp0/FSM_onehot_arm_phase_q[4]_i_8/O
                         net (fo=1, routed)           0.667     9.143    ps/axi_slave_gp0/FSM_onehot_arm_phase_q[4]_i_8_n_0
    SLICE_X14Y42                                                      f  ps/axi_slave_gp0/FSM_onehot_arm_phase_q[4]_i_4/I5
    SLICE_X14Y42         LUT6 (Prop_lut6_I5_O)        0.124     9.267 r  ps/axi_slave_gp0/FSM_onehot_arm_phase_q[4]_i_4/O
                         net (fo=12, routed)          0.743    10.010    ps/axi_slave_gp0/FSM_onehot_arm_phase_q[4]_i_4_n_0
    SLICE_X13Y42                                                      r  ps/axi_slave_gp0/event_stage_fault_code_q[0]_i_2/I0
    SLICE_X13Y42         LUT6 (Prop_lut6_I0_O)        0.124    10.134 r  ps/axi_slave_gp0/event_stage_fault_code_q[0]_i_2/O
                         net (fo=8, routed)           0.633    10.767    ps/axi_slave_gp0/acq_abort
    SLICE_X10Y41                                                      r  ps/axi_slave_gp0/arm_window_q[31]_i_2/I0
    SLICE_X10Y41         LUT2 (Prop_lut2_I0_O)        0.153    10.920 r  ps/axi_slave_gp0/arm_window_q[31]_i_2/O
                         net (fo=65, routed)          0.889    11.809    i_custom_register_bank/i_deterministic_lock_acquisition/arm_target_high_q_reg[0]_0
    SLICE_X9Y42                                                       r  i_custom_register_bank/i_deterministic_lock_acquisition/arm_window_q[31]_i_1/I1
    SLICE_X9Y42          LUT2 (Prop_lut2_I1_O)        0.357    12.166 f  i_custom_register_bank/i_deterministic_lock_acquisition/arm_window_q[31]_i_1/O
                         net (fo=327, routed)         1.449    13.615    i_custom_register_bank/i_deterministic_lock_acquisition/arm_window_q[31]_i_1_n_0
    SLICE_X19Y46         FDRE                                         f  i_custom_register_bank/i_deterministic_lock_acquisition/arm_target_out2_q_reg[9]/CE
  -------------------------------------------------------------------    -------------------

                         (clock pll_adc_clk rise edge)
                                                      8.000     8.000 r  
    U18                                               0.000     8.000 r  adc_clk_i[1] (IN)
                         net (fo=0)                   0.000     8.000    adc_clk_i[1]
    U18                                                               r  i_clk/I
    U18                  IBUFDS (Prop_ibufds_I_O)     0.940     8.940 r  i_clk/O
                         net (fo=1, routed)           1.181    10.121    pll/adc_clk_in
    PLLE2_ADV_X0Y0                                                    r  pll/pll/CLKIN1
    PLLE2_ADV_X0Y0       PLLE2_ADV (Prop_plle2_adv_CLKIN1_CLKOUT0)
                                                      0.084    10.205 r  pll/pll/CLKOUT0
                         net (fo=1, routed)           1.594    11.799    pll_adc_clk
    BUFGCTRL_X0Y0                                                     r  bufg_adc_clk/I
    BUFGCTRL_X0Y0        BUFG (Prop_bufg_I_O)         0.091    11.890 r  bufg_adc_clk/O
                         net (fo=7983, routed)        1.500    13.390    i_custom_register_bank/i_deterministic_lock_acquisition/adc_clk
    SLICE_X19Y46         FDRE                                         r  i_custom_register_bank/i_deterministic_lock_acquisition/arm_target_out2_q_reg[9]/C
                         clock pessimism              0.343    13.734    
                         clock uncertainty           -0.069    13.665    
    SLICE_X19Y46         FDRE (Setup_fdre_C_CE)      -0.413    13.252    i_custom_register_bank/i_deterministic_lock_acquisition/arm_target_out2_q_reg[9]
  -------------------------------------------------------------------
                         required time                         13.252    
                         arrival time                         -13.615    
  -------------------------------------------------------------------
                         slack                                 -0.363    

Slack (VIOLATED) :        -0.338ns  (required time - arrival time)
  Source:                 ps/axi_slave_gp0/wr_awaddr_reg[2]/C
                            (rising edge-triggered cell FDRE clocked by pll_adc_clk  {rise@0.000ns fall@4.000ns period=8.000ns})
  Destination:            i_custom_register_bank/i_deterministic_lock_acquisition/arm_error_setpoint_q_reg[9]/CE
                            (rising edge-triggered cell FDRE clocked by pll_adc_clk  {rise@0.000ns fall@4.000ns period=8.000ns})
  Path Group:             pll_adc_clk
  Path Type:              Setup (Max at Slow Process Corner)
  Requirement:            8.000ns  (pll_adc_clk rise@8.000ns - pll_adc_clk rise@0.000ns)
  Data Path Delay:        7.703ns  (logic 1.566ns (20.329%)  route 6.137ns (79.671%))
  Logic Levels:           5  (LUT2=2 LUT3=1 LUT6=2)
  Clock Path Skew:        -0.153ns (DCD - SCD + CPR)
    Destination Clock Delay (DCD):    5.390ns = ( 13.390 - 8.000 ) 
    Source Clock Delay      (SCD):    5.900ns
    Clock Pessimism Removal (CPR):    0.357ns
  Clock Uncertainty:      0.069ns  ((TSJ^2 + DJ^2)^1/2) / 2 + PE
    Total System Jitter     (TSJ):    0.071ns
    Discrete Jitter          (DJ):    0.118ns
    Phase Error              (PE):    0.000ns

    Location             Delay type                Incr(ns)  Path(ns)    Netlist Resource(s)
  -------------------------------------------------------------------    -------------------
                         (clock pll_adc_clk rise edge)
                                                      0.000     0.000 r  
    U18                                               0.000     0.000 r  adc_clk_i[1] (IN)
                         net (fo=0)                   0.000     0.000    adc_clk_i[1]
    U18                                                               r  i_clk/I
    U18                  IBUFDS (Prop_ibufds_I_O)     0.983     0.983 r  i_clk/O
                         net (fo=1, routed)           1.306     2.289    pll/adc_clk_in
    PLLE2_ADV_X0Y0                                                    r  pll/pll/CLKIN1
    PLLE2_ADV_X0Y0       PLLE2_ADV (Prop_plle2_adv_CLKIN1_CLKOUT0)
                                                      0.089     2.378 r  pll/pll/CLKOUT0
                         net (fo=1, routed)           1.754     4.132    pll_adc_clk
    BUFGCTRL_X0Y0                                                     r  bufg_adc_clk/I
    BUFGCTRL_X0Y0        BUFG (Prop_bufg_I_O)         0.101     4.233 r  bufg_adc_clk/O
                         net (fo=7983, routed)        1.667     5.900    ps/axi_slave_gp0/adc_clk
    SLICE_X23Y39         FDRE                                         r  ps/axi_slave_gp0/wr_awaddr_reg[2]/C
  -------------------------------------------------------------------    -------------------
    SLICE_X23Y39         FDRE (Prop_fdre_C_Q)         0.456     6.356 f  ps/axi_slave_gp0/wr_awaddr_reg[2]/Q
                         net (fo=9, routed)           1.028     7.384    ps/axi_slave_gp0/wr_awaddr[2]
    SLICE_X18Y49                                                      f  ps/axi_slave_gp0/scan_offset_o[13]_i_4/I2
    SLICE_X18Y49         LUT3 (Prop_lut3_I2_O)        0.150     7.534 f  ps/axi_slave_gp0/scan_offset_o[13]_i_4/O
                         net (fo=126, routed)         1.396     8.930    ps/axi_slave_gp0/rd_araddr_reg[2]_9
    SLICE_X14Y42                                                      f  ps/axi_slave_gp0/FSM_onehot_arm_phase_q[4]_i_4/I3
    SLICE_X14Y42         LUT6 (Prop_lut6_I3_O)        0.326     9.256 f  ps/axi_slave_gp0/FSM_onehot_arm_phase_q[4]_i_4/O
                         net (fo=12, routed)          0.743     9.999    ps/axi_slave_gp0/FSM_onehot_arm_phase_q[4]_i_4_n_0
    SLICE_X13Y42                                                      f  ps/axi_slave_gp0/event_stage_fault_code_q[0]_i_2/I0
    SLICE_X13Y42         LUT6 (Prop_lut6_I0_O)        0.124    10.123 f  ps/axi_slave_gp0/event_stage_fault_code_q[0]_i_2/O
                         net (fo=8, routed)           0.633    10.756    ps/axi_slave_gp0/acq_abort
    SLICE_X10Y41                                                      f  ps/axi_slave_gp0/arm_window_q[31]_i_2/I0
    SLICE_X10Y41         LUT2 (Prop_lut2_I0_O)        0.153    10.909 f  ps/axi_slave_gp0/arm_window_q[31]_i_2/O
                         net (fo=65, routed)          0.889    11.798    i_custom_register_bank/i_deterministic_lock_acquisition/arm_target_high_q_reg[0]_0
    SLICE_X9Y42                                                       f  i_custom_register_bank/i_deterministic_lock_acquisition/arm_window_q[31]_i_1/I1
    SLICE_X9Y42          LUT2 (Prop_lut2_I1_O)        0.357    12.155 r  i_custom_register_bank/i_deterministic_lock_acquisition/arm_window_q[31]_i_1/O
                         net (fo=327, routed)         1.449    13.604    i_custom_register_bank/i_deterministic_lock_acquisition/arm_window_q[31]_i_1_n_0
    SLICE_X19Y46         FDRE                                         r  i_custom_register_bank/i_deterministic_lock_acquisition/arm_error_setpoint_q_reg[9]/CE
  -------------------------------------------------------------------    -------------------

                         (clock pll_adc_clk rise edge)
                                                      8.000     8.000 r  
    U18                                               0.000     8.000 r  adc_clk_i[1] (IN)
                         net (fo=0)                   0.000     8.000    adc_clk_i[1]
    U18                                                               r  i_clk/I
    U18                  IBUFDS (Prop_ibufds_I_O)     0.940     8.940 r  i_clk/O
                         net (fo=1, routed)           1.181    10.121    pll/adc_clk_in
    PLLE2_ADV_X0Y0                                                    r  pll/pll/CLKIN1
    PLLE2_ADV_X0Y0       PLLE2_ADV (Prop_plle2_adv_CLKIN1_CLKOUT0)
                                                      0.084    10.205 r  pll/pll/CLKOUT0
                         net (fo=1, routed)           1.594    11.799    pll_adc_clk
    BUFGCTRL_X0Y0                                                     r  bufg_adc_clk/I
    BUFGCTRL_X0Y0        BUFG (Prop_bufg_I_O)         0.091    11.890 r  bufg_adc_clk/O
                         net (fo=7983, routed)        1.500    13.390    i_custom_register_bank/i_deterministic_lock_acquisition/adc_clk
    SLICE_X19Y46         FDRE                                         r  i_custom_register_bank/i_deterministic_lock_acquisition/arm_error_setpoint_q_reg[9]/C
                         clock pessimism              0.357    13.748    
                         clock uncertainty           -0.069    13.679    
    SLICE_X19Y46         FDRE (Setup_fdre_C_CE)      -0.413    13.266    i_custom_register_bank/i_deterministic_lock_acquisition/arm_error_setpoint_q_reg[9]
  -------------------------------------------------------------------
                         required time                         13.266    
                         arrival time                         -13.604    
  -------------------------------------------------------------------
                         slack                                 -0.338    

Slack (VIOLATED) :        -0.338ns  (required time - arrival time)
  Source:                 ps/axi_slave_gp0/wr_awaddr_reg[2]/C
                            (rising edge-triggered cell FDRE clocked by pll_adc_clk  {rise@0.000ns fall@4.000ns period=8.000ns})
  Destination:            i_custom_register_bank/i_deterministic_lock_acquisition/arm_error_setpoint_q_reg[9]/CE
                            (rising edge-triggered cell FDRE clocked by pll_adc_clk  {rise@0.000ns fall@4.000ns period=8.000ns})
  Path Group:             pll_adc_clk
  Path Type:              Setup (Max at Slow Process Corner)
  Requirement:            8.000ns  (pll_adc_clk rise@8.000ns - pll_adc_clk rise@0.000ns)
  Data Path Delay:        7.703ns  (logic 1.566ns (20.329%)  route 6.137ns (79.671%))
  Logic Levels:           5  (LUT2=2 LUT3=1 LUT6=2)
  Clock Path Skew:        -0.153ns (DCD - SCD + CPR)
    Destination Clock Delay (DCD):    5.390ns = ( 13.390 - 8.000 ) 
    Source Clock Delay      (SCD):    5.900ns
    Clock Pessimism Removal (CPR):    0.357ns
  Clock Uncertainty:      0.069ns  ((TSJ^2 + DJ^2)^1/2) / 2 + PE
    Total System Jitter     (TSJ):    0.071ns
    Discrete Jitter          (DJ):    0.118ns
    Phase Error              (PE):    0.000ns

    Location             Delay type                Incr(ns)  Path(ns)    Netlist Resource(s)
  -------------------------------------------------------------------    -------------------
                         (clock pll_adc_clk rise edge)
                                                      0.000     0.000 r  
    U18                                               0.000     0.000 r  adc_clk_i[1] (IN)
                         net (fo=0)                   0.000     0.000    adc_clk_i[1]
    U18                                                               r  i_clk/I
    U18                  IBUFDS (Prop_ibufds_I_O)     0.983     0.983 r  i_clk/O
                         net (fo=1, routed)           1.306     2.289    pll/adc_clk_in
    PLLE2_ADV_X0Y0                                                    r  pll/pll/CLKIN1
    PLLE2_ADV_X0Y0       PLLE2_ADV (Prop_plle2_adv_CLKIN1_CLKOUT0)
                                                      0.089     2.378 r  pll/pll/CLKOUT0
                         net (fo=1, routed)           1.754     4.132    pll_adc_clk
    BUFGCTRL_X0Y0                                                     r  bufg_adc_clk/I
    BUFGCTRL_X0Y0        BUFG (Prop_bufg_I_O)         0.101     4.233 r  bufg_adc_clk/O
                         net (fo=7983, routed)        1.667     5.900    ps/axi_slave_gp0/adc_clk
    SLICE_X23Y39         FDRE                                         r  ps/axi_slave_gp0/wr_awaddr_reg[2]/C
  -------------------------------------------------------------------    -------------------
    SLICE_X23Y39         FDRE (Prop_fdre_C_Q)         0.456     6.356 r  ps/axi_slave_gp0/wr_awaddr_reg[2]/Q
                         net (fo=9, routed)           1.028     7.384    ps/axi_slave_gp0/wr_awaddr[2]
    SLICE_X18Y49                                                      r  ps/axi_slave_gp0/scan_offset_o[13]_i_4/I2
    SLICE_X18Y49         LUT3 (Prop_lut3_I2_O)        0.150     7.534 r  ps/axi_slave_gp0/scan_offset_o[13]_i_4/O
                         net (fo=126, routed)         1.396     8.930    ps/axi_slave_gp0/rd_araddr_reg[2]_9
    SLICE_X14Y42                                                      r  ps/axi_slave_gp0/FSM_onehot_arm_phase_q[4]_i_4/I3
    SLICE_X14Y42         LUT6 (Prop_lut6_I3_O)        0.326     9.256 r  ps/axi_slave_gp0/FSM_onehot_arm_phase_q[4]_i_4/O
                         net (fo=12, routed)          0.743     9.999    ps/axi_slave_gp0/FSM_onehot_arm_phase_q[4]_i_4_n_0
    SLICE_X13Y42                                                      r  ps/axi_slave_gp0/event_stage_fault_code_q[0]_i_2/I0
    SLICE_X13Y42         LUT6 (Prop_lut6_I0_O)        0.124    10.123 r  ps/axi_slave_gp0/event_stage_fault_code_q[0]_i_2/O
                         net (fo=8, routed)           0.633    10.756    ps/axi_slave_gp0/acq_abort
    SLICE_X10Y41                                                      r  ps/axi_slave_gp0/arm_window_q[31]_i_2/I0
    SLICE_X10Y41         LUT2 (Prop_lut2_I0_O)        0.153    10.909 r  ps/axi_slave_gp0/arm_window_q[31]_i_2/O
                         net (fo=65, routed)          0.889    11.798    i_custom_register_bank/i_deterministic_lock_acquisition/arm_target_high_q_reg[0]_0
    SLICE_X9Y42                                                       r  i_custom_register_bank/i_deterministic_lock_acquisition/arm_window_q[31]_i_1/I1
    SLICE_X9Y42          LUT2 (Prop_lut2_I1_O)        0.357    12.155 f  i_custom_register_bank/i_deterministic_lock_acquisition/arm_window_q[31]_i_1/O
                         net (fo=327, routed)         1.449    13.604    i_custom_register_bank/i_deterministic_lock_acquisition/arm_window_q[31]_i_1_n_0
    SLICE_X19Y46         FDRE                                         f  i_custom_register_bank/i_deterministic_lock_acquisition/arm_error_setpoint_q_reg[9]/CE
  -------------------------------------------------------------------    -------------------

                         (clock pll_adc_clk rise edge)
                                                      8.000     8.000 r  
    U18                                               0.000     8.000 r  adc_clk_i[1] (IN)
                         net (fo=0)                   0.000     8.000    adc_clk_i[1]
    U18                                                               r  i_clk/I
    U18                  IBUFDS (Prop_ibufds_I_O)     0.940     8.940 r  i_clk/O
                         net (fo=1, routed)           1.181    10.121    pll/adc_clk_in
    PLLE2_ADV_X0Y0                                                    r  pll/pll/CLKIN1
    PLLE2_ADV_X0Y0       PLLE2_ADV (Prop_plle2_adv_CLKIN1_CLKOUT0)
                                                      0.084    10.205 r  pll/pll/CLKOUT0
                         net (fo=1, routed)           1.594    11.799    pll_adc_clk
    BUFGCTRL_X0Y0                                                     r  bufg_adc_clk/I
    BUFGCTRL_X0Y0        BUFG (Prop_bufg_I_O)         0.091    11.890 r  bufg_adc_clk/O
                         net (fo=7983, routed)        1.500    13.390    i_custom_register_bank/i_deterministic_lock_acquisition/adc_clk
    SLICE_X19Y46         FDRE                                         r  i_custom_register_bank/i_deterministic_lock_acquisition/arm_error_setpoint_q_reg[9]/C
                         clock pessimism              0.357    13.748    
                         clock uncertainty           -0.069    13.679    
    SLICE_X19Y46         FDRE (Setup_fdre_C_CE)      -0.413    13.266    i_custom_register_bank/i_deterministic_lock_acquisition/arm_error_setpoint_q_reg[9]
  -------------------------------------------------------------------
                         required time                         13.266    
                         arrival time                         -13.604    
  -------------------------------------------------------------------
                         slack                                 -0.338    

Slack (VIOLATED) :        -0.338ns  (required time - arrival time)
  Source:                 ps/axi_slave_gp0/wr_awaddr_reg[2]/C
                            (rising edge-triggered cell FDRE clocked by pll_adc_clk  {rise@0.000ns fall@4.000ns period=8.000ns})
  Destination:            i_custom_register_bank/i_deterministic_lock_acquisition/arm_target_out2_q_reg[11]/CE
                            (rising edge-triggered cell FDRE clocked by pll_adc_clk  {rise@0.000ns fall@4.000ns period=8.000ns})
  Path Group:             pll_adc_clk
  Path Type:              Setup (Max at Slow Process Corner)
  Requirement:            8.000ns  (pll_adc_clk rise@8.000ns - pll_adc_clk rise@0.000ns)
  Data Path Delay:        7.703ns  (logic 1.566ns (20.329%)  route 6.137ns (79.671%))
  Logic Levels:           5  (LUT2=2 LUT3=1 LUT6=2)
  Clock Path Skew:        -0.153ns (DCD - SCD + CPR)
    Destination Clock Delay (DCD):    5.390ns = ( 13.390 - 8.000 ) 
    Source Clock Delay      (SCD):    5.900ns
    Clock Pessimism Removal (CPR):    0.357ns
  Clock Uncertainty:      0.069ns  ((TSJ^2 + DJ^2)^1/2) / 2 + PE
    Total System Jitter     (TSJ):    0.071ns
    Discrete Jitter          (DJ):    0.118ns
    Phase Error              (PE):    0.000ns

    Location             Delay type                Incr(ns)  Path(ns)    Netlist Resource(s)
  -------------------------------------------------------------------    -------------------
                         (clock pll_adc_clk rise edge)
                                                      0.000     0.000 r  
    U18                                               0.000     0.000 r  adc_clk_i[1] (IN)
                         net (fo=0)                   0.000     0.000    adc_clk_i[1]
    U18                                                               r  i_clk/I
    U18                  IBUFDS (Prop_ibufds_I_O)     0.983     0.983 r  i_clk/O
                         net (fo=1, routed)           1.306     2.289    pll/adc_clk_in
    PLLE2_ADV_X0Y0                                                    r  pll/pll/CLKIN1
    PLLE2_ADV_X0Y0       PLLE2_ADV (Prop_plle2_adv_CLKIN1_CLKOUT0)
                                                      0.089     2.378 r  pll/pll/CLKOUT0
                         net (fo=1, routed)           1.754     4.132    pll_adc_clk
    BUFGCTRL_X0Y0                                                     r  bufg_adc_clk/I
    BUFGCTRL_X0Y0        BUFG (Prop_bufg_I_O)         0.101     4.233 r  bufg_adc_clk/O
                         net (fo=7983, routed)        1.667     5.900    ps/axi_slave_gp0/adc_clk
    SLICE_X23Y39         FDRE                                         r  ps/axi_slave_gp0/wr_awaddr_reg[2]/C
  -------------------------------------------------------------------    -------------------
    SLICE_X23Y39         FDRE (Prop_fdre_C_Q)         0.456     6.356 f  ps/axi_slave_gp0/wr_awaddr_reg[2]/Q
                         net (fo=9, routed)           1.028     7.384    ps/axi_slave_gp0/wr_awaddr[2]
    SLICE_X18Y49                                                      f  ps/axi_slave_gp0/scan_offset_o[13]_i_4/I2
    SLICE_X18Y49         LUT3 (Prop_lut3_I2_O)        0.150     7.534 f  ps/axi_slave_gp0/scan_offset_o[13]_i_4/O
                         net (fo=126, routed)         1.396     8.930    ps/axi_slave_gp0/rd_araddr_reg[2]_9
    SLICE_X14Y42                                                      f  ps/axi_slave_gp0/FSM_onehot_arm_phase_q[4]_i_4/I3
    SLICE_X14Y42         LUT6 (Prop_lut6_I3_O)        0.326     9.256 f  ps/axi_slave_gp0/FSM_onehot_arm_phase_q[4]_i_4/O
                         net (fo=12, routed)          0.743     9.999    ps/axi_slave_gp0/FSM_onehot_arm_phase_q[4]_i_4_n_0
    SLICE_X13Y42                                                      f  ps/axi_slave_gp0/event_stage_fault_code_q[0]_i_2/I0
    SLICE_X13Y42         LUT6 (Prop_lut6_I0_O)        0.124    10.123 f  ps/axi_slave_gp0/event_stage_fault_code_q[0]_i_2/O
                         net (fo=8, routed)           0.633    10.756    ps/axi_slave_gp0/acq_abort
    SLICE_X10Y41                                                      f  ps/axi_slave_gp0/arm_window_q[31]_i_2/I0
    SLICE_X10Y41         LUT2 (Prop_lut2_I0_O)        0.153    10.909 f  ps/axi_slave_gp0/arm_window_q[31]_i_2/O
                         net (fo=65, routed)          0.889    11.798    i_custom_register_bank/i_deterministic_lock_acquisition/arm_target_high_q_reg[0]_0
    SLICE_X9Y42                                                       f  i_custom_register_bank/i_deterministic_lock_acquisition/arm_window_q[31]_i_1/I1
    SLICE_X9Y42          LUT2 (Prop_lut2_I1_O)        0.357    12.155 r  i_custom_register_bank/i_deterministic_lock_acquisition/arm_window_q[31]_i_1/O
                         net (fo=327, routed)         1.449    13.604    i_custom_register_bank/i_deterministic_lock_acquisition/arm_window_q[31]_i_1_n_0
    SLICE_X19Y46         FDRE                                         r  i_custom_register_bank/i_deterministic_lock_acquisition/arm_target_out2_q_reg[11]/CE
  -------------------------------------------------------------------    -------------------

                         (clock pll_adc_clk rise edge)
                                                      8.000     8.000 r  
    U18                                               0.000     8.000 r  adc_clk_i[1] (IN)
                         net (fo=0)                   0.000     8.000    adc_clk_i[1]
    U18                                                               r  i_clk/I
    U18                  IBUFDS (Prop_ibufds_I_O)     0.940     8.940 r  i_clk/O
                         net (fo=1, routed)           1.181    10.121    pll/adc_clk_in
    PLLE2_ADV_X0Y0                                                    r  pll/pll/CLKIN1
    PLLE2_ADV_X0Y0       PLLE2_ADV (Prop_plle2_adv_CLKIN1_CLKOUT0)
                                                      0.084    10.205 r  pll/pll/CLKOUT0
                         net (fo=1, routed)           1.594    11.799    pll_adc_clk
    BUFGCTRL_X0Y0                                                     r  bufg_adc_clk/I
    BUFGCTRL_X0Y0        BUFG (Prop_bufg_I_O)         0.091    11.890 r  bufg_adc_clk/O
                         net (fo=7983, routed)        1.500    13.390    i_custom_register_bank/i_deterministic_lock_acquisition/adc_clk
    SLICE_X19Y46         FDRE                                         r  i_custom_register_bank/i_deterministic_lock_acquisition/arm_target_out2_q_reg[11]/C
                         clock pessimism              0.357    13.748    
                         clock uncertainty           -0.069    13.679    
    SLICE_X19Y46         FDRE (Setup_fdre_C_CE)      -0.413    13.266    i_custom_register_bank/i_deterministic_lock_acquisition/arm_target_out2_q_reg[11]
  -------------------------------------------------------------------
                         required time                         13.266    
                         arrival time                         -13.604    
  -------------------------------------------------------------------
                         slack                                 -0.338    

Slack (VIOLATED) :        -0.338ns  (required time - arrival time)
  Source:                 ps/axi_slave_gp0/wr_awaddr_reg[2]/C
                            (rising edge-triggered cell FDRE clocked by pll_adc_clk  {rise@0.000ns fall@4.000ns period=8.000ns})
  Destination:            i_custom_register_bank/i_deterministic_lock_acquisition/arm_target_out2_q_reg[11]/CE
                            (rising edge-triggered cell FDRE clocked by pll_adc_clk  {rise@0.000ns fall@4.000ns period=8.000ns})
  Path Group:             pll_adc_clk
  Path Type:              Setup (Max at Slow Process Corner)
  Requirement:            8.000ns  (pll_adc_clk rise@8.000ns - pll_adc_clk rise@0.000ns)
  Data Path Delay:        7.703ns  (logic 1.566ns (20.329%)  route 6.137ns (79.671%))
  Logic Levels:           5  (LUT2=2 LUT3=1 LUT6=2)
  Clock Path Skew:        -0.153ns (DCD - SCD + CPR)
    Destination Clock Delay (DCD):    5.390ns = ( 13.390 - 8.000 ) 
    Source Clock Delay      (SCD):    5.900ns
    Clock Pessimism Removal (CPR):    0.357ns
  Clock Uncertainty:      0.069ns  ((TSJ^2 + DJ^2)^1/2) / 2 + PE
    Total System Jitter     (TSJ):    0.071ns
    Discrete Jitter          (DJ):    0.118ns
    Phase Error              (PE):    0.000ns

    Location             Delay type                Incr(ns)  Path(ns)    Netlist Resource(s)
  -------------------------------------------------------------------    -------------------
                         (clock pll_adc_clk rise edge)
                                                      0.000     0.000 r  
    U18                                               0.000     0.000 r  adc_clk_i[1] (IN)
                         net (fo=0)                   0.000     0.000    adc_clk_i[1]
    U18                                                               r  i_clk/I
    U18                  IBUFDS (Prop_ibufds_I_O)     0.983     0.983 r  i_clk/O
                         net (fo=1, routed)           1.306     2.289    pll/adc_clk_in
    PLLE2_ADV_X0Y0                                                    r  pll/pll/CLKIN1
    PLLE2_ADV_X0Y0       PLLE2_ADV (Prop_plle2_adv_CLKIN1_CLKOUT0)
                                                      0.089     2.378 r  pll/pll/CLKOUT0
                         net (fo=1, routed)           1.754     4.132    pll_adc_clk
    BUFGCTRL_X0Y0                                                     r  bufg_adc_clk/I
    BUFGCTRL_X0Y0        BUFG (Prop_bufg_I_O)         0.101     4.233 r  bufg_adc_clk/O
                         net (fo=7983, routed)        1.667     5.900    ps/axi_slave_gp0/adc_clk
    SLICE_X23Y39         FDRE                                         r  ps/axi_slave_gp0/wr_awaddr_reg[2]/C
  -------------------------------------------------------------------    -------------------
    SLICE_X23Y39         FDRE (Prop_fdre_C_Q)         0.456     6.356 r  ps/axi_slave_gp0/wr_awaddr_reg[2]/Q
                         net (fo=9, routed)           1.028     7.384    ps/axi_slave_gp0/wr_awaddr[2]
    SLICE_X18Y49                                                      r  ps/axi_slave_gp0/scan_offset_o[13]_i_4/I2
    SLICE_X18Y49         LUT3 (Prop_lut3_I2_O)        0.150     7.534 r  ps/axi_slave_gp0/scan_offset_o[13]_i_4/O
                         net (fo=126, routed)         1.396     8.930    ps/axi_slave_gp0/rd_araddr_reg[2]_9
    SLICE_X14Y42                                                      r  ps/axi_slave_gp0/FSM_onehot_arm_phase_q[4]_i_4/I3
    SLICE_X14Y42         LUT6 (Prop_lut6_I3_O)        0.326     9.256 r  ps/axi_slave_gp0/FSM_onehot_arm_phase_q[4]_i_4/O
                         net (fo=12, routed)          0.743     9.999    ps/axi_slave_gp0/FSM_onehot_arm_phase_q[4]_i_4_n_0
    SLICE_X13Y42                                                      r  ps/axi_slave_gp0/event_stage_fault_code_q[0]_i_2/I0
    SLICE_X13Y42         LUT6 (Prop_lut6_I0_O)        0.124    10.123 r  ps/axi_slave_gp0/event_stage_fault_code_q[0]_i_2/O
                         net (fo=8, routed)           0.633    10.756    ps/axi_slave_gp0/acq_abort
    SLICE_X10Y41                                                      r  ps/axi_slave_gp0/arm_window_q[31]_i_2/I0
    SLICE_X10Y41         LUT2 (Prop_lut2_I0_O)        0.153    10.909 r  ps/axi_slave_gp0/arm_window_q[31]_i_2/O
                         net (fo=65, routed)          0.889    11.798    i_custom_register_bank/i_deterministic_lock_acquisition/arm_target_high_q_reg[0]_0
    SLICE_X9Y42                                                       r  i_custom_register_bank/i_deterministic_lock_acquisition/arm_window_q[31]_i_1/I1
    SLICE_X9Y42          LUT2 (Prop_lut2_I1_O)        0.357    12.155 f  i_custom_register_bank/i_deterministic_lock_acquisition/arm_window_q[31]_i_1/O
                         net (fo=327, routed)         1.449    13.604    i_custom_register_bank/i_deterministic_lock_acquisition/arm_window_q[31]_i_1_n_0
    SLICE_X19Y46         FDRE                                         f  i_custom_register_bank/i_deterministic_lock_acquisition/arm_target_out2_q_reg[11]/CE
  -------------------------------------------------------------------    -------------------

                         (clock pll_adc_clk rise edge)
                                                      8.000     8.000 r  
    U18                                               0.000     8.000 r  adc_clk_i[1] (IN)
                         net (fo=0)                   0.000     8.000    adc_clk_i[1]
    U18                                                               r  i_clk/I
    U18                  IBUFDS (Prop_ibufds_I_O)     0.940     8.940 r  i_clk/O
                         net (fo=1, routed)           1.181    10.121    pll/adc_clk_in
    PLLE2_ADV_X0Y0                                                    r  pll/pll/CLKIN1
    PLLE2_ADV_X0Y0       PLLE2_ADV (Prop_plle2_adv_CLKIN1_CLKOUT0)
                                                      0.084    10.205 r  pll/pll/CLKOUT0
                         net (fo=1, routed)           1.594    11.799    pll_adc_clk
    BUFGCTRL_X0Y0                                                     r  bufg_adc_clk/I
    BUFGCTRL_X0Y0        BUFG (Prop_bufg_I_O)         0.091    11.890 r  bufg_adc_clk/O
                         net (fo=7983, routed)        1.500    13.390    i_custom_register_bank/i_deterministic_lock_acquisition/adc_clk
    SLICE_X19Y46         FDRE                                         r  i_custom_register_bank/i_deterministic_lock_acquisition/arm_target_out2_q_reg[11]/C
                         clock pessimism              0.357    13.748    
                         clock uncertainty           -0.069    13.679    
    SLICE_X19Y46         FDRE (Setup_fdre_C_CE)      -0.413    13.266    i_custom_register_bank/i_deterministic_lock_acquisition/arm_target_out2_q_reg[11]
  -------------------------------------------------------------------
                         required time                         13.266    
                         arrival time                         -13.604    
  -------------------------------------------------------------------
                         slack                                 -0.338    

Slack (VIOLATED) :        -0.338ns  (required time - arrival time)
  Source:                 ps/axi_slave_gp0/wr_awaddr_reg[2]/C
                            (rising edge-triggered cell FDRE clocked by pll_adc_clk  {rise@0.000ns fall@4.000ns period=8.000ns})
  Destination:            i_custom_register_bank/i_deterministic_lock_acquisition/arm_target_out2_q_reg[12]/CE
                            (rising edge-triggered cell FDRE clocked by pll_adc_clk  {rise@0.000ns fall@4.000ns period=8.000ns})
  Path Group:             pll_adc_clk
  Path Type:              Setup (Max at Slow Process Corner)
  Requirement:            8.000ns  (pll_adc_clk rise@8.000ns - pll_adc_clk rise@0.000ns)
  Data Path Delay:        7.703ns  (logic 1.566ns (20.329%)  route 6.137ns (79.671%))
  Logic Levels:           5  (LUT2=2 LUT3=1 LUT6=2)
  Clock Path Skew:        -0.153ns (DCD - SCD + CPR)
    Destination Clock Delay (DCD):    5.390ns = ( 13.390 - 8.000 ) 
    Source Clock Delay      (SCD):    5.900ns
    Clock Pessimism Removal (CPR):    0.357ns
  Clock Uncertainty:      0.069ns  ((TSJ^2 + DJ^2)^1/2) / 2 + PE
    Total System Jitter     (TSJ):    0.071ns
    Discrete Jitter          (DJ):    0.118ns
    Phase Error              (PE):    0.000ns

    Location             Delay type                Incr(ns)  Path(ns)    Netlist Resource(s)
  -------------------------------------------------------------------    -------------------
                         (clock pll_adc_clk rise edge)
                                                      0.000     0.000 r  
    U18                                               0.000     0.000 r  adc_clk_i[1] (IN)
                         net (fo=0)                   0.000     0.000    adc_clk_i[1]
    U18                                                               r  i_clk/I
    U18                  IBUFDS (Prop_ibufds_I_O)     0.983     0.983 r  i_clk/O
                         net (fo=1, routed)           1.306     2.289    pll/adc_clk_in
    PLLE2_ADV_X0Y0                                                    r  pll/pll/CLKIN1
    PLLE2_ADV_X0Y0       PLLE2_ADV (Prop_plle2_adv_CLKIN1_CLKOUT0)
                                                      0.089     2.378 r  pll/pll/CLKOUT0
                         net (fo=1, routed)           1.754     4.132    pll_adc_clk
    BUFGCTRL_X0Y0                                                     r  bufg_adc_clk/I
    BUFGCTRL_X0Y0        BUFG (Prop_bufg_I_O)         0.101     4.233 r  bufg_adc_clk/O
                         net (fo=7983, routed)        1.667     5.900    ps/axi_slave_gp0/adc_clk
    SLICE_X23Y39         FDRE                                         r  ps/axi_slave_gp0/wr_awaddr_reg[2]/C
  -------------------------------------------------------------------    -------------------
    SLICE_X23Y39         FDRE (Prop_fdre_C_Q)         0.456     6.356 f  ps/axi_slave_gp0/wr_awaddr_reg[2]/Q
                         net (fo=9, routed)           1.028     7.384    ps/axi_slave_gp0/wr_awaddr[2]
    SLICE_X18Y49                                                      f  ps/axi_slave_gp0/scan_offset_o[13]_i_4/I2
    SLICE_X18Y49         LUT3 (Prop_lut3_I2_O)        0.150     7.534 f  ps/axi_slave_gp0/scan_offset_o[13]_i_4/O
                         net (fo=126, routed)         1.396     8.930    ps/axi_slave_gp0/rd_araddr_reg[2]_9
    SLICE_X14Y42                                                      f  ps/axi_slave_gp0/FSM_onehot_arm_phase_q[4]_i_4/I3
    SLICE_X14Y42         LUT6 (Prop_lut6_I3_O)        0.326     9.256 f  ps/axi_slave_gp0/FSM_onehot_arm_phase_q[4]_i_4/O
                         net (fo=12, routed)          0.743     9.999    ps/axi_slave_gp0/FSM_onehot_arm_phase_q[4]_i_4_n_0
    SLICE_X13Y42                                                      f  ps/axi_slave_gp0/event_stage_fault_code_q[0]_i_2/I0
    SLICE_X13Y42         LUT6 (Prop_lut6_I0_O)        0.124    10.123 f  ps/axi_slave_gp0/event_stage_fault_code_q[0]_i_2/O
                         net (fo=8, routed)           0.633    10.756    ps/axi_slave_gp0/acq_abort
    SLICE_X10Y41                                                      f  ps/axi_slave_gp0/arm_window_q[31]_i_2/I0
    SLICE_X10Y41         LUT2 (Prop_lut2_I0_O)        0.153    10.909 f  ps/axi_slave_gp0/arm_window_q[31]_i_2/O
                         net (fo=65, routed)          0.889    11.798    i_custom_register_bank/i_deterministic_lock_acquisition/arm_target_high_q_reg[0]_0
    SLICE_X9Y42                                                       f  i_custom_register_bank/i_deterministic_lock_acquisition/arm_window_q[31]_i_1/I1
    SLICE_X9Y42          LUT2 (Prop_lut2_I1_O)        0.357    12.155 r  i_custom_register_bank/i_deterministic_lock_acquisition/arm_window_q[31]_i_1/O
                         net (fo=327, routed)         1.449    13.604    i_custom_register_bank/i_deterministic_lock_acquisition/arm_window_q[31]_i_1_n_0
    SLICE_X19Y46         FDRE                                         r  i_custom_register_bank/i_deterministic_lock_acquisition/arm_target_out2_q_reg[12]/CE
  -------------------------------------------------------------------    -------------------

                         (clock pll_adc_clk rise edge)
                                                      8.000     8.000 r  
    U18                                               0.000     8.000 r  adc_clk_i[1] (IN)
                         net (fo=0)                   0.000     8.000    adc_clk_i[1]
    U18                                                               r  i_clk/I
    U18                  IBUFDS (Prop_ibufds_I_O)     0.940     8.940 r  i_clk/O
                         net (fo=1, routed)           1.181    10.121    pll/adc_clk_in
    PLLE2_ADV_X0Y0                                                    r  pll/pll/CLKIN1
    PLLE2_ADV_X0Y0       PLLE2_ADV (Prop_plle2_adv_CLKIN1_CLKOUT0)
                                                      0.084    10.205 r  pll/pll/CLKOUT0
                         net (fo=1, routed)           1.594    11.799    pll_adc_clk
    BUFGCTRL_X0Y0                                                     r  bufg_adc_clk/I
    BUFGCTRL_X0Y0        BUFG (Prop_bufg_I_O)         0.091    11.890 r  bufg_adc_clk/O
                         net (fo=7983, routed)        1.500    13.390    i_custom_register_bank/i_deterministic_lock_acquisition/adc_clk
    SLICE_X19Y46         FDRE                                         r  i_custom_register_bank/i_deterministic_lock_acquisition/arm_target_out2_q_reg[12]/C
                         clock pessimism              0.357    13.748    
                         clock uncertainty           -0.069    13.679    
    SLICE_X19Y46         FDRE (Setup_fdre_C_CE)      -0.413    13.266    i_custom_register_bank/i_deterministic_lock_acquisition/arm_target_out2_q_reg[12]
  -------------------------------------------------------------------
                         required time                         13.266    
                         arrival time                         -13.604    
  -------------------------------------------------------------------
                         slack                                 -0.338    

Slack (VIOLATED) :        -0.338ns  (required time - arrival time)
  Source:                 ps/axi_slave_gp0/wr_awaddr_reg[2]/C
                            (rising edge-triggered cell FDRE clocked by pll_adc_clk  {rise@0.000ns fall@4.000ns period=8.000ns})
  Destination:            i_custom_register_bank/i_deterministic_lock_acquisition/arm_target_out2_q_reg[12]/CE
                            (rising edge-triggered cell FDRE clocked by pll_adc_clk  {rise@0.000ns fall@4.000ns period=8.000ns})
  Path Group:             pll_adc_clk
  Path Type:              Setup (Max at Slow Process Corner)
  Requirement:            8.000ns  (pll_adc_clk rise@8.000ns - pll_adc_clk rise@0.000ns)
  Data Path Delay:        7.703ns  (logic 1.566ns (20.329%)  route 6.137ns (79.671%))
  Logic Levels:           5  (LUT2=2 LUT3=1 LUT6=2)
  Clock Path Skew:        -0.153ns (DCD - SCD + CPR)
    Destination Clock Delay (DCD):    5.390ns = ( 13.390 - 8.000 ) 
    Source Clock Delay      (SCD):    5.900ns
    Clock Pessimism Removal (CPR):    0.357ns
  Clock Uncertainty:      0.069ns  ((TSJ^2 + DJ^2)^1/2) / 2 + PE
    Total System Jitter     (TSJ):    0.071ns
    Discrete Jitter          (DJ):    0.118ns
    Phase Error              (PE):    0.000ns

    Location             Delay type                Incr(ns)  Path(ns)    Netlist Resource(s)
  -------------------------------------------------------------------    -------------------
                         (clock pll_adc_clk rise edge)
                                                      0.000     0.000 r  
    U18                                               0.000     0.000 r  adc_clk_i[1] (IN)
                         net (fo=0)                   0.000     0.000    adc_clk_i[1]
    U18                                                               r  i_clk/I
    U18                  IBUFDS (Prop_ibufds_I_O)     0.983     0.983 r  i_clk/O
                         net (fo=1, routed)           1.306     2.289    pll/adc_clk_in
    PLLE2_ADV_X0Y0                                                    r  pll/pll/CLKIN1
    PLLE2_ADV_X0Y0       PLLE2_ADV (Prop_plle2_adv_CLKIN1_CLKOUT0)
                                                      0.089     2.378 r  pll/pll/CLKOUT0
                         net (fo=1, routed)           1.754     4.132    pll_adc_clk
    BUFGCTRL_X0Y0                                                     r  bufg_adc_clk/I
    BUFGCTRL_X0Y0        BUFG (Prop_bufg_I_O)         0.101     4.233 r  bufg_adc_clk/O
                         net (fo=7983, routed)        1.667     5.900    ps/axi_slave_gp0/adc_clk
    SLICE_X23Y39         FDRE                                         r  ps/axi_slave_gp0/wr_awaddr_reg[2]/C
  -------------------------------------------------------------------    -------------------
    SLICE_X23Y39         FDRE (Prop_fdre_C_Q)         0.456     6.356 r  ps/axi_slave_gp0/wr_awaddr_reg[2]/Q
                         net (fo=9, routed)           1.028     7.384    ps/axi_slave_gp0/wr_awaddr[2]
    SLICE_X18Y49                                                      r  ps/axi_slave_gp0/scan_offset_o[13]_i_4/I2
    SLICE_X18Y49         LUT3 (Prop_lut3_I2_O)        0.150     7.534 r  ps/axi_slave_gp0/scan_offset_o[13]_i_4/O
                         net (fo=126, routed)         1.396     8.930    ps/axi_slave_gp0/rd_araddr_reg[2]_9
    SLICE_X14Y42                                                      r  ps/axi_slave_gp0/FSM_onehot_arm_phase_q[4]_i_4/I3
    SLICE_X14Y42         LUT6 (Prop_lut6_I3_O)        0.326     9.256 r  ps/axi_slave_gp0/FSM_onehot_arm_phase_q[4]_i_4/O
                         net (fo=12, routed)          0.743     9.999    ps/axi_slave_gp0/FSM_onehot_arm_phase_q[4]_i_4_n_0
    SLICE_X13Y42                                                      r  ps/axi_slave_gp0/event_stage_fault_code_q[0]_i_2/I0
    SLICE_X13Y42         LUT6 (Prop_lut6_I0_O)        0.124    10.123 r  ps/axi_slave_gp0/event_stage_fault_code_q[0]_i_2/O
                         net (fo=8, routed)           0.633    10.756    ps/axi_slave_gp0/acq_abort
    SLICE_X10Y41                                                      r  ps/axi_slave_gp0/arm_window_q[31]_i_2/I0
    SLICE_X10Y41         LUT2 (Prop_lut2_I0_O)        0.153    10.909 r  ps/axi_slave_gp0/arm_window_q[31]_i_2/O
                         net (fo=65, routed)          0.889    11.798    i_custom_register_bank/i_deterministic_lock_acquisition/arm_target_high_q_reg[0]_0
    SLICE_X9Y42                                                       r  i_custom_register_bank/i_deterministic_lock_acquisition/arm_window_q[31]_i_1/I1
    SLICE_X9Y42          LUT2 (Prop_lut2_I1_O)        0.357    12.155 f  i_custom_register_bank/i_deterministic_lock_acquisition/arm_window_q[31]_i_1/O
                         net (fo=327, routed)         1.449    13.604    i_custom_register_bank/i_deterministic_lock_acquisition/arm_window_q[31]_i_1_n_0
    SLICE_X19Y46         FDRE                                         f  i_custom_register_bank/i_deterministic_lock_acquisition/arm_target_out2_q_reg[12]/CE
  -------------------------------------------------------------------    -------------------

                         (clock pll_adc_clk rise edge)
                                                      8.000     8.000 r  
    U18                                               0.000     8.000 r  adc_clk_i[1] (IN)
                         net (fo=0)                   0.000     8.000    adc_clk_i[1]
    U18                                                               r  i_clk/I
    U18                  IBUFDS (Prop_ibufds_I_O)     0.940     8.940 r  i_clk/O
                         net (fo=1, routed)           1.181    10.121    pll/adc_clk_in
    PLLE2_ADV_X0Y0                                                    r  pll/pll/CLKIN1
    PLLE2_ADV_X0Y0       PLLE2_ADV (Prop_plle2_adv_CLKIN1_CLKOUT0)
                                                      0.084    10.205 r  pll/pll/CLKOUT0
                         net (fo=1, routed)           1.594    11.799    pll_adc_clk
    BUFGCTRL_X0Y0                                                     r  bufg_adc_clk/I
    BUFGCTRL_X0Y0        BUFG (Prop_bufg_I_O)         0.091    11.890 r  bufg_adc_clk/O
                         net (fo=7983, routed)        1.500    13.390    i_custom_register_bank/i_deterministic_lock_acquisition/adc_clk
    SLICE_X19Y46         FDRE                                         r  i_custom_register_bank/i_deterministic_lock_acquisition/arm_target_out2_q_reg[12]/C
                         clock pessimism              0.357    13.748    
                         clock uncertainty           -0.069    13.679    
    SLICE_X19Y46         FDRE (Setup_fdre_C_CE)      -0.413    13.266    i_custom_register_bank/i_deterministic_lock_acquisition/arm_target_out2_q_reg[12]
  -------------------------------------------------------------------
                         required time                         13.266    
                         arrival time                         -13.604    
  -------------------------------------------------------------------
                         slack                                 -0.338    

Slack (VIOLATED) :        -0.338ns  (required time - arrival time)
  Source:                 ps/axi_slave_gp0/wr_awaddr_reg[2]/C
                            (rising edge-triggered cell FDRE clocked by pll_adc_clk  {rise@0.000ns fall@4.000ns period=8.000ns})
  Destination:            i_custom_register_bank/i_deterministic_lock_acquisition/arm_target_out2_q_reg[9]/CE
                            (rising edge-triggered cell FDRE clocked by pll_adc_clk  {rise@0.000ns fall@4.000ns period=8.000ns})
  Path Group:             pll_adc_clk
  Path Type:              Setup (Max at Slow Process Corner)
  Requirement:            8.000ns  (pll_adc_clk rise@8.000ns - pll_adc_clk rise@0.000ns)
  Data Path Delay:        7.703ns  (logic 1.566ns (20.329%)  route 6.137ns (79.671%))
  Logic Levels:           5  (LUT2=2 LUT3=1 LUT6=2)
  Clock Path Skew:        -0.153ns (DCD - SCD + CPR)
    Destination Clock Delay (DCD):    5.390ns = ( 13.390 - 8.000 ) 
    Source Clock Delay      (SCD):    5.900ns
    Clock Pessimism Removal (CPR):    0.357ns
  Clock Uncertainty:      0.069ns  ((TSJ^2 + DJ^2)^1/2) / 2 + PE
    Total System Jitter     (TSJ):    0.071ns
    Discrete Jitter          (DJ):    0.118ns
    Phase Error              (PE):    0.000ns

    Location             Delay type                Incr(ns)  Path(ns)    Netlist Resource(s)
  -------------------------------------------------------------------    -------------------
                         (clock pll_adc_clk rise edge)
                                                      0.000     0.000 r  
    U18                                               0.000     0.000 r  adc_clk_i[1] (IN)
                         net (fo=0)                   0.000     0.000    adc_clk_i[1]
    U18                                                               r  i_clk/I
    U18                  IBUFDS (Prop_ibufds_I_O)     0.983     0.983 r  i_clk/O
                         net (fo=1, routed)           1.306     2.289    pll/adc_clk_in
    PLLE2_ADV_X0Y0                                                    r  pll/pll/CLKIN1
    PLLE2_ADV_X0Y0       PLLE2_ADV (Prop_plle2_adv_CLKIN1_CLKOUT0)
                                                      0.089     2.378 r  pll/pll/CLKOUT0
                         net (fo=1, routed)           1.754     4.132    pll_adc_clk
    BUFGCTRL_X0Y0                                                     r  bufg_adc_clk/I
    BUFGCTRL_X0Y0        BUFG (Prop_bufg_I_O)         0.101     4.233 r  bufg_adc_clk/O
                         net (fo=7983, routed)        1.667     5.900    ps/axi_slave_gp0/adc_clk
    SLICE_X23Y39         FDRE                                         r  ps/axi_slave_gp0/wr_awaddr_reg[2]/C
  -------------------------------------------------------------------    -------------------
    SLICE_X23Y39         FDRE (Prop_fdre_C_Q)         0.456     6.356 f  ps/axi_slave_gp0/wr_awaddr_reg[2]/Q
                         net (fo=9, routed)           1.028     7.384    ps/axi_slave_gp0/wr_awaddr[2]
    SLICE_X18Y49                                                      f  ps/axi_slave_gp0/scan_offset_o[13]_i_4/I2
    SLICE_X18Y49         LUT3 (Prop_lut3_I2_O)        0.150     7.534 f  ps/axi_slave_gp0/scan_offset_o[13]_i_4/O
                         net (fo=126, routed)         1.396     8.930    ps/axi_slave_gp0/rd_araddr_reg[2]_9
    SLICE_X14Y42                                                      f  ps/axi_slave_gp0/FSM_onehot_arm_phase_q[4]_i_4/I3
    SLICE_X14Y42         LUT6 (Prop_lut6_I3_O)        0.326     9.256 f  ps/axi_slave_gp0/FSM_onehot_arm_phase_q[4]_i_4/O
                         net (fo=12, routed)          0.743     9.999    ps/axi_slave_gp0/FSM_onehot_arm_phase_q[4]_i_4_n_0
    SLICE_X13Y42                                                      f  ps/axi_slave_gp0/event_stage_fault_code_q[0]_i_2/I0
    SLICE_X13Y42         LUT6 (Prop_lut6_I0_O)        0.124    10.123 f  ps/axi_slave_gp0/event_stage_fault_code_q[0]_i_2/O
                         net (fo=8, routed)           0.633    10.756    ps/axi_slave_gp0/acq_abort
    SLICE_X10Y41                                                      f  ps/axi_slave_gp0/arm_window_q[31]_i_2/I0
    SLICE_X10Y41         LUT2 (Prop_lut2_I0_O)        0.153    10.909 f  ps/axi_slave_gp0/arm_window_q[31]_i_2/O
                         net (fo=65, routed)          0.889    11.798    i_custom_register_bank/i_deterministic_lock_acquisition/arm_target_high_q_reg[0]_0
    SLICE_X9Y42                                                       f  i_custom_register_bank/i_deterministic_lock_acquisition/arm_window_q[31]_i_1/I1
    SLICE_X9Y42          LUT2 (Prop_lut2_I1_O)        0.357    12.155 r  i_custom_register_bank/i_deterministic_lock_acquisition/arm_window_q[31]_i_1/O
                         net (fo=327, routed)         1.449    13.604    i_custom_register_bank/i_deterministic_lock_acquisition/arm_window_q[31]_i_1_n_0
    SLICE_X19Y46         FDRE                                         r  i_custom_register_bank/i_deterministic_lock_acquisition/arm_target_out2_q_reg[9]/CE
  -------------------------------------------------------------------    -------------------

                         (clock pll_adc_clk rise edge)
                                                      8.000     8.000 r  
    U18                                               0.000     8.000 r  adc_clk_i[1] (IN)
                         net (fo=0)                   0.000     8.000    adc_clk_i[1]
    U18                                                               r  i_clk/I
    U18                  IBUFDS (Prop_ibufds_I_O)     0.940     8.940 r  i_clk/O
                         net (fo=1, routed)           1.181    10.121    pll/adc_clk_in
    PLLE2_ADV_X0Y0                                                    r  pll/pll/CLKIN1
    PLLE2_ADV_X0Y0       PLLE2_ADV (Prop_plle2_adv_CLKIN1_CLKOUT0)
                                                      0.084    10.205 r  pll/pll/CLKOUT0
                         net (fo=1, routed)           1.594    11.799    pll_adc_clk
    BUFGCTRL_X0Y0                                                     r  bufg_adc_clk/I
    BUFGCTRL_X0Y0        BUFG (Prop_bufg_I_O)         0.091    11.890 r  bufg_adc_clk/O
                         net (fo=7983, routed)        1.500    13.390    i_custom_register_bank/i_deterministic_lock_acquisition/adc_clk
    SLICE_X19Y46         FDRE                                         r  i_custom_register_bank/i_deterministic_lock_acquisition/arm_target_out2_q_reg[9]/C
                         clock pessimism              0.357    13.748    
                         clock uncertainty           -0.069    13.679    
    SLICE_X19Y46         FDRE (Setup_fdre_C_CE)      -0.413    13.266    i_custom_register_bank/i_deterministic_lock_acquisition/arm_target_out2_q_reg[9]
  -------------------------------------------------------------------
                         required time                         13.266    
                         arrival time                         -13.604    
  -------------------------------------------------------------------
                         slack                                 -0.338    

Slack (VIOLATED) :        -0.338ns  (required time - arrival time)
  Source:                 ps/axi_slave_gp0/wr_awaddr_reg[2]/C
                            (rising edge-triggered cell FDRE clocked by pll_adc_clk  {rise@0.000ns fall@4.000ns period=8.000ns})
  Destination:            i_custom_register_bank/i_deterministic_lock_acquisition/arm_target_out2_q_reg[9]/CE
                            (rising edge-triggered cell FDRE clocked by pll_adc_clk  {rise@0.000ns fall@4.000ns period=8.000ns})
  Path Group:             pll_adc_clk
  Path Type:              Setup (Max at Slow Process Corner)
  Requirement:            8.000ns  (pll_adc_clk rise@8.000ns - pll_adc_clk rise@0.000ns)
  Data Path Delay:        7.703ns  (logic 1.566ns (20.329%)  route 6.137ns (79.671%))
  Logic Levels:           5  (LUT2=2 LUT3=1 LUT6=2)
  Clock Path Skew:        -0.153ns (DCD - SCD + CPR)
    Destination Clock Delay (DCD):    5.390ns = ( 13.390 - 8.000 ) 
    Source Clock Delay      (SCD):    5.900ns
    Clock Pessimism Removal (CPR):    0.357ns
  Clock Uncertainty:      0.069ns  ((TSJ^2 + DJ^2)^1/2) / 2 + PE
    Total System Jitter     (TSJ):    0.071ns
    Discrete Jitter          (DJ):    0.118ns
    Phase Error              (PE):    0.000ns

    Location             Delay type                Incr(ns)  Path(ns)    Netlist Resource(s)
  -------------------------------------------------------------------    -------------------
                         (clock pll_adc_clk rise edge)
                                                      0.000     0.000 r  
    U18                                               0.000     0.000 r  adc_clk_i[1] (IN)
                         net (fo=0)                   0.000     0.000    adc_clk_i[1]
    U18                                                               r  i_clk/I
    U18                  IBUFDS (Prop_ibufds_I_O)     0.983     0.983 r  i_clk/O
                         net (fo=1, routed)           1.306     2.289    pll/adc_clk_in
    PLLE2_ADV_X0Y0                                                    r  pll/pll/CLKIN1
    PLLE2_ADV_X0Y0       PLLE2_ADV (Prop_plle2_adv_CLKIN1_CLKOUT0)
                                                      0.089     2.378 r  pll/pll/CLKOUT0
                         net (fo=1, routed)           1.754     4.132    pll_adc_clk
    BUFGCTRL_X0Y0                                                     r  bufg_adc_clk/I
    BUFGCTRL_X0Y0        BUFG (Prop_bufg_I_O)         0.101     4.233 r  bufg_adc_clk/O
                         net (fo=7983, routed)        1.667     5.900    ps/axi_slave_gp0/adc_clk
    SLICE_X23Y39         FDRE                                         r  ps/axi_slave_gp0/wr_awaddr_reg[2]/C
  -------------------------------------------------------------------    -------------------
    SLICE_X23Y39         FDRE (Prop_fdre_C_Q)         0.456     6.356 r  ps/axi_slave_gp0/wr_awaddr_reg[2]/Q
                         net (fo=9, routed)           1.028     7.384    ps/axi_slave_gp0/wr_awaddr[2]
    SLICE_X18Y49                                                      r  ps/axi_slave_gp0/scan_offset_o[13]_i_4/I2
    SLICE_X18Y49         LUT3 (Prop_lut3_I2_O)        0.150     7.534 r  ps/axi_slave_gp0/scan_offset_o[13]_i_4/O
                         net (fo=126, routed)         1.396     8.930    ps/axi_slave_gp0/rd_araddr_reg[2]_9
    SLICE_X14Y42                                                      r  ps/axi_slave_gp0/FSM_onehot_arm_phase_q[4]_i_4/I3
    SLICE_X14Y42         LUT6 (Prop_lut6_I3_O)        0.326     9.256 r  ps/axi_slave_gp0/FSM_onehot_arm_phase_q[4]_i_4/O
                         net (fo=12, routed)          0.743     9.999    ps/axi_slave_gp0/FSM_onehot_arm_phase_q[4]_i_4_n_0
    SLICE_X13Y42                                                      r  ps/axi_slave_gp0/event_stage_fault_code_q[0]_i_2/I0
    SLICE_X13Y42         LUT6 (Prop_lut6_I0_O)        0.124    10.123 r  ps/axi_slave_gp0/event_stage_fault_code_q[0]_i_2/O
                         net (fo=8, routed)           0.633    10.756    ps/axi_slave_gp0/acq_abort
    SLICE_X10Y41                                                      r  ps/axi_slave_gp0/arm_window_q[31]_i_2/I0
    SLICE_X10Y41         LUT2 (Prop_lut2_I0_O)        0.153    10.909 r  ps/axi_slave_gp0/arm_window_q[31]_i_2/O
                         net (fo=65, routed)          0.889    11.798    i_custom_register_bank/i_deterministic_lock_acquisition/arm_target_high_q_reg[0]_0
    SLICE_X9Y42                                                       r  i_custom_register_bank/i_deterministic_lock_acquisition/arm_window_q[31]_i_1/I1
    SLICE_X9Y42          LUT2 (Prop_lut2_I1_O)        0.357    12.155 f  i_custom_register_bank/i_deterministic_lock_acquisition/arm_window_q[31]_i_1/O
                         net (fo=327, routed)         1.449    13.604    i_custom_register_bank/i_deterministic_lock_acquisition/arm_window_q[31]_i_1_n_0
    SLICE_X19Y46         FDRE                                         f  i_custom_register_bank/i_deterministic_lock_acquisition/arm_target_out2_q_reg[9]/CE
  -------------------------------------------------------------------    -------------------

                         (clock pll_adc_clk rise edge)
                                                      8.000     8.000 r  
    U18                                               0.000     8.000 r  adc_clk_i[1] (IN)
                         net (fo=0)                   0.000     8.000    adc_clk_i[1]
    U18                                                               r  i_clk/I
    U18                  IBUFDS (Prop_ibufds_I_O)     0.940     8.940 r  i_clk/O
                         net (fo=1, routed)           1.181    10.121    pll/adc_clk_in
    PLLE2_ADV_X0Y0                                                    r  pll/pll/CLKIN1
    PLLE2_ADV_X0Y0       PLLE2_ADV (Prop_plle2_adv_CLKIN1_CLKOUT0)
                                                      0.084    10.205 r  pll/pll/CLKOUT0
                         net (fo=1, routed)           1.594    11.799    pll_adc_clk
    BUFGCTRL_X0Y0                                                     r  bufg_adc_clk/I
    BUFGCTRL_X0Y0        BUFG (Prop_bufg_I_O)         0.091    11.890 r  bufg_adc_clk/O
                         net (fo=7983, routed)        1.500    13.390    i_custom_register_bank/i_deterministic_lock_acquisition/adc_clk
    SLICE_X19Y46         FDRE                                         r  i_custom_register_bank/i_deterministic_lock_acquisition/arm_target_out2_q_reg[9]/C
                         clock pessimism              0.357    13.748    
                         clock uncertainty           -0.069    13.679    
    SLICE_X19Y46         FDRE (Setup_fdre_C_CE)      -0.413    13.266    i_custom_register_bank/i_deterministic_lock_acquisition/arm_target_out2_q_reg[9]
  -------------------------------------------------------------------
                         required time                         13.266    
                         arrival time                         -13.604    
  -------------------------------------------------------------------
                         slack                                 -0.338    

Slack (VIOLATED) :        -0.317ns  (required time - arrival time)
  Source:                 ps/axi_slave_gp0/rd_do_reg/C
                            (rising edge-triggered cell FDRE clocked by pll_adc_clk  {rise@0.000ns fall@4.000ns period=8.000ns})
  Destination:            i_custom_register_bank/i_deterministic_lock_acquisition/arm_error_setpoint_q_reg[9]/CE
                            (rising edge-triggered cell FDRE clocked by pll_adc_clk  {rise@0.000ns fall@4.000ns period=8.000ns})
  Path Group:             pll_adc_clk
  Path Type:              Setup (Max at Slow Process Corner)
  Requirement:            8.000ns  (pll_adc_clk rise@8.000ns - pll_adc_clk rise@0.000ns)
  Data Path Delay:        7.671ns  (logic 1.568ns (20.441%)  route 6.103ns (79.559%))
  Logic Levels:           5  (LUT2=2 LUT3=1 LUT6=2)
  Clock Path Skew:        -0.164ns (DCD - SCD + CPR)
    Destination Clock Delay (DCD):    5.390ns = ( 13.390 - 8.000 ) 
    Source Clock Delay      (SCD):    5.897ns
    Clock Pessimism Removal (CPR):    0.343ns
  Clock Uncertainty:      0.069ns  ((TSJ^2 + DJ^2)^1/2) / 2 + PE
    Total System Jitter     (TSJ):    0.071ns
    Discrete Jitter          (DJ):    0.118ns
    Phase Error              (PE):    0.000ns

    Location             Delay type                Incr(ns)  Path(ns)    Netlist Resource(s)
  -------------------------------------------------------------------    -------------------
                         (clock pll_adc_clk rise edge)
                                                      0.000     0.000 r  
    U18                                               0.000     0.000 r  adc_clk_i[1] (IN)
                         net (fo=0)                   0.000     0.000    adc_clk_i[1]
    U18                                                               r  i_clk/I
    U18                  IBUFDS (Prop_ibufds_I_O)     0.983     0.983 r  i_clk/O
                         net (fo=1, routed)           1.306     2.289    pll/adc_clk_in
    PLLE2_ADV_X0Y0                                                    r  pll/pll/CLKIN1
    PLLE2_ADV_X0Y0       PLLE2_ADV (Prop_plle2_adv_CLKIN1_CLKOUT0)
                                                      0.089     2.378 r  pll/pll/CLKOUT0
                         net (fo=1, routed)           1.754     4.132    pll_adc_clk
    BUFGCTRL_X0Y0                                                     r  bufg_adc_clk/I
    BUFGCTRL_X0Y0        BUFG (Prop_bufg_I_O)         0.101     4.233 r  bufg_adc_clk/O
                         net (fo=7983, routed)        1.664     5.897    ps/axi_slave_gp0/adc_clk
    SLICE_X19Y51         FDRE                                         r  ps/axi_slave_gp0/rd_do_reg/C
  -------------------------------------------------------------------    -------------------
    SLICE_X19Y51         FDRE (Prop_fdre_C_Q)         0.456     6.353 r  ps/axi_slave_gp0/rd_do_reg/Q
                         net (fo=171, routed)         0.993     7.346    ps/axi_slave_gp0/rd_do
    SLICE_X18Y49                                                      r  ps/axi_slave_gp0/scan_offset_o[13]_i_4/I1
    SLICE_X18Y49         LUT3 (Prop_lut3_I1_O)        0.152     7.498 f  ps/axi_slave_gp0/scan_offset_o[13]_i_4/O
                         net (fo=126, routed)         1.396     8.894    ps/axi_slave_gp0/rd_araddr_reg[2]_9
    SLICE_X14Y42                                                      f  ps/axi_slave_gp0/FSM_onehot_arm_phase_q[4]_i_4/I3
    SLICE_X14Y42         LUT6 (Prop_lut6_I3_O)        0.326     9.220 f  ps/axi_slave_gp0/FSM_onehot_arm_phase_q[4]_i_4/O
                         net (fo=12, routed)          0.743     9.963    ps/axi_slave_gp0/FSM_onehot_arm_phase_q[4]_i_4_n_0
    SLICE_X13Y42                                                      f  ps/axi_slave_gp0/event_stage_fault_code_q[0]_i_2/I0
    SLICE_X13Y42         LUT6 (Prop_lut6_I0_O)        0.124    10.087 f  ps/axi_slave_gp0/event_stage_fault_code_q[0]_i_2/O
                         net (fo=8, routed)           0.633    10.720    ps/axi_slave_gp0/acq_abort
    SLICE_X10Y41                                                      f  ps/axi_slave_gp0/arm_window_q[31]_i_2/I0
    SLICE_X10Y41         LUT2 (Prop_lut2_I0_O)        0.153    10.873 f  ps/axi_slave_gp0/arm_window_q[31]_i_2/O
                         net (fo=65, routed)          0.889    11.762    i_custom_register_bank/i_deterministic_lock_acquisition/arm_target_high_q_reg[0]_0
    SLICE_X9Y42                                                       f  i_custom_register_bank/i_deterministic_lock_acquisition/arm_window_q[31]_i_1/I1
    SLICE_X9Y42          LUT2 (Prop_lut2_I1_O)        0.357    12.119 r  i_custom_register_bank/i_deterministic_lock_acquisition/arm_window_q[31]_i_1/O
                         net (fo=327, routed)         1.449    13.568    i_custom_register_bank/i_deterministic_lock_acquisition/arm_window_q[31]_i_1_n_0
    SLICE_X19Y46         FDRE                                         r  i_custom_register_bank/i_deterministic_lock_acquisition/arm_error_setpoint_q_reg[9]/CE
  -------------------------------------------------------------------    -------------------

                         (clock pll_adc_clk rise edge)
                                                      8.000     8.000 r  
    U18                                               0.000     8.000 r  adc_clk_i[1] (IN)
                         net (fo=0)                   0.000     8.000    adc_clk_i[1]
    U18                                                               r  i_clk/I
    U18                  IBUFDS (Prop_ibufds_I_O)     0.940     8.940 r  i_clk/O
                         net (fo=1, routed)           1.181    10.121    pll/adc_clk_in
    PLLE2_ADV_X0Y0                                                    r  pll/pll/CLKIN1
    PLLE2_ADV_X0Y0       PLLE2_ADV (Prop_plle2_adv_CLKIN1_CLKOUT0)
                                                      0.084    10.205 r  pll/pll/CLKOUT0
                         net (fo=1, routed)           1.594    11.799    pll_adc_clk
    BUFGCTRL_X0Y0                                                     r  bufg_adc_clk/I
    BUFGCTRL_X0Y0        BUFG (Prop_bufg_I_O)         0.091    11.890 r  bufg_adc_clk/O
                         net (fo=7983, routed)        1.500    13.390    i_custom_register_bank/i_deterministic_lock_acquisition/adc_clk
    SLICE_X19Y46         FDRE                                         r  i_custom_register_bank/i_deterministic_lock_acquisition/arm_error_setpoint_q_reg[9]/C
                         clock pessimism              0.343    13.734    
                         clock uncertainty           -0.069    13.665    
    SLICE_X19Y46         FDRE (Setup_fdre_C_CE)      -0.413    13.252    i_custom_register_bank/i_deterministic_lock_acquisition/arm_error_setpoint_q_reg[9]
  -------------------------------------------------------------------
                         required time                         13.252    
                         arrival time                         -13.568    
  -------------------------------------------------------------------
                         slack                                 -0.317    

Slack (VIOLATED) :        -0.317ns  (required time - arrival time)
  Source:                 ps/axi_slave_gp0/rd_do_reg/C
                            (rising edge-triggered cell FDRE clocked by pll_adc_clk  {rise@0.000ns fall@4.000ns period=8.000ns})
  Destination:            i_custom_register_bank/i_deterministic_lock_acquisition/arm_error_setpoint_q_reg[9]/CE
                            (rising edge-triggered cell FDRE clocked by pll_adc_clk  {rise@0.000ns fall@4.000ns period=8.000ns})
  Path Group:             pll_adc_clk
  Path Type:              Setup (Max at Slow Process Corner)
  Requirement:            8.000ns  (pll_adc_clk rise@8.000ns - pll_adc_clk rise@0.000ns)
  Data Path Delay:        7.671ns  (logic 1.568ns (20.441%)  route 6.103ns (79.559%))
  Logic Levels:           5  (LUT2=2 LUT3=1 LUT6=2)
  Clock Path Skew:        -0.164ns (DCD - SCD + CPR)
    Destination Clock Delay (DCD):    5.390ns = ( 13.390 - 8.000 ) 
    Source Clock Delay      (SCD):    5.897ns
    Clock Pessimism Removal (CPR):    0.343ns
  Clock Uncertainty:      0.069ns  ((TSJ^2 + DJ^2)^1/2) / 2 + PE
    Total System Jitter     (TSJ):    0.071ns
    Discrete Jitter          (DJ):    0.118ns
    Phase Error              (PE):    0.000ns

    Location             Delay type                Incr(ns)  Path(ns)    Netlist Resource(s)
  -------------------------------------------------------------------    -------------------
                         (clock pll_adc_clk rise edge)
                                                      0.000     0.000 r  
    U18                                               0.000     0.000 r  adc_clk_i[1] (IN)
                         net (fo=0)                   0.000     0.000    adc_clk_i[1]
    U18                                                               r  i_clk/I
    U18                  IBUFDS (Prop_ibufds_I_O)     0.983     0.983 r  i_clk/O
                         net (fo=1, routed)           1.306     2.289    pll/adc_clk_in
    PLLE2_ADV_X0Y0                                                    r  pll/pll/CLKIN1
    PLLE2_ADV_X0Y0       PLLE2_ADV (Prop_plle2_adv_CLKIN1_CLKOUT0)
                                                      0.089     2.378 r  pll/pll/CLKOUT0
                         net (fo=1, routed)           1.754     4.132    pll_adc_clk
    BUFGCTRL_X0Y0                                                     r  bufg_adc_clk/I
    BUFGCTRL_X0Y0        BUFG (Prop_bufg_I_O)         0.101     4.233 r  bufg_adc_clk/O
                         net (fo=7983, routed)        1.664     5.897    ps/axi_slave_gp0/adc_clk
    SLICE_X19Y51         FDRE                                         r  ps/axi_slave_gp0/rd_do_reg/C
  -------------------------------------------------------------------    -------------------
    SLICE_X19Y51         FDRE (Prop_fdre_C_Q)         0.456     6.353 f  ps/axi_slave_gp0/rd_do_reg/Q
                         net (fo=171, routed)         0.993     7.346    ps/axi_slave_gp0/rd_do
    SLICE_X18Y49                                                      f  ps/axi_slave_gp0/scan_offset_o[13]_i_4/I1
    SLICE_X18Y49         LUT3 (Prop_lut3_I1_O)        0.152     7.498 f  ps/axi_slave_gp0/scan_offset_o[13]_i_4/O
                         net (fo=126, routed)         1.396     8.894    ps/axi_slave_gp0/rd_araddr_reg[2]_9
    SLICE_X14Y42                                                      f  ps/axi_slave_gp0/FSM_onehot_arm_phase_q[4]_i_4/I3
    SLICE_X14Y42         LUT6 (Prop_lut6_I3_O)        0.326     9.220 f  ps/axi_slave_gp0/FSM_onehot_arm_phase_q[4]_i_4/O
                         net (fo=12, routed)          0.743     9.963    ps/axi_slave_gp0/FSM_onehot_arm_phase_q[4]_i_4_n_0
    SLICE_X13Y42                                                      f  ps/axi_slave_gp0/event_stage_fault_code_q[0]_i_2/I0
    SLICE_X13Y42         LUT6 (Prop_lut6_I0_O)        0.124    10.087 f  ps/axi_slave_gp0/event_stage_fault_code_q[0]_i_2/O
                         net (fo=8, routed)           0.633    10.720    ps/axi_slave_gp0/acq_abort
    SLICE_X10Y41                                                      f  ps/axi_slave_gp0/arm_window_q[31]_i_2/I0
    SLICE_X10Y41         LUT2 (Prop_lut2_I0_O)        0.153    10.873 f  ps/axi_slave_gp0/arm_window_q[31]_i_2/O
                         net (fo=65, routed)          0.889    11.762    i_custom_register_bank/i_deterministic_lock_acquisition/arm_target_high_q_reg[0]_0
    SLICE_X9Y42                                                       f  i_custom_register_bank/i_deterministic_lock_acquisition/arm_window_q[31]_i_1/I1
    SLICE_X9Y42          LUT2 (Prop_lut2_I1_O)        0.357    12.119 r  i_custom_register_bank/i_deterministic_lock_acquisition/arm_window_q[31]_i_1/O
                         net (fo=327, routed)         1.449    13.568    i_custom_register_bank/i_deterministic_lock_acquisition/arm_window_q[31]_i_1_n_0
    SLICE_X19Y46         FDRE                                         r  i_custom_register_bank/i_deterministic_lock_acquisition/arm_error_setpoint_q_reg[9]/CE
  -------------------------------------------------------------------    -------------------

                         (clock pll_adc_clk rise edge)
                                                      8.000     8.000 r  
    U18                                               0.000     8.000 r  adc_clk_i[1] (IN)
                         net (fo=0)                   0.000     8.000    adc_clk_i[1]
    U18                                                               r  i_clk/I
    U18                  IBUFDS (Prop_ibufds_I_O)     0.940     8.940 r  i_clk/O
                         net (fo=1, routed)           1.181    10.121    pll/adc_clk_in
    PLLE2_ADV_X0Y0                                                    r  pll/pll/CLKIN1
    PLLE2_ADV_X0Y0       PLLE2_ADV (Prop_plle2_adv_CLKIN1_CLKOUT0)
                                                      0.084    10.205 r  pll/pll/CLKOUT0
                         net (fo=1, routed)           1.594    11.799    pll_adc_clk
    BUFGCTRL_X0Y0                                                     r  bufg_adc_clk/I
    BUFGCTRL_X0Y0        BUFG (Prop_bufg_I_O)         0.091    11.890 r  bufg_adc_clk/O
                         net (fo=7983, routed)        1.500    13.390    i_custom_register_bank/i_deterministic_lock_acquisition/adc_clk
    SLICE_X19Y46         FDRE                                         r  i_custom_register_bank/i_deterministic_lock_acquisition/arm_error_setpoint_q_reg[9]/C
                         clock pessimism              0.343    13.734    
                         clock uncertainty           -0.069    13.665    
    SLICE_X19Y46         FDRE (Setup_fdre_C_CE)      -0.413    13.252    i_custom_register_bank/i_deterministic_lock_acquisition/arm_error_setpoint_q_reg[9]
  -------------------------------------------------------------------
                         required time                         13.252    
                         arrival time                         -13.568    
  -------------------------------------------------------------------
                         slack                                 -0.317    

Slack (VIOLATED) :        -0.317ns  (required time - arrival time)
  Source:                 ps/axi_slave_gp0/rd_do_reg/C
                            (rising edge-triggered cell FDRE clocked by pll_adc_clk  {rise@0.000ns fall@4.000ns period=8.000ns})
  Destination:            i_custom_register_bank/i_deterministic_lock_acquisition/arm_error_setpoint_q_reg[9]/CE
                            (rising edge-triggered cell FDRE clocked by pll_adc_clk  {rise@0.000ns fall@4.000ns period=8.000ns})
  Path Group:             pll_adc_clk
  Path Type:              Setup (Max at Slow Process Corner)
  Requirement:            8.000ns  (pll_adc_clk rise@8.000ns - pll_adc_clk rise@0.000ns)
  Data Path Delay:        7.671ns  (logic 1.568ns (20.441%)  route 6.103ns (79.559%))
  Logic Levels:           5  (LUT2=2 LUT3=1 LUT6=2)
  Clock Path Skew:        -0.164ns (DCD - SCD + CPR)
    Destination Clock Delay (DCD):    5.390ns = ( 13.390 - 8.000 ) 
    Source Clock Delay      (SCD):    5.897ns
    Clock Pessimism Removal (CPR):    0.343ns
  Clock Uncertainty:      0.069ns  ((TSJ^2 + DJ^2)^1/2) / 2 + PE
    Total System Jitter     (TSJ):    0.071ns
    Discrete Jitter          (DJ):    0.118ns
    Phase Error              (PE):    0.000ns

    Location             Delay type                Incr(ns)  Path(ns)    Netlist Resource(s)
  -------------------------------------------------------------------    -------------------
                         (clock pll_adc_clk rise edge)
                                                      0.000     0.000 r  
    U18                                               0.000     0.000 r  adc_clk_i[1] (IN)
                         net (fo=0)                   0.000     0.000    adc_clk_i[1]
    U18                                                               r  i_clk/I
    U18                  IBUFDS (Prop_ibufds_I_O)     0.983     0.983 r  i_clk/O
                         net (fo=1, routed)           1.306     2.289    pll/adc_clk_in
    PLLE2_ADV_X0Y0                                                    r  pll/pll/CLKIN1
    PLLE2_ADV_X0Y0       PLLE2_ADV (Prop_plle2_adv_CLKIN1_CLKOUT0)
                                                      0.089     2.378 r  pll/pll/CLKOUT0
                         net (fo=1, routed)           1.754     4.132    pll_adc_clk
    BUFGCTRL_X0Y0                                                     r  bufg_adc_clk/I
    BUFGCTRL_X0Y0        BUFG (Prop_bufg_I_O)         0.101     4.233 r  bufg_adc_clk/O
                         net (fo=7983, routed)        1.664     5.897    ps/axi_slave_gp0/adc_clk
    SLICE_X19Y51         FDRE                                         r  ps/axi_slave_gp0/rd_do_reg/C
  -------------------------------------------------------------------    -------------------
    SLICE_X19Y51         FDRE (Prop_fdre_C_Q)         0.456     6.353 r  ps/axi_slave_gp0/rd_do_reg/Q
                         net (fo=171, routed)         0.993     7.346    ps/axi_slave_gp0/rd_do
    SLICE_X18Y49                                                      r  ps/axi_slave_gp0/scan_offset_o[13]_i_4/I1
    SLICE_X18Y49         LUT3 (Prop_lut3_I1_O)        0.152     7.498 r  ps/axi_slave_gp0/scan_offset_o[13]_i_4/O
                         net (fo=126, routed)         1.396     8.894    ps/axi_slave_gp0/rd_araddr_reg[2]_9
    SLICE_X14Y42                                                      r  ps/axi_slave_gp0/FSM_onehot_arm_phase_q[4]_i_4/I3
    SLICE_X14Y42         LUT6 (Prop_lut6_I3_O)        0.326     9.220 r  ps/axi_slave_gp0/FSM_onehot_arm_phase_q[4]_i_4/O
                         net (fo=12, routed)          0.743     9.963    ps/axi_slave_gp0/FSM_onehot_arm_phase_q[4]_i_4_n_0
    SLICE_X13Y42                                                      r  ps/axi_slave_gp0/event_stage_fault_code_q[0]_i_2/I0
    SLICE_X13Y42         LUT6 (Prop_lut6_I0_O)        0.124    10.087 r  ps/axi_slave_gp0/event_stage_fault_code_q[0]_i_2/O
                         net (fo=8, routed)           0.633    10.720    ps/axi_slave_gp0/acq_abort
    SLICE_X10Y41                                                      r  ps/axi_slave_gp0/arm_window_q[31]_i_2/I0
    SLICE_X10Y41         LUT2 (Prop_lut2_I0_O)        0.153    10.873 r  ps/axi_slave_gp0/arm_window_q[31]_i_2/O
                         net (fo=65, routed)          0.889    11.762    i_custom_register_bank/i_deterministic_lock_acquisition/arm_target_high_q_reg[0]_0
    SLICE_X9Y42                                                       r  i_custom_register_bank/i_deterministic_lock_acquisition/arm_window_q[31]_i_1/I1
    SLICE_X9Y42          LUT2 (Prop_lut2_I1_O)        0.357    12.119 f  i_custom_register_bank/i_deterministic_lock_acquisition/arm_window_q[31]_i_1/O
                         net (fo=327, routed)         1.449    13.568    i_custom_register_bank/i_deterministic_lock_acquisition/arm_window_q[31]_i_1_n_0
    SLICE_X19Y46         FDRE                                         f  i_custom_register_bank/i_deterministic_lock_acquisition/arm_error_setpoint_q_reg[9]/CE
  -------------------------------------------------------------------    -------------------

                         (clock pll_adc_clk rise edge)
                                                      8.000     8.000 r  
    U18                                               0.000     8.000 r  adc_clk_i[1] (IN)
                         net (fo=0)                   0.000     8.000    adc_clk_i[1]
    U18                                                               r  i_clk/I
    U18                  IBUFDS (Prop_ibufds_I_O)     0.940     8.940 r  i_clk/O
                         net (fo=1, routed)           1.181    10.121    pll/adc_clk_in
    PLLE2_ADV_X0Y0                                                    r  pll/pll/CLKIN1
    PLLE2_ADV_X0Y0       PLLE2_ADV (Prop_plle2_adv_CLKIN1_CLKOUT0)
                                                      0.084    10.205 r  pll/pll/CLKOUT0
                         net (fo=1, routed)           1.594    11.799    pll_adc_clk
    BUFGCTRL_X0Y0                                                     r  bufg_adc_clk/I
    BUFGCTRL_X0Y0        BUFG (Prop_bufg_I_O)         0.091    11.890 r  bufg_adc_clk/O
                         net (fo=7983, routed)        1.500    13.390    i_custom_register_bank/i_deterministic_lock_acquisition/adc_clk
    SLICE_X19Y46         FDRE                                         r  i_custom_register_bank/i_deterministic_lock_acquisition/arm_error_setpoint_q_reg[9]/C
                         clock pessimism              0.343    13.734    
                         clock uncertainty           -0.069    13.665    
    SLICE_X19Y46         FDRE (Setup_fdre_C_CE)      -0.413    13.252    i_custom_register_bank/i_deterministic_lock_acquisition/arm_error_setpoint_q_reg[9]
  -------------------------------------------------------------------
                         required time                         13.252    
                         arrival time                         -13.568    
  -------------------------------------------------------------------
                         slack                                 -0.317    

Slack (VIOLATED) :        -0.317ns  (required time - arrival time)
  Source:                 ps/axi_slave_gp0/rd_do_reg/C
                            (rising edge-triggered cell FDRE clocked by pll_adc_clk  {rise@0.000ns fall@4.000ns period=8.000ns})
  Destination:            i_custom_register_bank/i_deterministic_lock_acquisition/arm_error_setpoint_q_reg[9]/CE
                            (rising edge-triggered cell FDRE clocked by pll_adc_clk  {rise@0.000ns fall@4.000ns period=8.000ns})
  Path Group:             pll_adc_clk
  Path Type:              Setup (Max at Slow Process Corner)
  Requirement:            8.000ns  (pll_adc_clk rise@8.000ns - pll_adc_clk rise@0.000ns)
  Data Path Delay:        7.671ns  (logic 1.568ns (20.441%)  route 6.103ns (79.559%))
  Logic Levels:           5  (LUT2=2 LUT3=1 LUT6=2)
  Clock Path Skew:        -0.164ns (DCD - SCD + CPR)
    Destination Clock Delay (DCD):    5.390ns = ( 13.390 - 8.000 ) 
    Source Clock Delay      (SCD):    5.897ns
    Clock Pessimism Removal (CPR):    0.343ns
  Clock Uncertainty:      0.069ns  ((TSJ^2 + DJ^2)^1/2) / 2 + PE
    Total System Jitter     (TSJ):    0.071ns
    Discrete Jitter          (DJ):    0.118ns
    Phase Error              (PE):    0.000ns

    Location             Delay type                Incr(ns)  Path(ns)    Netlist Resource(s)
  -------------------------------------------------------------------    -------------------
                         (clock pll_adc_clk rise edge)
                                                      0.000     0.000 r  
    U18                                               0.000     0.000 r  adc_clk_i[1] (IN)
                         net (fo=0)                   0.000     0.000    adc_clk_i[1]
    U18                                                               r  i_clk/I
    U18                  IBUFDS (Prop_ibufds_I_O)     0.983     0.983 r  i_clk/O
                         net (fo=1, routed)           1.306     2.289    pll/adc_clk_in
    PLLE2_ADV_X0Y0                                                    r  pll/pll/CLKIN1
    PLLE2_ADV_X0Y0       PLLE2_ADV (Prop_plle2_adv_CLKIN1_CLKOUT0)
                                                      0.089     2.378 r  pll/pll/CLKOUT0
                         net (fo=1, routed)           1.754     4.132    pll_adc_clk
    BUFGCTRL_X0Y0                                                     r  bufg_adc_clk/I
    BUFGCTRL_X0Y0        BUFG (Prop_bufg_I_O)         0.101     4.233 r  bufg_adc_clk/O
                         net (fo=7983, routed)        1.664     5.897    ps/axi_slave_gp0/adc_clk
    SLICE_X19Y51         FDRE                                         r  ps/axi_slave_gp0/rd_do_reg/C
  -------------------------------------------------------------------    -------------------
    SLICE_X19Y51         FDRE (Prop_fdre_C_Q)         0.456     6.353 f  ps/axi_slave_gp0/rd_do_reg/Q
                         net (fo=171, routed)         0.993     7.346    ps/axi_slave_gp0/rd_do
    SLICE_X18Y49                                                      f  ps/axi_slave_gp0/scan_offset_o[13]_i_4/I1
    SLICE_X18Y49         LUT3 (Prop_lut3_I1_O)        0.152     7.498 r  ps/axi_slave_gp0/scan_offset_o[13]_i_4/O
                         net (fo=126, routed)         1.396     8.894    ps/axi_slave_gp0/rd_araddr_reg[2]_9
    SLICE_X14Y42                                                      r  ps/axi_slave_gp0/FSM_onehot_arm_phase_q[4]_i_4/I3
    SLICE_X14Y42         LUT6 (Prop_lut6_I3_O)        0.326     9.220 r  ps/axi_slave_gp0/FSM_onehot_arm_phase_q[4]_i_4/O
                         net (fo=12, routed)          0.743     9.963    ps/axi_slave_gp0/FSM_onehot_arm_phase_q[4]_i_4_n_0
    SLICE_X13Y42                                                      r  ps/axi_slave_gp0/event_stage_fault_code_q[0]_i_2/I0
    SLICE_X13Y42         LUT6 (Prop_lut6_I0_O)        0.124    10.087 r  ps/axi_slave_gp0/event_stage_fault_code_q[0]_i_2/O
                         net (fo=8, routed)           0.633    10.720    ps/axi_slave_gp0/acq_abort
    SLICE_X10Y41                                                      r  ps/axi_slave_gp0/arm_window_q[31]_i_2/I0
    SLICE_X10Y41         LUT2 (Prop_lut2_I0_O)        0.153    10.873 r  ps/axi_slave_gp0/arm_window_q[31]_i_2/O
                         net (fo=65, routed)          0.889    11.762    i_custom_register_bank/i_deterministic_lock_acquisition/arm_target_high_q_reg[0]_0
    SLICE_X9Y42                                                       r  i_custom_register_bank/i_deterministic_lock_acquisition/arm_window_q[31]_i_1/I1
    SLICE_X9Y42          LUT2 (Prop_lut2_I1_O)        0.357    12.119 f  i_custom_register_bank/i_deterministic_lock_acquisition/arm_window_q[31]_i_1/O
                         net (fo=327, routed)         1.449    13.568    i_custom_register_bank/i_deterministic_lock_acquisition/arm_window_q[31]_i_1_n_0
    SLICE_X19Y46         FDRE                                         f  i_custom_register_bank/i_deterministic_lock_acquisition/arm_error_setpoint_q_reg[9]/CE
  -------------------------------------------------------------------    -------------------

                         (clock pll_adc_clk rise edge)
                                                      8.000     8.000 r  
    U18                                               0.000     8.000 r  adc_clk_i[1] (IN)
                         net (fo=0)                   0.000     8.000    adc_clk_i[1]
    U18                                                               r  i_clk/I
    U18                  IBUFDS (Prop_ibufds_I_O)     0.940     8.940 r  i_clk/O
                         net (fo=1, routed)           1.181    10.121    pll/adc_clk_in
    PLLE2_ADV_X0Y0                                                    r  pll/pll/CLKIN1
    PLLE2_ADV_X0Y0       PLLE2_ADV (Prop_plle2_adv_CLKIN1_CLKOUT0)
                                                      0.084    10.205 r  pll/pll/CLKOUT0
                         net (fo=1, routed)           1.594    11.799    pll_adc_clk
    BUFGCTRL_X0Y0                                                     r  bufg_adc_clk/I
    BUFGCTRL_X0Y0        BUFG (Prop_bufg_I_O)         0.091    11.890 r  bufg_adc_clk/O
                         net (fo=7983, routed)        1.500    13.390    i_custom_register_bank/i_deterministic_lock_acquisition/adc_clk
    SLICE_X19Y46         FDRE                                         r  i_custom_register_bank/i_deterministic_lock_acquisition/arm_error_setpoint_q_reg[9]/C
                         clock pessimism              0.343    13.734    
                         clock uncertainty           -0.069    13.665    
    SLICE_X19Y46         FDRE (Setup_fdre_C_CE)      -0.413    13.252    i_custom_register_bank/i_deterministic_lock_acquisition/arm_error_setpoint_q_reg[9]
  -------------------------------------------------------------------
                         required time                         13.252    
                         arrival time                         -13.568    
  -------------------------------------------------------------------
                         slack                                 -0.317    

Slack (VIOLATED) :        -0.317ns  (required time - arrival time)
  Source:                 ps/axi_slave_gp0/rd_do_reg/C
                            (rising edge-triggered cell FDRE clocked by pll_adc_clk  {rise@0.000ns fall@4.000ns period=8.000ns})
  Destination:            i_custom_register_bank/i_deterministic_lock_acquisition/arm_target_out2_q_reg[11]/CE
                            (rising edge-triggered cell FDRE clocked by pll_adc_clk  {rise@0.000ns fall@4.000ns period=8.000ns})
  Path Group:             pll_adc_clk
  Path Type:              Setup (Max at Slow Process Corner)
  Requirement:            8.000ns  (pll_adc_clk rise@8.000ns - pll_adc_clk rise@0.000ns)
  Data Path Delay:        7.671ns  (logic 1.568ns (20.441%)  route 6.103ns (79.559%))
  Logic Levels:           5  (LUT2=2 LUT3=1 LUT6=2)
  Clock Path Skew:        -0.164ns (DCD - SCD + CPR)
    Destination Clock Delay (DCD):    5.390ns = ( 13.390 - 8.000 ) 
    Source Clock Delay      (SCD):    5.897ns
    Clock Pessimism Removal (CPR):    0.343ns
  Clock Uncertainty:      0.069ns  ((TSJ^2 + DJ^2)^1/2) / 2 + PE
    Total System Jitter     (TSJ):    0.071ns
    Discrete Jitter          (DJ):    0.118ns
    Phase Error              (PE):    0.000ns

    Location             Delay type                Incr(ns)  Path(ns)    Netlist Resource(s)
  -------------------------------------------------------------------    -------------------
                         (clock pll_adc_clk rise edge)
                                                      0.000     0.000 r  
    U18                                               0.000     0.000 r  adc_clk_i[1] (IN)
                         net (fo=0)                   0.000     0.000    adc_clk_i[1]
    U18                                                               r  i_clk/I
    U18                  IBUFDS (Prop_ibufds_I_O)     0.983     0.983 r  i_clk/O
                         net (fo=1, routed)           1.306     2.289    pll/adc_clk_in
    PLLE2_ADV_X0Y0                                                    r  pll/pll/CLKIN1
    PLLE2_ADV_X0Y0       PLLE2_ADV (Prop_plle2_adv_CLKIN1_CLKOUT0)
                                                      0.089     2.378 r  pll/pll/CLKOUT0
                         net (fo=1, routed)           1.754     4.132    pll_adc_clk
    BUFGCTRL_X0Y0                                                     r  bufg_adc_clk/I
    BUFGCTRL_X0Y0        BUFG (Prop_bufg_I_O)         0.101     4.233 r  bufg_adc_clk/O
                         net (fo=7983, routed)        1.664     5.897    ps/axi_slave_gp0/adc_clk
    SLICE_X19Y51         FDRE                                         r  ps/axi_slave_gp0/rd_do_reg/C
  -------------------------------------------------------------------    -------------------
    SLICE_X19Y51         FDRE (Prop_fdre_C_Q)         0.456     6.353 r  ps/axi_slave_gp0/rd_do_reg/Q
                         net (fo=171, routed)         0.993     7.346    ps/axi_slave_gp0/rd_do
    SLICE_X18Y49                                                      r  ps/axi_slave_gp0/scan_offset_o[13]_i_4/I1
    SLICE_X18Y49         LUT3 (Prop_lut3_I1_O)        0.152     7.498 f  ps/axi_slave_gp0/scan_offset_o[13]_i_4/O
                         net (fo=126, routed)         1.396     8.894    ps/axi_slave_gp0/rd_araddr_reg[2]_9
    SLICE_X14Y42                                                      f  ps/axi_slave_gp0/FSM_onehot_arm_phase_q[4]_i_4/I3
    SLICE_X14Y42         LUT6 (Prop_lut6_I3_O)        0.326     9.220 f  ps/axi_slave_gp0/FSM_onehot_arm_phase_q[4]_i_4/O
                         net (fo=12, routed)          0.743     9.963    ps/axi_slave_gp0/FSM_onehot_arm_phase_q[4]_i_4_n_0
    SLICE_X13Y42                                                      f  ps/axi_slave_gp0/event_stage_fault_code_q[0]_i_2/I0
    SLICE_X13Y42         LUT6 (Prop_lut6_I0_O)        0.124    10.087 f  ps/axi_slave_gp0/event_stage_fault_code_q[0]_i_2/O
                         net (fo=8, routed)           0.633    10.720    ps/axi_slave_gp0/acq_abort
    SLICE_X10Y41                                                      f  ps/axi_slave_gp0/arm_window_q[31]_i_2/I0
    SLICE_X10Y41         LUT2 (Prop_lut2_I0_O)        0.153    10.873 f  ps/axi_slave_gp0/arm_window_q[31]_i_2/O
                         net (fo=65, routed)          0.889    11.762    i_custom_register_bank/i_deterministic_lock_acquisition/arm_target_high_q_reg[0]_0
    SLICE_X9Y42                                                       f  i_custom_register_bank/i_deterministic_lock_acquisition/arm_window_q[31]_i_1/I1
    SLICE_X9Y42          LUT2 (Prop_lut2_I1_O)        0.357    12.119 r  i_custom_register_bank/i_deterministic_lock_acquisition/arm_window_q[31]_i_1/O
                         net (fo=327, routed)         1.449    13.568    i_custom_register_bank/i_deterministic_lock_acquisition/arm_window_q[31]_i_1_n_0
    SLICE_X19Y46         FDRE                                         r  i_custom_register_bank/i_deterministic_lock_acquisition/arm_target_out2_q_reg[11]/CE
  -------------------------------------------------------------------    -------------------

                         (clock pll_adc_clk rise edge)
                                                      8.000     8.000 r  
    U18                                               0.000     8.000 r  adc_clk_i[1] (IN)
                         net (fo=0)                   0.000     8.000    adc_clk_i[1]
    U18                                                               r  i_clk/I
    U18                  IBUFDS (Prop_ibufds_I_O)     0.940     8.940 r  i_clk/O
                         net (fo=1, routed)           1.181    10.121    pll/adc_clk_in
    PLLE2_ADV_X0Y0                                                    r  pll/pll/CLKIN1
    PLLE2_ADV_X0Y0       PLLE2_ADV (Prop_plle2_adv_CLKIN1_CLKOUT0)
                                                      0.084    10.205 r  pll/pll/CLKOUT0
                         net (fo=1, routed)           1.594    11.799    pll_adc_clk
    BUFGCTRL_X0Y0                                                     r  bufg_adc_clk/I
    BUFGCTRL_X0Y0        BUFG (Prop_bufg_I_O)         0.091    11.890 r  bufg_adc_clk/O
                         net (fo=7983, routed)        1.500    13.390    i_custom_register_bank/i_deterministic_lock_acquisition/adc_clk
    SLICE_X19Y46         FDRE                                         r  i_custom_register_bank/i_deterministic_lock_acquisition/arm_target_out2_q_reg[11]/C
                         clock pessimism              0.343    13.734    
                         clock uncertainty           -0.069    13.665    
    SLICE_X19Y46         FDRE (Setup_fdre_C_CE)      -0.413    13.252    i_custom_register_bank/i_deterministic_lock_acquisition/arm_target_out2_q_reg[11]
  -------------------------------------------------------------------
                         required time                         13.252    
                         arrival time                         -13.568    
  -------------------------------------------------------------------
                         slack                                 -0.317    

Slack (VIOLATED) :        -0.317ns  (required time - arrival time)
  Source:                 ps/axi_slave_gp0/rd_do_reg/C
                            (rising edge-triggered cell FDRE clocked by pll_adc_clk  {rise@0.000ns fall@4.000ns period=8.000ns})
  Destination:            i_custom_register_bank/i_deterministic_lock_acquisition/arm_target_out2_q_reg[11]/CE
                            (rising edge-triggered cell FDRE clocked by pll_adc_clk  {rise@0.000ns fall@4.000ns period=8.000ns})
  Path Group:             pll_adc_clk
  Path Type:              Setup (Max at Slow Process Corner)
  Requirement:            8.000ns  (pll_adc_clk rise@8.000ns - pll_adc_clk rise@0.000ns)
  Data Path Delay:        7.671ns  (logic 1.568ns (20.441%)  route 6.103ns (79.559%))
  Logic Levels:           5  (LUT2=2 LUT3=1 LUT6=2)
  Clock Path Skew:        -0.164ns (DCD - SCD + CPR)
    Destination Clock Delay (DCD):    5.390ns = ( 13.390 - 8.000 ) 
    Source Clock Delay      (SCD):    5.897ns
    Clock Pessimism Removal (CPR):    0.343ns
  Clock Uncertainty:      0.069ns  ((TSJ^2 + DJ^2)^1/2) / 2 + PE
    Total System Jitter     (TSJ):    0.071ns
    Discrete Jitter          (DJ):    0.118ns
    Phase Error              (PE):    0.000ns

    Location             Delay type                Incr(ns)  Path(ns)    Netlist Resource(s)
  -------------------------------------------------------------------    -------------------
                         (clock pll_adc_clk rise edge)
                                                      0.000     0.000 r  
    U18                                               0.000     0.000 r  adc_clk_i[1] (IN)
                         net (fo=0)                   0.000     0.000    adc_clk_i[1]
    U18                                                               r  i_clk/I
    U18                  IBUFDS (Prop_ibufds_I_O)     0.983     0.983 r  i_clk/O
                         net (fo=1, routed)           1.306     2.289    pll/adc_clk_in
    PLLE2_ADV_X0Y0                                                    r  pll/pll/CLKIN1
    PLLE2_ADV_X0Y0       PLLE2_ADV (Prop_plle2_adv_CLKIN1_CLKOUT0)
                                                      0.089     2.378 r  pll/pll/CLKOUT0
                         net (fo=1, routed)           1.754     4.132    pll_adc_clk
    BUFGCTRL_X0Y0                                                     r  bufg_adc_clk/I
    BUFGCTRL_X0Y0        BUFG (Prop_bufg_I_O)         0.101     4.233 r  bufg_adc_clk/O
                         net (fo=7983, routed)        1.664     5.897    ps/axi_slave_gp0/adc_clk
    SLICE_X19Y51         FDRE                                         r  ps/axi_slave_gp0/rd_do_reg/C
  -------------------------------------------------------------------    -------------------
    SLICE_X19Y51         FDRE (Prop_fdre_C_Q)         0.456     6.353 f  ps/axi_slave_gp0/rd_do_reg/Q
                         net (fo=171, routed)         0.993     7.346    ps/axi_slave_gp0/rd_do
    SLICE_X18Y49                                                      f  ps/axi_slave_gp0/scan_offset_o[13]_i_4/I1
    SLICE_X18Y49         LUT3 (Prop_lut3_I1_O)        0.152     7.498 f  ps/axi_slave_gp0/scan_offset_o[13]_i_4/O
                         net (fo=126, routed)         1.396     8.894    ps/axi_slave_gp0/rd_araddr_reg[2]_9
    SLICE_X14Y42                                                      f  ps/axi_slave_gp0/FSM_onehot_arm_phase_q[4]_i_4/I3
    SLICE_X14Y42         LUT6 (Prop_lut6_I3_O)        0.326     9.220 f  ps/axi_slave_gp0/FSM_onehot_arm_phase_q[4]_i_4/O
                         net (fo=12, routed)          0.743     9.963    ps/axi_slave_gp0/FSM_onehot_arm_phase_q[4]_i_4_n_0
    SLICE_X13Y42                                                      f  ps/axi_slave_gp0/event_stage_fault_code_q[0]_i_2/I0
    SLICE_X13Y42         LUT6 (Prop_lut6_I0_O)        0.124    10.087 f  ps/axi_slave_gp0/event_stage_fault_code_q[0]_i_2/O
                         net (fo=8, routed)           0.633    10.720    ps/axi_slave_gp0/acq_abort
    SLICE_X10Y41                                                      f  ps/axi_slave_gp0/arm_window_q[31]_i_2/I0
    SLICE_X10Y41         LUT2 (Prop_lut2_I0_O)        0.153    10.873 f  ps/axi_slave_gp0/arm_window_q[31]_i_2/O
                         net (fo=65, routed)          0.889    11.762    i_custom_register_bank/i_deterministic_lock_acquisition/arm_target_high_q_reg[0]_0
    SLICE_X9Y42                                                       f  i_custom_register_bank/i_deterministic_lock_acquisition/arm_window_q[31]_i_1/I1
    SLICE_X9Y42          LUT2 (Prop_lut2_I1_O)        0.357    12.119 r  i_custom_register_bank/i_deterministic_lock_acquisition/arm_window_q[31]_i_1/O
                         net (fo=327, routed)         1.449    13.568    i_custom_register_bank/i_deterministic_lock_acquisition/arm_window_q[31]_i_1_n_0
    SLICE_X19Y46         FDRE                                         r  i_custom_register_bank/i_deterministic_lock_acquisition/arm_target_out2_q_reg[11]/CE
  -------------------------------------------------------------------    -------------------

                         (clock pll_adc_clk rise edge)
                                                      8.000     8.000 r  
    U18                                               0.000     8.000 r  adc_clk_i[1] (IN)
                         net (fo=0)                   0.000     8.000    adc_clk_i[1]
    U18                                                               r  i_clk/I
    U18                  IBUFDS (Prop_ibufds_I_O)     0.940     8.940 r  i_clk/O
                         net (fo=1, routed)           1.181    10.121    pll/adc_clk_in
    PLLE2_ADV_X0Y0                                                    r  pll/pll/CLKIN1
    PLLE2_ADV_X0Y0       PLLE2_ADV (Prop_plle2_adv_CLKIN1_CLKOUT0)
                                                      0.084    10.205 r  pll/pll/CLKOUT0
                         net (fo=1, routed)           1.594    11.799    pll_adc_clk
    BUFGCTRL_X0Y0                                                     r  bufg_adc_clk/I
    BUFGCTRL_X0Y0        BUFG (Prop_bufg_I_O)         0.091    11.890 r  bufg_adc_clk/O
                         net (fo=7983, routed)        1.500    13.390    i_custom_register_bank/i_deterministic_lock_acquisition/adc_clk
    SLICE_X19Y46         FDRE                                         r  i_custom_register_bank/i_deterministic_lock_acquisition/arm_target_out2_q_reg[11]/C
                         clock pessimism              0.343    13.734    
                         clock uncertainty           -0.069    13.665    
    SLICE_X19Y46         FDRE (Setup_fdre_C_CE)      -0.413    13.252    i_custom_register_bank/i_deterministic_lock_acquisition/arm_target_out2_q_reg[11]
  -------------------------------------------------------------------
                         required time                         13.252    
                         arrival time                         -13.568    
  -------------------------------------------------------------------
                         slack                                 -0.317    

Slack (VIOLATED) :        -0.317ns  (required time - arrival time)
  Source:                 ps/axi_slave_gp0/rd_do_reg/C
                            (rising edge-triggered cell FDRE clocked by pll_adc_clk  {rise@0.000ns fall@4.000ns period=8.000ns})
  Destination:            i_custom_register_bank/i_deterministic_lock_acquisition/arm_target_out2_q_reg[11]/CE
                            (rising edge-triggered cell FDRE clocked by pll_adc_clk  {rise@0.000ns fall@4.000ns period=8.000ns})
  Path Group:             pll_adc_clk
  Path Type:              Setup (Max at Slow Process Corner)
  Requirement:            8.000ns  (pll_adc_clk rise@8.000ns - pll_adc_clk rise@0.000ns)
  Data Path Delay:        7.671ns  (logic 1.568ns (20.441%)  route 6.103ns (79.559%))
  Logic Levels:           5  (LUT2=2 LUT3=1 LUT6=2)
  Clock Path Skew:        -0.164ns (DCD - SCD + CPR)
    Destination Clock Delay (DCD):    5.390ns = ( 13.390 - 8.000 ) 
    Source Clock Delay      (SCD):    5.897ns
    Clock Pessimism Removal (CPR):    0.343ns
  Clock Uncertainty:      0.069ns  ((TSJ^2 + DJ^2)^1/2) / 2 + PE
    Total System Jitter     (TSJ):    0.071ns
    Discrete Jitter          (DJ):    0.118ns
    Phase Error              (PE):    0.000ns

    Location             Delay type                Incr(ns)  Path(ns)    Netlist Resource(s)
  -------------------------------------------------------------------    -------------------
                         (clock pll_adc_clk rise edge)
                                                      0.000     0.000 r  
    U18                                               0.000     0.000 r  adc_clk_i[1] (IN)
                         net (fo=0)                   0.000     0.000    adc_clk_i[1]
    U18                                                               r  i_clk/I
    U18                  IBUFDS (Prop_ibufds_I_O)     0.983     0.983 r  i_clk/O
                         net (fo=1, routed)           1.306     2.289    pll/adc_clk_in
    PLLE2_ADV_X0Y0                                                    r  pll/pll/CLKIN1
    PLLE2_ADV_X0Y0       PLLE2_ADV (Prop_plle2_adv_CLKIN1_CLKOUT0)
                                                      0.089     2.378 r  pll/pll/CLKOUT0
                         net (fo=1, routed)           1.754     4.132    pll_adc_clk
    BUFGCTRL_X0Y0                                                     r  bufg_adc_clk/I
    BUFGCTRL_X0Y0        BUFG (Prop_bufg_I_O)         0.101     4.233 r  bufg_adc_clk/O
                         net (fo=7983, routed)        1.664     5.897    ps/axi_slave_gp0/adc_clk
    SLICE_X19Y51         FDRE                                         r  ps/axi_slave_gp0/rd_do_reg/C
  -------------------------------------------------------------------    -------------------
    SLICE_X19Y51         FDRE (Prop_fdre_C_Q)         0.456     6.353 r  ps/axi_slave_gp0/rd_do_reg/Q
                         net (fo=171, routed)         0.993     7.346    ps/axi_slave_gp0/rd_do
    SLICE_X18Y49                                                      r  ps/axi_slave_gp0/scan_offset_o[13]_i_4/I1
    SLICE_X18Y49         LUT3 (Prop_lut3_I1_O)        0.152     7.498 r  ps/axi_slave_gp0/scan_offset_o[13]_i_4/O
                         net (fo=126, routed)         1.396     8.894    ps/axi_slave_gp0/rd_araddr_reg[2]_9
    SLICE_X14Y42                                                      r  ps/axi_slave_gp0/FSM_onehot_arm_phase_q[4]_i_4/I3
    SLICE_X14Y42         LUT6 (Prop_lut6_I3_O)        0.326     9.220 r  ps/axi_slave_gp0/FSM_onehot_arm_phase_q[4]_i_4/O
                         net (fo=12, routed)          0.743     9.963    ps/axi_slave_gp0/FSM_onehot_arm_phase_q[4]_i_4_n_0
    SLICE_X13Y42                                                      r  ps/axi_slave_gp0/event_stage_fault_code_q[0]_i_2/I0
    SLICE_X13Y42         LUT6 (Prop_lut6_I0_O)        0.124    10.087 r  ps/axi_slave_gp0/event_stage_fault_code_q[0]_i_2/O
                         net (fo=8, routed)           0.633    10.720    ps/axi_slave_gp0/acq_abort
    SLICE_X10Y41                                                      r  ps/axi_slave_gp0/arm_window_q[31]_i_2/I0
    SLICE_X10Y41         LUT2 (Prop_lut2_I0_O)        0.153    10.873 r  ps/axi_slave_gp0/arm_window_q[31]_i_2/O
                         net (fo=65, routed)          0.889    11.762    i_custom_register_bank/i_deterministic_lock_acquisition/arm_target_high_q_reg[0]_0
    SLICE_X9Y42                                                       r  i_custom_register_bank/i_deterministic_lock_acquisition/arm_window_q[31]_i_1/I1
    SLICE_X9Y42          LUT2 (Prop_lut2_I1_O)        0.357    12.119 f  i_custom_register_bank/i_deterministic_lock_acquisition/arm_window_q[31]_i_1/O
                         net (fo=327, routed)         1.449    13.568    i_custom_register_bank/i_deterministic_lock_acquisition/arm_window_q[31]_i_1_n_0
    SLICE_X19Y46         FDRE                                         f  i_custom_register_bank/i_deterministic_lock_acquisition/arm_target_out2_q_reg[11]/CE
  -------------------------------------------------------------------    -------------------

                         (clock pll_adc_clk rise edge)
                                                      8.000     8.000 r  
    U18                                               0.000     8.000 r  adc_clk_i[1] (IN)
                         net (fo=0)                   0.000     8.000    adc_clk_i[1]
    U18                                                               r  i_clk/I
    U18                  IBUFDS (Prop_ibufds_I_O)     0.940     8.940 r  i_clk/O
                         net (fo=1, routed)           1.181    10.121    pll/adc_clk_in
    PLLE2_ADV_X0Y0                                                    r  pll/pll/CLKIN1
    PLLE2_ADV_X0Y0       PLLE2_ADV (Prop_plle2_adv_CLKIN1_CLKOUT0)
                                                      0.084    10.205 r  pll/pll/CLKOUT0
                         net (fo=1, routed)           1.594    11.799    pll_adc_clk
    BUFGCTRL_X0Y0                                                     r  bufg_adc_clk/I
    BUFGCTRL_X0Y0        BUFG (Prop_bufg_I_O)         0.091    11.890 r  bufg_adc_clk/O
                         net (fo=7983, routed)        1.500    13.390    i_custom_register_bank/i_deterministic_lock_acquisition/adc_clk
    SLICE_X19Y46         FDRE                                         r  i_custom_register_bank/i_deterministic_lock_acquisition/arm_target_out2_q_reg[11]/C
                         clock pessimism              0.343    13.734    
                         clock uncertainty           -0.069    13.665    
    SLICE_X19Y46         FDRE (Setup_fdre_C_CE)      -0.413    13.252    i_custom_register_bank/i_deterministic_lock_acquisition/arm_target_out2_q_reg[11]
  -------------------------------------------------------------------
                         required time                         13.252    
                         arrival time                         -13.568    
  -------------------------------------------------------------------
                         slack                                 -0.317    

Slack (VIOLATED) :        -0.317ns  (required time - arrival time)
  Source:                 ps/axi_slave_gp0/rd_do_reg/C
                            (rising edge-triggered cell FDRE clocked by pll_adc_clk  {rise@0.000ns fall@4.000ns period=8.000ns})
  Destination:            i_custom_register_bank/i_deterministic_lock_acquisition/arm_target_out2_q_reg[11]/CE
                            (rising edge-triggered cell FDRE clocked by pll_adc_clk  {rise@0.000ns fall@4.000ns period=8.000ns})
  Path Group:             pll_adc_clk
  Path Type:              Setup (Max at Slow Process Corner)
  Requirement:            8.000ns  (pll_adc_clk rise@8.000ns - pll_adc_clk rise@0.000ns)
  Data Path Delay:        7.671ns  (logic 1.568ns (20.441%)  route 6.103ns (79.559%))
  Logic Levels:           5  (LUT2=2 LUT3=1 LUT6=2)
  Clock Path Skew:        -0.164ns (DCD - SCD + CPR)
    Destination Clock Delay (DCD):    5.390ns = ( 13.390 - 8.000 ) 
    Source Clock Delay      (SCD):    5.897ns
    Clock Pessimism Removal (CPR):    0.343ns
  Clock Uncertainty:      0.069ns  ((TSJ^2 + DJ^2)^1/2) / 2 + PE
    Total System Jitter     (TSJ):    0.071ns
    Discrete Jitter          (DJ):    0.118ns
    Phase Error              (PE):    0.000ns

    Location             Delay type                Incr(ns)  Path(ns)    Netlist Resource(s)
  -------------------------------------------------------------------    -------------------
                         (clock pll_adc_clk rise edge)
                                                      0.000     0.000 r  
    U18                                               0.000     0.000 r  adc_clk_i[1] (IN)
                         net (fo=0)                   0.000     0.000    adc_clk_i[1]
    U18                                                               r  i_clk/I
    U18                  IBUFDS (Prop_ibufds_I_O)     0.983     0.983 r  i_clk/O
                         net (fo=1, routed)           1.306     2.289    pll/adc_clk_in
    PLLE2_ADV_X0Y0                                                    r  pll/pll/CLKIN1
    PLLE2_ADV_X0Y0       PLLE2_ADV (Prop_plle2_adv_CLKIN1_CLKOUT0)
                                                      0.089     2.378 r  pll/pll/CLKOUT0
                         net (fo=1, routed)           1.754     4.132    pll_adc_clk
    BUFGCTRL_X0Y0                                                     r  bufg_adc_clk/I
    BUFGCTRL_X0Y0        BUFG (Prop_bufg_I_O)         0.101     4.233 r  bufg_adc_clk/O
                         net (fo=7983, routed)        1.664     5.897    ps/axi_slave_gp0/adc_clk
    SLICE_X19Y51         FDRE                                         r  ps/axi_slave_gp0/rd_do_reg/C
  -------------------------------------------------------------------    -------------------
    SLICE_X19Y51         FDRE (Prop_fdre_C_Q)         0.456     6.353 f  ps/axi_slave_gp0/rd_do_reg/Q
                         net (fo=171, routed)         0.993     7.346    ps/axi_slave_gp0/rd_do
    SLICE_X18Y49                                                      f  ps/axi_slave_gp0/scan_offset_o[13]_i_4/I1
    SLICE_X18Y49         LUT3 (Prop_lut3_I1_O)        0.152     7.498 r  ps/axi_slave_gp0/scan_offset_o[13]_i_4/O
                         net (fo=126, routed)         1.396     8.894    ps/axi_slave_gp0/rd_araddr_reg[2]_9
    SLICE_X14Y42                                                      r  ps/axi_slave_gp0/FSM_onehot_arm_phase_q[4]_i_4/I3
    SLICE_X14Y42         LUT6 (Prop_lut6_I3_O)        0.326     9.220 r  ps/axi_slave_gp0/FSM_onehot_arm_phase_q[4]_i_4/O
                         net (fo=12, routed)          0.743     9.963    ps/axi_slave_gp0/FSM_onehot_arm_phase_q[4]_i_4_n_0
    SLICE_X13Y42                                                      r  ps/axi_slave_gp0/event_stage_fault_code_q[0]_i_2/I0
    SLICE_X13Y42         LUT6 (Prop_lut6_I0_O)        0.124    10.087 r  ps/axi_slave_gp0/event_stage_fault_code_q[0]_i_2/O
                         net (fo=8, routed)           0.633    10.720    ps/axi_slave_gp0/acq_abort
    SLICE_X10Y41                                                      r  ps/axi_slave_gp0/arm_window_q[31]_i_2/I0
    SLICE_X10Y41         LUT2 (Prop_lut2_I0_O)        0.153    10.873 r  ps/axi_slave_gp0/arm_window_q[31]_i_2/O
                         net (fo=65, routed)          0.889    11.762    i_custom_register_bank/i_deterministic_lock_acquisition/arm_target_high_q_reg[0]_0
    SLICE_X9Y42                                                       r  i_custom_register_bank/i_deterministic_lock_acquisition/arm_window_q[31]_i_1/I1
    SLICE_X9Y42          LUT2 (Prop_lut2_I1_O)        0.357    12.119 f  i_custom_register_bank/i_deterministic_lock_acquisition/arm_window_q[31]_i_1/O
                         net (fo=327, routed)         1.449    13.568    i_custom_register_bank/i_deterministic_lock_acquisition/arm_window_q[31]_i_1_n_0
    SLICE_X19Y46         FDRE                                         f  i_custom_register_bank/i_deterministic_lock_acquisition/arm_target_out2_q_reg[11]/CE
  -------------------------------------------------------------------    -------------------

                         (clock pll_adc_clk rise edge)
                                                      8.000     8.000 r  
    U18                                               0.000     8.000 r  adc_clk_i[1] (IN)
                         net (fo=0)                   0.000     8.000    adc_clk_i[1]
    U18                                                               r  i_clk/I
    U18                  IBUFDS (Prop_ibufds_I_O)     0.940     8.940 r  i_clk/O
                         net (fo=1, routed)           1.181    10.121    pll/adc_clk_in
    PLLE2_ADV_X0Y0                                                    r  pll/pll/CLKIN1
    PLLE2_ADV_X0Y0       PLLE2_ADV (Prop_plle2_adv_CLKIN1_CLKOUT0)
                                                      0.084    10.205 r  pll/pll/CLKOUT0
                         net (fo=1, routed)           1.594    11.799    pll_adc_clk
    BUFGCTRL_X0Y0                                                     r  bufg_adc_clk/I
    BUFGCTRL_X0Y0        BUFG (Prop_bufg_I_O)         0.091    11.890 r  bufg_adc_clk/O
                         net (fo=7983, routed)        1.500    13.390    i_custom_register_bank/i_deterministic_lock_acquisition/adc_clk
    SLICE_X19Y46         FDRE                                         r  i_custom_register_bank/i_deterministic_lock_acquisition/arm_target_out2_q_reg[11]/C
                         clock pessimism              0.343    13.734    
                         clock uncertainty           -0.069    13.665    
    SLICE_X19Y46         FDRE (Setup_fdre_C_CE)      -0.413    13.252    i_custom_register_bank/i_deterministic_lock_acquisition/arm_target_out2_q_reg[11]
  -------------------------------------------------------------------
                         required time                         13.252    
                         arrival time                         -13.568    
  -------------------------------------------------------------------
                         slack                                 -0.317    

Slack (VIOLATED) :        -0.317ns  (required time - arrival time)
  Source:                 ps/axi_slave_gp0/rd_do_reg/C
                            (rising edge-triggered cell FDRE clocked by pll_adc_clk  {rise@0.000ns fall@4.000ns period=8.000ns})
  Destination:            i_custom_register_bank/i_deterministic_lock_acquisition/arm_target_out2_q_reg[12]/CE
                            (rising edge-triggered cell FDRE clocked by pll_adc_clk  {rise@0.000ns fall@4.000ns period=8.000ns})
  Path Group:             pll_adc_clk
  Path Type:              Setup (Max at Slow Process Corner)
  Requirement:            8.000ns  (pll_adc_clk rise@8.000ns - pll_adc_clk rise@0.000ns)
  Data Path Delay:        7.671ns  (logic 1.568ns (20.441%)  route 6.103ns (79.559%))
  Logic Levels:           5  (LUT2=2 LUT3=1 LUT6=2)
  Clock Path Skew:        -0.164ns (DCD - SCD + CPR)
    Destination Clock Delay (DCD):    5.390ns = ( 13.390 - 8.000 ) 
    Source Clock Delay      (SCD):    5.897ns
    Clock Pessimism Removal (CPR):    0.343ns
  Clock Uncertainty:      0.069ns  ((TSJ^2 + DJ^2)^1/2) / 2 + PE
    Total System Jitter     (TSJ):    0.071ns
    Discrete Jitter          (DJ):    0.118ns
    Phase Error              (PE):    0.000ns

    Location             Delay type                Incr(ns)  Path(ns)    Netlist Resource(s)
  -------------------------------------------------------------------    -------------------
                         (clock pll_adc_clk rise edge)
                                                      0.000     0.000 r  
    U18                                               0.000     0.000 r  adc_clk_i[1] (IN)
                         net (fo=0)                   0.000     0.000    adc_clk_i[1]
    U18                                                               r  i_clk/I
    U18                  IBUFDS (Prop_ibufds_I_O)     0.983     0.983 r  i_clk/O
                         net (fo=1, routed)           1.306     2.289    pll/adc_clk_in
    PLLE2_ADV_X0Y0                                                    r  pll/pll/CLKIN1
    PLLE2_ADV_X0Y0       PLLE2_ADV (Prop_plle2_adv_CLKIN1_CLKOUT0)
                                                      0.089     2.378 r  pll/pll/CLKOUT0
                         net (fo=1, routed)           1.754     4.132    pll_adc_clk
    BUFGCTRL_X0Y0                                                     r  bufg_adc_clk/I
    BUFGCTRL_X0Y0        BUFG (Prop_bufg_I_O)         0.101     4.233 r  bufg_adc_clk/O
                         net (fo=7983, routed)        1.664     5.897    ps/axi_slave_gp0/adc_clk
    SLICE_X19Y51         FDRE                                         r  ps/axi_slave_gp0/rd_do_reg/C
  -------------------------------------------------------------------    -------------------
    SLICE_X19Y51         FDRE (Prop_fdre_C_Q)         0.456     6.353 r  ps/axi_slave_gp0/rd_do_reg/Q
                         net (fo=171, routed)         0.993     7.346    ps/axi_slave_gp0/rd_do
    SLICE_X18Y49                                                      r  ps/axi_slave_gp0/scan_offset_o[13]_i_4/I1
    SLICE_X18Y49         LUT3 (Prop_lut3_I1_O)        0.152     7.498 f  ps/axi_slave_gp0/scan_offset_o[13]_i_4/O
                         net (fo=126, routed)         1.396     8.894    ps/axi_slave_gp0/rd_araddr_reg[2]_9
    SLICE_X14Y42                                                      f  ps/axi_slave_gp0/FSM_onehot_arm_phase_q[4]_i_4/I3
    SLICE_X14Y42         LUT6 (Prop_lut6_I3_O)        0.326     9.220 f  ps/axi_slave_gp0/FSM_onehot_arm_phase_q[4]_i_4/O
                         net (fo=12, routed)          0.743     9.963    ps/axi_slave_gp0/FSM_onehot_arm_phase_q[4]_i_4_n_0
    SLICE_X13Y42                                                      f  ps/axi_slave_gp0/event_stage_fault_code_q[0]_i_2/I0
    SLICE_X13Y42         LUT6 (Prop_lut6_I0_O)        0.124    10.087 f  ps/axi_slave_gp0/event_stage_fault_code_q[0]_i_2/O
                         net (fo=8, routed)           0.633    10.720    ps/axi_slave_gp0/acq_abort
    SLICE_X10Y41                                                      f  ps/axi_slave_gp0/arm_window_q[31]_i_2/I0
    SLICE_X10Y41         LUT2 (Prop_lut2_I0_O)        0.153    10.873 f  ps/axi_slave_gp0/arm_window_q[31]_i_2/O
                         net (fo=65, routed)          0.889    11.762    i_custom_register_bank/i_deterministic_lock_acquisition/arm_target_high_q_reg[0]_0
    SLICE_X9Y42                                                       f  i_custom_register_bank/i_deterministic_lock_acquisition/arm_window_q[31]_i_1/I1
    SLICE_X9Y42          LUT2 (Prop_lut2_I1_O)        0.357    12.119 r  i_custom_register_bank/i_deterministic_lock_acquisition/arm_window_q[31]_i_1/O
                         net (fo=327, routed)         1.449    13.568    i_custom_register_bank/i_deterministic_lock_acquisition/arm_window_q[31]_i_1_n_0
    SLICE_X19Y46         FDRE                                         r  i_custom_register_bank/i_deterministic_lock_acquisition/arm_target_out2_q_reg[12]/CE
  -------------------------------------------------------------------    -------------------

                         (clock pll_adc_clk rise edge)
                                                      8.000     8.000 r  
    U18                                               0.000     8.000 r  adc_clk_i[1] (IN)
                         net (fo=0)                   0.000     8.000    adc_clk_i[1]
    U18                                                               r  i_clk/I
    U18                  IBUFDS (Prop_ibufds_I_O)     0.940     8.940 r  i_clk/O
                         net (fo=1, routed)           1.181    10.121    pll/adc_clk_in
    PLLE2_ADV_X0Y0                                                    r  pll/pll/CLKIN1
    PLLE2_ADV_X0Y0       PLLE2_ADV (Prop_plle2_adv_CLKIN1_CLKOUT0)
                                                      0.084    10.205 r  pll/pll/CLKOUT0
                         net (fo=1, routed)           1.594    11.799    pll_adc_clk
    BUFGCTRL_X0Y0                                                     r  bufg_adc_clk/I
    BUFGCTRL_X0Y0        BUFG (Prop_bufg_I_O)         0.091    11.890 r  bufg_adc_clk/O
                         net (fo=7983, routed)        1.500    13.390    i_custom_register_bank/i_deterministic_lock_acquisition/adc_clk
    SLICE_X19Y46         FDRE                                         r  i_custom_register_bank/i_deterministic_lock_acquisition/arm_target_out2_q_reg[12]/C
                         clock pessimism              0.343    13.734    
                         clock uncertainty           -0.069    13.665    
    SLICE_X19Y46         FDRE (Setup_fdre_C_CE)      -0.413    13.252    i_custom_register_bank/i_deterministic_lock_acquisition/arm_target_out2_q_reg[12]
  -------------------------------------------------------------------
                         required time                         13.252    
                         arrival time                         -13.568    
  -------------------------------------------------------------------
                         slack                                 -0.317    

Slack (VIOLATED) :        -0.317ns  (required time - arrival time)
  Source:                 ps/axi_slave_gp0/rd_do_reg/C
                            (rising edge-triggered cell FDRE clocked by pll_adc_clk  {rise@0.000ns fall@4.000ns period=8.000ns})
  Destination:            i_custom_register_bank/i_deterministic_lock_acquisition/arm_target_out2_q_reg[12]/CE
                            (rising edge-triggered cell FDRE clocked by pll_adc_clk  {rise@0.000ns fall@4.000ns period=8.000ns})
  Path Group:             pll_adc_clk
  Path Type:              Setup (Max at Slow Process Corner)
  Requirement:            8.000ns  (pll_adc_clk rise@8.000ns - pll_adc_clk rise@0.000ns)
  Data Path Delay:        7.671ns  (logic 1.568ns (20.441%)  route 6.103ns (79.559%))
  Logic Levels:           5  (LUT2=2 LUT3=1 LUT6=2)
  Clock Path Skew:        -0.164ns (DCD - SCD + CPR)
    Destination Clock Delay (DCD):    5.390ns = ( 13.390 - 8.000 ) 
    Source Clock Delay      (SCD):    5.897ns
    Clock Pessimism Removal (CPR):    0.343ns
  Clock Uncertainty:      0.069ns  ((TSJ^2 + DJ^2)^1/2) / 2 + PE
    Total System Jitter     (TSJ):    0.071ns
    Discrete Jitter          (DJ):    0.118ns
    Phase Error              (PE):    0.000ns

    Location             Delay type                Incr(ns)  Path(ns)    Netlist Resource(s)
  -------------------------------------------------------------------    -------------------
                         (clock pll_adc_clk rise edge)
                                                      0.000     0.000 r  
    U18                                               0.000     0.000 r  adc_clk_i[1] (IN)
                         net (fo=0)                   0.000     0.000    adc_clk_i[1]
    U18                                                               r  i_clk/I
    U18                  IBUFDS (Prop_ibufds_I_O)     0.983     0.983 r  i_clk/O
                         net (fo=1, routed)           1.306     2.289    pll/adc_clk_in
    PLLE2_ADV_X0Y0                                                    r  pll/pll/CLKIN1
    PLLE2_ADV_X0Y0       PLLE2_ADV (Prop_plle2_adv_CLKIN1_CLKOUT0)
                                                      0.089     2.378 r  pll/pll/CLKOUT0
                         net (fo=1, routed)           1.754     4.132    pll_adc_clk
    BUFGCTRL_X0Y0                                                     r  bufg_adc_clk/I
    BUFGCTRL_X0Y0        BUFG (Prop_bufg_I_O)         0.101     4.233 r  bufg_adc_clk/O
                         net (fo=7983, routed)        1.664     5.897    ps/axi_slave_gp0/adc_clk
    SLICE_X19Y51         FDRE                                         r  ps/axi_slave_gp0/rd_do_reg/C
  -------------------------------------------------------------------    -------------------
    SLICE_X19Y51         FDRE (Prop_fdre_C_Q)         0.456     6.353 f  ps/axi_slave_gp0/rd_do_reg/Q
                         net (fo=171, routed)         0.993     7.346    ps/axi_slave_gp0/rd_do
    SLICE_X18Y49                                                      f  ps/axi_slave_gp0/scan_offset_o[13]_i_4/I1
    SLICE_X18Y49         LUT3 (Prop_lut3_I1_O)        0.152     7.498 f  ps/axi_slave_gp0/scan_offset_o[13]_i_4/O
                         net (fo=126, routed)         1.396     8.894    ps/axi_slave_gp0/rd_araddr_reg[2]_9
    SLICE_X14Y42                                                      f  ps/axi_slave_gp0/FSM_onehot_arm_phase_q[4]_i_4/I3
    SLICE_X14Y42         LUT6 (Prop_lut6_I3_O)        0.326     9.220 f  ps/axi_slave_gp0/FSM_onehot_arm_phase_q[4]_i_4/O
                         net (fo=12, routed)          0.743     9.963    ps/axi_slave_gp0/FSM_onehot_arm_phase_q[4]_i_4_n_0
    SLICE_X13Y42                                                      f  ps/axi_slave_gp0/event_stage_fault_code_q[0]_i_2/I0
    SLICE_X13Y42         LUT6 (Prop_lut6_I0_O)        0.124    10.087 f  ps/axi_slave_gp0/event_stage_fault_code_q[0]_i_2/O
                         net (fo=8, routed)           0.633    10.720    ps/axi_slave_gp0/acq_abort
    SLICE_X10Y41                                                      f  ps/axi_slave_gp0/arm_window_q[31]_i_2/I0
    SLICE_X10Y41         LUT2 (Prop_lut2_I0_O)        0.153    10.873 f  ps/axi_slave_gp0/arm_window_q[31]_i_2/O
                         net (fo=65, routed)          0.889    11.762    i_custom_register_bank/i_deterministic_lock_acquisition/arm_target_high_q_reg[0]_0
    SLICE_X9Y42                                                       f  i_custom_register_bank/i_deterministic_lock_acquisition/arm_window_q[31]_i_1/I1
    SLICE_X9Y42          LUT2 (Prop_lut2_I1_O)        0.357    12.119 r  i_custom_register_bank/i_deterministic_lock_acquisition/arm_window_q[31]_i_1/O
                         net (fo=327, routed)         1.449    13.568    i_custom_register_bank/i_deterministic_lock_acquisition/arm_window_q[31]_i_1_n_0
    SLICE_X19Y46         FDRE                                         r  i_custom_register_bank/i_deterministic_lock_acquisition/arm_target_out2_q_reg[12]/CE
  -------------------------------------------------------------------    -------------------

                         (clock pll_adc_clk rise edge)
                                                      8.000     8.000 r  
    U18                                               0.000     8.000 r  adc_clk_i[1] (IN)
                         net (fo=0)                   0.000     8.000    adc_clk_i[1]
    U18                                                               r  i_clk/I
    U18                  IBUFDS (Prop_ibufds_I_O)     0.940     8.940 r  i_clk/O
                         net (fo=1, routed)           1.181    10.121    pll/adc_clk_in
    PLLE2_ADV_X0Y0                                                    r  pll/pll/CLKIN1
    PLLE2_ADV_X0Y0       PLLE2_ADV (Prop_plle2_adv_CLKIN1_CLKOUT0)
                                                      0.084    10.205 r  pll/pll/CLKOUT0
                         net (fo=1, routed)           1.594    11.799    pll_adc_clk
    BUFGCTRL_X0Y0                                                     r  bufg_adc_clk/I
    BUFGCTRL_X0Y0        BUFG (Prop_bufg_I_O)         0.091    11.890 r  bufg_adc_clk/O
                         net (fo=7983, routed)        1.500    13.390    i_custom_register_bank/i_deterministic_lock_acquisition/adc_clk
    SLICE_X19Y46         FDRE                                         r  i_custom_register_bank/i_deterministic_lock_acquisition/arm_target_out2_q_reg[12]/C
                         clock pessimism              0.343    13.734    
                         clock uncertainty           -0.069    13.665    
    SLICE_X19Y46         FDRE (Setup_fdre_C_CE)      -0.413    13.252    i_custom_register_bank/i_deterministic_lock_acquisition/arm_target_out2_q_reg[12]
  -------------------------------------------------------------------
                         required time                         13.252    
                         arrival time                         -13.568    
  -------------------------------------------------------------------
                         slack                                 -0.317    

Slack (VIOLATED) :        -0.317ns  (required time - arrival time)
  Source:                 ps/axi_slave_gp0/rd_do_reg/C
                            (rising edge-triggered cell FDRE clocked by pll_adc_clk  {rise@0.000ns fall@4.000ns period=8.000ns})
  Destination:            i_custom_register_bank/i_deterministic_lock_acquisition/arm_target_out2_q_reg[12]/CE
                            (rising edge-triggered cell FDRE clocked by pll_adc_clk  {rise@0.000ns fall@4.000ns period=8.000ns})
  Path Group:             pll_adc_clk
  Path Type:              Setup (Max at Slow Process Corner)
  Requirement:            8.000ns  (pll_adc_clk rise@8.000ns - pll_adc_clk rise@0.000ns)
  Data Path Delay:        7.671ns  (logic 1.568ns (20.441%)  route 6.103ns (79.559%))
  Logic Levels:           5  (LUT2=2 LUT3=1 LUT6=2)
  Clock Path Skew:        -0.164ns (DCD - SCD + CPR)
    Destination Clock Delay (DCD):    5.390ns = ( 13.390 - 8.000 ) 
    Source Clock Delay      (SCD):    5.897ns
    Clock Pessimism Removal (CPR):    0.343ns
  Clock Uncertainty:      0.069ns  ((TSJ^2 + DJ^2)^1/2) / 2 + PE
    Total System Jitter     (TSJ):    0.071ns
    Discrete Jitter          (DJ):    0.118ns
    Phase Error              (PE):    0.000ns

    Location             Delay type                Incr(ns)  Path(ns)    Netlist Resource(s)
  -------------------------------------------------------------------    -------------------
                         (clock pll_adc_clk rise edge)
                                                      0.000     0.000 r  
    U18                                               0.000     0.000 r  adc_clk_i[1] (IN)
                         net (fo=0)                   0.000     0.000    adc_clk_i[1]
    U18                                                               r  i_clk/I
    U18                  IBUFDS (Prop_ibufds_I_O)     0.983     0.983 r  i_clk/O
                         net (fo=1, routed)           1.306     2.289    pll/adc_clk_in
    PLLE2_ADV_X0Y0                                                    r  pll/pll/CLKIN1
    PLLE2_ADV_X0Y0       PLLE2_ADV (Prop_plle2_adv_CLKIN1_CLKOUT0)
                                                      0.089     2.378 r  pll/pll/CLKOUT0
                         net (fo=1, routed)           1.754     4.132    pll_adc_clk
    BUFGCTRL_X0Y0                                                     r  bufg_adc_clk/I
    BUFGCTRL_X0Y0        BUFG (Prop_bufg_I_O)         0.101     4.233 r  bufg_adc_clk/O
                         net (fo=7983, routed)        1.664     5.897    ps/axi_slave_gp0/adc_clk
    SLICE_X19Y51         FDRE                                         r  ps/axi_slave_gp0/rd_do_reg/C
  -------------------------------------------------------------------    -------------------
    SLICE_X19Y51         FDRE (Prop_fdre_C_Q)         0.456     6.353 r  ps/axi_slave_gp0/rd_do_reg/Q
                         net (fo=171, routed)         0.993     7.346    ps/axi_slave_gp0/rd_do
    SLICE_X18Y49                                                      r  ps/axi_slave_gp0/scan_offset_o[13]_i_4/I1
    SLICE_X18Y49         LUT3 (Prop_lut3_I1_O)        0.152     7.498 r  ps/axi_slave_gp0/scan_offset_o[13]_i_4/O
                         net (fo=126, routed)         1.396     8.894    ps/axi_slave_gp0/rd_araddr_reg[2]_9
    SLICE_X14Y42                                                      r  ps/axi_slave_gp0/FSM_onehot_arm_phase_q[4]_i_4/I3
    SLICE_X14Y42         LUT6 (Prop_lut6_I3_O)        0.326     9.220 r  ps/axi_slave_gp0/FSM_onehot_arm_phase_q[4]_i_4/O
                         net (fo=12, routed)          0.743     9.963    ps/axi_slave_gp0/FSM_onehot_arm_phase_q[4]_i_4_n_0
    SLICE_X13Y42                                                      r  ps/axi_slave_gp0/event_stage_fault_code_q[0]_i_2/I0
    SLICE_X13Y42         LUT6 (Prop_lut6_I0_O)        0.124    10.087 r  ps/axi_slave_gp0/event_stage_fault_code_q[0]_i_2/O
                         net (fo=8, routed)           0.633    10.720    ps/axi_slave_gp0/acq_abort
    SLICE_X10Y41                                                      r  ps/axi_slave_gp0/arm_window_q[31]_i_2/I0
    SLICE_X10Y41         LUT2 (Prop_lut2_I0_O)        0.153    10.873 r  ps/axi_slave_gp0/arm_window_q[31]_i_2/O
                         net (fo=65, routed)          0.889    11.762    i_custom_register_bank/i_deterministic_lock_acquisition/arm_target_high_q_reg[0]_0
    SLICE_X9Y42                                                       r  i_custom_register_bank/i_deterministic_lock_acquisition/arm_window_q[31]_i_1/I1
    SLICE_X9Y42          LUT2 (Prop_lut2_I1_O)        0.357    12.119 f  i_custom_register_bank/i_deterministic_lock_acquisition/arm_window_q[31]_i_1/O
                         net (fo=327, routed)         1.449    13.568    i_custom_register_bank/i_deterministic_lock_acquisition/arm_window_q[31]_i_1_n_0
    SLICE_X19Y46         FDRE                                         f  i_custom_register_bank/i_deterministic_lock_acquisition/arm_target_out2_q_reg[12]/CE
  -------------------------------------------------------------------    -------------------

                         (clock pll_adc_clk rise edge)
                                                      8.000     8.000 r  
    U18                                               0.000     8.000 r  adc_clk_i[1] (IN)
                         net (fo=0)                   0.000     8.000    adc_clk_i[1]
    U18                                                               r  i_clk/I
    U18                  IBUFDS (Prop_ibufds_I_O)     0.940     8.940 r  i_clk/O
                         net (fo=1, routed)           1.181    10.121    pll/adc_clk_in
    PLLE2_ADV_X0Y0                                                    r  pll/pll/CLKIN1
    PLLE2_ADV_X0Y0       PLLE2_ADV (Prop_plle2_adv_CLKIN1_CLKOUT0)
                                                      0.084    10.205 r  pll/pll/CLKOUT0
                         net (fo=1, routed)           1.594    11.799    pll_adc_clk
    BUFGCTRL_X0Y0                                                     r  bufg_adc_clk/I
    BUFGCTRL_X0Y0        BUFG (Prop_bufg_I_O)         0.091    11.890 r  bufg_adc_clk/O
                         net (fo=7983, routed)        1.500    13.390    i_custom_register_bank/i_deterministic_lock_acquisition/adc_clk
    SLICE_X19Y46         FDRE                                         r  i_custom_register_bank/i_deterministic_lock_acquisition/arm_target_out2_q_reg[12]/C
                         clock pessimism              0.343    13.734    
                         clock uncertainty           -0.069    13.665    
    SLICE_X19Y46         FDRE (Setup_fdre_C_CE)      -0.413    13.252    i_custom_register_bank/i_deterministic_lock_acquisition/arm_target_out2_q_reg[12]
  -------------------------------------------------------------------
                         required time                         13.252    
                         arrival time                         -13.568    
  -------------------------------------------------------------------
                         slack                                 -0.317    

Slack (VIOLATED) :        -0.317ns  (required time - arrival time)
  Source:                 ps/axi_slave_gp0/rd_do_reg/C
                            (rising edge-triggered cell FDRE clocked by pll_adc_clk  {rise@0.000ns fall@4.000ns period=8.000ns})
  Destination:            i_custom_register_bank/i_deterministic_lock_acquisition/arm_target_out2_q_reg[12]/CE
                            (rising edge-triggered cell FDRE clocked by pll_adc_clk  {rise@0.000ns fall@4.000ns period=8.000ns})
  Path Group:             pll_adc_clk
  Path Type:              Setup (Max at Slow Process Corner)
  Requirement:            8.000ns  (pll_adc_clk rise@8.000ns - pll_adc_clk rise@0.000ns)
  Data Path Delay:        7.671ns  (logic 1.568ns (20.441%)  route 6.103ns (79.559%))
  Logic Levels:           5  (LUT2=2 LUT3=1 LUT6=2)
  Clock Path Skew:        -0.164ns (DCD - SCD + CPR)
    Destination Clock Delay (DCD):    5.390ns = ( 13.390 - 8.000 ) 
    Source Clock Delay      (SCD):    5.897ns
    Clock Pessimism Removal (CPR):    0.343ns
  Clock Uncertainty:      0.069ns  ((TSJ^2 + DJ^2)^1/2) / 2 + PE
    Total System Jitter     (TSJ):    0.071ns
    Discrete Jitter          (DJ):    0.118ns
    Phase Error              (PE):    0.000ns

    Location             Delay type                Incr(ns)  Path(ns)    Netlist Resource(s)
  -------------------------------------------------------------------    -------------------
                         (clock pll_adc_clk rise edge)
                                                      0.000     0.000 r  
    U18                                               0.000     0.000 r  adc_clk_i[1] (IN)
                         net (fo=0)                   0.000     0.000    adc_clk_i[1]
    U18                                                               r  i_clk/I
    U18                  IBUFDS (Prop_ibufds_I_O)     0.983     0.983 r  i_clk/O
                         net (fo=1, routed)           1.306     2.289    pll/adc_clk_in
    PLLE2_ADV_X0Y0                                                    r  pll/pll/CLKIN1
    PLLE2_ADV_X0Y0       PLLE2_ADV (Prop_plle2_adv_CLKIN1_CLKOUT0)
                                                      0.089     2.378 r  pll/pll/CLKOUT0
                         net (fo=1, routed)           1.754     4.132    pll_adc_clk
    BUFGCTRL_X0Y0                                                     r  bufg_adc_clk/I
    BUFGCTRL_X0Y0        BUFG (Prop_bufg_I_O)         0.101     4.233 r  bufg_adc_clk/O
                         net (fo=7983, routed)        1.664     5.897    ps/axi_slave_gp0/adc_clk
    SLICE_X19Y51         FDRE                                         r  ps/axi_slave_gp0/rd_do_reg/C
  -------------------------------------------------------------------    -------------------
    SLICE_X19Y51         FDRE (Prop_fdre_C_Q)         0.456     6.353 f  ps/axi_slave_gp0/rd_do_reg/Q
                         net (fo=171, routed)         0.993     7.346    ps/axi_slave_gp0/rd_do
    SLICE_X18Y49                                                      f  ps/axi_slave_gp0/scan_offset_o[13]_i_4/I1
    SLICE_X18Y49         LUT3 (Prop_lut3_I1_O)        0.152     7.498 r  ps/axi_slave_gp0/scan_offset_o[13]_i_4/O
                         net (fo=126, routed)         1.396     8.894    ps/axi_slave_gp0/rd_araddr_reg[2]_9
    SLICE_X14Y42                                                      r  ps/axi_slave_gp0/FSM_onehot_arm_phase_q[4]_i_4/I3
    SLICE_X14Y42         LUT6 (Prop_lut6_I3_O)        0.326     9.220 r  ps/axi_slave_gp0/FSM_onehot_arm_phase_q[4]_i_4/O
                         net (fo=12, routed)          0.743     9.963    ps/axi_slave_gp0/FSM_onehot_arm_phase_q[4]_i_4_n_0
    SLICE_X13Y42                                                      r  ps/axi_slave_gp0/event_stage_fault_code_q[0]_i_2/I0
    SLICE_X13Y42         LUT6 (Prop_lut6_I0_O)        0.124    10.087 r  ps/axi_slave_gp0/event_stage_fault_code_q[0]_i_2/O
                         net (fo=8, routed)           0.633    10.720    ps/axi_slave_gp0/acq_abort
    SLICE_X10Y41                                                      r  ps/axi_slave_gp0/arm_window_q[31]_i_2/I0
    SLICE_X10Y41         LUT2 (Prop_lut2_I0_O)        0.153    10.873 r  ps/axi_slave_gp0/arm_window_q[31]_i_2/O
                         net (fo=65, routed)          0.889    11.762    i_custom_register_bank/i_deterministic_lock_acquisition/arm_target_high_q_reg[0]_0
    SLICE_X9Y42                                                       r  i_custom_register_bank/i_deterministic_lock_acquisition/arm_window_q[31]_i_1/I1
    SLICE_X9Y42          LUT2 (Prop_lut2_I1_O)        0.357    12.119 f  i_custom_register_bank/i_deterministic_lock_acquisition/arm_window_q[31]_i_1/O
                         net (fo=327, routed)         1.449    13.568    i_custom_register_bank/i_deterministic_lock_acquisition/arm_window_q[31]_i_1_n_0
    SLICE_X19Y46         FDRE                                         f  i_custom_register_bank/i_deterministic_lock_acquisition/arm_target_out2_q_reg[12]/CE
  -------------------------------------------------------------------    -------------------

                         (clock pll_adc_clk rise edge)
                                                      8.000     8.000 r  
    U18                                               0.000     8.000 r  adc_clk_i[1] (IN)
                         net (fo=0)                   0.000     8.000    adc_clk_i[1]
    U18                                                               r  i_clk/I
    U18                  IBUFDS (Prop_ibufds_I_O)     0.940     8.940 r  i_clk/O
                         net (fo=1, routed)           1.181    10.121    pll/adc_clk_in
    PLLE2_ADV_X0Y0                                                    r  pll/pll/CLKIN1
    PLLE2_ADV_X0Y0       PLLE2_ADV (Prop_plle2_adv_CLKIN1_CLKOUT0)
                                                      0.084    10.205 r  pll/pll/CLKOUT0
                         net (fo=1, routed)           1.594    11.799    pll_adc_clk
    BUFGCTRL_X0Y0                                                     r  bufg_adc_clk/I
    BUFGCTRL_X0Y0        BUFG (Prop_bufg_I_O)         0.091    11.890 r  bufg_adc_clk/O
                         net (fo=7983, routed)        1.500    13.390    i_custom_register_bank/i_deterministic_lock_acquisition/adc_clk
    SLICE_X19Y46         FDRE                                         r  i_custom_register_bank/i_deterministic_lock_acquisition/arm_target_out2_q_reg[12]/C
                         clock pessimism              0.343    13.734    
                         clock uncertainty           -0.069    13.665    
    SLICE_X19Y46         FDRE (Setup_fdre_C_CE)      -0.413    13.252    i_custom_register_bank/i_deterministic_lock_acquisition/arm_target_out2_q_reg[12]
  -------------------------------------------------------------------
                         required time                         13.252    
                         arrival time                         -13.568    
  -------------------------------------------------------------------
                         slack                                 -0.317    

Slack (VIOLATED) :        -0.317ns  (required time - arrival time)
  Source:                 ps/axi_slave_gp0/rd_do_reg/C
                            (rising edge-triggered cell FDRE clocked by pll_adc_clk  {rise@0.000ns fall@4.000ns period=8.000ns})
  Destination:            i_custom_register_bank/i_deterministic_lock_acquisition/arm_target_out2_q_reg[9]/CE
                            (rising edge-triggered cell FDRE clocked by pll_adc_clk  {rise@0.000ns fall@4.000ns period=8.000ns})
  Path Group:             pll_adc_clk
  Path Type:              Setup (Max at Slow Process Corner)
  Requirement:            8.000ns  (pll_adc_clk rise@8.000ns - pll_adc_clk rise@0.000ns)
  Data Path Delay:        7.671ns  (logic 1.568ns (20.441%)  route 6.103ns (79.559%))
  Logic Levels:           5  (LUT2=2 LUT3=1 LUT6=2)
  Clock Path Skew:        -0.164ns (DCD - SCD + CPR)
    Destination Clock Delay (DCD):    5.390ns = ( 13.390 - 8.000 ) 
    Source Clock Delay      (SCD):    5.897ns
    Clock Pessimism Removal (CPR):    0.343ns
  Clock Uncertainty:      0.069ns  ((TSJ^2 + DJ^2)^1/2) / 2 + PE
    Total System Jitter     (TSJ):    0.071ns
    Discrete Jitter          (DJ):    0.118ns
    Phase Error              (PE):    0.000ns

    Location             Delay type                Incr(ns)  Path(ns)    Netlist Resource(s)
  -------------------------------------------------------------------    -------------------
                         (clock pll_adc_clk rise edge)
                                                      0.000     0.000 r  
    U18                                               0.000     0.000 r  adc_clk_i[1] (IN)
                         net (fo=0)                   0.000     0.000    adc_clk_i[1]
    U18                                                               r  i_clk/I
    U18                  IBUFDS (Prop_ibufds_I_O)     0.983     0.983 r  i_clk/O
                         net (fo=1, routed)           1.306     2.289    pll/adc_clk_in
    PLLE2_ADV_X0Y0                                                    r  pll/pll/CLKIN1
    PLLE2_ADV_X0Y0       PLLE2_ADV (Prop_plle2_adv_CLKIN1_CLKOUT0)
                                                      0.089     2.378 r  pll/pll/CLKOUT0
                         net (fo=1, routed)           1.754     4.132    pll_adc_clk
    BUFGCTRL_X0Y0                                                     r  bufg_adc_clk/I
    BUFGCTRL_X0Y0        BUFG (Prop_bufg_I_O)         0.101     4.233 r  bufg_adc_clk/O
                         net (fo=7983, routed)        1.664     5.897    ps/axi_slave_gp0/adc_clk
    SLICE_X19Y51         FDRE                                         r  ps/axi_slave_gp0/rd_do_reg/C
  -------------------------------------------------------------------    -------------------
    SLICE_X19Y51         FDRE (Prop_fdre_C_Q)         0.456     6.353 r  ps/axi_slave_gp0/rd_do_reg/Q
                         net (fo=171, routed)         0.993     7.346    ps/axi_slave_gp0/rd_do
    SLICE_X18Y49                                                      r  ps/axi_slave_gp0/scan_offset_o[13]_i_4/I1
    SLICE_X18Y49         LUT3 (Prop_lut3_I1_O)        0.152     7.498 f  ps/axi_slave_gp0/scan_offset_o[13]_i_4/O
                         net (fo=126, routed)         1.396     8.894    ps/axi_slave_gp0/rd_araddr_reg[2]_9
    SLICE_X14Y42                                                      f  ps/axi_slave_gp0/FSM_onehot_arm_phase_q[4]_i_4/I3
    SLICE_X14Y42         LUT6 (Prop_lut6_I3_O)        0.326     9.220 f  ps/axi_slave_gp0/FSM_onehot_arm_phase_q[4]_i_4/O
                         net (fo=12, routed)          0.743     9.963    ps/axi_slave_gp0/FSM_onehot_arm_phase_q[4]_i_4_n_0
    SLICE_X13Y42                                                      f  ps/axi_slave_gp0/event_stage_fault_code_q[0]_i_2/I0
    SLICE_X13Y42         LUT6 (Prop_lut6_I0_O)        0.124    10.087 f  ps/axi_slave_gp0/event_stage_fault_code_q[0]_i_2/O
                         net (fo=8, routed)           0.633    10.720    ps/axi_slave_gp0/acq_abort
    SLICE_X10Y41                                                      f  ps/axi_slave_gp0/arm_window_q[31]_i_2/I0
    SLICE_X10Y41         LUT2 (Prop_lut2_I0_O)        0.153    10.873 f  ps/axi_slave_gp0/arm_window_q[31]_i_2/O
                         net (fo=65, routed)          0.889    11.762    i_custom_register_bank/i_deterministic_lock_acquisition/arm_target_high_q_reg[0]_0
    SLICE_X9Y42                                                       f  i_custom_register_bank/i_deterministic_lock_acquisition/arm_window_q[31]_i_1/I1
    SLICE_X9Y42          LUT2 (Prop_lut2_I1_O)        0.357    12.119 r  i_custom_register_bank/i_deterministic_lock_acquisition/arm_window_q[31]_i_1/O
                         net (fo=327, routed)         1.449    13.568    i_custom_register_bank/i_deterministic_lock_acquisition/arm_window_q[31]_i_1_n_0
    SLICE_X19Y46         FDRE                                         r  i_custom_register_bank/i_deterministic_lock_acquisition/arm_target_out2_q_reg[9]/CE
  -------------------------------------------------------------------    -------------------

                         (clock pll_adc_clk rise edge)
                                                      8.000     8.000 r  
    U18                                               0.000     8.000 r  adc_clk_i[1] (IN)
                         net (fo=0)                   0.000     8.000    adc_clk_i[1]
    U18                                                               r  i_clk/I
    U18                  IBUFDS (Prop_ibufds_I_O)     0.940     8.940 r  i_clk/O
                         net (fo=1, routed)           1.181    10.121    pll/adc_clk_in
    PLLE2_ADV_X0Y0                                                    r  pll/pll/CLKIN1
    PLLE2_ADV_X0Y0       PLLE2_ADV (Prop_plle2_adv_CLKIN1_CLKOUT0)
                                                      0.084    10.205 r  pll/pll/CLKOUT0
                         net (fo=1, routed)           1.594    11.799    pll_adc_clk
    BUFGCTRL_X0Y0                                                     r  bufg_adc_clk/I
    BUFGCTRL_X0Y0        BUFG (Prop_bufg_I_O)         0.091    11.890 r  bufg_adc_clk/O
                         net (fo=7983, routed)        1.500    13.390    i_custom_register_bank/i_deterministic_lock_acquisition/adc_clk
    SLICE_X19Y46         FDRE                                         r  i_custom_register_bank/i_deterministic_lock_acquisition/arm_target_out2_q_reg[9]/C
                         clock pessimism              0.343    13.734    
                         clock uncertainty           -0.069    13.665    
    SLICE_X19Y46         FDRE (Setup_fdre_C_CE)      -0.413    13.252    i_custom_register_bank/i_deterministic_lock_acquisition/arm_target_out2_q_reg[9]
  -------------------------------------------------------------------
                         required time                         13.252    
                         arrival time                         -13.568    
  -------------------------------------------------------------------
                         slack                                 -0.317    

Slack (VIOLATED) :        -0.317ns  (required time - arrival time)
  Source:                 ps/axi_slave_gp0/rd_do_reg/C
                            (rising edge-triggered cell FDRE clocked by pll_adc_clk  {rise@0.000ns fall@4.000ns period=8.000ns})
  Destination:            i_custom_register_bank/i_deterministic_lock_acquisition/arm_target_out2_q_reg[9]/CE
                            (rising edge-triggered cell FDRE clocked by pll_adc_clk  {rise@0.000ns fall@4.000ns period=8.000ns})
  Path Group:             pll_adc_clk
  Path Type:              Setup (Max at Slow Process Corner)
  Requirement:            8.000ns  (pll_adc_clk rise@8.000ns - pll_adc_clk rise@0.000ns)
  Data Path Delay:        7.671ns  (logic 1.568ns (20.441%)  route 6.103ns (79.559%))
  Logic Levels:           5  (LUT2=2 LUT3=1 LUT6=2)
  Clock Path Skew:        -0.164ns (DCD - SCD + CPR)
    Destination Clock Delay (DCD):    5.390ns = ( 13.390 - 8.000 ) 
    Source Clock Delay      (SCD):    5.897ns
    Clock Pessimism Removal (CPR):    0.343ns
  Clock Uncertainty:      0.069ns  ((TSJ^2 + DJ^2)^1/2) / 2 + PE
    Total System Jitter     (TSJ):    0.071ns
    Discrete Jitter          (DJ):    0.118ns
    Phase Error              (PE):    0.000ns

    Location             Delay type                Incr(ns)  Path(ns)    Netlist Resource(s)
  -------------------------------------------------------------------    -------------------
                         (clock pll_adc_clk rise edge)
                                                      0.000     0.000 r  
    U18                                               0.000     0.000 r  adc_clk_i[1] (IN)
                         net (fo=0)                   0.000     0.000    adc_clk_i[1]
    U18                                                               r  i_clk/I
    U18                  IBUFDS (Prop_ibufds_I_O)     0.983     0.983 r  i_clk/O
                         net (fo=1, routed)           1.306     2.289    pll/adc_clk_in
    PLLE2_ADV_X0Y0                                                    r  pll/pll/CLKIN1
    PLLE2_ADV_X0Y0       PLLE2_ADV (Prop_plle2_adv_CLKIN1_CLKOUT0)
                                                      0.089     2.378 r  pll/pll/CLKOUT0
                         net (fo=1, routed)           1.754     4.132    pll_adc_clk
    BUFGCTRL_X0Y0                                                     r  bufg_adc_clk/I
    BUFGCTRL_X0Y0        BUFG (Prop_bufg_I_O)         0.101     4.233 r  bufg_adc_clk/O
                         net (fo=7983, routed)        1.664     5.897    ps/axi_slave_gp0/adc_clk
    SLICE_X19Y51         FDRE                                         r  ps/axi_slave_gp0/rd_do_reg/C
  -------------------------------------------------------------------    -------------------
    SLICE_X19Y51         FDRE (Prop_fdre_C_Q)         0.456     6.353 f  ps/axi_slave_gp0/rd_do_reg/Q
                         net (fo=171, routed)         0.993     7.346    ps/axi_slave_gp0/rd_do
    SLICE_X18Y49                                                      f  ps/axi_slave_gp0/scan_offset_o[13]_i_4/I1
    SLICE_X18Y49         LUT3 (Prop_lut3_I1_O)        0.152     7.498 f  ps/axi_slave_gp0/scan_offset_o[13]_i_4/O
                         net (fo=126, routed)         1.396     8.894    ps/axi_slave_gp0/rd_araddr_reg[2]_9
    SLICE_X14Y42                                                      f  ps/axi_slave_gp0/FSM_onehot_arm_phase_q[4]_i_4/I3
    SLICE_X14Y42         LUT6 (Prop_lut6_I3_O)        0.326     9.220 f  ps/axi_slave_gp0/FSM_onehot_arm_phase_q[4]_i_4/O
                         net (fo=12, routed)          0.743     9.963    ps/axi_slave_gp0/FSM_onehot_arm_phase_q[4]_i_4_n_0
    SLICE_X13Y42                                                      f  ps/axi_slave_gp0/event_stage_fault_code_q[0]_i_2/I0
    SLICE_X13Y42         LUT6 (Prop_lut6_I0_O)        0.124    10.087 f  ps/axi_slave_gp0/event_stage_fault_code_q[0]_i_2/O
                         net (fo=8, routed)           0.633    10.720    ps/axi_slave_gp0/acq_abort
    SLICE_X10Y41                                                      f  ps/axi_slave_gp0/arm_window_q[31]_i_2/I0
    SLICE_X10Y41         LUT2 (Prop_lut2_I0_O)        0.153    10.873 f  ps/axi_slave_gp0/arm_window_q[31]_i_2/O
                         net (fo=65, routed)          0.889    11.762    i_custom_register_bank/i_deterministic_lock_acquisition/arm_target_high_q_reg[0]_0
    SLICE_X9Y42                                                       f  i_custom_register_bank/i_deterministic_lock_acquisition/arm_window_q[31]_i_1/I1
    SLICE_X9Y42          LUT2 (Prop_lut2_I1_O)        0.357    12.119 r  i_custom_register_bank/i_deterministic_lock_acquisition/arm_window_q[31]_i_1/O
                         net (fo=327, routed)         1.449    13.568    i_custom_register_bank/i_deterministic_lock_acquisition/arm_window_q[31]_i_1_n_0
    SLICE_X19Y46         FDRE                                         r  i_custom_register_bank/i_deterministic_lock_acquisition/arm_target_out2_q_reg[9]/CE
  -------------------------------------------------------------------    -------------------

                         (clock pll_adc_clk rise edge)
                                                      8.000     8.000 r  
    U18                                               0.000     8.000 r  adc_clk_i[1] (IN)
                         net (fo=0)                   0.000     8.000    adc_clk_i[1]
    U18                                                               r  i_clk/I
    U18                  IBUFDS (Prop_ibufds_I_O)     0.940     8.940 r  i_clk/O
                         net (fo=1, routed)           1.181    10.121    pll/adc_clk_in
    PLLE2_ADV_X0Y0                                                    r  pll/pll/CLKIN1
    PLLE2_ADV_X0Y0       PLLE2_ADV (Prop_plle2_adv_CLKIN1_CLKOUT0)
                                                      0.084    10.205 r  pll/pll/CLKOUT0
                         net (fo=1, routed)           1.594    11.799    pll_adc_clk
    BUFGCTRL_X0Y0                                                     r  bufg_adc_clk/I
    BUFGCTRL_X0Y0        BUFG (Prop_bufg_I_O)         0.091    11.890 r  bufg_adc_clk/O
                         net (fo=7983, routed)        1.500    13.390    i_custom_register_bank/i_deterministic_lock_acquisition/adc_clk
    SLICE_X19Y46         FDRE                                         r  i_custom_register_bank/i_deterministic_lock_acquisition/arm_target_out2_q_reg[9]/C
                         clock pessimism              0.343    13.734    
                         clock uncertainty           -0.069    13.665    
    SLICE_X19Y46         FDRE (Setup_fdre_C_CE)      -0.413    13.252    i_custom_register_bank/i_deterministic_lock_acquisition/arm_target_out2_q_reg[9]
  -------------------------------------------------------------------
                         required time                         13.252    
                         arrival time                         -13.568    
  -------------------------------------------------------------------
                         slack                                 -0.317    

Slack (VIOLATED) :        -0.317ns  (required time - arrival time)
  Source:                 ps/axi_slave_gp0/rd_do_reg/C
                            (rising edge-triggered cell FDRE clocked by pll_adc_clk  {rise@0.000ns fall@4.000ns period=8.000ns})
  Destination:            i_custom_register_bank/i_deterministic_lock_acquisition/arm_target_out2_q_reg[9]/CE
                            (rising edge-triggered cell FDRE clocked by pll_adc_clk  {rise@0.000ns fall@4.000ns period=8.000ns})
  Path Group:             pll_adc_clk
  Path Type:              Setup (Max at Slow Process Corner)
  Requirement:            8.000ns  (pll_adc_clk rise@8.000ns - pll_adc_clk rise@0.000ns)
  Data Path Delay:        7.671ns  (logic 1.568ns (20.441%)  route 6.103ns (79.559%))
  Logic Levels:           5  (LUT2=2 LUT3=1 LUT6=2)
  Clock Path Skew:        -0.164ns (DCD - SCD + CPR)
    Destination Clock Delay (DCD):    5.390ns = ( 13.390 - 8.000 ) 
    Source Clock Delay      (SCD):    5.897ns
    Clock Pessimism Removal (CPR):    0.343ns
  Clock Uncertainty:      0.069ns  ((TSJ^2 + DJ^2)^1/2) / 2 + PE
    Total System Jitter     (TSJ):    0.071ns
    Discrete Jitter          (DJ):    0.118ns
    Phase Error              (PE):    0.000ns

    Location             Delay type                Incr(ns)  Path(ns)    Netlist Resource(s)
  -------------------------------------------------------------------    -------------------
                         (clock pll_adc_clk rise edge)
                                                      0.000     0.000 r  
    U18                                               0.000     0.000 r  adc_clk_i[1] (IN)
                         net (fo=0)                   0.000     0.000    adc_clk_i[1]
    U18                                                               r  i_clk/I
    U18                  IBUFDS (Prop_ibufds_I_O)     0.983     0.983 r  i_clk/O
                         net (fo=1, routed)           1.306     2.289    pll/adc_clk_in
    PLLE2_ADV_X0Y0                                                    r  pll/pll/CLKIN1
    PLLE2_ADV_X0Y0       PLLE2_ADV (Prop_plle2_adv_CLKIN1_CLKOUT0)
                                                      0.089     2.378 r  pll/pll/CLKOUT0
                         net (fo=1, routed)           1.754     4.132    pll_adc_clk
    BUFGCTRL_X0Y0                                                     r  bufg_adc_clk/I
    BUFGCTRL_X0Y0        BUFG (Prop_bufg_I_O)         0.101     4.233 r  bufg_adc_clk/O
                         net (fo=7983, routed)        1.664     5.897    ps/axi_slave_gp0/adc_clk
    SLICE_X19Y51         FDRE                                         r  ps/axi_slave_gp0/rd_do_reg/C
  -------------------------------------------------------------------    -------------------
    SLICE_X19Y51         FDRE (Prop_fdre_C_Q)         0.456     6.353 r  ps/axi_slave_gp0/rd_do_reg/Q
                         net (fo=171, routed)         0.993     7.346    ps/axi_slave_gp0/rd_do
    SLICE_X18Y49                                                      r  ps/axi_slave_gp0/scan_offset_o[13]_i_4/I1
    SLICE_X18Y49         LUT3 (Prop_lut3_I1_O)        0.152     7.498 r  ps/axi_slave_gp0/scan_offset_o[13]_i_4/O
                         net (fo=126, routed)         1.396     8.894    ps/axi_slave_gp0/rd_araddr_reg[2]_9
    SLICE_X14Y42                                                      r  ps/axi_slave_gp0/FSM_onehot_arm_phase_q[4]_i_4/I3
    SLICE_X14Y42         LUT6 (Prop_lut6_I3_O)        0.326     9.220 r  ps/axi_slave_gp0/FSM_onehot_arm_phase_q[4]_i_4/O
                         net (fo=12, routed)          0.743     9.963    ps/axi_slave_gp0/FSM_onehot_arm_phase_q[4]_i_4_n_0
    SLICE_X13Y42                                                      r  ps/axi_slave_gp0/event_stage_fault_code_q[0]_i_2/I0
    SLICE_X13Y42         LUT6 (Prop_lut6_I0_O)        0.124    10.087 r  ps/axi_slave_gp0/event_stage_fault_code_q[0]_i_2/O
                         net (fo=8, routed)           0.633    10.720    ps/axi_slave_gp0/acq_abort
    SLICE_X10Y41                                                      r  ps/axi_slave_gp0/arm_window_q[31]_i_2/I0
    SLICE_X10Y41         LUT2 (Prop_lut2_I0_O)        0.153    10.873 r  ps/axi_slave_gp0/arm_window_q[31]_i_2/O
                         net (fo=65, routed)          0.889    11.762    i_custom_register_bank/i_deterministic_lock_acquisition/arm_target_high_q_reg[0]_0
    SLICE_X9Y42                                                       r  i_custom_register_bank/i_deterministic_lock_acquisition/arm_window_q[31]_i_1/I1
    SLICE_X9Y42          LUT2 (Prop_lut2_I1_O)        0.357    12.119 f  i_custom_register_bank/i_deterministic_lock_acquisition/arm_window_q[31]_i_1/O
                         net (fo=327, routed)         1.449    13.568    i_custom_register_bank/i_deterministic_lock_acquisition/arm_window_q[31]_i_1_n_0
    SLICE_X19Y46         FDRE                                         f  i_custom_register_bank/i_deterministic_lock_acquisition/arm_target_out2_q_reg[9]/CE
  -------------------------------------------------------------------    -------------------

                         (clock pll_adc_clk rise edge)
                                                      8.000     8.000 r  
    U18                                               0.000     8.000 r  adc_clk_i[1] (IN)
                         net (fo=0)                   0.000     8.000    adc_clk_i[1]
    U18                                                               r  i_clk/I
    U18                  IBUFDS (Prop_ibufds_I_O)     0.940     8.940 r  i_clk/O
                         net (fo=1, routed)           1.181    10.121    pll/adc_clk_in
    PLLE2_ADV_X0Y0                                                    r  pll/pll/CLKIN1
    PLLE2_ADV_X0Y0       PLLE2_ADV (Prop_plle2_adv_CLKIN1_CLKOUT0)
                                                      0.084    10.205 r  pll/pll/CLKOUT0
                         net (fo=1, routed)           1.594    11.799    pll_adc_clk
    BUFGCTRL_X0Y0                                                     r  bufg_adc_clk/I
    BUFGCTRL_X0Y0        BUFG (Prop_bufg_I_O)         0.091    11.890 r  bufg_adc_clk/O
                         net (fo=7983, routed)        1.500    13.390    i_custom_register_bank/i_deterministic_lock_acquisition/adc_clk
    SLICE_X19Y46         FDRE                                         r  i_custom_register_bank/i_deterministic_lock_acquisition/arm_target_out2_q_reg[9]/C
                         clock pessimism              0.343    13.734    
                         clock uncertainty           -0.069    13.665    
    SLICE_X19Y46         FDRE (Setup_fdre_C_CE)      -0.413    13.252    i_custom_register_bank/i_deterministic_lock_acquisition/arm_target_out2_q_reg[9]
  -------------------------------------------------------------------
                         required time                         13.252    
                         arrival time                         -13.568    
  -------------------------------------------------------------------
                         slack                                 -0.317    

Slack (VIOLATED) :        -0.317ns  (required time - arrival time)
  Source:                 ps/axi_slave_gp0/rd_do_reg/C
                            (rising edge-triggered cell FDRE clocked by pll_adc_clk  {rise@0.000ns fall@4.000ns period=8.000ns})
  Destination:            i_custom_register_bank/i_deterministic_lock_acquisition/arm_target_out2_q_reg[9]/CE
                            (rising edge-triggered cell FDRE clocked by pll_adc_clk  {rise@0.000ns fall@4.000ns period=8.000ns})
  Path Group:             pll_adc_clk
  Path Type:              Setup (Max at Slow Process Corner)
  Requirement:            8.000ns  (pll_adc_clk rise@8.000ns - pll_adc_clk rise@0.000ns)
  Data Path Delay:        7.671ns  (logic 1.568ns (20.441%)  route 6.103ns (79.559%))
  Logic Levels:           5  (LUT2=2 LUT3=1 LUT6=2)
  Clock Path Skew:        -0.164ns (DCD - SCD + CPR)
    Destination Clock Delay (DCD):    5.390ns = ( 13.390 - 8.000 ) 
    Source Clock Delay      (SCD):    5.897ns
    Clock Pessimism Removal (CPR):    0.343ns
  Clock Uncertainty:      0.069ns  ((TSJ^2 + DJ^2)^1/2) / 2 + PE
    Total System Jitter     (TSJ):    0.071ns
    Discrete Jitter          (DJ):    0.118ns
    Phase Error              (PE):    0.000ns

    Location             Delay type                Incr(ns)  Path(ns)    Netlist Resource(s)
  -------------------------------------------------------------------    -------------------
                         (clock pll_adc_clk rise edge)
                                                      0.000     0.000 r  
    U18                                               0.000     0.000 r  adc_clk_i[1] (IN)
                         net (fo=0)                   0.000     0.000    adc_clk_i[1]
    U18                                                               r  i_clk/I
    U18                  IBUFDS (Prop_ibufds_I_O)     0.983     0.983 r  i_clk/O
                         net (fo=1, routed)           1.306     2.289    pll/adc_clk_in
    PLLE2_ADV_X0Y0                                                    r  pll/pll/CLKIN1
    PLLE2_ADV_X0Y0       PLLE2_ADV (Prop_plle2_adv_CLKIN1_CLKOUT0)
                                                      0.089     2.378 r  pll/pll/CLKOUT0
                         net (fo=1, routed)           1.754     4.132    pll_adc_clk
    BUFGCTRL_X0Y0                                                     r  bufg_adc_clk/I
    BUFGCTRL_X0Y0        BUFG (Prop_bufg_I_O)         0.101     4.233 r  bufg_adc_clk/O
                         net (fo=7983, routed)        1.664     5.897    ps/axi_slave_gp0/adc_clk
    SLICE_X19Y51         FDRE                                         r  ps/axi_slave_gp0/rd_do_reg/C
  -------------------------------------------------------------------    -------------------
    SLICE_X19Y51         FDRE (Prop_fdre_C_Q)         0.456     6.353 f  ps/axi_slave_gp0/rd_do_reg/Q
                         net (fo=171, routed)         0.993     7.346    ps/axi_slave_gp0/rd_do
    SLICE_X18Y49                                                      f  ps/axi_slave_gp0/scan_offset_o[13]_i_4/I1
    SLICE_X18Y49         LUT3 (Prop_lut3_I1_O)        0.152     7.498 r  ps/axi_slave_gp0/scan_offset_o[13]_i_4/O
                         net (fo=126, routed)         1.396     8.894    ps/axi_slave_gp0/rd_araddr_reg[2]_9
    SLICE_X14Y42                                                      r  ps/axi_slave_gp0/FSM_onehot_arm_phase_q[4]_i_4/I3
    SLICE_X14Y42         LUT6 (Prop_lut6_I3_O)        0.326     9.220 r  ps/axi_slave_gp0/FSM_onehot_arm_phase_q[4]_i_4/O
                         net (fo=12, routed)          0.743     9.963    ps/axi_slave_gp0/FSM_onehot_arm_phase_q[4]_i_4_n_0
    SLICE_X13Y42                                                      r  ps/axi_slave_gp0/event_stage_fault_code_q[0]_i_2/I0
    SLICE_X13Y42         LUT6 (Prop_lut6_I0_O)        0.124    10.087 r  ps/axi_slave_gp0/event_stage_fault_code_q[0]_i_2/O
                         net (fo=8, routed)           0.633    10.720    ps/axi_slave_gp0/acq_abort
    SLICE_X10Y41                                                      r  ps/axi_slave_gp0/arm_window_q[31]_i_2/I0
    SLICE_X10Y41         LUT2 (Prop_lut2_I0_O)        0.153    10.873 r  ps/axi_slave_gp0/arm_window_q[31]_i_2/O
                         net (fo=65, routed)          0.889    11.762    i_custom_register_bank/i_deterministic_lock_acquisition/arm_target_high_q_reg[0]_0
    SLICE_X9Y42                                                       r  i_custom_register_bank/i_deterministic_lock_acquisition/arm_window_q[31]_i_1/I1
    SLICE_X9Y42          LUT2 (Prop_lut2_I1_O)        0.357    12.119 f  i_custom_register_bank/i_deterministic_lock_acquisition/arm_window_q[31]_i_1/O
                         net (fo=327, routed)         1.449    13.568    i_custom_register_bank/i_deterministic_lock_acquisition/arm_window_q[31]_i_1_n_0
    SLICE_X19Y46         FDRE                                         f  i_custom_register_bank/i_deterministic_lock_acquisition/arm_target_out2_q_reg[9]/CE
  -------------------------------------------------------------------    -------------------

                         (clock pll_adc_clk rise edge)
                                                      8.000     8.000 r  
    U18                                               0.000     8.000 r  adc_clk_i[1] (IN)
                         net (fo=0)                   0.000     8.000    adc_clk_i[1]
    U18                                                               r  i_clk/I
    U18                  IBUFDS (Prop_ibufds_I_O)     0.940     8.940 r  i_clk/O
                         net (fo=1, routed)           1.181    10.121    pll/adc_clk_in
    PLLE2_ADV_X0Y0                                                    r  pll/pll/CLKIN1
    PLLE2_ADV_X0Y0       PLLE2_ADV (Prop_plle2_adv_CLKIN1_CLKOUT0)
                                                      0.084    10.205 r  pll/pll/CLKOUT0
                         net (fo=1, routed)           1.594    11.799    pll_adc_clk
    BUFGCTRL_X0Y0                                                     r  bufg_adc_clk/I
    BUFGCTRL_X0Y0        BUFG (Prop_bufg_I_O)         0.091    11.890 r  bufg_adc_clk/O
                         net (fo=7983, routed)        1.500    13.390    i_custom_register_bank/i_deterministic_lock_acquisition/adc_clk
    SLICE_X19Y46         FDRE                                         r  i_custom_register_bank/i_deterministic_lock_acquisition/arm_target_out2_q_reg[9]/C
                         clock pessimism              0.343    13.734    
                         clock uncertainty           -0.069    13.665    
    SLICE_X19Y46         FDRE (Setup_fdre_C_CE)      -0.413    13.252    i_custom_register_bank/i_deterministic_lock_acquisition/arm_target_out2_q_reg[9]
  -------------------------------------------------------------------
                         required time                         13.252    
                         arrival time                         -13.568    
  -------------------------------------------------------------------
                         slack                                 -0.317    

Slack (VIOLATED) :        -0.315ns  (required time - arrival time)
  Source:                 ps/axi_slave_gp0/rd_do_reg/C
                            (rising edge-triggered cell FDRE clocked by pll_adc_clk  {rise@0.000ns fall@4.000ns period=8.000ns})
  Destination:            i_custom_register_bank/i_deterministic_lock_acquisition/arm_error_setpoint_q_reg[11]/CE
                            (rising edge-triggered cell FDRE clocked by pll_adc_clk  {rise@0.000ns fall@4.000ns period=8.000ns})
  Path Group:             pll_adc_clk
  Path Type:              Setup (Max at Slow Process Corner)
  Requirement:            8.000ns  (pll_adc_clk rise@8.000ns - pll_adc_clk rise@0.000ns)
  Data Path Delay:        7.668ns  (logic 1.692ns (22.065%)  route 5.976ns (77.935%))
  Logic Levels:           6  (LUT2=2 LUT3=1 LUT5=1 LUT6=2)
  Clock Path Skew:        -0.165ns (DCD - SCD + CPR)
    Destination Clock Delay (DCD):    5.389ns = ( 13.389 - 8.000 ) 
    Source Clock Delay      (SCD):    5.897ns
    Clock Pessimism Removal (CPR):    0.343ns
  Clock Uncertainty:      0.069ns  ((TSJ^2 + DJ^2)^1/2) / 2 + PE
    Total System Jitter     (TSJ):    0.071ns
    Discrete Jitter          (DJ):    0.118ns
    Phase Error              (PE):    0.000ns

    Location             Delay type                Incr(ns)  Path(ns)    Netlist Resource(s)
  -------------------------------------------------------------------    -------------------
                         (clock pll_adc_clk rise edge)
                                                      0.000     0.000 r  
    U18                                               0.000     0.000 r  adc_clk_i[1] (IN)
                         net (fo=0)                   0.000     0.000    adc_clk_i[1]
    U18                                                               r  i_clk/I
    U18                  IBUFDS (Prop_ibufds_I_O)     0.983     0.983 r  i_clk/O
                         net (fo=1, routed)           1.306     2.289    pll/adc_clk_in
    PLLE2_ADV_X0Y0                                                    r  pll/pll/CLKIN1
    PLLE2_ADV_X0Y0       PLLE2_ADV (Prop_plle2_adv_CLKIN1_CLKOUT0)
                                                      0.089     2.378 r  pll/pll/CLKOUT0
                         net (fo=1, routed)           1.754     4.132    pll_adc_clk
    BUFGCTRL_X0Y0                                                     r  bufg_adc_clk/I
    BUFGCTRL_X0Y0        BUFG (Prop_bufg_I_O)         0.101     4.233 r  bufg_adc_clk/O
                         net (fo=7983, routed)        1.664     5.897    ps/axi_slave_gp0/adc_clk
    SLICE_X19Y51         FDRE                                         r  ps/axi_slave_gp0/rd_do_reg/C
  -------------------------------------------------------------------    -------------------
    SLICE_X19Y51         FDRE (Prop_fdre_C_Q)         0.456     6.353 r  ps/axi_slave_gp0/rd_do_reg/Q
                         net (fo=171, routed)         0.807     7.160    ps/axi_slave_gp0/rd_do
    SLICE_X18Y51                                                      r  ps/axi_slave_gp0/scan_offset_o[13]_i_5/I1
    SLICE_X18Y51         LUT3 (Prop_lut3_I1_O)        0.152     7.312 r  ps/axi_slave_gp0/scan_offset_o[13]_i_5/O
                         net (fo=96, routed)          0.838     8.150    ps/axi_slave_gp0/rd_araddr_reg[3]_10
    SLICE_X17Y51                                                      r  ps/axi_slave_gp0/FSM_onehot_arm_phase_q[4]_i_8/I0
    SLICE_X17Y51         LUT5 (Prop_lut5_I0_O)        0.326     8.476 r  ps/axi_slave_gp0/FSM_onehot_arm_phase_q[4]_i_8/O
                         net (fo=1, routed)           0.667     9.143    ps/axi_slave_gp0/FSM_onehot_arm_phase_q[4]_i_8_n_0
    SLICE_X14Y42                                                      r  ps/axi_slave_gp0/FSM_onehot_arm_phase_q[4]_i_4/I5
    SLICE_X14Y42         LUT6 (Prop_lut6_I5_O)        0.124     9.267 f  ps/axi_slave_gp0/FSM_onehot_arm_phase_q[4]_i_4/O
                         net (fo=12, routed)          0.743    10.010    ps/axi_slave_gp0/FSM_onehot_arm_phase_q[4]_i_4_n_0
    SLICE_X13Y42                                                      f  ps/axi_slave_gp0/event_stage_fault_code_q[0]_i_2/I0
    SLICE_X13Y42         LUT6 (Prop_lut6_I0_O)        0.124    10.134 f  ps/axi_slave_gp0/event_stage_fault_code_q[0]_i_2/O
                         net (fo=8, routed)           0.633    10.767    ps/axi_slave_gp0/acq_abort
    SLICE_X10Y41                                                      f  ps/axi_slave_gp0/arm_window_q[31]_i_2/I0
    SLICE_X10Y41         LUT2 (Prop_lut2_I0_O)        0.153    10.920 f  ps/axi_slave_gp0/arm_window_q[31]_i_2/O
                         net (fo=65, routed)          0.889    11.809    i_custom_register_bank/i_deterministic_lock_acquisition/arm_target_high_q_reg[0]_0
    SLICE_X9Y42                                                       f  i_custom_register_bank/i_deterministic_lock_acquisition/arm_window_q[31]_i_1/I1
    SLICE_X9Y42          LUT2 (Prop_lut2_I1_O)        0.357    12.166 r  i_custom_register_bank/i_deterministic_lock_acquisition/arm_window_q[31]_i_1/O
                         net (fo=327, routed)         1.399    13.565    i_custom_register_bank/i_deterministic_lock_acquisition/arm_window_q[31]_i_1_n_0
    SLICE_X21Y46         FDRE                                         r  i_custom_register_bank/i_deterministic_lock_acquisition/arm_error_setpoint_q_reg[11]/CE
  -------------------------------------------------------------------    -------------------

                         (clock pll_adc_clk rise edge)
                                                      8.000     8.000 r  
    U18                                               0.000     8.000 r  adc_clk_i[1] (IN)
                         net (fo=0)                   0.000     8.000    adc_clk_i[1]
    U18                                                               r  i_clk/I
    U18                  IBUFDS (Prop_ibufds_I_O)     0.940     8.940 r  i_clk/O
                         net (fo=1, routed)           1.181    10.121    pll/adc_clk_in
    PLLE2_ADV_X0Y0                                                    r  pll/pll/CLKIN1
    PLLE2_ADV_X0Y0       PLLE2_ADV (Prop_plle2_adv_CLKIN1_CLKOUT0)
                                                      0.084    10.205 r  pll/pll/CLKOUT0
                         net (fo=1, routed)           1.594    11.799    pll_adc_clk
    BUFGCTRL_X0Y0                                                     r  bufg_adc_clk/I
    BUFGCTRL_X0Y0        BUFG (Prop_bufg_I_O)         0.091    11.890 r  bufg_adc_clk/O
                         net (fo=7983, routed)        1.499    13.389    i_custom_register_bank/i_deterministic_lock_acquisition/adc_clk
    SLICE_X21Y46         FDRE                                         r  i_custom_register_bank/i_deterministic_lock_acquisition/arm_error_setpoint_q_reg[11]/C
                         clock pessimism              0.343    13.733    
                         clock uncertainty           -0.069    13.664    
    SLICE_X21Y46         FDRE (Setup_fdre_C_CE)      -0.413    13.251    i_custom_register_bank/i_deterministic_lock_acquisition/arm_error_setpoint_q_reg[11]
  -------------------------------------------------------------------
                         required time                         13.251    
                         arrival time                         -13.565    
  -------------------------------------------------------------------
                         slack                                 -0.315    

Slack (VIOLATED) :        -0.315ns  (required time - arrival time)
  Source:                 ps/axi_slave_gp0/rd_do_reg/C
                            (rising edge-triggered cell FDRE clocked by pll_adc_clk  {rise@0.000ns fall@4.000ns period=8.000ns})
  Destination:            i_custom_register_bank/i_deterministic_lock_acquisition/arm_error_setpoint_q_reg[11]/CE
                            (rising edge-triggered cell FDRE clocked by pll_adc_clk  {rise@0.000ns fall@4.000ns period=8.000ns})
  Path Group:             pll_adc_clk
  Path Type:              Setup (Max at Slow Process Corner)
  Requirement:            8.000ns  (pll_adc_clk rise@8.000ns - pll_adc_clk rise@0.000ns)
  Data Path Delay:        7.668ns  (logic 1.692ns (22.065%)  route 5.976ns (77.935%))
  Logic Levels:           6  (LUT2=2 LUT3=1 LUT5=1 LUT6=2)
  Clock Path Skew:        -0.165ns (DCD - SCD + CPR)
    Destination Clock Delay (DCD):    5.389ns = ( 13.389 - 8.000 ) 
    Source Clock Delay      (SCD):    5.897ns
    Clock Pessimism Removal (CPR):    0.343ns
  Clock Uncertainty:      0.069ns  ((TSJ^2 + DJ^2)^1/2) / 2 + PE
    Total System Jitter     (TSJ):    0.071ns
    Discrete Jitter          (DJ):    0.118ns
    Phase Error              (PE):    0.000ns

    Location             Delay type                Incr(ns)  Path(ns)    Netlist Resource(s)
  -------------------------------------------------------------------    -------------------
                         (clock pll_adc_clk rise edge)
                                                      0.000     0.000 r  
    U18                                               0.000     0.000 r  adc_clk_i[1] (IN)
                         net (fo=0)                   0.000     0.000    adc_clk_i[1]
    U18                                                               r  i_clk/I
    U18                  IBUFDS (Prop_ibufds_I_O)     0.983     0.983 r  i_clk/O
                         net (fo=1, routed)           1.306     2.289    pll/adc_clk_in
    PLLE2_ADV_X0Y0                                                    r  pll/pll/CLKIN1
    PLLE2_ADV_X0Y0       PLLE2_ADV (Prop_plle2_adv_CLKIN1_CLKOUT0)
                                                      0.089     2.378 r  pll/pll/CLKOUT0
                         net (fo=1, routed)           1.754     4.132    pll_adc_clk
    BUFGCTRL_X0Y0                                                     r  bufg_adc_clk/I
    BUFGCTRL_X0Y0        BUFG (Prop_bufg_I_O)         0.101     4.233 r  bufg_adc_clk/O
                         net (fo=7983, routed)        1.664     5.897    ps/axi_slave_gp0/adc_clk
    SLICE_X19Y51         FDRE                                         r  ps/axi_slave_gp0/rd_do_reg/C
  -------------------------------------------------------------------    -------------------
    SLICE_X19Y51         FDRE (Prop_fdre_C_Q)         0.456     6.353 f  ps/axi_slave_gp0/rd_do_reg/Q
                         net (fo=171, routed)         0.807     7.160    ps/axi_slave_gp0/rd_do
    SLICE_X18Y51                                                      f  ps/axi_slave_gp0/scan_offset_o[13]_i_5/I1
    SLICE_X18Y51         LUT3 (Prop_lut3_I1_O)        0.152     7.312 r  ps/axi_slave_gp0/scan_offset_o[13]_i_5/O
                         net (fo=96, routed)          0.838     8.150    ps/axi_slave_gp0/rd_araddr_reg[3]_10
    SLICE_X17Y51                                                      r  ps/axi_slave_gp0/FSM_onehot_arm_phase_q[4]_i_8/I0
    SLICE_X17Y51         LUT5 (Prop_lut5_I0_O)        0.326     8.476 r  ps/axi_slave_gp0/FSM_onehot_arm_phase_q[4]_i_8/O
                         net (fo=1, routed)           0.667     9.143    ps/axi_slave_gp0/FSM_onehot_arm_phase_q[4]_i_8_n_0
    SLICE_X14Y42                                                      r  ps/axi_slave_gp0/FSM_onehot_arm_phase_q[4]_i_4/I5
    SLICE_X14Y42         LUT6 (Prop_lut6_I5_O)        0.124     9.267 f  ps/axi_slave_gp0/FSM_onehot_arm_phase_q[4]_i_4/O
                         net (fo=12, routed)          0.743    10.010    ps/axi_slave_gp0/FSM_onehot_arm_phase_q[4]_i_4_n_0
    SLICE_X13Y42                                                      f  ps/axi_slave_gp0/event_stage_fault_code_q[0]_i_2/I0
    SLICE_X13Y42         LUT6 (Prop_lut6_I0_O)        0.124    10.134 f  ps/axi_slave_gp0/event_stage_fault_code_q[0]_i_2/O
                         net (fo=8, routed)           0.633    10.767    ps/axi_slave_gp0/acq_abort
    SLICE_X10Y41                                                      f  ps/axi_slave_gp0/arm_window_q[31]_i_2/I0
    SLICE_X10Y41         LUT2 (Prop_lut2_I0_O)        0.153    10.920 f  ps/axi_slave_gp0/arm_window_q[31]_i_2/O
                         net (fo=65, routed)          0.889    11.809    i_custom_register_bank/i_deterministic_lock_acquisition/arm_target_high_q_reg[0]_0
    SLICE_X9Y42                                                       f  i_custom_register_bank/i_deterministic_lock_acquisition/arm_window_q[31]_i_1/I1
    SLICE_X9Y42          LUT2 (Prop_lut2_I1_O)        0.357    12.166 r  i_custom_register_bank/i_deterministic_lock_acquisition/arm_window_q[31]_i_1/O
                         net (fo=327, routed)         1.399    13.565    i_custom_register_bank/i_deterministic_lock_acquisition/arm_window_q[31]_i_1_n_0
    SLICE_X21Y46         FDRE                                         r  i_custom_register_bank/i_deterministic_lock_acquisition/arm_error_setpoint_q_reg[11]/CE
  -------------------------------------------------------------------    -------------------

                         (clock pll_adc_clk rise edge)
                                                      8.000     8.000 r  
    U18                                               0.000     8.000 r  adc_clk_i[1] (IN)
                         net (fo=0)                   0.000     8.000    adc_clk_i[1]
    U18                                                               r  i_clk/I
    U18                  IBUFDS (Prop_ibufds_I_O)     0.940     8.940 r  i_clk/O
                         net (fo=1, routed)           1.181    10.121    pll/adc_clk_in
    PLLE2_ADV_X0Y0                                                    r  pll/pll/CLKIN1
    PLLE2_ADV_X0Y0       PLLE2_ADV (Prop_plle2_adv_CLKIN1_CLKOUT0)
                                                      0.084    10.205 r  pll/pll/CLKOUT0
                         net (fo=1, routed)           1.594    11.799    pll_adc_clk
    BUFGCTRL_X0Y0                                                     r  bufg_adc_clk/I
    BUFGCTRL_X0Y0        BUFG (Prop_bufg_I_O)         0.091    11.890 r  bufg_adc_clk/O
                         net (fo=7983, routed)        1.499    13.389    i_custom_register_bank/i_deterministic_lock_acquisition/adc_clk
    SLICE_X21Y46         FDRE                                         r  i_custom_register_bank/i_deterministic_lock_acquisition/arm_error_setpoint_q_reg[11]/C
                         clock pessimism              0.343    13.733    
                         clock uncertainty           -0.069    13.664    
    SLICE_X21Y46         FDRE (Setup_fdre_C_CE)      -0.413    13.251    i_custom_register_bank/i_deterministic_lock_acquisition/arm_error_setpoint_q_reg[11]
  -------------------------------------------------------------------
                         required time                         13.251    
                         arrival time                         -13.565    
  -------------------------------------------------------------------
                         slack                                 -0.315    

Slack (VIOLATED) :        -0.315ns  (required time - arrival time)
  Source:                 ps/axi_slave_gp0/rd_do_reg/C
                            (rising edge-triggered cell FDRE clocked by pll_adc_clk  {rise@0.000ns fall@4.000ns period=8.000ns})
  Destination:            i_custom_register_bank/i_deterministic_lock_acquisition/arm_error_setpoint_q_reg[11]/CE
                            (rising edge-triggered cell FDRE clocked by pll_adc_clk  {rise@0.000ns fall@4.000ns period=8.000ns})
  Path Group:             pll_adc_clk
  Path Type:              Setup (Max at Slow Process Corner)
  Requirement:            8.000ns  (pll_adc_clk rise@8.000ns - pll_adc_clk rise@0.000ns)
  Data Path Delay:        7.668ns  (logic 1.692ns (22.065%)  route 5.976ns (77.935%))
  Logic Levels:           6  (LUT2=2 LUT3=1 LUT5=1 LUT6=2)
  Clock Path Skew:        -0.165ns (DCD - SCD + CPR)
    Destination Clock Delay (DCD):    5.389ns = ( 13.389 - 8.000 ) 
    Source Clock Delay      (SCD):    5.897ns
    Clock Pessimism Removal (CPR):    0.343ns
  Clock Uncertainty:      0.069ns  ((TSJ^2 + DJ^2)^1/2) / 2 + PE
    Total System Jitter     (TSJ):    0.071ns
    Discrete Jitter          (DJ):    0.118ns
    Phase Error              (PE):    0.000ns

    Location             Delay type                Incr(ns)  Path(ns)    Netlist Resource(s)
  -------------------------------------------------------------------    -------------------
                         (clock pll_adc_clk rise edge)
                                                      0.000     0.000 r  
    U18                                               0.000     0.000 r  adc_clk_i[1] (IN)
                         net (fo=0)                   0.000     0.000    adc_clk_i[1]
    U18                                                               r  i_clk/I
    U18                  IBUFDS (Prop_ibufds_I_O)     0.983     0.983 r  i_clk/O
                         net (fo=1, routed)           1.306     2.289    pll/adc_clk_in
    PLLE2_ADV_X0Y0                                                    r  pll/pll/CLKIN1
    PLLE2_ADV_X0Y0       PLLE2_ADV (Prop_plle2_adv_CLKIN1_CLKOUT0)
                                                      0.089     2.378 r  pll/pll/CLKOUT0
                         net (fo=1, routed)           1.754     4.132    pll_adc_clk
    BUFGCTRL_X0Y0                                                     r  bufg_adc_clk/I
    BUFGCTRL_X0Y0        BUFG (Prop_bufg_I_O)         0.101     4.233 r  bufg_adc_clk/O
                         net (fo=7983, routed)        1.664     5.897    ps/axi_slave_gp0/adc_clk
    SLICE_X19Y51         FDRE                                         r  ps/axi_slave_gp0/rd_do_reg/C
  -------------------------------------------------------------------    -------------------
    SLICE_X19Y51         FDRE (Prop_fdre_C_Q)         0.456     6.353 r  ps/axi_slave_gp0/rd_do_reg/Q
                         net (fo=171, routed)         0.807     7.160    ps/axi_slave_gp0/rd_do
    SLICE_X18Y51                                                      r  ps/axi_slave_gp0/scan_offset_o[13]_i_5/I1
    SLICE_X18Y51         LUT3 (Prop_lut3_I1_O)        0.152     7.312 f  ps/axi_slave_gp0/scan_offset_o[13]_i_5/O
                         net (fo=96, routed)          0.838     8.150    ps/axi_slave_gp0/rd_araddr_reg[3]_10
    SLICE_X17Y51                                                      f  ps/axi_slave_gp0/FSM_onehot_arm_phase_q[4]_i_8/I0
    SLICE_X17Y51         LUT5 (Prop_lut5_I0_O)        0.326     8.476 f  ps/axi_slave_gp0/FSM_onehot_arm_phase_q[4]_i_8/O
                         net (fo=1, routed)           0.667     9.143    ps/axi_slave_gp0/FSM_onehot_arm_phase_q[4]_i_8_n_0
    SLICE_X14Y42                                                      f  ps/axi_slave_gp0/FSM_onehot_arm_phase_q[4]_i_4/I5
    SLICE_X14Y42         LUT6 (Prop_lut6_I5_O)        0.124     9.267 r  ps/axi_slave_gp0/FSM_onehot_arm_phase_q[4]_i_4/O
                         net (fo=12, routed)          0.743    10.010    ps/axi_slave_gp0/FSM_onehot_arm_phase_q[4]_i_4_n_0
    SLICE_X13Y42                                                      r  ps/axi_slave_gp0/event_stage_fault_code_q[0]_i_2/I0
    SLICE_X13Y42         LUT6 (Prop_lut6_I0_O)        0.124    10.134 r  ps/axi_slave_gp0/event_stage_fault_code_q[0]_i_2/O
                         net (fo=8, routed)           0.633    10.767    ps/axi_slave_gp0/acq_abort
    SLICE_X10Y41                                                      r  ps/axi_slave_gp0/arm_window_q[31]_i_2/I0
    SLICE_X10Y41         LUT2 (Prop_lut2_I0_O)        0.153    10.920 r  ps/axi_slave_gp0/arm_window_q[31]_i_2/O
                         net (fo=65, routed)          0.889    11.809    i_custom_register_bank/i_deterministic_lock_acquisition/arm_target_high_q_reg[0]_0
    SLICE_X9Y42                                                       r  i_custom_register_bank/i_deterministic_lock_acquisition/arm_window_q[31]_i_1/I1
    SLICE_X9Y42          LUT2 (Prop_lut2_I1_O)        0.357    12.166 f  i_custom_register_bank/i_deterministic_lock_acquisition/arm_window_q[31]_i_1/O
                         net (fo=327, routed)         1.399    13.565    i_custom_register_bank/i_deterministic_lock_acquisition/arm_window_q[31]_i_1_n_0
    SLICE_X21Y46         FDRE                                         f  i_custom_register_bank/i_deterministic_lock_acquisition/arm_error_setpoint_q_reg[11]/CE
  -------------------------------------------------------------------    -------------------

                         (clock pll_adc_clk rise edge)
                                                      8.000     8.000 r  
    U18                                               0.000     8.000 r  adc_clk_i[1] (IN)
                         net (fo=0)                   0.000     8.000    adc_clk_i[1]
    U18                                                               r  i_clk/I
    U18                  IBUFDS (Prop_ibufds_I_O)     0.940     8.940 r  i_clk/O
                         net (fo=1, routed)           1.181    10.121    pll/adc_clk_in
    PLLE2_ADV_X0Y0                                                    r  pll/pll/CLKIN1
    PLLE2_ADV_X0Y0       PLLE2_ADV (Prop_plle2_adv_CLKIN1_CLKOUT0)
                                                      0.084    10.205 r  pll/pll/CLKOUT0
                         net (fo=1, routed)           1.594    11.799    pll_adc_clk
    BUFGCTRL_X0Y0                                                     r  bufg_adc_clk/I
    BUFGCTRL_X0Y0        BUFG (Prop_bufg_I_O)         0.091    11.890 r  bufg_adc_clk/O
                         net (fo=7983, routed)        1.499    13.389    i_custom_register_bank/i_deterministic_lock_acquisition/adc_clk
    SLICE_X21Y46         FDRE                                         r  i_custom_register_bank/i_deterministic_lock_acquisition/arm_error_setpoint_q_reg[11]/C
                         clock pessimism              0.343    13.733    
                         clock uncertainty           -0.069    13.664    
    SLICE_X21Y46         FDRE (Setup_fdre_C_CE)      -0.413    13.251    i_custom_register_bank/i_deterministic_lock_acquisition/arm_error_setpoint_q_reg[11]
  -------------------------------------------------------------------
                         required time                         13.251    
                         arrival time                         -13.565    
  -------------------------------------------------------------------
                         slack                                 -0.315    

Slack (VIOLATED) :        -0.315ns  (required time - arrival time)
  Source:                 ps/axi_slave_gp0/rd_do_reg/C
                            (rising edge-triggered cell FDRE clocked by pll_adc_clk  {rise@0.000ns fall@4.000ns period=8.000ns})
  Destination:            i_custom_register_bank/i_deterministic_lock_acquisition/arm_error_setpoint_q_reg[11]/CE
                            (rising edge-triggered cell FDRE clocked by pll_adc_clk  {rise@0.000ns fall@4.000ns period=8.000ns})
  Path Group:             pll_adc_clk
  Path Type:              Setup (Max at Slow Process Corner)
  Requirement:            8.000ns  (pll_adc_clk rise@8.000ns - pll_adc_clk rise@0.000ns)
  Data Path Delay:        7.668ns  (logic 1.692ns (22.065%)  route 5.976ns (77.935%))
  Logic Levels:           6  (LUT2=2 LUT3=1 LUT5=1 LUT6=2)
  Clock Path Skew:        -0.165ns (DCD - SCD + CPR)
    Destination Clock Delay (DCD):    5.389ns = ( 13.389 - 8.000 ) 
    Source Clock Delay      (SCD):    5.897ns
    Clock Pessimism Removal (CPR):    0.343ns
  Clock Uncertainty:      0.069ns  ((TSJ^2 + DJ^2)^1/2) / 2 + PE
    Total System Jitter     (TSJ):    0.071ns
    Discrete Jitter          (DJ):    0.118ns
    Phase Error              (PE):    0.000ns

    Location             Delay type                Incr(ns)  Path(ns)    Netlist Resource(s)
  -------------------------------------------------------------------    -------------------
                         (clock pll_adc_clk rise edge)
                                                      0.000     0.000 r  
    U18                                               0.000     0.000 r  adc_clk_i[1] (IN)
                         net (fo=0)                   0.000     0.000    adc_clk_i[1]
    U18                                                               r  i_clk/I
    U18                  IBUFDS (Prop_ibufds_I_O)     0.983     0.983 r  i_clk/O
                         net (fo=1, routed)           1.306     2.289    pll/adc_clk_in
    PLLE2_ADV_X0Y0                                                    r  pll/pll/CLKIN1
    PLLE2_ADV_X0Y0       PLLE2_ADV (Prop_plle2_adv_CLKIN1_CLKOUT0)
                                                      0.089     2.378 r  pll/pll/CLKOUT0
                         net (fo=1, routed)           1.754     4.132    pll_adc_clk
    BUFGCTRL_X0Y0                                                     r  bufg_adc_clk/I
    BUFGCTRL_X0Y0        BUFG (Prop_bufg_I_O)         0.101     4.233 r  bufg_adc_clk/O
                         net (fo=7983, routed)        1.664     5.897    ps/axi_slave_gp0/adc_clk
    SLICE_X19Y51         FDRE                                         r  ps/axi_slave_gp0/rd_do_reg/C
  -------------------------------------------------------------------    -------------------
    SLICE_X19Y51         FDRE (Prop_fdre_C_Q)         0.456     6.353 f  ps/axi_slave_gp0/rd_do_reg/Q
                         net (fo=171, routed)         0.807     7.160    ps/axi_slave_gp0/rd_do
    SLICE_X18Y51                                                      f  ps/axi_slave_gp0/scan_offset_o[13]_i_5/I1
    SLICE_X18Y51         LUT3 (Prop_lut3_I1_O)        0.152     7.312 f  ps/axi_slave_gp0/scan_offset_o[13]_i_5/O
                         net (fo=96, routed)          0.838     8.150    ps/axi_slave_gp0/rd_araddr_reg[3]_10
    SLICE_X17Y51                                                      f  ps/axi_slave_gp0/FSM_onehot_arm_phase_q[4]_i_8/I0
    SLICE_X17Y51         LUT5 (Prop_lut5_I0_O)        0.326     8.476 f  ps/axi_slave_gp0/FSM_onehot_arm_phase_q[4]_i_8/O
                         net (fo=1, routed)           0.667     9.143    ps/axi_slave_gp0/FSM_onehot_arm_phase_q[4]_i_8_n_0
    SLICE_X14Y42                                                      f  ps/axi_slave_gp0/FSM_onehot_arm_phase_q[4]_i_4/I5
    SLICE_X14Y42         LUT6 (Prop_lut6_I5_O)        0.124     9.267 r  ps/axi_slave_gp0/FSM_onehot_arm_phase_q[4]_i_4/O
                         net (fo=12, routed)          0.743    10.010    ps/axi_slave_gp0/FSM_onehot_arm_phase_q[4]_i_4_n_0
    SLICE_X13Y42                                                      r  ps/axi_slave_gp0/event_stage_fault_code_q[0]_i_2/I0
    SLICE_X13Y42         LUT6 (Prop_lut6_I0_O)        0.124    10.134 r  ps/axi_slave_gp0/event_stage_fault_code_q[0]_i_2/O
                         net (fo=8, routed)           0.633    10.767    ps/axi_slave_gp0/acq_abort
    SLICE_X10Y41                                                      r  ps/axi_slave_gp0/arm_window_q[31]_i_2/I0
    SLICE_X10Y41         LUT2 (Prop_lut2_I0_O)        0.153    10.920 r  ps/axi_slave_gp0/arm_window_q[31]_i_2/O
                         net (fo=65, routed)          0.889    11.809    i_custom_register_bank/i_deterministic_lock_acquisition/arm_target_high_q_reg[0]_0
    SLICE_X9Y42                                                       r  i_custom_register_bank/i_deterministic_lock_acquisition/arm_window_q[31]_i_1/I1
    SLICE_X9Y42          LUT2 (Prop_lut2_I1_O)        0.357    12.166 f  i_custom_register_bank/i_deterministic_lock_acquisition/arm_window_q[31]_i_1/O
                         net (fo=327, routed)         1.399    13.565    i_custom_register_bank/i_deterministic_lock_acquisition/arm_window_q[31]_i_1_n_0
    SLICE_X21Y46         FDRE                                         f  i_custom_register_bank/i_deterministic_lock_acquisition/arm_error_setpoint_q_reg[11]/CE
  -------------------------------------------------------------------    -------------------

                         (clock pll_adc_clk rise edge)
                                                      8.000     8.000 r  
    U18                                               0.000     8.000 r  adc_clk_i[1] (IN)
                         net (fo=0)                   0.000     8.000    adc_clk_i[1]
    U18                                                               r  i_clk/I
    U18                  IBUFDS (Prop_ibufds_I_O)     0.940     8.940 r  i_clk/O
                         net (fo=1, routed)           1.181    10.121    pll/adc_clk_in
    PLLE2_ADV_X0Y0                                                    r  pll/pll/CLKIN1
    PLLE2_ADV_X0Y0       PLLE2_ADV (Prop_plle2_adv_CLKIN1_CLKOUT0)
                                                      0.084    10.205 r  pll/pll/CLKOUT0
                         net (fo=1, routed)           1.594    11.799    pll_adc_clk
    BUFGCTRL_X0Y0                                                     r  bufg_adc_clk/I
    BUFGCTRL_X0Y0        BUFG (Prop_bufg_I_O)         0.091    11.890 r  bufg_adc_clk/O
                         net (fo=7983, routed)        1.499    13.389    i_custom_register_bank/i_deterministic_lock_acquisition/adc_clk
    SLICE_X21Y46         FDRE                                         r  i_custom_register_bank/i_deterministic_lock_acquisition/arm_error_setpoint_q_reg[11]/C
                         clock pessimism              0.343    13.733    
                         clock uncertainty           -0.069    13.664    
    SLICE_X21Y46         FDRE (Setup_fdre_C_CE)      -0.413    13.251    i_custom_register_bank/i_deterministic_lock_acquisition/arm_error_setpoint_q_reg[11]
  -------------------------------------------------------------------
                         required time                         13.251    
                         arrival time                         -13.565    
  -------------------------------------------------------------------
                         slack                                 -0.315    

Slack (VIOLATED) :        -0.289ns  (required time - arrival time)
  Source:                 ps/axi_slave_gp0/wr_awaddr_reg[2]/C
                            (rising edge-triggered cell FDRE clocked by pll_adc_clk  {rise@0.000ns fall@4.000ns period=8.000ns})
  Destination:            i_custom_register_bank/i_deterministic_lock_acquisition/arm_error_setpoint_q_reg[11]/CE
                            (rising edge-triggered cell FDRE clocked by pll_adc_clk  {rise@0.000ns fall@4.000ns period=8.000ns})
  Path Group:             pll_adc_clk
  Path Type:              Setup (Max at Slow Process Corner)
  Requirement:            8.000ns  (pll_adc_clk rise@8.000ns - pll_adc_clk rise@0.000ns)
  Data Path Delay:        7.654ns  (logic 1.566ns (20.461%)  route 6.088ns (79.539%))
  Logic Levels:           5  (LUT2=2 LUT3=1 LUT6=2)
  Clock Path Skew:        -0.154ns (DCD - SCD + CPR)
    Destination Clock Delay (DCD):    5.389ns = ( 13.389 - 8.000 ) 
    Source Clock Delay      (SCD):    5.900ns
    Clock Pessimism Removal (CPR):    0.357ns
  Clock Uncertainty:      0.069ns  ((TSJ^2 + DJ^2)^1/2) / 2 + PE
    Total System Jitter     (TSJ):    0.071ns
    Discrete Jitter          (DJ):    0.118ns
    Phase Error              (PE):    0.000ns

    Location             Delay type                Incr(ns)  Path(ns)    Netlist Resource(s)
  -------------------------------------------------------------------    -------------------
                         (clock pll_adc_clk rise edge)
                                                      0.000     0.000 r  
    U18                                               0.000     0.000 r  adc_clk_i[1] (IN)
                         net (fo=0)                   0.000     0.000    adc_clk_i[1]
    U18                                                               r  i_clk/I
    U18                  IBUFDS (Prop_ibufds_I_O)     0.983     0.983 r  i_clk/O
                         net (fo=1, routed)           1.306     2.289    pll/adc_clk_in
    PLLE2_ADV_X0Y0                                                    r  pll/pll/CLKIN1
    PLLE2_ADV_X0Y0       PLLE2_ADV (Prop_plle2_adv_CLKIN1_CLKOUT0)
                                                      0.089     2.378 r  pll/pll/CLKOUT0
                         net (fo=1, routed)           1.754     4.132    pll_adc_clk
    BUFGCTRL_X0Y0                                                     r  bufg_adc_clk/I
    BUFGCTRL_X0Y0        BUFG (Prop_bufg_I_O)         0.101     4.233 r  bufg_adc_clk/O
                         net (fo=7983, routed)        1.667     5.900    ps/axi_slave_gp0/adc_clk
    SLICE_X23Y39         FDRE                                         r  ps/axi_slave_gp0/wr_awaddr_reg[2]/C
  -------------------------------------------------------------------    -------------------
    SLICE_X23Y39         FDRE (Prop_fdre_C_Q)         0.456     6.356 f  ps/axi_slave_gp0/wr_awaddr_reg[2]/Q
                         net (fo=9, routed)           1.028     7.384    ps/axi_slave_gp0/wr_awaddr[2]
    SLICE_X18Y49                                                      f  ps/axi_slave_gp0/scan_offset_o[13]_i_4/I2
    SLICE_X18Y49         LUT3 (Prop_lut3_I2_O)        0.150     7.534 f  ps/axi_slave_gp0/scan_offset_o[13]_i_4/O
                         net (fo=126, routed)         1.396     8.930    ps/axi_slave_gp0/rd_araddr_reg[2]_9
    SLICE_X14Y42                                                      f  ps/axi_slave_gp0/FSM_onehot_arm_phase_q[4]_i_4/I3
    SLICE_X14Y42         LUT6 (Prop_lut6_I3_O)        0.326     9.256 f  ps/axi_slave_gp0/FSM_onehot_arm_phase_q[4]_i_4/O
                         net (fo=12, routed)          0.743     9.999    ps/axi_slave_gp0/FSM_onehot_arm_phase_q[4]_i_4_n_0
    SLICE_X13Y42                                                      f  ps/axi_slave_gp0/event_stage_fault_code_q[0]_i_2/I0
    SLICE_X13Y42         LUT6 (Prop_lut6_I0_O)        0.124    10.123 f  ps/axi_slave_gp0/event_stage_fault_code_q[0]_i_2/O
                         net (fo=8, routed)           0.633    10.756    ps/axi_slave_gp0/acq_abort
    SLICE_X10Y41                                                      f  ps/axi_slave_gp0/arm_window_q[31]_i_2/I0
    SLICE_X10Y41         LUT2 (Prop_lut2_I0_O)        0.153    10.909 f  ps/axi_slave_gp0/arm_window_q[31]_i_2/O
                         net (fo=65, routed)          0.889    11.798    i_custom_register_bank/i_deterministic_lock_acquisition/arm_target_high_q_reg[0]_0
    SLICE_X9Y42                                                       f  i_custom_register_bank/i_deterministic_lock_acquisition/arm_window_q[31]_i_1/I1
    SLICE_X9Y42          LUT2 (Prop_lut2_I1_O)        0.357    12.155 r  i_custom_register_bank/i_deterministic_lock_acquisition/arm_window_q[31]_i_1/O
                         net (fo=327, routed)         1.399    13.554    i_custom_register_bank/i_deterministic_lock_acquisition/arm_window_q[31]_i_1_n_0
    SLICE_X21Y46         FDRE                                         r  i_custom_register_bank/i_deterministic_lock_acquisition/arm_error_setpoint_q_reg[11]/CE
  -------------------------------------------------------------------    -------------------

                         (clock pll_adc_clk rise edge)
                                                      8.000     8.000 r  
    U18                                               0.000     8.000 r  adc_clk_i[1] (IN)
                         net (fo=0)                   0.000     8.000    adc_clk_i[1]
    U18                                                               r  i_clk/I
    U18                  IBUFDS (Prop_ibufds_I_O)     0.940     8.940 r  i_clk/O
                         net (fo=1, routed)           1.181    10.121    pll/adc_clk_in
    PLLE2_ADV_X0Y0                                                    r  pll/pll/CLKIN1
    PLLE2_ADV_X0Y0       PLLE2_ADV (Prop_plle2_adv_CLKIN1_CLKOUT0)
                                                      0.084    10.205 r  pll/pll/CLKOUT0
                         net (fo=1, routed)           1.594    11.799    pll_adc_clk
    BUFGCTRL_X0Y0                                                     r  bufg_adc_clk/I
    BUFGCTRL_X0Y0        BUFG (Prop_bufg_I_O)         0.091    11.890 r  bufg_adc_clk/O
                         net (fo=7983, routed)        1.499    13.389    i_custom_register_bank/i_deterministic_lock_acquisition/adc_clk
    SLICE_X21Y46         FDRE                                         r  i_custom_register_bank/i_deterministic_lock_acquisition/arm_error_setpoint_q_reg[11]/C
                         clock pessimism              0.357    13.747    
                         clock uncertainty           -0.069    13.678    
    SLICE_X21Y46         FDRE (Setup_fdre_C_CE)      -0.413    13.265    i_custom_register_bank/i_deterministic_lock_acquisition/arm_error_setpoint_q_reg[11]
  -------------------------------------------------------------------
                         required time                         13.265    
                         arrival time                         -13.554    
  -------------------------------------------------------------------
                         slack                                 -0.289    

Slack (VIOLATED) :        -0.289ns  (required time - arrival time)
  Source:                 ps/axi_slave_gp0/wr_awaddr_reg[2]/C
                            (rising edge-triggered cell FDRE clocked by pll_adc_clk  {rise@0.000ns fall@4.000ns period=8.000ns})
  Destination:            i_custom_register_bank/i_deterministic_lock_acquisition/arm_error_setpoint_q_reg[11]/CE
                            (rising edge-triggered cell FDRE clocked by pll_adc_clk  {rise@0.000ns fall@4.000ns period=8.000ns})
  Path Group:             pll_adc_clk
  Path Type:              Setup (Max at Slow Process Corner)
  Requirement:            8.000ns  (pll_adc_clk rise@8.000ns - pll_adc_clk rise@0.000ns)
  Data Path Delay:        7.654ns  (logic 1.566ns (20.461%)  route 6.088ns (79.539%))
  Logic Levels:           5  (LUT2=2 LUT3=1 LUT6=2)
  Clock Path Skew:        -0.154ns (DCD - SCD + CPR)
    Destination Clock Delay (DCD):    5.389ns = ( 13.389 - 8.000 ) 
    Source Clock Delay      (SCD):    5.900ns
    Clock Pessimism Removal (CPR):    0.357ns
  Clock Uncertainty:      0.069ns  ((TSJ^2 + DJ^2)^1/2) / 2 + PE
    Total System Jitter     (TSJ):    0.071ns
    Discrete Jitter          (DJ):    0.118ns
    Phase Error              (PE):    0.000ns

    Location             Delay type                Incr(ns)  Path(ns)    Netlist Resource(s)
  -------------------------------------------------------------------    -------------------
                         (clock pll_adc_clk rise edge)
                                                      0.000     0.000 r  
    U18                                               0.000     0.000 r  adc_clk_i[1] (IN)
                         net (fo=0)                   0.000     0.000    adc_clk_i[1]
    U18                                                               r  i_clk/I
    U18                  IBUFDS (Prop_ibufds_I_O)     0.983     0.983 r  i_clk/O
                         net (fo=1, routed)           1.306     2.289    pll/adc_clk_in
    PLLE2_ADV_X0Y0                                                    r  pll/pll/CLKIN1
    PLLE2_ADV_X0Y0       PLLE2_ADV (Prop_plle2_adv_CLKIN1_CLKOUT0)
                                                      0.089     2.378 r  pll/pll/CLKOUT0
                         net (fo=1, routed)           1.754     4.132    pll_adc_clk
    BUFGCTRL_X0Y0                                                     r  bufg_adc_clk/I
    BUFGCTRL_X0Y0        BUFG (Prop_bufg_I_O)         0.101     4.233 r  bufg_adc_clk/O
                         net (fo=7983, routed)        1.667     5.900    ps/axi_slave_gp0/adc_clk
    SLICE_X23Y39         FDRE                                         r  ps/axi_slave_gp0/wr_awaddr_reg[2]/C
  -------------------------------------------------------------------    -------------------
    SLICE_X23Y39         FDRE (Prop_fdre_C_Q)         0.456     6.356 r  ps/axi_slave_gp0/wr_awaddr_reg[2]/Q
                         net (fo=9, routed)           1.028     7.384    ps/axi_slave_gp0/wr_awaddr[2]
    SLICE_X18Y49                                                      r  ps/axi_slave_gp0/scan_offset_o[13]_i_4/I2
    SLICE_X18Y49         LUT3 (Prop_lut3_I2_O)        0.150     7.534 r  ps/axi_slave_gp0/scan_offset_o[13]_i_4/O
                         net (fo=126, routed)         1.396     8.930    ps/axi_slave_gp0/rd_araddr_reg[2]_9
    SLICE_X14Y42                                                      r  ps/axi_slave_gp0/FSM_onehot_arm_phase_q[4]_i_4/I3
    SLICE_X14Y42         LUT6 (Prop_lut6_I3_O)        0.326     9.256 r  ps/axi_slave_gp0/FSM_onehot_arm_phase_q[4]_i_4/O
                         net (fo=12, routed)          0.743     9.999    ps/axi_slave_gp0/FSM_onehot_arm_phase_q[4]_i_4_n_0
    SLICE_X13Y42                                                      r  ps/axi_slave_gp0/event_stage_fault_code_q[0]_i_2/I0
    SLICE_X13Y42         LUT6 (Prop_lut6_I0_O)        0.124    10.123 r  ps/axi_slave_gp0/event_stage_fault_code_q[0]_i_2/O
                         net (fo=8, routed)           0.633    10.756    ps/axi_slave_gp0/acq_abort
    SLICE_X10Y41                                                      r  ps/axi_slave_gp0/arm_window_q[31]_i_2/I0
    SLICE_X10Y41         LUT2 (Prop_lut2_I0_O)        0.153    10.909 r  ps/axi_slave_gp0/arm_window_q[31]_i_2/O
                         net (fo=65, routed)          0.889    11.798    i_custom_register_bank/i_deterministic_lock_acquisition/arm_target_high_q_reg[0]_0
    SLICE_X9Y42                                                       r  i_custom_register_bank/i_deterministic_lock_acquisition/arm_window_q[31]_i_1/I1
    SLICE_X9Y42          LUT2 (Prop_lut2_I1_O)        0.357    12.155 f  i_custom_register_bank/i_deterministic_lock_acquisition/arm_window_q[31]_i_1/O
                         net (fo=327, routed)         1.399    13.554    i_custom_register_bank/i_deterministic_lock_acquisition/arm_window_q[31]_i_1_n_0
    SLICE_X21Y46         FDRE                                         f  i_custom_register_bank/i_deterministic_lock_acquisition/arm_error_setpoint_q_reg[11]/CE
  -------------------------------------------------------------------    -------------------

                         (clock pll_adc_clk rise edge)
                                                      8.000     8.000 r  
    U18                                               0.000     8.000 r  adc_clk_i[1] (IN)
                         net (fo=0)                   0.000     8.000    adc_clk_i[1]
    U18                                                               r  i_clk/I
    U18                  IBUFDS (Prop_ibufds_I_O)     0.940     8.940 r  i_clk/O
                         net (fo=1, routed)           1.181    10.121    pll/adc_clk_in
    PLLE2_ADV_X0Y0                                                    r  pll/pll/CLKIN1
    PLLE2_ADV_X0Y0       PLLE2_ADV (Prop_plle2_adv_CLKIN1_CLKOUT0)
                                                      0.084    10.205 r  pll/pll/CLKOUT0
                         net (fo=1, routed)           1.594    11.799    pll_adc_clk
    BUFGCTRL_X0Y0                                                     r  bufg_adc_clk/I
    BUFGCTRL_X0Y0        BUFG (Prop_bufg_I_O)         0.091    11.890 r  bufg_adc_clk/O
                         net (fo=7983, routed)        1.499    13.389    i_custom_register_bank/i_deterministic_lock_acquisition/adc_clk
    SLICE_X21Y46         FDRE                                         r  i_custom_register_bank/i_deterministic_lock_acquisition/arm_error_setpoint_q_reg[11]/C
                         clock pessimism              0.357    13.747    
                         clock uncertainty           -0.069    13.678    
    SLICE_X21Y46         FDRE (Setup_fdre_C_CE)      -0.413    13.265    i_custom_register_bank/i_deterministic_lock_acquisition/arm_error_setpoint_q_reg[11]
  -------------------------------------------------------------------
                         required time                         13.265    
                         arrival time                         -13.554    
  -------------------------------------------------------------------
                         slack                                 -0.289    

Slack (VIOLATED) :        -0.279ns  (required time - arrival time)
  Source:                 ps/axi_slave_gp0/rd_do_reg/C
                            (rising edge-triggered cell FDRE clocked by pll_adc_clk  {rise@0.000ns fall@4.000ns period=8.000ns})
  Destination:            i_custom_register_bank/i_deterministic_lock_acquisition/arm_error_setpoint_q_reg[4]/CE
                            (rising edge-triggered cell FDRE clocked by pll_adc_clk  {rise@0.000ns fall@4.000ns period=8.000ns})
  Path Group:             pll_adc_clk
  Path Type:              Setup (Max at Slow Process Corner)
  Requirement:            8.000ns  (pll_adc_clk rise@8.000ns - pll_adc_clk rise@0.000ns)
  Data Path Delay:        7.665ns  (logic 1.692ns (22.074%)  route 5.973ns (77.926%))
  Logic Levels:           6  (LUT2=2 LUT3=1 LUT5=1 LUT6=2)
  Clock Path Skew:        -0.168ns (DCD - SCD + CPR)
    Destination Clock Delay (DCD):    5.386ns = ( 13.386 - 8.000 ) 
    Source Clock Delay      (SCD):    5.897ns
    Clock Pessimism Removal (CPR):    0.343ns
  Clock Uncertainty:      0.069ns  ((TSJ^2 + DJ^2)^1/2) / 2 + PE
    Total System Jitter     (TSJ):    0.071ns
    Discrete Jitter          (DJ):    0.118ns
    Phase Error              (PE):    0.000ns

    Location             Delay type                Incr(ns)  Path(ns)    Netlist Resource(s)
  -------------------------------------------------------------------    -------------------
                         (clock pll_adc_clk rise edge)
                                                      0.000     0.000 r  
    U18                                               0.000     0.000 r  adc_clk_i[1] (IN)
                         net (fo=0)                   0.000     0.000    adc_clk_i[1]
    U18                                                               r  i_clk/I
    U18                  IBUFDS (Prop_ibufds_I_O)     0.983     0.983 r  i_clk/O
                         net (fo=1, routed)           1.306     2.289    pll/adc_clk_in
    PLLE2_ADV_X0Y0                                                    r  pll/pll/CLKIN1
    PLLE2_ADV_X0Y0       PLLE2_ADV (Prop_plle2_adv_CLKIN1_CLKOUT0)
                                                      0.089     2.378 r  pll/pll/CLKOUT0
                         net (fo=1, routed)           1.754     4.132    pll_adc_clk
    BUFGCTRL_X0Y0                                                     r  bufg_adc_clk/I
    BUFGCTRL_X0Y0        BUFG (Prop_bufg_I_O)         0.101     4.233 r  bufg_adc_clk/O
                         net (fo=7983, routed)        1.664     5.897    ps/axi_slave_gp0/adc_clk
    SLICE_X19Y51         FDRE                                         r  ps/axi_slave_gp0/rd_do_reg/C
  -------------------------------------------------------------------    -------------------
    SLICE_X19Y51         FDRE (Prop_fdre_C_Q)         0.456     6.353 r  ps/axi_slave_gp0/rd_do_reg/Q
                         net (fo=171, routed)         0.807     7.160    ps/axi_slave_gp0/rd_do
    SLICE_X18Y51                                                      r  ps/axi_slave_gp0/scan_offset_o[13]_i_5/I1
    SLICE_X18Y51         LUT3 (Prop_lut3_I1_O)        0.152     7.312 r  ps/axi_slave_gp0/scan_offset_o[13]_i_5/O
                         net (fo=96, routed)          0.838     8.150    ps/axi_slave_gp0/rd_araddr_reg[3]_10
    SLICE_X17Y51                                                      r  ps/axi_slave_gp0/FSM_onehot_arm_phase_q[4]_i_8/I0
    SLICE_X17Y51         LUT5 (Prop_lut5_I0_O)        0.326     8.476 r  ps/axi_slave_gp0/FSM_onehot_arm_phase_q[4]_i_8/O
                         net (fo=1, routed)           0.667     9.143    ps/axi_slave_gp0/FSM_onehot_arm_phase_q[4]_i_8_n_0
    SLICE_X14Y42                                                      r  ps/axi_slave_gp0/FSM_onehot_arm_phase_q[4]_i_4/I5
    SLICE_X14Y42         LUT6 (Prop_lut6_I5_O)        0.124     9.267 f  ps/axi_slave_gp0/FSM_onehot_arm_phase_q[4]_i_4/O
                         net (fo=12, routed)          0.743    10.010    ps/axi_slave_gp0/FSM_onehot_arm_phase_q[4]_i_4_n_0
    SLICE_X13Y42                                                      f  ps/axi_slave_gp0/event_stage_fault_code_q[0]_i_2/I0
    SLICE_X13Y42         LUT6 (Prop_lut6_I0_O)        0.124    10.134 f  ps/axi_slave_gp0/event_stage_fault_code_q[0]_i_2/O
                         net (fo=8, routed)           0.633    10.767    ps/axi_slave_gp0/acq_abort
    SLICE_X10Y41                                                      f  ps/axi_slave_gp0/arm_window_q[31]_i_2/I0
    SLICE_X10Y41         LUT2 (Prop_lut2_I0_O)        0.153    10.920 f  ps/axi_slave_gp0/arm_window_q[31]_i_2/O
                         net (fo=65, routed)          0.889    11.809    i_custom_register_bank/i_deterministic_lock_acquisition/arm_target_high_q_reg[0]_0
    SLICE_X9Y42                                                       f  i_custom_register_bank/i_deterministic_lock_acquisition/arm_window_q[31]_i_1/I1
    SLICE_X9Y42          LUT2 (Prop_lut2_I1_O)        0.357    12.166 r  i_custom_register_bank/i_deterministic_lock_acquisition/arm_window_q[31]_i_1/O
                         net (fo=327, routed)         1.396    13.562    i_custom_register_bank/i_deterministic_lock_acquisition/arm_window_q[31]_i_1_n_0
    SLICE_X16Y37         FDRE                                         r  i_custom_register_bank/i_deterministic_lock_acquisition/arm_error_setpoint_q_reg[4]/CE
  -------------------------------------------------------------------    -------------------

                         (clock pll_adc_clk rise edge)
                                                      8.000     8.000 r  
    U18                                               0.000     8.000 r  adc_clk_i[1] (IN)
                         net (fo=0)                   0.000     8.000    adc_clk_i[1]
    U18                                                               r  i_clk/I
    U18                  IBUFDS (Prop_ibufds_I_O)     0.940     8.940 r  i_clk/O
                         net (fo=1, routed)           1.181    10.121    pll/adc_clk_in
    PLLE2_ADV_X0Y0                                                    r  pll/pll/CLKIN1
    PLLE2_ADV_X0Y0       PLLE2_ADV (Prop_plle2_adv_CLKIN1_CLKOUT0)
                                                      0.084    10.205 r  pll/pll/CLKOUT0
                         net (fo=1, routed)           1.594    11.799    pll_adc_clk
    BUFGCTRL_X0Y0                                                     r  bufg_adc_clk/I
    BUFGCTRL_X0Y0        BUFG (Prop_bufg_I_O)         0.091    11.890 r  bufg_adc_clk/O
                         net (fo=7983, routed)        1.496    13.386    i_custom_register_bank/i_deterministic_lock_acquisition/adc_clk
    SLICE_X16Y37         FDRE                                         r  i_custom_register_bank/i_deterministic_lock_acquisition/arm_error_setpoint_q_reg[4]/C
                         clock pessimism              0.343    13.730    
                         clock uncertainty           -0.069    13.661    
    SLICE_X16Y37         FDRE (Setup_fdre_C_CE)      -0.377    13.284    i_custom_register_bank/i_deterministic_lock_acquisition/arm_error_setpoint_q_reg[4]
  -------------------------------------------------------------------
                         required time                         13.284    
                         arrival time                         -13.562    
  -------------------------------------------------------------------
                         slack                                 -0.279    

Slack (VIOLATED) :        -0.279ns  (required time - arrival time)
  Source:                 ps/axi_slave_gp0/rd_do_reg/C
                            (rising edge-triggered cell FDRE clocked by pll_adc_clk  {rise@0.000ns fall@4.000ns period=8.000ns})
  Destination:            i_custom_register_bank/i_deterministic_lock_acquisition/arm_error_setpoint_q_reg[4]/CE
                            (rising edge-triggered cell FDRE clocked by pll_adc_clk  {rise@0.000ns fall@4.000ns period=8.000ns})
  Path Group:             pll_adc_clk
  Path Type:              Setup (Max at Slow Process Corner)
  Requirement:            8.000ns  (pll_adc_clk rise@8.000ns - pll_adc_clk rise@0.000ns)
  Data Path Delay:        7.665ns  (logic 1.692ns (22.074%)  route 5.973ns (77.926%))
  Logic Levels:           6  (LUT2=2 LUT3=1 LUT5=1 LUT6=2)
  Clock Path Skew:        -0.168ns (DCD - SCD + CPR)
    Destination Clock Delay (DCD):    5.386ns = ( 13.386 - 8.000 ) 
    Source Clock Delay      (SCD):    5.897ns
    Clock Pessimism Removal (CPR):    0.343ns
  Clock Uncertainty:      0.069ns  ((TSJ^2 + DJ^2)^1/2) / 2 + PE
    Total System Jitter     (TSJ):    0.071ns
    Discrete Jitter          (DJ):    0.118ns
    Phase Error              (PE):    0.000ns

    Location             Delay type                Incr(ns)  Path(ns)    Netlist Resource(s)
  -------------------------------------------------------------------    -------------------
                         (clock pll_adc_clk rise edge)
                                                      0.000     0.000 r  
    U18                                               0.000     0.000 r  adc_clk_i[1] (IN)
                         net (fo=0)                   0.000     0.000    adc_clk_i[1]
    U18                                                               r  i_clk/I
    U18                  IBUFDS (Prop_ibufds_I_O)     0.983     0.983 r  i_clk/O
                         net (fo=1, routed)           1.306     2.289    pll/adc_clk_in
    PLLE2_ADV_X0Y0                                                    r  pll/pll/CLKIN1
    PLLE2_ADV_X0Y0       PLLE2_ADV (Prop_plle2_adv_CLKIN1_CLKOUT0)
                                                      0.089     2.378 r  pll/pll/CLKOUT0
                         net (fo=1, routed)           1.754     4.132    pll_adc_clk
    BUFGCTRL_X0Y0                                                     r  bufg_adc_clk/I
    BUFGCTRL_X0Y0        BUFG (Prop_bufg_I_O)         0.101     4.233 r  bufg_adc_clk/O
                         net (fo=7983, routed)        1.664     5.897    ps/axi_slave_gp0/adc_clk
    SLICE_X19Y51         FDRE                                         r  ps/axi_slave_gp0/rd_do_reg/C
  -------------------------------------------------------------------    -------------------
    SLICE_X19Y51         FDRE (Prop_fdre_C_Q)         0.456     6.353 f  ps/axi_slave_gp0/rd_do_reg/Q
                         net (fo=171, routed)         0.807     7.160    ps/axi_slave_gp0/rd_do
    SLICE_X18Y51                                                      f  ps/axi_slave_gp0/scan_offset_o[13]_i_5/I1
    SLICE_X18Y51         LUT3 (Prop_lut3_I1_O)        0.152     7.312 r  ps/axi_slave_gp0/scan_offset_o[13]_i_5/O
                         net (fo=96, routed)          0.838     8.150    ps/axi_slave_gp0/rd_araddr_reg[3]_10
    SLICE_X17Y51                                                      r  ps/axi_slave_gp0/FSM_onehot_arm_phase_q[4]_i_8/I0
    SLICE_X17Y51         LUT5 (Prop_lut5_I0_O)        0.326     8.476 r  ps/axi_slave_gp0/FSM_onehot_arm_phase_q[4]_i_8/O
                         net (fo=1, routed)           0.667     9.143    ps/axi_slave_gp0/FSM_onehot_arm_phase_q[4]_i_8_n_0
    SLICE_X14Y42                                                      r  ps/axi_slave_gp0/FSM_onehot_arm_phase_q[4]_i_4/I5
    SLICE_X14Y42         LUT6 (Prop_lut6_I5_O)        0.124     9.267 f  ps/axi_slave_gp0/FSM_onehot_arm_phase_q[4]_i_4/O
                         net (fo=12, routed)          0.743    10.010    ps/axi_slave_gp0/FSM_onehot_arm_phase_q[4]_i_4_n_0
    SLICE_X13Y42                                                      f  ps/axi_slave_gp0/event_stage_fault_code_q[0]_i_2/I0
    SLICE_X13Y42         LUT6 (Prop_lut6_I0_O)        0.124    10.134 f  ps/axi_slave_gp0/event_stage_fault_code_q[0]_i_2/O
                         net (fo=8, routed)           0.633    10.767    ps/axi_slave_gp0/acq_abort
    SLICE_X10Y41                                                      f  ps/axi_slave_gp0/arm_window_q[31]_i_2/I0
    SLICE_X10Y41         LUT2 (Prop_lut2_I0_O)        0.153    10.920 f  ps/axi_slave_gp0/arm_window_q[31]_i_2/O
                         net (fo=65, routed)          0.889    11.809    i_custom_register_bank/i_deterministic_lock_acquisition/arm_target_high_q_reg[0]_0
    SLICE_X9Y42                                                       f  i_custom_register_bank/i_deterministic_lock_acquisition/arm_window_q[31]_i_1/I1
    SLICE_X9Y42          LUT2 (Prop_lut2_I1_O)        0.357    12.166 r  i_custom_register_bank/i_deterministic_lock_acquisition/arm_window_q[31]_i_1/O
                         net (fo=327, routed)         1.396    13.562    i_custom_register_bank/i_deterministic_lock_acquisition/arm_window_q[31]_i_1_n_0
    SLICE_X16Y37         FDRE                                         r  i_custom_register_bank/i_deterministic_lock_acquisition/arm_error_setpoint_q_reg[4]/CE
  -------------------------------------------------------------------    -------------------

                         (clock pll_adc_clk rise edge)
                                                      8.000     8.000 r  
    U18                                               0.000     8.000 r  adc_clk_i[1] (IN)
                         net (fo=0)                   0.000     8.000    adc_clk_i[1]
    U18                                                               r  i_clk/I
    U18                  IBUFDS (Prop_ibufds_I_O)     0.940     8.940 r  i_clk/O
                         net (fo=1, routed)           1.181    10.121    pll/adc_clk_in
    PLLE2_ADV_X0Y0                                                    r  pll/pll/CLKIN1
    PLLE2_ADV_X0Y0       PLLE2_ADV (Prop_plle2_adv_CLKIN1_CLKOUT0)
                                                      0.084    10.205 r  pll/pll/CLKOUT0
                         net (fo=1, routed)           1.594    11.799    pll_adc_clk
    BUFGCTRL_X0Y0                                                     r  bufg_adc_clk/I
    BUFGCTRL_X0Y0        BUFG (Prop_bufg_I_O)         0.091    11.890 r  bufg_adc_clk/O
                         net (fo=7983, routed)        1.496    13.386    i_custom_register_bank/i_deterministic_lock_acquisition/adc_clk
    SLICE_X16Y37         FDRE                                         r  i_custom_register_bank/i_deterministic_lock_acquisition/arm_error_setpoint_q_reg[4]/C
                         clock pessimism              0.343    13.730    
                         clock uncertainty           -0.069    13.661    
    SLICE_X16Y37         FDRE (Setup_fdre_C_CE)      -0.377    13.284    i_custom_register_bank/i_deterministic_lock_acquisition/arm_error_setpoint_q_reg[4]
  -------------------------------------------------------------------
                         required time                         13.284    
                         arrival time                         -13.562    
  -------------------------------------------------------------------
                         slack                                 -0.279    

Slack (VIOLATED) :        -0.279ns  (required time - arrival time)
  Source:                 ps/axi_slave_gp0/rd_do_reg/C
                            (rising edge-triggered cell FDRE clocked by pll_adc_clk  {rise@0.000ns fall@4.000ns period=8.000ns})
  Destination:            i_custom_register_bank/i_deterministic_lock_acquisition/arm_error_setpoint_q_reg[4]/CE
                            (rising edge-triggered cell FDRE clocked by pll_adc_clk  {rise@0.000ns fall@4.000ns period=8.000ns})
  Path Group:             pll_adc_clk
  Path Type:              Setup (Max at Slow Process Corner)
  Requirement:            8.000ns  (pll_adc_clk rise@8.000ns - pll_adc_clk rise@0.000ns)
  Data Path Delay:        7.665ns  (logic 1.692ns (22.074%)  route 5.973ns (77.926%))
  Logic Levels:           6  (LUT2=2 LUT3=1 LUT5=1 LUT6=2)
  Clock Path Skew:        -0.168ns (DCD - SCD + CPR)
    Destination Clock Delay (DCD):    5.386ns = ( 13.386 - 8.000 ) 
    Source Clock Delay      (SCD):    5.897ns
    Clock Pessimism Removal (CPR):    0.343ns
  Clock Uncertainty:      0.069ns  ((TSJ^2 + DJ^2)^1/2) / 2 + PE
    Total System Jitter     (TSJ):    0.071ns
    Discrete Jitter          (DJ):    0.118ns
    Phase Error              (PE):    0.000ns

    Location             Delay type                Incr(ns)  Path(ns)    Netlist Resource(s)
  -------------------------------------------------------------------    -------------------
                         (clock pll_adc_clk rise edge)
                                                      0.000     0.000 r  
    U18                                               0.000     0.000 r  adc_clk_i[1] (IN)
                         net (fo=0)                   0.000     0.000    adc_clk_i[1]
    U18                                                               r  i_clk/I
    U18                  IBUFDS (Prop_ibufds_I_O)     0.983     0.983 r  i_clk/O
                         net (fo=1, routed)           1.306     2.289    pll/adc_clk_in
    PLLE2_ADV_X0Y0                                                    r  pll/pll/CLKIN1
    PLLE2_ADV_X0Y0       PLLE2_ADV (Prop_plle2_adv_CLKIN1_CLKOUT0)
                                                      0.089     2.378 r  pll/pll/CLKOUT0
                         net (fo=1, routed)           1.754     4.132    pll_adc_clk
    BUFGCTRL_X0Y0                                                     r  bufg_adc_clk/I
    BUFGCTRL_X0Y0        BUFG (Prop_bufg_I_O)         0.101     4.233 r  bufg_adc_clk/O
                         net (fo=7983, routed)        1.664     5.897    ps/axi_slave_gp0/adc_clk
    SLICE_X19Y51         FDRE                                         r  ps/axi_slave_gp0/rd_do_reg/C
  -------------------------------------------------------------------    -------------------
    SLICE_X19Y51         FDRE (Prop_fdre_C_Q)         0.456     6.353 r  ps/axi_slave_gp0/rd_do_reg/Q
                         net (fo=171, routed)         0.807     7.160    ps/axi_slave_gp0/rd_do
    SLICE_X18Y51                                                      r  ps/axi_slave_gp0/scan_offset_o[13]_i_5/I1
    SLICE_X18Y51         LUT3 (Prop_lut3_I1_O)        0.152     7.312 f  ps/axi_slave_gp0/scan_offset_o[13]_i_5/O
                         net (fo=96, routed)          0.838     8.150    ps/axi_slave_gp0/rd_araddr_reg[3]_10
    SLICE_X17Y51                                                      f  ps/axi_slave_gp0/FSM_onehot_arm_phase_q[4]_i_8/I0
    SLICE_X17Y51         LUT5 (Prop_lut5_I0_O)        0.326     8.476 f  ps/axi_slave_gp0/FSM_onehot_arm_phase_q[4]_i_8/O
                         net (fo=1, routed)           0.667     9.143    ps/axi_slave_gp0/FSM_onehot_arm_phase_q[4]_i_8_n_0
    SLICE_X14Y42                                                      f  ps/axi_slave_gp0/FSM_onehot_arm_phase_q[4]_i_4/I5
    SLICE_X14Y42         LUT6 (Prop_lut6_I5_O)        0.124     9.267 r  ps/axi_slave_gp0/FSM_onehot_arm_phase_q[4]_i_4/O
                         net (fo=12, routed)          0.743    10.010    ps/axi_slave_gp0/FSM_onehot_arm_phase_q[4]_i_4_n_0
    SLICE_X13Y42                                                      r  ps/axi_slave_gp0/event_stage_fault_code_q[0]_i_2/I0
    SLICE_X13Y42         LUT6 (Prop_lut6_I0_O)        0.124    10.134 r  ps/axi_slave_gp0/event_stage_fault_code_q[0]_i_2/O
                         net (fo=8, routed)           0.633    10.767    ps/axi_slave_gp0/acq_abort
    SLICE_X10Y41                                                      r  ps/axi_slave_gp0/arm_window_q[31]_i_2/I0
    SLICE_X10Y41         LUT2 (Prop_lut2_I0_O)        0.153    10.920 r  ps/axi_slave_gp0/arm_window_q[31]_i_2/O
                         net (fo=65, routed)          0.889    11.809    i_custom_register_bank/i_deterministic_lock_acquisition/arm_target_high_q_reg[0]_0
    SLICE_X9Y42                                                       r  i_custom_register_bank/i_deterministic_lock_acquisition/arm_window_q[31]_i_1/I1
    SLICE_X9Y42          LUT2 (Prop_lut2_I1_O)        0.357    12.166 f  i_custom_register_bank/i_deterministic_lock_acquisition/arm_window_q[31]_i_1/O
                         net (fo=327, routed)         1.396    13.562    i_custom_register_bank/i_deterministic_lock_acquisition/arm_window_q[31]_i_1_n_0
    SLICE_X16Y37         FDRE                                         f  i_custom_register_bank/i_deterministic_lock_acquisition/arm_error_setpoint_q_reg[4]/CE
  -------------------------------------------------------------------    -------------------

                         (clock pll_adc_clk rise edge)
                                                      8.000     8.000 r  
    U18                                               0.000     8.000 r  adc_clk_i[1] (IN)
                         net (fo=0)                   0.000     8.000    adc_clk_i[1]
    U18                                                               r  i_clk/I
    U18                  IBUFDS (Prop_ibufds_I_O)     0.940     8.940 r  i_clk/O
                         net (fo=1, routed)           1.181    10.121    pll/adc_clk_in
    PLLE2_ADV_X0Y0                                                    r  pll/pll/CLKIN1
    PLLE2_ADV_X0Y0       PLLE2_ADV (Prop_plle2_adv_CLKIN1_CLKOUT0)
                                                      0.084    10.205 r  pll/pll/CLKOUT0
                         net (fo=1, routed)           1.594    11.799    pll_adc_clk
    BUFGCTRL_X0Y0                                                     r  bufg_adc_clk/I
    BUFGCTRL_X0Y0        BUFG (Prop_bufg_I_O)         0.091    11.890 r  bufg_adc_clk/O
                         net (fo=7983, routed)        1.496    13.386    i_custom_register_bank/i_deterministic_lock_acquisition/adc_clk
    SLICE_X16Y37         FDRE                                         r  i_custom_register_bank/i_deterministic_lock_acquisition/arm_error_setpoint_q_reg[4]/C
                         clock pessimism              0.343    13.730    
                         clock uncertainty           -0.069    13.661    
    SLICE_X16Y37         FDRE (Setup_fdre_C_CE)      -0.377    13.284    i_custom_register_bank/i_deterministic_lock_acquisition/arm_error_setpoint_q_reg[4]
  -------------------------------------------------------------------
                         required time                         13.284    
                         arrival time                         -13.562    
  -------------------------------------------------------------------
                         slack                                 -0.279    

Slack (VIOLATED) :        -0.279ns  (required time - arrival time)
  Source:                 ps/axi_slave_gp0/rd_do_reg/C
                            (rising edge-triggered cell FDRE clocked by pll_adc_clk  {rise@0.000ns fall@4.000ns period=8.000ns})
  Destination:            i_custom_register_bank/i_deterministic_lock_acquisition/arm_error_setpoint_q_reg[4]/CE
                            (rising edge-triggered cell FDRE clocked by pll_adc_clk  {rise@0.000ns fall@4.000ns period=8.000ns})
  Path Group:             pll_adc_clk
  Path Type:              Setup (Max at Slow Process Corner)
  Requirement:            8.000ns  (pll_adc_clk rise@8.000ns - pll_adc_clk rise@0.000ns)
  Data Path Delay:        7.665ns  (logic 1.692ns (22.074%)  route 5.973ns (77.926%))
  Logic Levels:           6  (LUT2=2 LUT3=1 LUT5=1 LUT6=2)
  Clock Path Skew:        -0.168ns (DCD - SCD + CPR)
    Destination Clock Delay (DCD):    5.386ns = ( 13.386 - 8.000 ) 
    Source Clock Delay      (SCD):    5.897ns
    Clock Pessimism Removal (CPR):    0.343ns
  Clock Uncertainty:      0.069ns  ((TSJ^2 + DJ^2)^1/2) / 2 + PE
    Total System Jitter     (TSJ):    0.071ns
    Discrete Jitter          (DJ):    0.118ns
    Phase Error              (PE):    0.000ns

    Location             Delay type                Incr(ns)  Path(ns)    Netlist Resource(s)
  -------------------------------------------------------------------    -------------------
                         (clock pll_adc_clk rise edge)
                                                      0.000     0.000 r  
    U18                                               0.000     0.000 r  adc_clk_i[1] (IN)
                         net (fo=0)                   0.000     0.000    adc_clk_i[1]
    U18                                                               r  i_clk/I
    U18                  IBUFDS (Prop_ibufds_I_O)     0.983     0.983 r  i_clk/O
                         net (fo=1, routed)           1.306     2.289    pll/adc_clk_in
    PLLE2_ADV_X0Y0                                                    r  pll/pll/CLKIN1
    PLLE2_ADV_X0Y0       PLLE2_ADV (Prop_plle2_adv_CLKIN1_CLKOUT0)
                                                      0.089     2.378 r  pll/pll/CLKOUT0
                         net (fo=1, routed)           1.754     4.132    pll_adc_clk
    BUFGCTRL_X0Y0                                                     r  bufg_adc_clk/I
    BUFGCTRL_X0Y0        BUFG (Prop_bufg_I_O)         0.101     4.233 r  bufg_adc_clk/O
                         net (fo=7983, routed)        1.664     5.897    ps/axi_slave_gp0/adc_clk
    SLICE_X19Y51         FDRE                                         r  ps/axi_slave_gp0/rd_do_reg/C
  -------------------------------------------------------------------    -------------------
    SLICE_X19Y51         FDRE (Prop_fdre_C_Q)         0.456     6.353 f  ps/axi_slave_gp0/rd_do_reg/Q
                         net (fo=171, routed)         0.807     7.160    ps/axi_slave_gp0/rd_do
    SLICE_X18Y51                                                      f  ps/axi_slave_gp0/scan_offset_o[13]_i_5/I1
    SLICE_X18Y51         LUT3 (Prop_lut3_I1_O)        0.152     7.312 f  ps/axi_slave_gp0/scan_offset_o[13]_i_5/O
                         net (fo=96, routed)          0.838     8.150    ps/axi_slave_gp0/rd_araddr_reg[3]_10
    SLICE_X17Y51                                                      f  ps/axi_slave_gp0/FSM_onehot_arm_phase_q[4]_i_8/I0
    SLICE_X17Y51         LUT5 (Prop_lut5_I0_O)        0.326     8.476 f  ps/axi_slave_gp0/FSM_onehot_arm_phase_q[4]_i_8/O
                         net (fo=1, routed)           0.667     9.143    ps/axi_slave_gp0/FSM_onehot_arm_phase_q[4]_i_8_n_0
    SLICE_X14Y42                                                      f  ps/axi_slave_gp0/FSM_onehot_arm_phase_q[4]_i_4/I5
    SLICE_X14Y42         LUT6 (Prop_lut6_I5_O)        0.124     9.267 r  ps/axi_slave_gp0/FSM_onehot_arm_phase_q[4]_i_4/O
                         net (fo=12, routed)          0.743    10.010    ps/axi_slave_gp0/FSM_onehot_arm_phase_q[4]_i_4_n_0
    SLICE_X13Y42                                                      r  ps/axi_slave_gp0/event_stage_fault_code_q[0]_i_2/I0
    SLICE_X13Y42         LUT6 (Prop_lut6_I0_O)        0.124    10.134 r  ps/axi_slave_gp0/event_stage_fault_code_q[0]_i_2/O
                         net (fo=8, routed)           0.633    10.767    ps/axi_slave_gp0/acq_abort
    SLICE_X10Y41                                                      r  ps/axi_slave_gp0/arm_window_q[31]_i_2/I0
    SLICE_X10Y41         LUT2 (Prop_lut2_I0_O)        0.153    10.920 r  ps/axi_slave_gp0/arm_window_q[31]_i_2/O
                         net (fo=65, routed)          0.889    11.809    i_custom_register_bank/i_deterministic_lock_acquisition/arm_target_high_q_reg[0]_0
    SLICE_X9Y42                                                       r  i_custom_register_bank/i_deterministic_lock_acquisition/arm_window_q[31]_i_1/I1
    SLICE_X9Y42          LUT2 (Prop_lut2_I1_O)        0.357    12.166 f  i_custom_register_bank/i_deterministic_lock_acquisition/arm_window_q[31]_i_1/O
                         net (fo=327, routed)         1.396    13.562    i_custom_register_bank/i_deterministic_lock_acquisition/arm_window_q[31]_i_1_n_0
    SLICE_X16Y37         FDRE                                         f  i_custom_register_bank/i_deterministic_lock_acquisition/arm_error_setpoint_q_reg[4]/CE
  -------------------------------------------------------------------    -------------------

                         (clock pll_adc_clk rise edge)
                                                      8.000     8.000 r  
    U18                                               0.000     8.000 r  adc_clk_i[1] (IN)
                         net (fo=0)                   0.000     8.000    adc_clk_i[1]
    U18                                                               r  i_clk/I
    U18                  IBUFDS (Prop_ibufds_I_O)     0.940     8.940 r  i_clk/O
                         net (fo=1, routed)           1.181    10.121    pll/adc_clk_in
    PLLE2_ADV_X0Y0                                                    r  pll/pll/CLKIN1
    PLLE2_ADV_X0Y0       PLLE2_ADV (Prop_plle2_adv_CLKIN1_CLKOUT0)
                                                      0.084    10.205 r  pll/pll/CLKOUT0
                         net (fo=1, routed)           1.594    11.799    pll_adc_clk
    BUFGCTRL_X0Y0                                                     r  bufg_adc_clk/I
    BUFGCTRL_X0Y0        BUFG (Prop_bufg_I_O)         0.091    11.890 r  bufg_adc_clk/O
                         net (fo=7983, routed)        1.496    13.386    i_custom_register_bank/i_deterministic_lock_acquisition/adc_clk
    SLICE_X16Y37         FDRE                                         r  i_custom_register_bank/i_deterministic_lock_acquisition/arm_error_setpoint_q_reg[4]/C
                         clock pessimism              0.343    13.730    
                         clock uncertainty           -0.069    13.661    
    SLICE_X16Y37         FDRE (Setup_fdre_C_CE)      -0.377    13.284    i_custom_register_bank/i_deterministic_lock_acquisition/arm_error_setpoint_q_reg[4]
  -------------------------------------------------------------------
                         required time                         13.284    
                         arrival time                         -13.562    
  -------------------------------------------------------------------
                         slack                                 -0.279    

Slack (VIOLATED) :        -0.279ns  (required time - arrival time)
  Source:                 ps/axi_slave_gp0/rd_do_reg/C
                            (rising edge-triggered cell FDRE clocked by pll_adc_clk  {rise@0.000ns fall@4.000ns period=8.000ns})
  Destination:            i_custom_register_bank/i_deterministic_lock_acquisition/arm_error_setpoint_q_reg[5]/CE
                            (rising edge-triggered cell FDRE clocked by pll_adc_clk  {rise@0.000ns fall@4.000ns period=8.000ns})
  Path Group:             pll_adc_clk
  Path Type:              Setup (Max at Slow Process Corner)
  Requirement:            8.000ns  (pll_adc_clk rise@8.000ns - pll_adc_clk rise@0.000ns)
  Data Path Delay:        7.665ns  (logic 1.692ns (22.074%)  route 5.973ns (77.926%))
  Logic Levels:           6  (LUT2=2 LUT3=1 LUT5=1 LUT6=2)
  Clock Path Skew:        -0.168ns (DCD - SCD + CPR)
    Destination Clock Delay (DCD):    5.386ns = ( 13.386 - 8.000 ) 
    Source Clock Delay      (SCD):    5.897ns
    Clock Pessimism Removal (CPR):    0.343ns
  Clock Uncertainty:      0.069ns  ((TSJ^2 + DJ^2)^1/2) / 2 + PE
    Total System Jitter     (TSJ):    0.071ns
    Discrete Jitter          (DJ):    0.118ns
    Phase Error              (PE):    0.000ns

    Location             Delay type                Incr(ns)  Path(ns)    Netlist Resource(s)
  -------------------------------------------------------------------    -------------------
                         (clock pll_adc_clk rise edge)
                                                      0.000     0.000 r  
    U18                                               0.000     0.000 r  adc_clk_i[1] (IN)
                         net (fo=0)                   0.000     0.000    adc_clk_i[1]
    U18                                                               r  i_clk/I
    U18                  IBUFDS (Prop_ibufds_I_O)     0.983     0.983 r  i_clk/O
                         net (fo=1, routed)           1.306     2.289    pll/adc_clk_in
    PLLE2_ADV_X0Y0                                                    r  pll/pll/CLKIN1
    PLLE2_ADV_X0Y0       PLLE2_ADV (Prop_plle2_adv_CLKIN1_CLKOUT0)
                                                      0.089     2.378 r  pll/pll/CLKOUT0
                         net (fo=1, routed)           1.754     4.132    pll_adc_clk
    BUFGCTRL_X0Y0                                                     r  bufg_adc_clk/I
    BUFGCTRL_X0Y0        BUFG (Prop_bufg_I_O)         0.101     4.233 r  bufg_adc_clk/O
                         net (fo=7983, routed)        1.664     5.897    ps/axi_slave_gp0/adc_clk
    SLICE_X19Y51         FDRE                                         r  ps/axi_slave_gp0/rd_do_reg/C
  -------------------------------------------------------------------    -------------------
    SLICE_X19Y51         FDRE (Prop_fdre_C_Q)         0.456     6.353 r  ps/axi_slave_gp0/rd_do_reg/Q
                         net (fo=171, routed)         0.807     7.160    ps/axi_slave_gp0/rd_do
    SLICE_X18Y51                                                      r  ps/axi_slave_gp0/scan_offset_o[13]_i_5/I1
    SLICE_X18Y51         LUT3 (Prop_lut3_I1_O)        0.152     7.312 r  ps/axi_slave_gp0/scan_offset_o[13]_i_5/O
                         net (fo=96, routed)          0.838     8.150    ps/axi_slave_gp0/rd_araddr_reg[3]_10
    SLICE_X17Y51                                                      r  ps/axi_slave_gp0/FSM_onehot_arm_phase_q[4]_i_8/I0
    SLICE_X17Y51         LUT5 (Prop_lut5_I0_O)        0.326     8.476 r  ps/axi_slave_gp0/FSM_onehot_arm_phase_q[4]_i_8/O
                         net (fo=1, routed)           0.667     9.143    ps/axi_slave_gp0/FSM_onehot_arm_phase_q[4]_i_8_n_0
    SLICE_X14Y42                                                      r  ps/axi_slave_gp0/FSM_onehot_arm_phase_q[4]_i_4/I5
    SLICE_X14Y42         LUT6 (Prop_lut6_I5_O)        0.124     9.267 f  ps/axi_slave_gp0/FSM_onehot_arm_phase_q[4]_i_4/O
                         net (fo=12, routed)          0.743    10.010    ps/axi_slave_gp0/FSM_onehot_arm_phase_q[4]_i_4_n_0
    SLICE_X13Y42                                                      f  ps/axi_slave_gp0/event_stage_fault_code_q[0]_i_2/I0
    SLICE_X13Y42         LUT6 (Prop_lut6_I0_O)        0.124    10.134 f  ps/axi_slave_gp0/event_stage_fault_code_q[0]_i_2/O
                         net (fo=8, routed)           0.633    10.767    ps/axi_slave_gp0/acq_abort
    SLICE_X10Y41                                                      f  ps/axi_slave_gp0/arm_window_q[31]_i_2/I0
    SLICE_X10Y41         LUT2 (Prop_lut2_I0_O)        0.153    10.920 f  ps/axi_slave_gp0/arm_window_q[31]_i_2/O
                         net (fo=65, routed)          0.889    11.809    i_custom_register_bank/i_deterministic_lock_acquisition/arm_target_high_q_reg[0]_0
    SLICE_X9Y42                                                       f  i_custom_register_bank/i_deterministic_lock_acquisition/arm_window_q[31]_i_1/I1
    SLICE_X9Y42          LUT2 (Prop_lut2_I1_O)        0.357    12.166 r  i_custom_register_bank/i_deterministic_lock_acquisition/arm_window_q[31]_i_1/O
                         net (fo=327, routed)         1.396    13.562    i_custom_register_bank/i_deterministic_lock_acquisition/arm_window_q[31]_i_1_n_0
    SLICE_X16Y37         FDRE                                         r  i_custom_register_bank/i_deterministic_lock_acquisition/arm_error_setpoint_q_reg[5]/CE
  -------------------------------------------------------------------    -------------------

                         (clock pll_adc_clk rise edge)
                                                      8.000     8.000 r  
    U18                                               0.000     8.000 r  adc_clk_i[1] (IN)
                         net (fo=0)                   0.000     8.000    adc_clk_i[1]
    U18                                                               r  i_clk/I
    U18                  IBUFDS (Prop_ibufds_I_O)     0.940     8.940 r  i_clk/O
                         net (fo=1, routed)           1.181    10.121    pll/adc_clk_in
    PLLE2_ADV_X0Y0                                                    r  pll/pll/CLKIN1
    PLLE2_ADV_X0Y0       PLLE2_ADV (Prop_plle2_adv_CLKIN1_CLKOUT0)
                                                      0.084    10.205 r  pll/pll/CLKOUT0
                         net (fo=1, routed)           1.594    11.799    pll_adc_clk
    BUFGCTRL_X0Y0                                                     r  bufg_adc_clk/I
    BUFGCTRL_X0Y0        BUFG (Prop_bufg_I_O)         0.091    11.890 r  bufg_adc_clk/O
                         net (fo=7983, routed)        1.496    13.386    i_custom_register_bank/i_deterministic_lock_acquisition/adc_clk
    SLICE_X16Y37         FDRE                                         r  i_custom_register_bank/i_deterministic_lock_acquisition/arm_error_setpoint_q_reg[5]/C
                         clock pessimism              0.343    13.730    
                         clock uncertainty           -0.069    13.661    
    SLICE_X16Y37         FDRE (Setup_fdre_C_CE)      -0.377    13.284    i_custom_register_bank/i_deterministic_lock_acquisition/arm_error_setpoint_q_reg[5]
  -------------------------------------------------------------------
                         required time                         13.284    
                         arrival time                         -13.562    
  -------------------------------------------------------------------
                         slack                                 -0.279    

Slack (VIOLATED) :        -0.279ns  (required time - arrival time)
  Source:                 ps/axi_slave_gp0/rd_do_reg/C
                            (rising edge-triggered cell FDRE clocked by pll_adc_clk  {rise@0.000ns fall@4.000ns period=8.000ns})
  Destination:            i_custom_register_bank/i_deterministic_lock_acquisition/arm_error_setpoint_q_reg[5]/CE
                            (rising edge-triggered cell FDRE clocked by pll_adc_clk  {rise@0.000ns fall@4.000ns period=8.000ns})
  Path Group:             pll_adc_clk
  Path Type:              Setup (Max at Slow Process Corner)
  Requirement:            8.000ns  (pll_adc_clk rise@8.000ns - pll_adc_clk rise@0.000ns)
  Data Path Delay:        7.665ns  (logic 1.692ns (22.074%)  route 5.973ns (77.926%))
  Logic Levels:           6  (LUT2=2 LUT3=1 LUT5=1 LUT6=2)
  Clock Path Skew:        -0.168ns (DCD - SCD + CPR)
    Destination Clock Delay (DCD):    5.386ns = ( 13.386 - 8.000 ) 
    Source Clock Delay      (SCD):    5.897ns
    Clock Pessimism Removal (CPR):    0.343ns
  Clock Uncertainty:      0.069ns  ((TSJ^2 + DJ^2)^1/2) / 2 + PE
    Total System Jitter     (TSJ):    0.071ns
    Discrete Jitter          (DJ):    0.118ns
    Phase Error              (PE):    0.000ns

    Location             Delay type                Incr(ns)  Path(ns)    Netlist Resource(s)
  -------------------------------------------------------------------    -------------------
                         (clock pll_adc_clk rise edge)
                                                      0.000     0.000 r  
    U18                                               0.000     0.000 r  adc_clk_i[1] (IN)
                         net (fo=0)                   0.000     0.000    adc_clk_i[1]
    U18                                                               r  i_clk/I
    U18                  IBUFDS (Prop_ibufds_I_O)     0.983     0.983 r  i_clk/O
                         net (fo=1, routed)           1.306     2.289    pll/adc_clk_in
    PLLE2_ADV_X0Y0                                                    r  pll/pll/CLKIN1
    PLLE2_ADV_X0Y0       PLLE2_ADV (Prop_plle2_adv_CLKIN1_CLKOUT0)
                                                      0.089     2.378 r  pll/pll/CLKOUT0
                         net (fo=1, routed)           1.754     4.132    pll_adc_clk
    BUFGCTRL_X0Y0                                                     r  bufg_adc_clk/I
    BUFGCTRL_X0Y0        BUFG (Prop_bufg_I_O)         0.101     4.233 r  bufg_adc_clk/O
                         net (fo=7983, routed)        1.664     5.897    ps/axi_slave_gp0/adc_clk
    SLICE_X19Y51         FDRE                                         r  ps/axi_slave_gp0/rd_do_reg/C
  -------------------------------------------------------------------    -------------------
    SLICE_X19Y51         FDRE (Prop_fdre_C_Q)         0.456     6.353 f  ps/axi_slave_gp0/rd_do_reg/Q
                         net (fo=171, routed)         0.807     7.160    ps/axi_slave_gp0/rd_do
    SLICE_X18Y51                                                      f  ps/axi_slave_gp0/scan_offset_o[13]_i_5/I1
    SLICE_X18Y51         LUT3 (Prop_lut3_I1_O)        0.152     7.312 r  ps/axi_slave_gp0/scan_offset_o[13]_i_5/O
                         net (fo=96, routed)          0.838     8.150    ps/axi_slave_gp0/rd_araddr_reg[3]_10
    SLICE_X17Y51                                                      r  ps/axi_slave_gp0/FSM_onehot_arm_phase_q[4]_i_8/I0
    SLICE_X17Y51         LUT5 (Prop_lut5_I0_O)        0.326     8.476 r  ps/axi_slave_gp0/FSM_onehot_arm_phase_q[4]_i_8/O
                         net (fo=1, routed)           0.667     9.143    ps/axi_slave_gp0/FSM_onehot_arm_phase_q[4]_i_8_n_0
    SLICE_X14Y42                                                      r  ps/axi_slave_gp0/FSM_onehot_arm_phase_q[4]_i_4/I5
    SLICE_X14Y42         LUT6 (Prop_lut6_I5_O)        0.124     9.267 f  ps/axi_slave_gp0/FSM_onehot_arm_phase_q[4]_i_4/O
                         net (fo=12, routed)          0.743    10.010    ps/axi_slave_gp0/FSM_onehot_arm_phase_q[4]_i_4_n_0
    SLICE_X13Y42                                                      f  ps/axi_slave_gp0/event_stage_fault_code_q[0]_i_2/I0
    SLICE_X13Y42         LUT6 (Prop_lut6_I0_O)        0.124    10.134 f  ps/axi_slave_gp0/event_stage_fault_code_q[0]_i_2/O
                         net (fo=8, routed)           0.633    10.767    ps/axi_slave_gp0/acq_abort
    SLICE_X10Y41                                                      f  ps/axi_slave_gp0/arm_window_q[31]_i_2/I0
    SLICE_X10Y41         LUT2 (Prop_lut2_I0_O)        0.153    10.920 f  ps/axi_slave_gp0/arm_window_q[31]_i_2/O
                         net (fo=65, routed)          0.889    11.809    i_custom_register_bank/i_deterministic_lock_acquisition/arm_target_high_q_reg[0]_0
    SLICE_X9Y42                                                       f  i_custom_register_bank/i_deterministic_lock_acquisition/arm_window_q[31]_i_1/I1
    SLICE_X9Y42          LUT2 (Prop_lut2_I1_O)        0.357    12.166 r  i_custom_register_bank/i_deterministic_lock_acquisition/arm_window_q[31]_i_1/O
                         net (fo=327, routed)         1.396    13.562    i_custom_register_bank/i_deterministic_lock_acquisition/arm_window_q[31]_i_1_n_0
    SLICE_X16Y37         FDRE                                         r  i_custom_register_bank/i_deterministic_lock_acquisition/arm_error_setpoint_q_reg[5]/CE
  -------------------------------------------------------------------    -------------------

                         (clock pll_adc_clk rise edge)
                                                      8.000     8.000 r  
    U18                                               0.000     8.000 r  adc_clk_i[1] (IN)
                         net (fo=0)                   0.000     8.000    adc_clk_i[1]
    U18                                                               r  i_clk/I
    U18                  IBUFDS (Prop_ibufds_I_O)     0.940     8.940 r  i_clk/O
                         net (fo=1, routed)           1.181    10.121    pll/adc_clk_in
    PLLE2_ADV_X0Y0                                                    r  pll/pll/CLKIN1
    PLLE2_ADV_X0Y0       PLLE2_ADV (Prop_plle2_adv_CLKIN1_CLKOUT0)
                                                      0.084    10.205 r  pll/pll/CLKOUT0
                         net (fo=1, routed)           1.594    11.799    pll_adc_clk
    BUFGCTRL_X0Y0                                                     r  bufg_adc_clk/I
    BUFGCTRL_X0Y0        BUFG (Prop_bufg_I_O)         0.091    11.890 r  bufg_adc_clk/O
                         net (fo=7983, routed)        1.496    13.386    i_custom_register_bank/i_deterministic_lock_acquisition/adc_clk
    SLICE_X16Y37         FDRE                                         r  i_custom_register_bank/i_deterministic_lock_acquisition/arm_error_setpoint_q_reg[5]/C
                         clock pessimism              0.343    13.730    
                         clock uncertainty           -0.069    13.661    
    SLICE_X16Y37         FDRE (Setup_fdre_C_CE)      -0.377    13.284    i_custom_register_bank/i_deterministic_lock_acquisition/arm_error_setpoint_q_reg[5]
  -------------------------------------------------------------------
                         required time                         13.284    
                         arrival time                         -13.562    
  -------------------------------------------------------------------
                         slack                                 -0.279    

Slack (VIOLATED) :        -0.279ns  (required time - arrival time)
  Source:                 ps/axi_slave_gp0/rd_do_reg/C
                            (rising edge-triggered cell FDRE clocked by pll_adc_clk  {rise@0.000ns fall@4.000ns period=8.000ns})
  Destination:            i_custom_register_bank/i_deterministic_lock_acquisition/arm_error_setpoint_q_reg[5]/CE
                            (rising edge-triggered cell FDRE clocked by pll_adc_clk  {rise@0.000ns fall@4.000ns period=8.000ns})
  Path Group:             pll_adc_clk
  Path Type:              Setup (Max at Slow Process Corner)
  Requirement:            8.000ns  (pll_adc_clk rise@8.000ns - pll_adc_clk rise@0.000ns)
  Data Path Delay:        7.665ns  (logic 1.692ns (22.074%)  route 5.973ns (77.926%))
  Logic Levels:           6  (LUT2=2 LUT3=1 LUT5=1 LUT6=2)
  Clock Path Skew:        -0.168ns (DCD - SCD + CPR)
    Destination Clock Delay (DCD):    5.386ns = ( 13.386 - 8.000 ) 
    Source Clock Delay      (SCD):    5.897ns
    Clock Pessimism Removal (CPR):    0.343ns
  Clock Uncertainty:      0.069ns  ((TSJ^2 + DJ^2)^1/2) / 2 + PE
    Total System Jitter     (TSJ):    0.071ns
    Discrete Jitter          (DJ):    0.118ns
    Phase Error              (PE):    0.000ns

    Location             Delay type                Incr(ns)  Path(ns)    Netlist Resource(s)
  -------------------------------------------------------------------    -------------------
                         (clock pll_adc_clk rise edge)
                                                      0.000     0.000 r  
    U18                                               0.000     0.000 r  adc_clk_i[1] (IN)
                         net (fo=0)                   0.000     0.000    adc_clk_i[1]
    U18                                                               r  i_clk/I
    U18                  IBUFDS (Prop_ibufds_I_O)     0.983     0.983 r  i_clk/O
                         net (fo=1, routed)           1.306     2.289    pll/adc_clk_in
    PLLE2_ADV_X0Y0                                                    r  pll/pll/CLKIN1
    PLLE2_ADV_X0Y0       PLLE2_ADV (Prop_plle2_adv_CLKIN1_CLKOUT0)
                                                      0.089     2.378 r  pll/pll/CLKOUT0
                         net (fo=1, routed)           1.754     4.132    pll_adc_clk
    BUFGCTRL_X0Y0                                                     r  bufg_adc_clk/I
    BUFGCTRL_X0Y0        BUFG (Prop_bufg_I_O)         0.101     4.233 r  bufg_adc_clk/O
                         net (fo=7983, routed)        1.664     5.897    ps/axi_slave_gp0/adc_clk
    SLICE_X19Y51         FDRE                                         r  ps/axi_slave_gp0/rd_do_reg/C
  -------------------------------------------------------------------    -------------------
    SLICE_X19Y51         FDRE (Prop_fdre_C_Q)         0.456     6.353 r  ps/axi_slave_gp0/rd_do_reg/Q
                         net (fo=171, routed)         0.807     7.160    ps/axi_slave_gp0/rd_do
    SLICE_X18Y51                                                      r  ps/axi_slave_gp0/scan_offset_o[13]_i_5/I1
    SLICE_X18Y51         LUT3 (Prop_lut3_I1_O)        0.152     7.312 f  ps/axi_slave_gp0/scan_offset_o[13]_i_5/O
                         net (fo=96, routed)          0.838     8.150    ps/axi_slave_gp0/rd_araddr_reg[3]_10
    SLICE_X17Y51                                                      f  ps/axi_slave_gp0/FSM_onehot_arm_phase_q[4]_i_8/I0
    SLICE_X17Y51         LUT5 (Prop_lut5_I0_O)        0.326     8.476 f  ps/axi_slave_gp0/FSM_onehot_arm_phase_q[4]_i_8/O
                         net (fo=1, routed)           0.667     9.143    ps/axi_slave_gp0/FSM_onehot_arm_phase_q[4]_i_8_n_0
    SLICE_X14Y42                                                      f  ps/axi_slave_gp0/FSM_onehot_arm_phase_q[4]_i_4/I5
    SLICE_X14Y42         LUT6 (Prop_lut6_I5_O)        0.124     9.267 r  ps/axi_slave_gp0/FSM_onehot_arm_phase_q[4]_i_4/O
                         net (fo=12, routed)          0.743    10.010    ps/axi_slave_gp0/FSM_onehot_arm_phase_q[4]_i_4_n_0
    SLICE_X13Y42                                                      r  ps/axi_slave_gp0/event_stage_fault_code_q[0]_i_2/I0
    SLICE_X13Y42         LUT6 (Prop_lut6_I0_O)        0.124    10.134 r  ps/axi_slave_gp0/event_stage_fault_code_q[0]_i_2/O
                         net (fo=8, routed)           0.633    10.767    ps/axi_slave_gp0/acq_abort
    SLICE_X10Y41                                                      r  ps/axi_slave_gp0/arm_window_q[31]_i_2/I0
    SLICE_X10Y41         LUT2 (Prop_lut2_I0_O)        0.153    10.920 r  ps/axi_slave_gp0/arm_window_q[31]_i_2/O
                         net (fo=65, routed)          0.889    11.809    i_custom_register_bank/i_deterministic_lock_acquisition/arm_target_high_q_reg[0]_0
    SLICE_X9Y42                                                       r  i_custom_register_bank/i_deterministic_lock_acquisition/arm_window_q[31]_i_1/I1
    SLICE_X9Y42          LUT2 (Prop_lut2_I1_O)        0.357    12.166 f  i_custom_register_bank/i_deterministic_lock_acquisition/arm_window_q[31]_i_1/O
                         net (fo=327, routed)         1.396    13.562    i_custom_register_bank/i_deterministic_lock_acquisition/arm_window_q[31]_i_1_n_0
    SLICE_X16Y37         FDRE                                         f  i_custom_register_bank/i_deterministic_lock_acquisition/arm_error_setpoint_q_reg[5]/CE
  -------------------------------------------------------------------    -------------------

                         (clock pll_adc_clk rise edge)
                                                      8.000     8.000 r  
    U18                                               0.000     8.000 r  adc_clk_i[1] (IN)
                         net (fo=0)                   0.000     8.000    adc_clk_i[1]
    U18                                                               r  i_clk/I
    U18                  IBUFDS (Prop_ibufds_I_O)     0.940     8.940 r  i_clk/O
                         net (fo=1, routed)           1.181    10.121    pll/adc_clk_in
    PLLE2_ADV_X0Y0                                                    r  pll/pll/CLKIN1
    PLLE2_ADV_X0Y0       PLLE2_ADV (Prop_plle2_adv_CLKIN1_CLKOUT0)
                                                      0.084    10.205 r  pll/pll/CLKOUT0
                         net (fo=1, routed)           1.594    11.799    pll_adc_clk
    BUFGCTRL_X0Y0                                                     r  bufg_adc_clk/I
    BUFGCTRL_X0Y0        BUFG (Prop_bufg_I_O)         0.091    11.890 r  bufg_adc_clk/O
                         net (fo=7983, routed)        1.496    13.386    i_custom_register_bank/i_deterministic_lock_acquisition/adc_clk
    SLICE_X16Y37         FDRE                                         r  i_custom_register_bank/i_deterministic_lock_acquisition/arm_error_setpoint_q_reg[5]/C
                         clock pessimism              0.343    13.730    
                         clock uncertainty           -0.069    13.661    
    SLICE_X16Y37         FDRE (Setup_fdre_C_CE)      -0.377    13.284    i_custom_register_bank/i_deterministic_lock_acquisition/arm_error_setpoint_q_reg[5]
  -------------------------------------------------------------------
                         required time                         13.284    
                         arrival time                         -13.562    
  -------------------------------------------------------------------
                         slack                                 -0.279    

Slack (VIOLATED) :        -0.279ns  (required time - arrival time)
  Source:                 ps/axi_slave_gp0/rd_do_reg/C
                            (rising edge-triggered cell FDRE clocked by pll_adc_clk  {rise@0.000ns fall@4.000ns period=8.000ns})
  Destination:            i_custom_register_bank/i_deterministic_lock_acquisition/arm_error_setpoint_q_reg[5]/CE
                            (rising edge-triggered cell FDRE clocked by pll_adc_clk  {rise@0.000ns fall@4.000ns period=8.000ns})
  Path Group:             pll_adc_clk
  Path Type:              Setup (Max at Slow Process Corner)
  Requirement:            8.000ns  (pll_adc_clk rise@8.000ns - pll_adc_clk rise@0.000ns)
  Data Path Delay:        7.665ns  (logic 1.692ns (22.074%)  route 5.973ns (77.926%))
  Logic Levels:           6  (LUT2=2 LUT3=1 LUT5=1 LUT6=2)
  Clock Path Skew:        -0.168ns (DCD - SCD + CPR)
    Destination Clock Delay (DCD):    5.386ns = ( 13.386 - 8.000 ) 
    Source Clock Delay      (SCD):    5.897ns
    Clock Pessimism Removal (CPR):    0.343ns
  Clock Uncertainty:      0.069ns  ((TSJ^2 + DJ^2)^1/2) / 2 + PE
    Total System Jitter     (TSJ):    0.071ns
    Discrete Jitter          (DJ):    0.118ns
    Phase Error              (PE):    0.000ns

    Location             Delay type                Incr(ns)  Path(ns)    Netlist Resource(s)
  -------------------------------------------------------------------    -------------------
                         (clock pll_adc_clk rise edge)
                                                      0.000     0.000 r  
    U18                                               0.000     0.000 r  adc_clk_i[1] (IN)
                         net (fo=0)                   0.000     0.000    adc_clk_i[1]
    U18                                                               r  i_clk/I
    U18                  IBUFDS (Prop_ibufds_I_O)     0.983     0.983 r  i_clk/O
                         net (fo=1, routed)           1.306     2.289    pll/adc_clk_in
    PLLE2_ADV_X0Y0                                                    r  pll/pll/CLKIN1
    PLLE2_ADV_X0Y0       PLLE2_ADV (Prop_plle2_adv_CLKIN1_CLKOUT0)
                                                      0.089     2.378 r  pll/pll/CLKOUT0
                         net (fo=1, routed)           1.754     4.132    pll_adc_clk
    BUFGCTRL_X0Y0                                                     r  bufg_adc_clk/I
    BUFGCTRL_X0Y0        BUFG (Prop_bufg_I_O)         0.101     4.233 r  bufg_adc_clk/O
                         net (fo=7983, routed)        1.664     5.897    ps/axi_slave_gp0/adc_clk
    SLICE_X19Y51         FDRE                                         r  ps/axi_slave_gp0/rd_do_reg/C
  -------------------------------------------------------------------    -------------------
    SLICE_X19Y51         FDRE (Prop_fdre_C_Q)         0.456     6.353 f  ps/axi_slave_gp0/rd_do_reg/Q
                         net (fo=171, routed)         0.807     7.160    ps/axi_slave_gp0/rd_do
    SLICE_X18Y51                                                      f  ps/axi_slave_gp0/scan_offset_o[13]_i_5/I1
    SLICE_X18Y51         LUT3 (Prop_lut3_I1_O)        0.152     7.312 f  ps/axi_slave_gp0/scan_offset_o[13]_i_5/O
                         net (fo=96, routed)          0.838     8.150    ps/axi_slave_gp0/rd_araddr_reg[3]_10
    SLICE_X17Y51                                                      f  ps/axi_slave_gp0/FSM_onehot_arm_phase_q[4]_i_8/I0
    SLICE_X17Y51         LUT5 (Prop_lut5_I0_O)        0.326     8.476 f  ps/axi_slave_gp0/FSM_onehot_arm_phase_q[4]_i_8/O
                         net (fo=1, routed)           0.667     9.143    ps/axi_slave_gp0/FSM_onehot_arm_phase_q[4]_i_8_n_0
    SLICE_X14Y42                                                      f  ps/axi_slave_gp0/FSM_onehot_arm_phase_q[4]_i_4/I5
    SLICE_X14Y42         LUT6 (Prop_lut6_I5_O)        0.124     9.267 r  ps/axi_slave_gp0/FSM_onehot_arm_phase_q[4]_i_4/O
                         net (fo=12, routed)          0.743    10.010    ps/axi_slave_gp0/FSM_onehot_arm_phase_q[4]_i_4_n_0
    SLICE_X13Y42                                                      r  ps/axi_slave_gp0/event_stage_fault_code_q[0]_i_2/I0
    SLICE_X13Y42         LUT6 (Prop_lut6_I0_O)        0.124    10.134 r  ps/axi_slave_gp0/event_stage_fault_code_q[0]_i_2/O
                         net (fo=8, routed)           0.633    10.767    ps/axi_slave_gp0/acq_abort
    SLICE_X10Y41                                                      r  ps/axi_slave_gp0/arm_window_q[31]_i_2/I0
    SLICE_X10Y41         LUT2 (Prop_lut2_I0_O)        0.153    10.920 r  ps/axi_slave_gp0/arm_window_q[31]_i_2/O
                         net (fo=65, routed)          0.889    11.809    i_custom_register_bank/i_deterministic_lock_acquisition/arm_target_high_q_reg[0]_0
    SLICE_X9Y42                                                       r  i_custom_register_bank/i_deterministic_lock_acquisition/arm_window_q[31]_i_1/I1
    SLICE_X9Y42          LUT2 (Prop_lut2_I1_O)        0.357    12.166 f  i_custom_register_bank/i_deterministic_lock_acquisition/arm_window_q[31]_i_1/O
                         net (fo=327, routed)         1.396    13.562    i_custom_register_bank/i_deterministic_lock_acquisition/arm_window_q[31]_i_1_n_0
    SLICE_X16Y37         FDRE                                         f  i_custom_register_bank/i_deterministic_lock_acquisition/arm_error_setpoint_q_reg[5]/CE
  -------------------------------------------------------------------    -------------------

                         (clock pll_adc_clk rise edge)
                                                      8.000     8.000 r  
    U18                                               0.000     8.000 r  adc_clk_i[1] (IN)
                         net (fo=0)                   0.000     8.000    adc_clk_i[1]
    U18                                                               r  i_clk/I
    U18                  IBUFDS (Prop_ibufds_I_O)     0.940     8.940 r  i_clk/O
                         net (fo=1, routed)           1.181    10.121    pll/adc_clk_in
    PLLE2_ADV_X0Y0                                                    r  pll/pll/CLKIN1
    PLLE2_ADV_X0Y0       PLLE2_ADV (Prop_plle2_adv_CLKIN1_CLKOUT0)
                                                      0.084    10.205 r  pll/pll/CLKOUT0
                         net (fo=1, routed)           1.594    11.799    pll_adc_clk
    BUFGCTRL_X0Y0                                                     r  bufg_adc_clk/I
    BUFGCTRL_X0Y0        BUFG (Prop_bufg_I_O)         0.091    11.890 r  bufg_adc_clk/O
                         net (fo=7983, routed)        1.496    13.386    i_custom_register_bank/i_deterministic_lock_acquisition/adc_clk
    SLICE_X16Y37         FDRE                                         r  i_custom_register_bank/i_deterministic_lock_acquisition/arm_error_setpoint_q_reg[5]/C
                         clock pessimism              0.343    13.730    
                         clock uncertainty           -0.069    13.661    
    SLICE_X16Y37         FDRE (Setup_fdre_C_CE)      -0.377    13.284    i_custom_register_bank/i_deterministic_lock_acquisition/arm_error_setpoint_q_reg[5]
  -------------------------------------------------------------------
                         required time                         13.284    
                         arrival time                         -13.562    
  -------------------------------------------------------------------
                         slack                                 -0.279    

Slack (VIOLATED) :        -0.279ns  (required time - arrival time)
  Source:                 ps/axi_slave_gp0/rd_do_reg/C
                            (rising edge-triggered cell FDRE clocked by pll_adc_clk  {rise@0.000ns fall@4.000ns period=8.000ns})
  Destination:            i_custom_register_bank/i_deterministic_lock_acquisition/arm_request_error_q_reg[0]/CE
                            (rising edge-triggered cell FDRE clocked by pll_adc_clk  {rise@0.000ns fall@4.000ns period=8.000ns})
  Path Group:             pll_adc_clk
  Path Type:              Setup (Max at Slow Process Corner)
  Requirement:            8.000ns  (pll_adc_clk rise@8.000ns - pll_adc_clk rise@0.000ns)
  Data Path Delay:        7.665ns  (logic 1.692ns (22.074%)  route 5.973ns (77.926%))
  Logic Levels:           6  (LUT2=2 LUT3=1 LUT5=1 LUT6=2)
  Clock Path Skew:        -0.168ns (DCD - SCD + CPR)
    Destination Clock Delay (DCD):    5.386ns = ( 13.386 - 8.000 ) 
    Source Clock Delay      (SCD):    5.897ns
    Clock Pessimism Removal (CPR):    0.343ns
  Clock Uncertainty:      0.069ns  ((TSJ^2 + DJ^2)^1/2) / 2 + PE
    Total System Jitter     (TSJ):    0.071ns
    Discrete Jitter          (DJ):    0.118ns
    Phase Error              (PE):    0.000ns

    Location             Delay type                Incr(ns)  Path(ns)    Netlist Resource(s)
  -------------------------------------------------------------------    -------------------
                         (clock pll_adc_clk rise edge)
                                                      0.000     0.000 r  
    U18                                               0.000     0.000 r  adc_clk_i[1] (IN)
                         net (fo=0)                   0.000     0.000    adc_clk_i[1]
    U18                                                               r  i_clk/I
    U18                  IBUFDS (Prop_ibufds_I_O)     0.983     0.983 r  i_clk/O
                         net (fo=1, routed)           1.306     2.289    pll/adc_clk_in
    PLLE2_ADV_X0Y0                                                    r  pll/pll/CLKIN1
    PLLE2_ADV_X0Y0       PLLE2_ADV (Prop_plle2_adv_CLKIN1_CLKOUT0)
                                                      0.089     2.378 r  pll/pll/CLKOUT0
                         net (fo=1, routed)           1.754     4.132    pll_adc_clk
    BUFGCTRL_X0Y0                                                     r  bufg_adc_clk/I
    BUFGCTRL_X0Y0        BUFG (Prop_bufg_I_O)         0.101     4.233 r  bufg_adc_clk/O
                         net (fo=7983, routed)        1.664     5.897    ps/axi_slave_gp0/adc_clk
    SLICE_X19Y51         FDRE                                         r  ps/axi_slave_gp0/rd_do_reg/C
  -------------------------------------------------------------------    -------------------
    SLICE_X19Y51         FDRE (Prop_fdre_C_Q)         0.456     6.353 r  ps/axi_slave_gp0/rd_do_reg/Q
                         net (fo=171, routed)         0.807     7.160    ps/axi_slave_gp0/rd_do
    SLICE_X18Y51                                                      r  ps/axi_slave_gp0/scan_offset_o[13]_i_5/I1
    SLICE_X18Y51         LUT3 (Prop_lut3_I1_O)        0.152     7.312 r  ps/axi_slave_gp0/scan_offset_o[13]_i_5/O
                         net (fo=96, routed)          0.838     8.150    ps/axi_slave_gp0/rd_araddr_reg[3]_10
    SLICE_X17Y51                                                      r  ps/axi_slave_gp0/FSM_onehot_arm_phase_q[4]_i_8/I0
    SLICE_X17Y51         LUT5 (Prop_lut5_I0_O)        0.326     8.476 r  ps/axi_slave_gp0/FSM_onehot_arm_phase_q[4]_i_8/O
                         net (fo=1, routed)           0.667     9.143    ps/axi_slave_gp0/FSM_onehot_arm_phase_q[4]_i_8_n_0
    SLICE_X14Y42                                                      r  ps/axi_slave_gp0/FSM_onehot_arm_phase_q[4]_i_4/I5
    SLICE_X14Y42         LUT6 (Prop_lut6_I5_O)        0.124     9.267 f  ps/axi_slave_gp0/FSM_onehot_arm_phase_q[4]_i_4/O
                         net (fo=12, routed)          0.743    10.010    ps/axi_slave_gp0/FSM_onehot_arm_phase_q[4]_i_4_n_0
    SLICE_X13Y42                                                      f  ps/axi_slave_gp0/event_stage_fault_code_q[0]_i_2/I0
    SLICE_X13Y42         LUT6 (Prop_lut6_I0_O)        0.124    10.134 f  ps/axi_slave_gp0/event_stage_fault_code_q[0]_i_2/O
                         net (fo=8, routed)           0.633    10.767    ps/axi_slave_gp0/acq_abort
    SLICE_X10Y41                                                      f  ps/axi_slave_gp0/arm_window_q[31]_i_2/I0
    SLICE_X10Y41         LUT2 (Prop_lut2_I0_O)        0.153    10.920 f  ps/axi_slave_gp0/arm_window_q[31]_i_2/O
                         net (fo=65, routed)          0.889    11.809    i_custom_register_bank/i_deterministic_lock_acquisition/arm_target_high_q_reg[0]_0
    SLICE_X9Y42                                                       f  i_custom_register_bank/i_deterministic_lock_acquisition/arm_window_q[31]_i_1/I1
    SLICE_X9Y42          LUT2 (Prop_lut2_I1_O)        0.357    12.166 r  i_custom_register_bank/i_deterministic_lock_acquisition/arm_window_q[31]_i_1/O
                         net (fo=327, routed)         1.396    13.562    i_custom_register_bank/i_deterministic_lock_acquisition/arm_window_q[31]_i_1_n_0
    SLICE_X16Y37         FDRE                                         r  i_custom_register_bank/i_deterministic_lock_acquisition/arm_request_error_q_reg[0]/CE
  -------------------------------------------------------------------    -------------------

                         (clock pll_adc_clk rise edge)
                                                      8.000     8.000 r  
    U18                                               0.000     8.000 r  adc_clk_i[1] (IN)
                         net (fo=0)                   0.000     8.000    adc_clk_i[1]
    U18                                                               r  i_clk/I
    U18                  IBUFDS (Prop_ibufds_I_O)     0.940     8.940 r  i_clk/O
                         net (fo=1, routed)           1.181    10.121    pll/adc_clk_in
    PLLE2_ADV_X0Y0                                                    r  pll/pll/CLKIN1
    PLLE2_ADV_X0Y0       PLLE2_ADV (Prop_plle2_adv_CLKIN1_CLKOUT0)
                                                      0.084    10.205 r  pll/pll/CLKOUT0
                         net (fo=1, routed)           1.594    11.799    pll_adc_clk
    BUFGCTRL_X0Y0                                                     r  bufg_adc_clk/I
    BUFGCTRL_X0Y0        BUFG (Prop_bufg_I_O)         0.091    11.890 r  bufg_adc_clk/O
                         net (fo=7983, routed)        1.496    13.386    i_custom_register_bank/i_deterministic_lock_acquisition/adc_clk
    SLICE_X16Y37         FDRE                                         r  i_custom_register_bank/i_deterministic_lock_acquisition/arm_request_error_q_reg[0]/C
                         clock pessimism              0.343    13.730    
                         clock uncertainty           -0.069    13.661    
    SLICE_X16Y37         FDRE (Setup_fdre_C_CE)      -0.377    13.284    i_custom_register_bank/i_deterministic_lock_acquisition/arm_request_error_q_reg[0]
  -------------------------------------------------------------------
                         required time                         13.284    
                         arrival time                         -13.562    
  -------------------------------------------------------------------
                         slack                                 -0.279    

Slack (VIOLATED) :        -0.279ns  (required time - arrival time)
  Source:                 ps/axi_slave_gp0/rd_do_reg/C
                            (rising edge-triggered cell FDRE clocked by pll_adc_clk  {rise@0.000ns fall@4.000ns period=8.000ns})
  Destination:            i_custom_register_bank/i_deterministic_lock_acquisition/arm_request_error_q_reg[0]/CE
                            (rising edge-triggered cell FDRE clocked by pll_adc_clk  {rise@0.000ns fall@4.000ns period=8.000ns})
  Path Group:             pll_adc_clk
  Path Type:              Setup (Max at Slow Process Corner)
  Requirement:            8.000ns  (pll_adc_clk rise@8.000ns - pll_adc_clk rise@0.000ns)
  Data Path Delay:        7.665ns  (logic 1.692ns (22.074%)  route 5.973ns (77.926%))
  Logic Levels:           6  (LUT2=2 LUT3=1 LUT5=1 LUT6=2)
  Clock Path Skew:        -0.168ns (DCD - SCD + CPR)
    Destination Clock Delay (DCD):    5.386ns = ( 13.386 - 8.000 ) 
    Source Clock Delay      (SCD):    5.897ns
    Clock Pessimism Removal (CPR):    0.343ns
  Clock Uncertainty:      0.069ns  ((TSJ^2 + DJ^2)^1/2) / 2 + PE
    Total System Jitter     (TSJ):    0.071ns
    Discrete Jitter          (DJ):    0.118ns
    Phase Error              (PE):    0.000ns

    Location             Delay type                Incr(ns)  Path(ns)    Netlist Resource(s)
  -------------------------------------------------------------------    -------------------
                         (clock pll_adc_clk rise edge)
                                                      0.000     0.000 r  
    U18                                               0.000     0.000 r  adc_clk_i[1] (IN)
                         net (fo=0)                   0.000     0.000    adc_clk_i[1]
    U18                                                               r  i_clk/I
    U18                  IBUFDS (Prop_ibufds_I_O)     0.983     0.983 r  i_clk/O
                         net (fo=1, routed)           1.306     2.289    pll/adc_clk_in
    PLLE2_ADV_X0Y0                                                    r  pll/pll/CLKIN1
    PLLE2_ADV_X0Y0       PLLE2_ADV (Prop_plle2_adv_CLKIN1_CLKOUT0)
                                                      0.089     2.378 r  pll/pll/CLKOUT0
                         net (fo=1, routed)           1.754     4.132    pll_adc_clk
    BUFGCTRL_X0Y0                                                     r  bufg_adc_clk/I
    BUFGCTRL_X0Y0        BUFG (Prop_bufg_I_O)         0.101     4.233 r  bufg_adc_clk/O
                         net (fo=7983, routed)        1.664     5.897    ps/axi_slave_gp0/adc_clk
    SLICE_X19Y51         FDRE                                         r  ps/axi_slave_gp0/rd_do_reg/C
  -------------------------------------------------------------------    -------------------
    SLICE_X19Y51         FDRE (Prop_fdre_C_Q)         0.456     6.353 f  ps/axi_slave_gp0/rd_do_reg/Q
                         net (fo=171, routed)         0.807     7.160    ps/axi_slave_gp0/rd_do
    SLICE_X18Y51                                                      f  ps/axi_slave_gp0/scan_offset_o[13]_i_5/I1
    SLICE_X18Y51         LUT3 (Prop_lut3_I1_O)        0.152     7.312 r  ps/axi_slave_gp0/scan_offset_o[13]_i_5/O
                         net (fo=96, routed)          0.838     8.150    ps/axi_slave_gp0/rd_araddr_reg[3]_10
    SLICE_X17Y51                                                      r  ps/axi_slave_gp0/FSM_onehot_arm_phase_q[4]_i_8/I0
    SLICE_X17Y51         LUT5 (Prop_lut5_I0_O)        0.326     8.476 r  ps/axi_slave_gp0/FSM_onehot_arm_phase_q[4]_i_8/O
                         net (fo=1, routed)           0.667     9.143    ps/axi_slave_gp0/FSM_onehot_arm_phase_q[4]_i_8_n_0
    SLICE_X14Y42                                                      r  ps/axi_slave_gp0/FSM_onehot_arm_phase_q[4]_i_4/I5
    SLICE_X14Y42         LUT6 (Prop_lut6_I5_O)        0.124     9.267 f  ps/axi_slave_gp0/FSM_onehot_arm_phase_q[4]_i_4/O
                         net (fo=12, routed)          0.743    10.010    ps/axi_slave_gp0/FSM_onehot_arm_phase_q[4]_i_4_n_0
    SLICE_X13Y42                                                      f  ps/axi_slave_gp0/event_stage_fault_code_q[0]_i_2/I0
    SLICE_X13Y42         LUT6 (Prop_lut6_I0_O)        0.124    10.134 f  ps/axi_slave_gp0/event_stage_fault_code_q[0]_i_2/O
                         net (fo=8, routed)           0.633    10.767    ps/axi_slave_gp0/acq_abort
    SLICE_X10Y41                                                      f  ps/axi_slave_gp0/arm_window_q[31]_i_2/I0
    SLICE_X10Y41         LUT2 (Prop_lut2_I0_O)        0.153    10.920 f  ps/axi_slave_gp0/arm_window_q[31]_i_2/O
                         net (fo=65, routed)          0.889    11.809    i_custom_register_bank/i_deterministic_lock_acquisition/arm_target_high_q_reg[0]_0
    SLICE_X9Y42                                                       f  i_custom_register_bank/i_deterministic_lock_acquisition/arm_window_q[31]_i_1/I1
    SLICE_X9Y42          LUT2 (Prop_lut2_I1_O)        0.357    12.166 r  i_custom_register_bank/i_deterministic_lock_acquisition/arm_window_q[31]_i_1/O
                         net (fo=327, routed)         1.396    13.562    i_custom_register_bank/i_deterministic_lock_acquisition/arm_window_q[31]_i_1_n_0
    SLICE_X16Y37         FDRE                                         r  i_custom_register_bank/i_deterministic_lock_acquisition/arm_request_error_q_reg[0]/CE
  -------------------------------------------------------------------    -------------------

                         (clock pll_adc_clk rise edge)
                                                      8.000     8.000 r  
    U18                                               0.000     8.000 r  adc_clk_i[1] (IN)
                         net (fo=0)                   0.000     8.000    adc_clk_i[1]
    U18                                                               r  i_clk/I
    U18                  IBUFDS (Prop_ibufds_I_O)     0.940     8.940 r  i_clk/O
                         net (fo=1, routed)           1.181    10.121    pll/adc_clk_in
    PLLE2_ADV_X0Y0                                                    r  pll/pll/CLKIN1
    PLLE2_ADV_X0Y0       PLLE2_ADV (Prop_plle2_adv_CLKIN1_CLKOUT0)
                                                      0.084    10.205 r  pll/pll/CLKOUT0
                         net (fo=1, routed)           1.594    11.799    pll_adc_clk
    BUFGCTRL_X0Y0                                                     r  bufg_adc_clk/I
    BUFGCTRL_X0Y0        BUFG (Prop_bufg_I_O)         0.091    11.890 r  bufg_adc_clk/O
                         net (fo=7983, routed)        1.496    13.386    i_custom_register_bank/i_deterministic_lock_acquisition/adc_clk
    SLICE_X16Y37         FDRE                                         r  i_custom_register_bank/i_deterministic_lock_acquisition/arm_request_error_q_reg[0]/C
                         clock pessimism              0.343    13.730    
                         clock uncertainty           -0.069    13.661    
    SLICE_X16Y37         FDRE (Setup_fdre_C_CE)      -0.377    13.284    i_custom_register_bank/i_deterministic_lock_acquisition/arm_request_error_q_reg[0]
  -------------------------------------------------------------------
                         required time                         13.284    
                         arrival time                         -13.562    
  -------------------------------------------------------------------
                         slack                                 -0.279    

Slack (VIOLATED) :        -0.279ns  (required time - arrival time)
  Source:                 ps/axi_slave_gp0/rd_do_reg/C
                            (rising edge-triggered cell FDRE clocked by pll_adc_clk  {rise@0.000ns fall@4.000ns period=8.000ns})
  Destination:            i_custom_register_bank/i_deterministic_lock_acquisition/arm_request_error_q_reg[0]/CE
                            (rising edge-triggered cell FDRE clocked by pll_adc_clk  {rise@0.000ns fall@4.000ns period=8.000ns})
  Path Group:             pll_adc_clk
  Path Type:              Setup (Max at Slow Process Corner)
  Requirement:            8.000ns  (pll_adc_clk rise@8.000ns - pll_adc_clk rise@0.000ns)
  Data Path Delay:        7.665ns  (logic 1.692ns (22.074%)  route 5.973ns (77.926%))
  Logic Levels:           6  (LUT2=2 LUT3=1 LUT5=1 LUT6=2)
  Clock Path Skew:        -0.168ns (DCD - SCD + CPR)
    Destination Clock Delay (DCD):    5.386ns = ( 13.386 - 8.000 ) 
    Source Clock Delay      (SCD):    5.897ns
    Clock Pessimism Removal (CPR):    0.343ns
  Clock Uncertainty:      0.069ns  ((TSJ^2 + DJ^2)^1/2) / 2 + PE
    Total System Jitter     (TSJ):    0.071ns
    Discrete Jitter          (DJ):    0.118ns
    Phase Error              (PE):    0.000ns

    Location             Delay type                Incr(ns)  Path(ns)    Netlist Resource(s)
  -------------------------------------------------------------------    -------------------
                         (clock pll_adc_clk rise edge)
                                                      0.000     0.000 r  
    U18                                               0.000     0.000 r  adc_clk_i[1] (IN)
                         net (fo=0)                   0.000     0.000    adc_clk_i[1]
    U18                                                               r  i_clk/I
    U18                  IBUFDS (Prop_ibufds_I_O)     0.983     0.983 r  i_clk/O
                         net (fo=1, routed)           1.306     2.289    pll/adc_clk_in
    PLLE2_ADV_X0Y0                                                    r  pll/pll/CLKIN1
    PLLE2_ADV_X0Y0       PLLE2_ADV (Prop_plle2_adv_CLKIN1_CLKOUT0)
                                                      0.089     2.378 r  pll/pll/CLKOUT0
                         net (fo=1, routed)           1.754     4.132    pll_adc_clk
    BUFGCTRL_X0Y0                                                     r  bufg_adc_clk/I
    BUFGCTRL_X0Y0        BUFG (Prop_bufg_I_O)         0.101     4.233 r  bufg_adc_clk/O
                         net (fo=7983, routed)        1.664     5.897    ps/axi_slave_gp0/adc_clk
    SLICE_X19Y51         FDRE                                         r  ps/axi_slave_gp0/rd_do_reg/C
  -------------------------------------------------------------------    -------------------
    SLICE_X19Y51         FDRE (Prop_fdre_C_Q)         0.456     6.353 r  ps/axi_slave_gp0/rd_do_reg/Q
                         net (fo=171, routed)         0.807     7.160    ps/axi_slave_gp0/rd_do
    SLICE_X18Y51                                                      r  ps/axi_slave_gp0/scan_offset_o[13]_i_5/I1
    SLICE_X18Y51         LUT3 (Prop_lut3_I1_O)        0.152     7.312 f  ps/axi_slave_gp0/scan_offset_o[13]_i_5/O
                         net (fo=96, routed)          0.838     8.150    ps/axi_slave_gp0/rd_araddr_reg[3]_10
    SLICE_X17Y51                                                      f  ps/axi_slave_gp0/FSM_onehot_arm_phase_q[4]_i_8/I0
    SLICE_X17Y51         LUT5 (Prop_lut5_I0_O)        0.326     8.476 f  ps/axi_slave_gp0/FSM_onehot_arm_phase_q[4]_i_8/O
                         net (fo=1, routed)           0.667     9.143    ps/axi_slave_gp0/FSM_onehot_arm_phase_q[4]_i_8_n_0
    SLICE_X14Y42                                                      f  ps/axi_slave_gp0/FSM_onehot_arm_phase_q[4]_i_4/I5
    SLICE_X14Y42         LUT6 (Prop_lut6_I5_O)        0.124     9.267 r  ps/axi_slave_gp0/FSM_onehot_arm_phase_q[4]_i_4/O
                         net (fo=12, routed)          0.743    10.010    ps/axi_slave_gp0/FSM_onehot_arm_phase_q[4]_i_4_n_0
    SLICE_X13Y42                                                      r  ps/axi_slave_gp0/event_stage_fault_code_q[0]_i_2/I0
    SLICE_X13Y42         LUT6 (Prop_lut6_I0_O)        0.124    10.134 r  ps/axi_slave_gp0/event_stage_fault_code_q[0]_i_2/O
                         net (fo=8, routed)           0.633    10.767    ps/axi_slave_gp0/acq_abort
    SLICE_X10Y41                                                      r  ps/axi_slave_gp0/arm_window_q[31]_i_2/I0
    SLICE_X10Y41         LUT2 (Prop_lut2_I0_O)        0.153    10.920 r  ps/axi_slave_gp0/arm_window_q[31]_i_2/O
                         net (fo=65, routed)          0.889    11.809    i_custom_register_bank/i_deterministic_lock_acquisition/arm_target_high_q_reg[0]_0
    SLICE_X9Y42                                                       r  i_custom_register_bank/i_deterministic_lock_acquisition/arm_window_q[31]_i_1/I1
    SLICE_X9Y42          LUT2 (Prop_lut2_I1_O)        0.357    12.166 f  i_custom_register_bank/i_deterministic_lock_acquisition/arm_window_q[31]_i_1/O
                         net (fo=327, routed)         1.396    13.562    i_custom_register_bank/i_deterministic_lock_acquisition/arm_window_q[31]_i_1_n_0
    SLICE_X16Y37         FDRE                                         f  i_custom_register_bank/i_deterministic_lock_acquisition/arm_request_error_q_reg[0]/CE
  -------------------------------------------------------------------    -------------------

                         (clock pll_adc_clk rise edge)
                                                      8.000     8.000 r  
    U18                                               0.000     8.000 r  adc_clk_i[1] (IN)
                         net (fo=0)                   0.000     8.000    adc_clk_i[1]
    U18                                                               r  i_clk/I
    U18                  IBUFDS (Prop_ibufds_I_O)     0.940     8.940 r  i_clk/O
                         net (fo=1, routed)           1.181    10.121    pll/adc_clk_in
    PLLE2_ADV_X0Y0                                                    r  pll/pll/CLKIN1
    PLLE2_ADV_X0Y0       PLLE2_ADV (Prop_plle2_adv_CLKIN1_CLKOUT0)
                                                      0.084    10.205 r  pll/pll/CLKOUT0
                         net (fo=1, routed)           1.594    11.799    pll_adc_clk
    BUFGCTRL_X0Y0                                                     r  bufg_adc_clk/I
    BUFGCTRL_X0Y0        BUFG (Prop_bufg_I_O)         0.091    11.890 r  bufg_adc_clk/O
                         net (fo=7983, routed)        1.496    13.386    i_custom_register_bank/i_deterministic_lock_acquisition/adc_clk
    SLICE_X16Y37         FDRE                                         r  i_custom_register_bank/i_deterministic_lock_acquisition/arm_request_error_q_reg[0]/C
                         clock pessimism              0.343    13.730    
                         clock uncertainty           -0.069    13.661    
    SLICE_X16Y37         FDRE (Setup_fdre_C_CE)      -0.377    13.284    i_custom_register_bank/i_deterministic_lock_acquisition/arm_request_error_q_reg[0]
  -------------------------------------------------------------------
                         required time                         13.284    
                         arrival time                         -13.562    
  -------------------------------------------------------------------
                         slack                                 -0.279    

Slack (VIOLATED) :        -0.279ns  (required time - arrival time)
  Source:                 ps/axi_slave_gp0/rd_do_reg/C
                            (rising edge-triggered cell FDRE clocked by pll_adc_clk  {rise@0.000ns fall@4.000ns period=8.000ns})
  Destination:            i_custom_register_bank/i_deterministic_lock_acquisition/arm_request_error_q_reg[0]/CE
                            (rising edge-triggered cell FDRE clocked by pll_adc_clk  {rise@0.000ns fall@4.000ns period=8.000ns})
  Path Group:             pll_adc_clk
  Path Type:              Setup (Max at Slow Process Corner)
  Requirement:            8.000ns  (pll_adc_clk rise@8.000ns - pll_adc_clk rise@0.000ns)
  Data Path Delay:        7.665ns  (logic 1.692ns (22.074%)  route 5.973ns (77.926%))
  Logic Levels:           6  (LUT2=2 LUT3=1 LUT5=1 LUT6=2)
  Clock Path Skew:        -0.168ns (DCD - SCD + CPR)
    Destination Clock Delay (DCD):    5.386ns = ( 13.386 - 8.000 ) 
    Source Clock Delay      (SCD):    5.897ns
    Clock Pessimism Removal (CPR):    0.343ns
  Clock Uncertainty:      0.069ns  ((TSJ^2 + DJ^2)^1/2) / 2 + PE
    Total System Jitter     (TSJ):    0.071ns
    Discrete Jitter          (DJ):    0.118ns
    Phase Error              (PE):    0.000ns

    Location             Delay type                Incr(ns)  Path(ns)    Netlist Resource(s)
  -------------------------------------------------------------------    -------------------
                         (clock pll_adc_clk rise edge)
                                                      0.000     0.000 r  
    U18                                               0.000     0.000 r  adc_clk_i[1] (IN)
                         net (fo=0)                   0.000     0.000    adc_clk_i[1]
    U18                                                               r  i_clk/I
    U18                  IBUFDS (Prop_ibufds_I_O)     0.983     0.983 r  i_clk/O
                         net (fo=1, routed)           1.306     2.289    pll/adc_clk_in
    PLLE2_ADV_X0Y0                                                    r  pll/pll/CLKIN1
    PLLE2_ADV_X0Y0       PLLE2_ADV (Prop_plle2_adv_CLKIN1_CLKOUT0)
                                                      0.089     2.378 r  pll/pll/CLKOUT0
                         net (fo=1, routed)           1.754     4.132    pll_adc_clk
    BUFGCTRL_X0Y0                                                     r  bufg_adc_clk/I
    BUFGCTRL_X0Y0        BUFG (Prop_bufg_I_O)         0.101     4.233 r  bufg_adc_clk/O
                         net (fo=7983, routed)        1.664     5.897    ps/axi_slave_gp0/adc_clk
    SLICE_X19Y51         FDRE                                         r  ps/axi_slave_gp0/rd_do_reg/C
  -------------------------------------------------------------------    -------------------
    SLICE_X19Y51         FDRE (Prop_fdre_C_Q)         0.456     6.353 f  ps/axi_slave_gp0/rd_do_reg/Q
                         net (fo=171, routed)         0.807     7.160    ps/axi_slave_gp0/rd_do
    SLICE_X18Y51                                                      f  ps/axi_slave_gp0/scan_offset_o[13]_i_5/I1
    SLICE_X18Y51         LUT3 (Prop_lut3_I1_O)        0.152     7.312 f  ps/axi_slave_gp0/scan_offset_o[13]_i_5/O
                         net (fo=96, routed)          0.838     8.150    ps/axi_slave_gp0/rd_araddr_reg[3]_10
    SLICE_X17Y51                                                      f  ps/axi_slave_gp0/FSM_onehot_arm_phase_q[4]_i_8/I0
    SLICE_X17Y51         LUT5 (Prop_lut5_I0_O)        0.326     8.476 f  ps/axi_slave_gp0/FSM_onehot_arm_phase_q[4]_i_8/O
                         net (fo=1, routed)           0.667     9.143    ps/axi_slave_gp0/FSM_onehot_arm_phase_q[4]_i_8_n_0
    SLICE_X14Y42                                                      f  ps/axi_slave_gp0/FSM_onehot_arm_phase_q[4]_i_4/I5
    SLICE_X14Y42         LUT6 (Prop_lut6_I5_O)        0.124     9.267 r  ps/axi_slave_gp0/FSM_onehot_arm_phase_q[4]_i_4/O
                         net (fo=12, routed)          0.743    10.010    ps/axi_slave_gp0/FSM_onehot_arm_phase_q[4]_i_4_n_0
    SLICE_X13Y42                                                      r  ps/axi_slave_gp0/event_stage_fault_code_q[0]_i_2/I0
    SLICE_X13Y42         LUT6 (Prop_lut6_I0_O)        0.124    10.134 r  ps/axi_slave_gp0/event_stage_fault_code_q[0]_i_2/O
                         net (fo=8, routed)           0.633    10.767    ps/axi_slave_gp0/acq_abort
    SLICE_X10Y41                                                      r  ps/axi_slave_gp0/arm_window_q[31]_i_2/I0
    SLICE_X10Y41         LUT2 (Prop_lut2_I0_O)        0.153    10.920 r  ps/axi_slave_gp0/arm_window_q[31]_i_2/O
                         net (fo=65, routed)          0.889    11.809    i_custom_register_bank/i_deterministic_lock_acquisition/arm_target_high_q_reg[0]_0
    SLICE_X9Y42                                                       r  i_custom_register_bank/i_deterministic_lock_acquisition/arm_window_q[31]_i_1/I1
    SLICE_X9Y42          LUT2 (Prop_lut2_I1_O)        0.357    12.166 f  i_custom_register_bank/i_deterministic_lock_acquisition/arm_window_q[31]_i_1/O
                         net (fo=327, routed)         1.396    13.562    i_custom_register_bank/i_deterministic_lock_acquisition/arm_window_q[31]_i_1_n_0
    SLICE_X16Y37         FDRE                                         f  i_custom_register_bank/i_deterministic_lock_acquisition/arm_request_error_q_reg[0]/CE
  -------------------------------------------------------------------    -------------------

                         (clock pll_adc_clk rise edge)
                                                      8.000     8.000 r  
    U18                                               0.000     8.000 r  adc_clk_i[1] (IN)
                         net (fo=0)                   0.000     8.000    adc_clk_i[1]
    U18                                                               r  i_clk/I
    U18                  IBUFDS (Prop_ibufds_I_O)     0.940     8.940 r  i_clk/O
                         net (fo=1, routed)           1.181    10.121    pll/adc_clk_in
    PLLE2_ADV_X0Y0                                                    r  pll/pll/CLKIN1
    PLLE2_ADV_X0Y0       PLLE2_ADV (Prop_plle2_adv_CLKIN1_CLKOUT0)
                                                      0.084    10.205 r  pll/pll/CLKOUT0
                         net (fo=1, routed)           1.594    11.799    pll_adc_clk
    BUFGCTRL_X0Y0                                                     r  bufg_adc_clk/I
    BUFGCTRL_X0Y0        BUFG (Prop_bufg_I_O)         0.091    11.890 r  bufg_adc_clk/O
                         net (fo=7983, routed)        1.496    13.386    i_custom_register_bank/i_deterministic_lock_acquisition/adc_clk
    SLICE_X16Y37         FDRE                                         r  i_custom_register_bank/i_deterministic_lock_acquisition/arm_request_error_q_reg[0]/C
                         clock pessimism              0.343    13.730    
                         clock uncertainty           -0.069    13.661    
    SLICE_X16Y37         FDRE (Setup_fdre_C_CE)      -0.377    13.284    i_custom_register_bank/i_deterministic_lock_acquisition/arm_request_error_q_reg[0]
  -------------------------------------------------------------------
                         required time                         13.284    
                         arrival time                         -13.562    
  -------------------------------------------------------------------
                         slack                                 -0.279    

Slack (VIOLATED) :        -0.279ns  (required time - arrival time)
  Source:                 ps/axi_slave_gp0/rd_do_reg/C
                            (rising edge-triggered cell FDRE clocked by pll_adc_clk  {rise@0.000ns fall@4.000ns period=8.000ns})
  Destination:            i_custom_register_bank/i_deterministic_lock_acquisition/arm_request_error_q_reg[1]/CE
                            (rising edge-triggered cell FDRE clocked by pll_adc_clk  {rise@0.000ns fall@4.000ns period=8.000ns})
  Path Group:             pll_adc_clk
  Path Type:              Setup (Max at Slow Process Corner)
  Requirement:            8.000ns  (pll_adc_clk rise@8.000ns - pll_adc_clk rise@0.000ns)
  Data Path Delay:        7.665ns  (logic 1.692ns (22.074%)  route 5.973ns (77.926%))
  Logic Levels:           6  (LUT2=2 LUT3=1 LUT5=1 LUT6=2)
  Clock Path Skew:        -0.168ns (DCD - SCD + CPR)
    Destination Clock Delay (DCD):    5.386ns = ( 13.386 - 8.000 ) 
    Source Clock Delay      (SCD):    5.897ns
    Clock Pessimism Removal (CPR):    0.343ns
  Clock Uncertainty:      0.069ns  ((TSJ^2 + DJ^2)^1/2) / 2 + PE
    Total System Jitter     (TSJ):    0.071ns
    Discrete Jitter          (DJ):    0.118ns
    Phase Error              (PE):    0.000ns

    Location             Delay type                Incr(ns)  Path(ns)    Netlist Resource(s)
  -------------------------------------------------------------------    -------------------
                         (clock pll_adc_clk rise edge)
                                                      0.000     0.000 r  
    U18                                               0.000     0.000 r  adc_clk_i[1] (IN)
                         net (fo=0)                   0.000     0.000    adc_clk_i[1]
    U18                                                               r  i_clk/I
    U18                  IBUFDS (Prop_ibufds_I_O)     0.983     0.983 r  i_clk/O
                         net (fo=1, routed)           1.306     2.289    pll/adc_clk_in
    PLLE2_ADV_X0Y0                                                    r  pll/pll/CLKIN1
    PLLE2_ADV_X0Y0       PLLE2_ADV (Prop_plle2_adv_CLKIN1_CLKOUT0)
                                                      0.089     2.378 r  pll/pll/CLKOUT0
                         net (fo=1, routed)           1.754     4.132    pll_adc_clk
    BUFGCTRL_X0Y0                                                     r  bufg_adc_clk/I
    BUFGCTRL_X0Y0        BUFG (Prop_bufg_I_O)         0.101     4.233 r  bufg_adc_clk/O
                         net (fo=7983, routed)        1.664     5.897    ps/axi_slave_gp0/adc_clk
    SLICE_X19Y51         FDRE                                         r  ps/axi_slave_gp0/rd_do_reg/C
  -------------------------------------------------------------------    -------------------
    SLICE_X19Y51         FDRE (Prop_fdre_C_Q)         0.456     6.353 r  ps/axi_slave_gp0/rd_do_reg/Q
                         net (fo=171, routed)         0.807     7.160    ps/axi_slave_gp0/rd_do
    SLICE_X18Y51                                                      r  ps/axi_slave_gp0/scan_offset_o[13]_i_5/I1
    SLICE_X18Y51         LUT3 (Prop_lut3_I1_O)        0.152     7.312 r  ps/axi_slave_gp0/scan_offset_o[13]_i_5/O
                         net (fo=96, routed)          0.838     8.150    ps/axi_slave_gp0/rd_araddr_reg[3]_10
    SLICE_X17Y51                                                      r  ps/axi_slave_gp0/FSM_onehot_arm_phase_q[4]_i_8/I0
    SLICE_X17Y51         LUT5 (Prop_lut5_I0_O)        0.326     8.476 r  ps/axi_slave_gp0/FSM_onehot_arm_phase_q[4]_i_8/O
                         net (fo=1, routed)           0.667     9.143    ps/axi_slave_gp0/FSM_onehot_arm_phase_q[4]_i_8_n_0
    SLICE_X14Y42                                                      r  ps/axi_slave_gp0/FSM_onehot_arm_phase_q[4]_i_4/I5
    SLICE_X14Y42         LUT6 (Prop_lut6_I5_O)        0.124     9.267 f  ps/axi_slave_gp0/FSM_onehot_arm_phase_q[4]_i_4/O
                         net (fo=12, routed)          0.743    10.010    ps/axi_slave_gp0/FSM_onehot_arm_phase_q[4]_i_4_n_0
    SLICE_X13Y42                                                      f  ps/axi_slave_gp0/event_stage_fault_code_q[0]_i_2/I0
    SLICE_X13Y42         LUT6 (Prop_lut6_I0_O)        0.124    10.134 f  ps/axi_slave_gp0/event_stage_fault_code_q[0]_i_2/O
                         net (fo=8, routed)           0.633    10.767    ps/axi_slave_gp0/acq_abort
    SLICE_X10Y41                                                      f  ps/axi_slave_gp0/arm_window_q[31]_i_2/I0
    SLICE_X10Y41         LUT2 (Prop_lut2_I0_O)        0.153    10.920 f  ps/axi_slave_gp0/arm_window_q[31]_i_2/O
                         net (fo=65, routed)          0.889    11.809    i_custom_register_bank/i_deterministic_lock_acquisition/arm_target_high_q_reg[0]_0
    SLICE_X9Y42                                                       f  i_custom_register_bank/i_deterministic_lock_acquisition/arm_window_q[31]_i_1/I1
    SLICE_X9Y42          LUT2 (Prop_lut2_I1_O)        0.357    12.166 r  i_custom_register_bank/i_deterministic_lock_acquisition/arm_window_q[31]_i_1/O
                         net (fo=327, routed)         1.396    13.562    i_custom_register_bank/i_deterministic_lock_acquisition/arm_window_q[31]_i_1_n_0
    SLICE_X16Y37         FDRE                                         r  i_custom_register_bank/i_deterministic_lock_acquisition/arm_request_error_q_reg[1]/CE
  -------------------------------------------------------------------    -------------------

                         (clock pll_adc_clk rise edge)
                                                      8.000     8.000 r  
    U18                                               0.000     8.000 r  adc_clk_i[1] (IN)
                         net (fo=0)                   0.000     8.000    adc_clk_i[1]
    U18                                                               r  i_clk/I
    U18                  IBUFDS (Prop_ibufds_I_O)     0.940     8.940 r  i_clk/O
                         net (fo=1, routed)           1.181    10.121    pll/adc_clk_in
    PLLE2_ADV_X0Y0                                                    r  pll/pll/CLKIN1
    PLLE2_ADV_X0Y0       PLLE2_ADV (Prop_plle2_adv_CLKIN1_CLKOUT0)
                                                      0.084    10.205 r  pll/pll/CLKOUT0
                         net (fo=1, routed)           1.594    11.799    pll_adc_clk
    BUFGCTRL_X0Y0                                                     r  bufg_adc_clk/I
    BUFGCTRL_X0Y0        BUFG (Prop_bufg_I_O)         0.091    11.890 r  bufg_adc_clk/O
                         net (fo=7983, routed)        1.496    13.386    i_custom_register_bank/i_deterministic_lock_acquisition/adc_clk
    SLICE_X16Y37         FDRE                                         r  i_custom_register_bank/i_deterministic_lock_acquisition/arm_request_error_q_reg[1]/C
                         clock pessimism              0.343    13.730    
                         clock uncertainty           -0.069    13.661    
    SLICE_X16Y37         FDRE (Setup_fdre_C_CE)      -0.377    13.284    i_custom_register_bank/i_deterministic_lock_acquisition/arm_request_error_q_reg[1]
  -------------------------------------------------------------------
                         required time                         13.284    
                         arrival time                         -13.562    
  -------------------------------------------------------------------
                         slack                                 -0.279    

Slack (VIOLATED) :        -0.279ns  (required time - arrival time)
  Source:                 ps/axi_slave_gp0/rd_do_reg/C
                            (rising edge-triggered cell FDRE clocked by pll_adc_clk  {rise@0.000ns fall@4.000ns period=8.000ns})
  Destination:            i_custom_register_bank/i_deterministic_lock_acquisition/arm_request_error_q_reg[1]/CE
                            (rising edge-triggered cell FDRE clocked by pll_adc_clk  {rise@0.000ns fall@4.000ns period=8.000ns})
  Path Group:             pll_adc_clk
  Path Type:              Setup (Max at Slow Process Corner)
  Requirement:            8.000ns  (pll_adc_clk rise@8.000ns - pll_adc_clk rise@0.000ns)
  Data Path Delay:        7.665ns  (logic 1.692ns (22.074%)  route 5.973ns (77.926%))
  Logic Levels:           6  (LUT2=2 LUT3=1 LUT5=1 LUT6=2)
  Clock Path Skew:        -0.168ns (DCD - SCD + CPR)
    Destination Clock Delay (DCD):    5.386ns = ( 13.386 - 8.000 ) 
    Source Clock Delay      (SCD):    5.897ns
    Clock Pessimism Removal (CPR):    0.343ns
  Clock Uncertainty:      0.069ns  ((TSJ^2 + DJ^2)^1/2) / 2 + PE
    Total System Jitter     (TSJ):    0.071ns
    Discrete Jitter          (DJ):    0.118ns
    Phase Error              (PE):    0.000ns

    Location             Delay type                Incr(ns)  Path(ns)    Netlist Resource(s)
  -------------------------------------------------------------------    -------------------
                         (clock pll_adc_clk rise edge)
                                                      0.000     0.000 r  
    U18                                               0.000     0.000 r  adc_clk_i[1] (IN)
                         net (fo=0)                   0.000     0.000    adc_clk_i[1]
    U18                                                               r  i_clk/I
    U18                  IBUFDS (Prop_ibufds_I_O)     0.983     0.983 r  i_clk/O
                         net (fo=1, routed)           1.306     2.289    pll/adc_clk_in
    PLLE2_ADV_X0Y0                                                    r  pll/pll/CLKIN1
    PLLE2_ADV_X0Y0       PLLE2_ADV (Prop_plle2_adv_CLKIN1_CLKOUT0)
                                                      0.089     2.378 r  pll/pll/CLKOUT0
                         net (fo=1, routed)           1.754     4.132    pll_adc_clk
    BUFGCTRL_X0Y0                                                     r  bufg_adc_clk/I
    BUFGCTRL_X0Y0        BUFG (Prop_bufg_I_O)         0.101     4.233 r  bufg_adc_clk/O
                         net (fo=7983, routed)        1.664     5.897    ps/axi_slave_gp0/adc_clk
    SLICE_X19Y51         FDRE                                         r  ps/axi_slave_gp0/rd_do_reg/C
  -------------------------------------------------------------------    -------------------
    SLICE_X19Y51         FDRE (Prop_fdre_C_Q)         0.456     6.353 f  ps/axi_slave_gp0/rd_do_reg/Q
                         net (fo=171, routed)         0.807     7.160    ps/axi_slave_gp0/rd_do
    SLICE_X18Y51                                                      f  ps/axi_slave_gp0/scan_offset_o[13]_i_5/I1
    SLICE_X18Y51         LUT3 (Prop_lut3_I1_O)        0.152     7.312 r  ps/axi_slave_gp0/scan_offset_o[13]_i_5/O
                         net (fo=96, routed)          0.838     8.150    ps/axi_slave_gp0/rd_araddr_reg[3]_10
    SLICE_X17Y51                                                      r  ps/axi_slave_gp0/FSM_onehot_arm_phase_q[4]_i_8/I0
    SLICE_X17Y51         LUT5 (Prop_lut5_I0_O)        0.326     8.476 r  ps/axi_slave_gp0/FSM_onehot_arm_phase_q[4]_i_8/O
                         net (fo=1, routed)           0.667     9.143    ps/axi_slave_gp0/FSM_onehot_arm_phase_q[4]_i_8_n_0
    SLICE_X14Y42                                                      r  ps/axi_slave_gp0/FSM_onehot_arm_phase_q[4]_i_4/I5
    SLICE_X14Y42         LUT6 (Prop_lut6_I5_O)        0.124     9.267 f  ps/axi_slave_gp0/FSM_onehot_arm_phase_q[4]_i_4/O
                         net (fo=12, routed)          0.743    10.010    ps/axi_slave_gp0/FSM_onehot_arm_phase_q[4]_i_4_n_0
    SLICE_X13Y42                                                      f  ps/axi_slave_gp0/event_stage_fault_code_q[0]_i_2/I0
    SLICE_X13Y42         LUT6 (Prop_lut6_I0_O)        0.124    10.134 f  ps/axi_slave_gp0/event_stage_fault_code_q[0]_i_2/O
                         net (fo=8, routed)           0.633    10.767    ps/axi_slave_gp0/acq_abort
    SLICE_X10Y41                                                      f  ps/axi_slave_gp0/arm_window_q[31]_i_2/I0
    SLICE_X10Y41         LUT2 (Prop_lut2_I0_O)        0.153    10.920 f  ps/axi_slave_gp0/arm_window_q[31]_i_2/O
                         net (fo=65, routed)          0.889    11.809    i_custom_register_bank/i_deterministic_lock_acquisition/arm_target_high_q_reg[0]_0
    SLICE_X9Y42                                                       f  i_custom_register_bank/i_deterministic_lock_acquisition/arm_window_q[31]_i_1/I1
    SLICE_X9Y42          LUT2 (Prop_lut2_I1_O)        0.357    12.166 r  i_custom_register_bank/i_deterministic_lock_acquisition/arm_window_q[31]_i_1/O
                         net (fo=327, routed)         1.396    13.562    i_custom_register_bank/i_deterministic_lock_acquisition/arm_window_q[31]_i_1_n_0
    SLICE_X16Y37         FDRE                                         r  i_custom_register_bank/i_deterministic_lock_acquisition/arm_request_error_q_reg[1]/CE
  -------------------------------------------------------------------    -------------------

                         (clock pll_adc_clk rise edge)
                                                      8.000     8.000 r  
    U18                                               0.000     8.000 r  adc_clk_i[1] (IN)
                         net (fo=0)                   0.000     8.000    adc_clk_i[1]
    U18                                                               r  i_clk/I
    U18                  IBUFDS (Prop_ibufds_I_O)     0.940     8.940 r  i_clk/O
                         net (fo=1, routed)           1.181    10.121    pll/adc_clk_in
    PLLE2_ADV_X0Y0                                                    r  pll/pll/CLKIN1
    PLLE2_ADV_X0Y0       PLLE2_ADV (Prop_plle2_adv_CLKIN1_CLKOUT0)
                                                      0.084    10.205 r  pll/pll/CLKOUT0
                         net (fo=1, routed)           1.594    11.799    pll_adc_clk
    BUFGCTRL_X0Y0                                                     r  bufg_adc_clk/I
    BUFGCTRL_X0Y0        BUFG (Prop_bufg_I_O)         0.091    11.890 r  bufg_adc_clk/O
                         net (fo=7983, routed)        1.496    13.386    i_custom_register_bank/i_deterministic_lock_acquisition/adc_clk
    SLICE_X16Y37         FDRE                                         r  i_custom_register_bank/i_deterministic_lock_acquisition/arm_request_error_q_reg[1]/C
                         clock pessimism              0.343    13.730    
                         clock uncertainty           -0.069    13.661    
    SLICE_X16Y37         FDRE (Setup_fdre_C_CE)      -0.377    13.284    i_custom_register_bank/i_deterministic_lock_acquisition/arm_request_error_q_reg[1]
  -------------------------------------------------------------------
                         required time                         13.284    
                         arrival time                         -13.562    
  -------------------------------------------------------------------
                         slack                                 -0.279    

Slack (VIOLATED) :        -0.279ns  (required time - arrival time)
  Source:                 ps/axi_slave_gp0/rd_do_reg/C
                            (rising edge-triggered cell FDRE clocked by pll_adc_clk  {rise@0.000ns fall@4.000ns period=8.000ns})
  Destination:            i_custom_register_bank/i_deterministic_lock_acquisition/arm_request_error_q_reg[1]/CE
                            (rising edge-triggered cell FDRE clocked by pll_adc_clk  {rise@0.000ns fall@4.000ns period=8.000ns})
  Path Group:             pll_adc_clk
  Path Type:              Setup (Max at Slow Process Corner)
  Requirement:            8.000ns  (pll_adc_clk rise@8.000ns - pll_adc_clk rise@0.000ns)
  Data Path Delay:        7.665ns  (logic 1.692ns (22.074%)  route 5.973ns (77.926%))
  Logic Levels:           6  (LUT2=2 LUT3=1 LUT5=1 LUT6=2)
  Clock Path Skew:        -0.168ns (DCD - SCD + CPR)
    Destination Clock Delay (DCD):    5.386ns = ( 13.386 - 8.000 ) 
    Source Clock Delay      (SCD):    5.897ns
    Clock Pessimism Removal (CPR):    0.343ns
  Clock Uncertainty:      0.069ns  ((TSJ^2 + DJ^2)^1/2) / 2 + PE
    Total System Jitter     (TSJ):    0.071ns
    Discrete Jitter          (DJ):    0.118ns
    Phase Error              (PE):    0.000ns

    Location             Delay type                Incr(ns)  Path(ns)    Netlist Resource(s)
  -------------------------------------------------------------------    -------------------
                         (clock pll_adc_clk rise edge)
                                                      0.000     0.000 r  
    U18                                               0.000     0.000 r  adc_clk_i[1] (IN)
                         net (fo=0)                   0.000     0.000    adc_clk_i[1]
    U18                                                               r  i_clk/I
    U18                  IBUFDS (Prop_ibufds_I_O)     0.983     0.983 r  i_clk/O
                         net (fo=1, routed)           1.306     2.289    pll/adc_clk_in
    PLLE2_ADV_X0Y0                                                    r  pll/pll/CLKIN1
    PLLE2_ADV_X0Y0       PLLE2_ADV (Prop_plle2_adv_CLKIN1_CLKOUT0)
                                                      0.089     2.378 r  pll/pll/CLKOUT0
                         net (fo=1, routed)           1.754     4.132    pll_adc_clk
    BUFGCTRL_X0Y0                                                     r  bufg_adc_clk/I
    BUFGCTRL_X0Y0        BUFG (Prop_bufg_I_O)         0.101     4.233 r  bufg_adc_clk/O
                         net (fo=7983, routed)        1.664     5.897    ps/axi_slave_gp0/adc_clk
    SLICE_X19Y51         FDRE                                         r  ps/axi_slave_gp0/rd_do_reg/C
  -------------------------------------------------------------------    -------------------
    SLICE_X19Y51         FDRE (Prop_fdre_C_Q)         0.456     6.353 r  ps/axi_slave_gp0/rd_do_reg/Q
                         net (fo=171, routed)         0.807     7.160    ps/axi_slave_gp0/rd_do
    SLICE_X18Y51                                                      r  ps/axi_slave_gp0/scan_offset_o[13]_i_5/I1
    SLICE_X18Y51         LUT3 (Prop_lut3_I1_O)        0.152     7.312 f  ps/axi_slave_gp0/scan_offset_o[13]_i_5/O
                         net (fo=96, routed)          0.838     8.150    ps/axi_slave_gp0/rd_araddr_reg[3]_10
    SLICE_X17Y51                                                      f  ps/axi_slave_gp0/FSM_onehot_arm_phase_q[4]_i_8/I0
    SLICE_X17Y51         LUT5 (Prop_lut5_I0_O)        0.326     8.476 f  ps/axi_slave_gp0/FSM_onehot_arm_phase_q[4]_i_8/O
                         net (fo=1, routed)           0.667     9.143    ps/axi_slave_gp0/FSM_onehot_arm_phase_q[4]_i_8_n_0
    SLICE_X14Y42                                                      f  ps/axi_slave_gp0/FSM_onehot_arm_phase_q[4]_i_4/I5
    SLICE_X14Y42         LUT6 (Prop_lut6_I5_O)        0.124     9.267 r  ps/axi_slave_gp0/FSM_onehot_arm_phase_q[4]_i_4/O
                         net (fo=12, routed)          0.743    10.010    ps/axi_slave_gp0/FSM_onehot_arm_phase_q[4]_i_4_n_0
    SLICE_X13Y42                                                      r  ps/axi_slave_gp0/event_stage_fault_code_q[0]_i_2/I0
    SLICE_X13Y42         LUT6 (Prop_lut6_I0_O)        0.124    10.134 r  ps/axi_slave_gp0/event_stage_fault_code_q[0]_i_2/O
                         net (fo=8, routed)           0.633    10.767    ps/axi_slave_gp0/acq_abort
    SLICE_X10Y41                                                      r  ps/axi_slave_gp0/arm_window_q[31]_i_2/I0
    SLICE_X10Y41         LUT2 (Prop_lut2_I0_O)        0.153    10.920 r  ps/axi_slave_gp0/arm_window_q[31]_i_2/O
                         net (fo=65, routed)          0.889    11.809    i_custom_register_bank/i_deterministic_lock_acquisition/arm_target_high_q_reg[0]_0
    SLICE_X9Y42                                                       r  i_custom_register_bank/i_deterministic_lock_acquisition/arm_window_q[31]_i_1/I1
    SLICE_X9Y42          LUT2 (Prop_lut2_I1_O)        0.357    12.166 f  i_custom_register_bank/i_deterministic_lock_acquisition/arm_window_q[31]_i_1/O
                         net (fo=327, routed)         1.396    13.562    i_custom_register_bank/i_deterministic_lock_acquisition/arm_window_q[31]_i_1_n_0
    SLICE_X16Y37         FDRE                                         f  i_custom_register_bank/i_deterministic_lock_acquisition/arm_request_error_q_reg[1]/CE
  -------------------------------------------------------------------    -------------------

                         (clock pll_adc_clk rise edge)
                                                      8.000     8.000 r  
    U18                                               0.000     8.000 r  adc_clk_i[1] (IN)
                         net (fo=0)                   0.000     8.000    adc_clk_i[1]
    U18                                                               r  i_clk/I
    U18                  IBUFDS (Prop_ibufds_I_O)     0.940     8.940 r  i_clk/O
                         net (fo=1, routed)           1.181    10.121    pll/adc_clk_in
    PLLE2_ADV_X0Y0                                                    r  pll/pll/CLKIN1
    PLLE2_ADV_X0Y0       PLLE2_ADV (Prop_plle2_adv_CLKIN1_CLKOUT0)
                                                      0.084    10.205 r  pll/pll/CLKOUT0
                         net (fo=1, routed)           1.594    11.799    pll_adc_clk
    BUFGCTRL_X0Y0                                                     r  bufg_adc_clk/I
    BUFGCTRL_X0Y0        BUFG (Prop_bufg_I_O)         0.091    11.890 r  bufg_adc_clk/O
                         net (fo=7983, routed)        1.496    13.386    i_custom_register_bank/i_deterministic_lock_acquisition/adc_clk
    SLICE_X16Y37         FDRE                                         r  i_custom_register_bank/i_deterministic_lock_acquisition/arm_request_error_q_reg[1]/C
                         clock pessimism              0.343    13.730    
                         clock uncertainty           -0.069    13.661    
    SLICE_X16Y37         FDRE (Setup_fdre_C_CE)      -0.377    13.284    i_custom_register_bank/i_deterministic_lock_acquisition/arm_request_error_q_reg[1]
  -------------------------------------------------------------------
                         required time                         13.284    
                         arrival time                         -13.562    
  -------------------------------------------------------------------
                         slack                                 -0.279    

Slack (VIOLATED) :        -0.279ns  (required time - arrival time)
  Source:                 ps/axi_slave_gp0/rd_do_reg/C
                            (rising edge-triggered cell FDRE clocked by pll_adc_clk  {rise@0.000ns fall@4.000ns period=8.000ns})
  Destination:            i_custom_register_bank/i_deterministic_lock_acquisition/arm_request_error_q_reg[1]/CE
                            (rising edge-triggered cell FDRE clocked by pll_adc_clk  {rise@0.000ns fall@4.000ns period=8.000ns})
  Path Group:             pll_adc_clk
  Path Type:              Setup (Max at Slow Process Corner)
  Requirement:            8.000ns  (pll_adc_clk rise@8.000ns - pll_adc_clk rise@0.000ns)
  Data Path Delay:        7.665ns  (logic 1.692ns (22.074%)  route 5.973ns (77.926%))
  Logic Levels:           6  (LUT2=2 LUT3=1 LUT5=1 LUT6=2)
  Clock Path Skew:        -0.168ns (DCD - SCD + CPR)
    Destination Clock Delay (DCD):    5.386ns = ( 13.386 - 8.000 ) 
    Source Clock Delay      (SCD):    5.897ns
    Clock Pessimism Removal (CPR):    0.343ns
  Clock Uncertainty:      0.069ns  ((TSJ^2 + DJ^2)^1/2) / 2 + PE
    Total System Jitter     (TSJ):    0.071ns
    Discrete Jitter          (DJ):    0.118ns
    Phase Error              (PE):    0.000ns

    Location             Delay type                Incr(ns)  Path(ns)    Netlist Resource(s)
  -------------------------------------------------------------------    -------------------
                         (clock pll_adc_clk rise edge)
                                                      0.000     0.000 r  
    U18                                               0.000     0.000 r  adc_clk_i[1] (IN)
                         net (fo=0)                   0.000     0.000    adc_clk_i[1]
    U18                                                               r  i_clk/I
    U18                  IBUFDS (Prop_ibufds_I_O)     0.983     0.983 r  i_clk/O
                         net (fo=1, routed)           1.306     2.289    pll/adc_clk_in
    PLLE2_ADV_X0Y0                                                    r  pll/pll/CLKIN1
    PLLE2_ADV_X0Y0       PLLE2_ADV (Prop_plle2_adv_CLKIN1_CLKOUT0)
                                                      0.089     2.378 r  pll/pll/CLKOUT0
                         net (fo=1, routed)           1.754     4.132    pll_adc_clk
    BUFGCTRL_X0Y0                                                     r  bufg_adc_clk/I
    BUFGCTRL_X0Y0        BUFG (Prop_bufg_I_O)         0.101     4.233 r  bufg_adc_clk/O
                         net (fo=7983, routed)        1.664     5.897    ps/axi_slave_gp0/adc_clk
    SLICE_X19Y51         FDRE                                         r  ps/axi_slave_gp0/rd_do_reg/C
  -------------------------------------------------------------------    -------------------
    SLICE_X19Y51         FDRE (Prop_fdre_C_Q)         0.456     6.353 f  ps/axi_slave_gp0/rd_do_reg/Q
                         net (fo=171, routed)         0.807     7.160    ps/axi_slave_gp0/rd_do
    SLICE_X18Y51                                                      f  ps/axi_slave_gp0/scan_offset_o[13]_i_5/I1
    SLICE_X18Y51         LUT3 (Prop_lut3_I1_O)        0.152     7.312 f  ps/axi_slave_gp0/scan_offset_o[13]_i_5/O
                         net (fo=96, routed)          0.838     8.150    ps/axi_slave_gp0/rd_araddr_reg[3]_10
    SLICE_X17Y51                                                      f  ps/axi_slave_gp0/FSM_onehot_arm_phase_q[4]_i_8/I0
    SLICE_X17Y51         LUT5 (Prop_lut5_I0_O)        0.326     8.476 f  ps/axi_slave_gp0/FSM_onehot_arm_phase_q[4]_i_8/O
                         net (fo=1, routed)           0.667     9.143    ps/axi_slave_gp0/FSM_onehot_arm_phase_q[4]_i_8_n_0
    SLICE_X14Y42                                                      f  ps/axi_slave_gp0/FSM_onehot_arm_phase_q[4]_i_4/I5
    SLICE_X14Y42         LUT6 (Prop_lut6_I5_O)        0.124     9.267 r  ps/axi_slave_gp0/FSM_onehot_arm_phase_q[4]_i_4/O
                         net (fo=12, routed)          0.743    10.010    ps/axi_slave_gp0/FSM_onehot_arm_phase_q[4]_i_4_n_0
    SLICE_X13Y42                                                      r  ps/axi_slave_gp0/event_stage_fault_code_q[0]_i_2/I0
    SLICE_X13Y42         LUT6 (Prop_lut6_I0_O)        0.124    10.134 r  ps/axi_slave_gp0/event_stage_fault_code_q[0]_i_2/O
                         net (fo=8, routed)           0.633    10.767    ps/axi_slave_gp0/acq_abort
    SLICE_X10Y41                                                      r  ps/axi_slave_gp0/arm_window_q[31]_i_2/I0
    SLICE_X10Y41         LUT2 (Prop_lut2_I0_O)        0.153    10.920 r  ps/axi_slave_gp0/arm_window_q[31]_i_2/O
                         net (fo=65, routed)          0.889    11.809    i_custom_register_bank/i_deterministic_lock_acquisition/arm_target_high_q_reg[0]_0
    SLICE_X9Y42                                                       r  i_custom_register_bank/i_deterministic_lock_acquisition/arm_window_q[31]_i_1/I1
    SLICE_X9Y42          LUT2 (Prop_lut2_I1_O)        0.357    12.166 f  i_custom_register_bank/i_deterministic_lock_acquisition/arm_window_q[31]_i_1/O
                         net (fo=327, routed)         1.396    13.562    i_custom_register_bank/i_deterministic_lock_acquisition/arm_window_q[31]_i_1_n_0
    SLICE_X16Y37         FDRE                                         f  i_custom_register_bank/i_deterministic_lock_acquisition/arm_request_error_q_reg[1]/CE
  -------------------------------------------------------------------    -------------------

                         (clock pll_adc_clk rise edge)
                                                      8.000     8.000 r  
    U18                                               0.000     8.000 r  adc_clk_i[1] (IN)
                         net (fo=0)                   0.000     8.000    adc_clk_i[1]
    U18                                                               r  i_clk/I
    U18                  IBUFDS (Prop_ibufds_I_O)     0.940     8.940 r  i_clk/O
                         net (fo=1, routed)           1.181    10.121    pll/adc_clk_in
    PLLE2_ADV_X0Y0                                                    r  pll/pll/CLKIN1
    PLLE2_ADV_X0Y0       PLLE2_ADV (Prop_plle2_adv_CLKIN1_CLKOUT0)
                                                      0.084    10.205 r  pll/pll/CLKOUT0
                         net (fo=1, routed)           1.594    11.799    pll_adc_clk
    BUFGCTRL_X0Y0                                                     r  bufg_adc_clk/I
    BUFGCTRL_X0Y0        BUFG (Prop_bufg_I_O)         0.091    11.890 r  bufg_adc_clk/O
                         net (fo=7983, routed)        1.496    13.386    i_custom_register_bank/i_deterministic_lock_acquisition/adc_clk
    SLICE_X16Y37         FDRE                                         r  i_custom_register_bank/i_deterministic_lock_acquisition/arm_request_error_q_reg[1]/C
                         clock pessimism              0.343    13.730    
                         clock uncertainty           -0.069    13.661    
    SLICE_X16Y37         FDRE (Setup_fdre_C_CE)      -0.377    13.284    i_custom_register_bank/i_deterministic_lock_acquisition/arm_request_error_q_reg[1]
  -------------------------------------------------------------------
                         required time                         13.284    
                         arrival time                         -13.562    
  -------------------------------------------------------------------
                         slack                                 -0.279    

Slack (VIOLATED) :        -0.278ns  (required time - arrival time)
  Source:                 ps/axi_slave_gp0/rd_do_reg/C
                            (rising edge-triggered cell FDRE clocked by pll_adc_clk  {rise@0.000ns fall@4.000ns period=8.000ns})
  Destination:            i_custom_register_bank/i_deterministic_lock_acquisition/arm_request_timestamp_q_reg[17]/CE
                            (rising edge-triggered cell FDRE clocked by pll_adc_clk  {rise@0.000ns fall@4.000ns period=8.000ns})
  Path Group:             pll_adc_clk
  Path Type:              Setup (Max at Slow Process Corner)
  Requirement:            8.000ns  (pll_adc_clk rise@8.000ns - pll_adc_clk rise@0.000ns)
  Data Path Delay:        7.675ns  (logic 1.692ns (22.046%)  route 5.983ns (77.954%))
  Logic Levels:           6  (LUT2=2 LUT3=1 LUT5=1 LUT6=2)
  Clock Path Skew:        -0.121ns (DCD - SCD + CPR)
    Destination Clock Delay (DCD):    5.433ns = ( 13.433 - 8.000 ) 
    Source Clock Delay      (SCD):    5.897ns
    Clock Pessimism Removal (CPR):    0.343ns
  Clock Uncertainty:      0.069ns  ((TSJ^2 + DJ^2)^1/2) / 2 + PE
    Total System Jitter     (TSJ):    0.071ns
    Discrete Jitter          (DJ):    0.118ns
    Phase Error              (PE):    0.000ns

    Location             Delay type                Incr(ns)  Path(ns)    Netlist Resource(s)
  -------------------------------------------------------------------    -------------------
                         (clock pll_adc_clk rise edge)
                                                      0.000     0.000 r  
    U18                                               0.000     0.000 r  adc_clk_i[1] (IN)
                         net (fo=0)                   0.000     0.000    adc_clk_i[1]
    U18                                                               r  i_clk/I
    U18                  IBUFDS (Prop_ibufds_I_O)     0.983     0.983 r  i_clk/O
                         net (fo=1, routed)           1.306     2.289    pll/adc_clk_in
    PLLE2_ADV_X0Y0                                                    r  pll/pll/CLKIN1
    PLLE2_ADV_X0Y0       PLLE2_ADV (Prop_plle2_adv_CLKIN1_CLKOUT0)
                                                      0.089     2.378 r  pll/pll/CLKOUT0
                         net (fo=1, routed)           1.754     4.132    pll_adc_clk
    BUFGCTRL_X0Y0                                                     r  bufg_adc_clk/I
    BUFGCTRL_X0Y0        BUFG (Prop_bufg_I_O)         0.101     4.233 r  bufg_adc_clk/O
                         net (fo=7983, routed)        1.664     5.897    ps/axi_slave_gp0/adc_clk
    SLICE_X19Y51         FDRE                                         r  ps/axi_slave_gp0/rd_do_reg/C
  -------------------------------------------------------------------    -------------------
    SLICE_X19Y51         FDRE (Prop_fdre_C_Q)         0.456     6.353 r  ps/axi_slave_gp0/rd_do_reg/Q
                         net (fo=171, routed)         0.807     7.160    ps/axi_slave_gp0/rd_do
    SLICE_X18Y51                                                      r  ps/axi_slave_gp0/scan_offset_o[13]_i_5/I1
    SLICE_X18Y51         LUT3 (Prop_lut3_I1_O)        0.152     7.312 r  ps/axi_slave_gp0/scan_offset_o[13]_i_5/O
                         net (fo=96, routed)          0.838     8.150    ps/axi_slave_gp0/rd_araddr_reg[3]_10
    SLICE_X17Y51                                                      r  ps/axi_slave_gp0/FSM_onehot_arm_phase_q[4]_i_8/I0
    SLICE_X17Y51         LUT5 (Prop_lut5_I0_O)        0.326     8.476 r  ps/axi_slave_gp0/FSM_onehot_arm_phase_q[4]_i_8/O
                         net (fo=1, routed)           0.667     9.143    ps/axi_slave_gp0/FSM_onehot_arm_phase_q[4]_i_8_n_0
    SLICE_X14Y42                                                      r  ps/axi_slave_gp0/FSM_onehot_arm_phase_q[4]_i_4/I5
    SLICE_X14Y42         LUT6 (Prop_lut6_I5_O)        0.124     9.267 f  ps/axi_slave_gp0/FSM_onehot_arm_phase_q[4]_i_4/O
                         net (fo=12, routed)          0.743    10.010    ps/axi_slave_gp0/FSM_onehot_arm_phase_q[4]_i_4_n_0
    SLICE_X13Y42                                                      f  ps/axi_slave_gp0/event_stage_fault_code_q[0]_i_2/I0
    SLICE_X13Y42         LUT6 (Prop_lut6_I0_O)        0.124    10.134 f  ps/axi_slave_gp0/event_stage_fault_code_q[0]_i_2/O
                         net (fo=8, routed)           0.633    10.767    ps/axi_slave_gp0/acq_abort
    SLICE_X10Y41                                                      f  ps/axi_slave_gp0/arm_window_q[31]_i_2/I0
    SLICE_X10Y41         LUT2 (Prop_lut2_I0_O)        0.153    10.920 f  ps/axi_slave_gp0/arm_window_q[31]_i_2/O
                         net (fo=65, routed)          0.889    11.809    i_custom_register_bank/i_deterministic_lock_acquisition/arm_target_high_q_reg[0]_0
    SLICE_X9Y42                                                       f  i_custom_register_bank/i_deterministic_lock_acquisition/arm_window_q[31]_i_1/I1
    SLICE_X9Y42          LUT2 (Prop_lut2_I1_O)        0.357    12.166 r  i_custom_register_bank/i_deterministic_lock_acquisition/arm_window_q[31]_i_1/O
                         net (fo=327, routed)         1.406    13.572    i_custom_register_bank/i_deterministic_lock_acquisition/arm_window_q[31]_i_1_n_0
    SLICE_X5Y32          FDRE                                         r  i_custom_register_bank/i_deterministic_lock_acquisition/arm_request_timestamp_q_reg[17]/CE
  -------------------------------------------------------------------    -------------------

                         (clock pll_adc_clk rise edge)
                                                      8.000     8.000 r  
    U18                                               0.000     8.000 r  adc_clk_i[1] (IN)
                         net (fo=0)                   0.000     8.000    adc_clk_i[1]
    U18                                                               r  i_clk/I
    U18                  IBUFDS (Prop_ibufds_I_O)     0.940     8.940 r  i_clk/O
                         net (fo=1, routed)           1.181    10.121    pll/adc_clk_in
    PLLE2_ADV_X0Y0                                                    r  pll/pll/CLKIN1
    PLLE2_ADV_X0Y0       PLLE2_ADV (Prop_plle2_adv_CLKIN1_CLKOUT0)
                                                      0.084    10.205 r  pll/pll/CLKOUT0
                         net (fo=1, routed)           1.594    11.799    pll_adc_clk
    BUFGCTRL_X0Y0                                                     r  bufg_adc_clk/I
    BUFGCTRL_X0Y0        BUFG (Prop_bufg_I_O)         0.091    11.890 r  bufg_adc_clk/O
                         net (fo=7983, routed)        1.543    13.433    i_custom_register_bank/i_deterministic_lock_acquisition/adc_clk
    SLICE_X5Y32          FDRE                                         r  i_custom_register_bank/i_deterministic_lock_acquisition/arm_request_timestamp_q_reg[17]/C
                         clock pessimism              0.343    13.777    
                         clock uncertainty           -0.069    13.708    
    SLICE_X5Y32          FDRE (Setup_fdre_C_CE)      -0.413    13.295    i_custom_register_bank/i_deterministic_lock_acquisition/arm_request_timestamp_q_reg[17]
  -------------------------------------------------------------------
                         required time                         13.295    
                         arrival time                         -13.572    
  -------------------------------------------------------------------
                         slack                                 -0.278    

Slack (VIOLATED) :        -0.278ns  (required time - arrival time)
  Source:                 ps/axi_slave_gp0/rd_do_reg/C
                            (rising edge-triggered cell FDRE clocked by pll_adc_clk  {rise@0.000ns fall@4.000ns period=8.000ns})
  Destination:            i_custom_register_bank/i_deterministic_lock_acquisition/arm_request_timestamp_q_reg[17]/CE
                            (rising edge-triggered cell FDRE clocked by pll_adc_clk  {rise@0.000ns fall@4.000ns period=8.000ns})
  Path Group:             pll_adc_clk
  Path Type:              Setup (Max at Slow Process Corner)
  Requirement:            8.000ns  (pll_adc_clk rise@8.000ns - pll_adc_clk rise@0.000ns)
  Data Path Delay:        7.675ns  (logic 1.692ns (22.046%)  route 5.983ns (77.954%))
  Logic Levels:           6  (LUT2=2 LUT3=1 LUT5=1 LUT6=2)
  Clock Path Skew:        -0.121ns (DCD - SCD + CPR)
    Destination Clock Delay (DCD):    5.433ns = ( 13.433 - 8.000 ) 
    Source Clock Delay      (SCD):    5.897ns
    Clock Pessimism Removal (CPR):    0.343ns
  Clock Uncertainty:      0.069ns  ((TSJ^2 + DJ^2)^1/2) / 2 + PE
    Total System Jitter     (TSJ):    0.071ns
    Discrete Jitter          (DJ):    0.118ns
    Phase Error              (PE):    0.000ns

    Location             Delay type                Incr(ns)  Path(ns)    Netlist Resource(s)
  -------------------------------------------------------------------    -------------------
                         (clock pll_adc_clk rise edge)
                                                      0.000     0.000 r  
    U18                                               0.000     0.000 r  adc_clk_i[1] (IN)
                         net (fo=0)                   0.000     0.000    adc_clk_i[1]
    U18                                                               r  i_clk/I
    U18                  IBUFDS (Prop_ibufds_I_O)     0.983     0.983 r  i_clk/O
                         net (fo=1, routed)           1.306     2.289    pll/adc_clk_in
    PLLE2_ADV_X0Y0                                                    r  pll/pll/CLKIN1
    PLLE2_ADV_X0Y0       PLLE2_ADV (Prop_plle2_adv_CLKIN1_CLKOUT0)
                                                      0.089     2.378 r  pll/pll/CLKOUT0
                         net (fo=1, routed)           1.754     4.132    pll_adc_clk
    BUFGCTRL_X0Y0                                                     r  bufg_adc_clk/I
    BUFGCTRL_X0Y0        BUFG (Prop_bufg_I_O)         0.101     4.233 r  bufg_adc_clk/O
                         net (fo=7983, routed)        1.664     5.897    ps/axi_slave_gp0/adc_clk
    SLICE_X19Y51         FDRE                                         r  ps/axi_slave_gp0/rd_do_reg/C
  -------------------------------------------------------------------    -------------------
    SLICE_X19Y51         FDRE (Prop_fdre_C_Q)         0.456     6.353 f  ps/axi_slave_gp0/rd_do_reg/Q
                         net (fo=171, routed)         0.807     7.160    ps/axi_slave_gp0/rd_do
    SLICE_X18Y51                                                      f  ps/axi_slave_gp0/scan_offset_o[13]_i_5/I1
    SLICE_X18Y51         LUT3 (Prop_lut3_I1_O)        0.152     7.312 r  ps/axi_slave_gp0/scan_offset_o[13]_i_5/O
                         net (fo=96, routed)          0.838     8.150    ps/axi_slave_gp0/rd_araddr_reg[3]_10
    SLICE_X17Y51                                                      r  ps/axi_slave_gp0/FSM_onehot_arm_phase_q[4]_i_8/I0
    SLICE_X17Y51         LUT5 (Prop_lut5_I0_O)        0.326     8.476 r  ps/axi_slave_gp0/FSM_onehot_arm_phase_q[4]_i_8/O
                         net (fo=1, routed)           0.667     9.143    ps/axi_slave_gp0/FSM_onehot_arm_phase_q[4]_i_8_n_0
    SLICE_X14Y42                                                      r  ps/axi_slave_gp0/FSM_onehot_arm_phase_q[4]_i_4/I5
    SLICE_X14Y42         LUT6 (Prop_lut6_I5_O)        0.124     9.267 f  ps/axi_slave_gp0/FSM_onehot_arm_phase_q[4]_i_4/O
                         net (fo=12, routed)          0.743    10.010    ps/axi_slave_gp0/FSM_onehot_arm_phase_q[4]_i_4_n_0
    SLICE_X13Y42                                                      f  ps/axi_slave_gp0/event_stage_fault_code_q[0]_i_2/I0
    SLICE_X13Y42         LUT6 (Prop_lut6_I0_O)        0.124    10.134 f  ps/axi_slave_gp0/event_stage_fault_code_q[0]_i_2/O
                         net (fo=8, routed)           0.633    10.767    ps/axi_slave_gp0/acq_abort
    SLICE_X10Y41                                                      f  ps/axi_slave_gp0/arm_window_q[31]_i_2/I0
    SLICE_X10Y41         LUT2 (Prop_lut2_I0_O)        0.153    10.920 f  ps/axi_slave_gp0/arm_window_q[31]_i_2/O
                         net (fo=65, routed)          0.889    11.809    i_custom_register_bank/i_deterministic_lock_acquisition/arm_target_high_q_reg[0]_0
    SLICE_X9Y42                                                       f  i_custom_register_bank/i_deterministic_lock_acquisition/arm_window_q[31]_i_1/I1
    SLICE_X9Y42          LUT2 (Prop_lut2_I1_O)        0.357    12.166 r  i_custom_register_bank/i_deterministic_lock_acquisition/arm_window_q[31]_i_1/O
                         net (fo=327, routed)         1.406    13.572    i_custom_register_bank/i_deterministic_lock_acquisition/arm_window_q[31]_i_1_n_0
    SLICE_X5Y32          FDRE                                         r  i_custom_register_bank/i_deterministic_lock_acquisition/arm_request_timestamp_q_reg[17]/CE
  -------------------------------------------------------------------    -------------------

                         (clock pll_adc_clk rise edge)
                                                      8.000     8.000 r  
    U18                                               0.000     8.000 r  adc_clk_i[1] (IN)
                         net (fo=0)                   0.000     8.000    adc_clk_i[1]
    U18                                                               r  i_clk/I
    U18                  IBUFDS (Prop_ibufds_I_O)     0.940     8.940 r  i_clk/O
                         net (fo=1, routed)           1.181    10.121    pll/adc_clk_in
    PLLE2_ADV_X0Y0                                                    r  pll/pll/CLKIN1
    PLLE2_ADV_X0Y0       PLLE2_ADV (Prop_plle2_adv_CLKIN1_CLKOUT0)
                                                      0.084    10.205 r  pll/pll/CLKOUT0
                         net (fo=1, routed)           1.594    11.799    pll_adc_clk
    BUFGCTRL_X0Y0                                                     r  bufg_adc_clk/I
    BUFGCTRL_X0Y0        BUFG (Prop_bufg_I_O)         0.091    11.890 r  bufg_adc_clk/O
                         net (fo=7983, routed)        1.543    13.433    i_custom_register_bank/i_deterministic_lock_acquisition/adc_clk
    SLICE_X5Y32          FDRE                                         r  i_custom_register_bank/i_deterministic_lock_acquisition/arm_request_timestamp_q_reg[17]/C
                         clock pessimism              0.343    13.777    
                         clock uncertainty           -0.069    13.708    
    SLICE_X5Y32          FDRE (Setup_fdre_C_CE)      -0.413    13.295    i_custom_register_bank/i_deterministic_lock_acquisition/arm_request_timestamp_q_reg[17]
  -------------------------------------------------------------------
                         required time                         13.295    
                         arrival time                         -13.572    
  -------------------------------------------------------------------
                         slack                                 -0.278    

Slack (VIOLATED) :        -0.278ns  (required time - arrival time)
  Source:                 ps/axi_slave_gp0/rd_do_reg/C
                            (rising edge-triggered cell FDRE clocked by pll_adc_clk  {rise@0.000ns fall@4.000ns period=8.000ns})
  Destination:            i_custom_register_bank/i_deterministic_lock_acquisition/arm_request_timestamp_q_reg[17]/CE
                            (rising edge-triggered cell FDRE clocked by pll_adc_clk  {rise@0.000ns fall@4.000ns period=8.000ns})
  Path Group:             pll_adc_clk
  Path Type:              Setup (Max at Slow Process Corner)
  Requirement:            8.000ns  (pll_adc_clk rise@8.000ns - pll_adc_clk rise@0.000ns)
  Data Path Delay:        7.675ns  (logic 1.692ns (22.046%)  route 5.983ns (77.954%))
  Logic Levels:           6  (LUT2=2 LUT3=1 LUT5=1 LUT6=2)
  Clock Path Skew:        -0.121ns (DCD - SCD + CPR)
    Destination Clock Delay (DCD):    5.433ns = ( 13.433 - 8.000 ) 
    Source Clock Delay      (SCD):    5.897ns
    Clock Pessimism Removal (CPR):    0.343ns
  Clock Uncertainty:      0.069ns  ((TSJ^2 + DJ^2)^1/2) / 2 + PE
    Total System Jitter     (TSJ):    0.071ns
    Discrete Jitter          (DJ):    0.118ns
    Phase Error              (PE):    0.000ns

    Location             Delay type                Incr(ns)  Path(ns)    Netlist Resource(s)
  -------------------------------------------------------------------    -------------------
                         (clock pll_adc_clk rise edge)
                                                      0.000     0.000 r  
    U18                                               0.000     0.000 r  adc_clk_i[1] (IN)
                         net (fo=0)                   0.000     0.000    adc_clk_i[1]
    U18                                                               r  i_clk/I
    U18                  IBUFDS (Prop_ibufds_I_O)     0.983     0.983 r  i_clk/O
                         net (fo=1, routed)           1.306     2.289    pll/adc_clk_in
    PLLE2_ADV_X0Y0                                                    r  pll/pll/CLKIN1
    PLLE2_ADV_X0Y0       PLLE2_ADV (Prop_plle2_adv_CLKIN1_CLKOUT0)
                                                      0.089     2.378 r  pll/pll/CLKOUT0
                         net (fo=1, routed)           1.754     4.132    pll_adc_clk
    BUFGCTRL_X0Y0                                                     r  bufg_adc_clk/I
    BUFGCTRL_X0Y0        BUFG (Prop_bufg_I_O)         0.101     4.233 r  bufg_adc_clk/O
                         net (fo=7983, routed)        1.664     5.897    ps/axi_slave_gp0/adc_clk
    SLICE_X19Y51         FDRE                                         r  ps/axi_slave_gp0/rd_do_reg/C
  -------------------------------------------------------------------    -------------------
    SLICE_X19Y51         FDRE (Prop_fdre_C_Q)         0.456     6.353 r  ps/axi_slave_gp0/rd_do_reg/Q
                         net (fo=171, routed)         0.807     7.160    ps/axi_slave_gp0/rd_do
    SLICE_X18Y51                                                      r  ps/axi_slave_gp0/scan_offset_o[13]_i_5/I1
    SLICE_X18Y51         LUT3 (Prop_lut3_I1_O)        0.152     7.312 f  ps/axi_slave_gp0/scan_offset_o[13]_i_5/O
                         net (fo=96, routed)          0.838     8.150    ps/axi_slave_gp0/rd_araddr_reg[3]_10
    SLICE_X17Y51                                                      f  ps/axi_slave_gp0/FSM_onehot_arm_phase_q[4]_i_8/I0
    SLICE_X17Y51         LUT5 (Prop_lut5_I0_O)        0.326     8.476 f  ps/axi_slave_gp0/FSM_onehot_arm_phase_q[4]_i_8/O
                         net (fo=1, routed)           0.667     9.143    ps/axi_slave_gp0/FSM_onehot_arm_phase_q[4]_i_8_n_0
    SLICE_X14Y42                                                      f  ps/axi_slave_gp0/FSM_onehot_arm_phase_q[4]_i_4/I5
    SLICE_X14Y42         LUT6 (Prop_lut6_I5_O)        0.124     9.267 r  ps/axi_slave_gp0/FSM_onehot_arm_phase_q[4]_i_4/O
                         net (fo=12, routed)          0.743    10.010    ps/axi_slave_gp0/FSM_onehot_arm_phase_q[4]_i_4_n_0
    SLICE_X13Y42                                                      r  ps/axi_slave_gp0/event_stage_fault_code_q[0]_i_2/I0
    SLICE_X13Y42         LUT6 (Prop_lut6_I0_O)        0.124    10.134 r  ps/axi_slave_gp0/event_stage_fault_code_q[0]_i_2/O
                         net (fo=8, routed)           0.633    10.767    ps/axi_slave_gp0/acq_abort
    SLICE_X10Y41                                                      r  ps/axi_slave_gp0/arm_window_q[31]_i_2/I0
    SLICE_X10Y41         LUT2 (Prop_lut2_I0_O)        0.153    10.920 r  ps/axi_slave_gp0/arm_window_q[31]_i_2/O
                         net (fo=65, routed)          0.889    11.809    i_custom_register_bank/i_deterministic_lock_acquisition/arm_target_high_q_reg[0]_0
    SLICE_X9Y42                                                       r  i_custom_register_bank/i_deterministic_lock_acquisition/arm_window_q[31]_i_1/I1
    SLICE_X9Y42          LUT2 (Prop_lut2_I1_O)        0.357    12.166 f  i_custom_register_bank/i_deterministic_lock_acquisition/arm_window_q[31]_i_1/O
                         net (fo=327, routed)         1.406    13.572    i_custom_register_bank/i_deterministic_lock_acquisition/arm_window_q[31]_i_1_n_0
    SLICE_X5Y32          FDRE                                         f  i_custom_register_bank/i_deterministic_lock_acquisition/arm_request_timestamp_q_reg[17]/CE
  -------------------------------------------------------------------    -------------------

                         (clock pll_adc_clk rise edge)
                                                      8.000     8.000 r  
    U18                                               0.000     8.000 r  adc_clk_i[1] (IN)
                         net (fo=0)                   0.000     8.000    adc_clk_i[1]
    U18                                                               r  i_clk/I
    U18                  IBUFDS (Prop_ibufds_I_O)     0.940     8.940 r  i_clk/O
                         net (fo=1, routed)           1.181    10.121    pll/adc_clk_in
    PLLE2_ADV_X0Y0                                                    r  pll/pll/CLKIN1
    PLLE2_ADV_X0Y0       PLLE2_ADV (Prop_plle2_adv_CLKIN1_CLKOUT0)
                                                      0.084    10.205 r  pll/pll/CLKOUT0
                         net (fo=1, routed)           1.594    11.799    pll_adc_clk
    BUFGCTRL_X0Y0                                                     r  bufg_adc_clk/I
    BUFGCTRL_X0Y0        BUFG (Prop_bufg_I_O)         0.091    11.890 r  bufg_adc_clk/O
                         net (fo=7983, routed)        1.543    13.433    i_custom_register_bank/i_deterministic_lock_acquisition/adc_clk
    SLICE_X5Y32          FDRE                                         r  i_custom_register_bank/i_deterministic_lock_acquisition/arm_request_timestamp_q_reg[17]/C
                         clock pessimism              0.343    13.777    
                         clock uncertainty           -0.069    13.708    
    SLICE_X5Y32          FDRE (Setup_fdre_C_CE)      -0.413    13.295    i_custom_register_bank/i_deterministic_lock_acquisition/arm_request_timestamp_q_reg[17]
  -------------------------------------------------------------------
                         required time                         13.295    
                         arrival time                         -13.572    
  -------------------------------------------------------------------
                         slack                                 -0.278    

Slack (VIOLATED) :        -0.278ns  (required time - arrival time)
  Source:                 ps/axi_slave_gp0/rd_do_reg/C
                            (rising edge-triggered cell FDRE clocked by pll_adc_clk  {rise@0.000ns fall@4.000ns period=8.000ns})
  Destination:            i_custom_register_bank/i_deterministic_lock_acquisition/arm_request_timestamp_q_reg[17]/CE
                            (rising edge-triggered cell FDRE clocked by pll_adc_clk  {rise@0.000ns fall@4.000ns period=8.000ns})
  Path Group:             pll_adc_clk
  Path Type:              Setup (Max at Slow Process Corner)
  Requirement:            8.000ns  (pll_adc_clk rise@8.000ns - pll_adc_clk rise@0.000ns)
  Data Path Delay:        7.675ns  (logic 1.692ns (22.046%)  route 5.983ns (77.954%))
  Logic Levels:           6  (LUT2=2 LUT3=1 LUT5=1 LUT6=2)
  Clock Path Skew:        -0.121ns (DCD - SCD + CPR)
    Destination Clock Delay (DCD):    5.433ns = ( 13.433 - 8.000 ) 
    Source Clock Delay      (SCD):    5.897ns
    Clock Pessimism Removal (CPR):    0.343ns
  Clock Uncertainty:      0.069ns  ((TSJ^2 + DJ^2)^1/2) / 2 + PE
    Total System Jitter     (TSJ):    0.071ns
    Discrete Jitter          (DJ):    0.118ns
    Phase Error              (PE):    0.000ns

    Location             Delay type                Incr(ns)  Path(ns)    Netlist Resource(s)
  -------------------------------------------------------------------    -------------------
                         (clock pll_adc_clk rise edge)
                                                      0.000     0.000 r  
    U18                                               0.000     0.000 r  adc_clk_i[1] (IN)
                         net (fo=0)                   0.000     0.000    adc_clk_i[1]
    U18                                                               r  i_clk/I
    U18                  IBUFDS (Prop_ibufds_I_O)     0.983     0.983 r  i_clk/O
                         net (fo=1, routed)           1.306     2.289    pll/adc_clk_in
    PLLE2_ADV_X0Y0                                                    r  pll/pll/CLKIN1
    PLLE2_ADV_X0Y0       PLLE2_ADV (Prop_plle2_adv_CLKIN1_CLKOUT0)
                                                      0.089     2.378 r  pll/pll/CLKOUT0
                         net (fo=1, routed)           1.754     4.132    pll_adc_clk
    BUFGCTRL_X0Y0                                                     r  bufg_adc_clk/I
    BUFGCTRL_X0Y0        BUFG (Prop_bufg_I_O)         0.101     4.233 r  bufg_adc_clk/O
                         net (fo=7983, routed)        1.664     5.897    ps/axi_slave_gp0/adc_clk
    SLICE_X19Y51         FDRE                                         r  ps/axi_slave_gp0/rd_do_reg/C
  -------------------------------------------------------------------    -------------------
    SLICE_X19Y51         FDRE (Prop_fdre_C_Q)         0.456     6.353 f  ps/axi_slave_gp0/rd_do_reg/Q
                         net (fo=171, routed)         0.807     7.160    ps/axi_slave_gp0/rd_do
    SLICE_X18Y51                                                      f  ps/axi_slave_gp0/scan_offset_o[13]_i_5/I1
    SLICE_X18Y51         LUT3 (Prop_lut3_I1_O)        0.152     7.312 f  ps/axi_slave_gp0/scan_offset_o[13]_i_5/O
                         net (fo=96, routed)          0.838     8.150    ps/axi_slave_gp0/rd_araddr_reg[3]_10
    SLICE_X17Y51                                                      f  ps/axi_slave_gp0/FSM_onehot_arm_phase_q[4]_i_8/I0
    SLICE_X17Y51         LUT5 (Prop_lut5_I0_O)        0.326     8.476 f  ps/axi_slave_gp0/FSM_onehot_arm_phase_q[4]_i_8/O
                         net (fo=1, routed)           0.667     9.143    ps/axi_slave_gp0/FSM_onehot_arm_phase_q[4]_i_8_n_0
    SLICE_X14Y42                                                      f  ps/axi_slave_gp0/FSM_onehot_arm_phase_q[4]_i_4/I5
    SLICE_X14Y42         LUT6 (Prop_lut6_I5_O)        0.124     9.267 r  ps/axi_slave_gp0/FSM_onehot_arm_phase_q[4]_i_4/O
                         net (fo=12, routed)          0.743    10.010    ps/axi_slave_gp0/FSM_onehot_arm_phase_q[4]_i_4_n_0
    SLICE_X13Y42                                                      r  ps/axi_slave_gp0/event_stage_fault_code_q[0]_i_2/I0
    SLICE_X13Y42         LUT6 (Prop_lut6_I0_O)        0.124    10.134 r  ps/axi_slave_gp0/event_stage_fault_code_q[0]_i_2/O
                         net (fo=8, routed)           0.633    10.767    ps/axi_slave_gp0/acq_abort
    SLICE_X10Y41                                                      r  ps/axi_slave_gp0/arm_window_q[31]_i_2/I0
    SLICE_X10Y41         LUT2 (Prop_lut2_I0_O)        0.153    10.920 r  ps/axi_slave_gp0/arm_window_q[31]_i_2/O
                         net (fo=65, routed)          0.889    11.809    i_custom_register_bank/i_deterministic_lock_acquisition/arm_target_high_q_reg[0]_0
    SLICE_X9Y42                                                       r  i_custom_register_bank/i_deterministic_lock_acquisition/arm_window_q[31]_i_1/I1
    SLICE_X9Y42          LUT2 (Prop_lut2_I1_O)        0.357    12.166 f  i_custom_register_bank/i_deterministic_lock_acquisition/arm_window_q[31]_i_1/O
                         net (fo=327, routed)         1.406    13.572    i_custom_register_bank/i_deterministic_lock_acquisition/arm_window_q[31]_i_1_n_0
    SLICE_X5Y32          FDRE                                         f  i_custom_register_bank/i_deterministic_lock_acquisition/arm_request_timestamp_q_reg[17]/CE
  -------------------------------------------------------------------    -------------------

                         (clock pll_adc_clk rise edge)
                                                      8.000     8.000 r  
    U18                                               0.000     8.000 r  adc_clk_i[1] (IN)
                         net (fo=0)                   0.000     8.000    adc_clk_i[1]
    U18                                                               r  i_clk/I
    U18                  IBUFDS (Prop_ibufds_I_O)     0.940     8.940 r  i_clk/O
                         net (fo=1, routed)           1.181    10.121    pll/adc_clk_in
    PLLE2_ADV_X0Y0                                                    r  pll/pll/CLKIN1
    PLLE2_ADV_X0Y0       PLLE2_ADV (Prop_plle2_adv_CLKIN1_CLKOUT0)
                                                      0.084    10.205 r  pll/pll/CLKOUT0
                         net (fo=1, routed)           1.594    11.799    pll_adc_clk
    BUFGCTRL_X0Y0                                                     r  bufg_adc_clk/I
    BUFGCTRL_X0Y0        BUFG (Prop_bufg_I_O)         0.091    11.890 r  bufg_adc_clk/O
                         net (fo=7983, routed)        1.543    13.433    i_custom_register_bank/i_deterministic_lock_acquisition/adc_clk
    SLICE_X5Y32          FDRE                                         r  i_custom_register_bank/i_deterministic_lock_acquisition/arm_request_timestamp_q_reg[17]/C
                         clock pessimism              0.343    13.777    
                         clock uncertainty           -0.069    13.708    
    SLICE_X5Y32          FDRE (Setup_fdre_C_CE)      -0.413    13.295    i_custom_register_bank/i_deterministic_lock_acquisition/arm_request_timestamp_q_reg[17]
  -------------------------------------------------------------------
                         required time                         13.295    
                         arrival time                         -13.572    
  -------------------------------------------------------------------
                         slack                                 -0.278    

Slack (VIOLATED) :        -0.272ns  (required time - arrival time)
  Source:                 ps/axi_slave_gp0/rd_do_reg/C
                            (rising edge-triggered cell FDRE clocked by pll_adc_clk  {rise@0.000ns fall@4.000ns period=8.000ns})
  Destination:            i_custom_register_bank/i_deterministic_lock_acquisition/arm_error_setpoint_q_reg[1]/CE
                            (rising edge-triggered cell FDRE clocked by pll_adc_clk  {rise@0.000ns fall@4.000ns period=8.000ns})
  Path Group:             pll_adc_clk
  Path Type:              Setup (Max at Slow Process Corner)
  Requirement:            8.000ns  (pll_adc_clk rise@8.000ns - pll_adc_clk rise@0.000ns)
  Data Path Delay:        7.625ns  (logic 1.692ns (22.191%)  route 5.933ns (77.809%))
  Logic Levels:           6  (LUT2=2 LUT3=1 LUT5=1 LUT6=2)
  Clock Path Skew:        -0.166ns (DCD - SCD + CPR)
    Destination Clock Delay (DCD):    5.388ns = ( 13.388 - 8.000 ) 
    Source Clock Delay      (SCD):    5.897ns
    Clock Pessimism Removal (CPR):    0.343ns
  Clock Uncertainty:      0.069ns  ((TSJ^2 + DJ^2)^1/2) / 2 + PE
    Total System Jitter     (TSJ):    0.071ns
    Discrete Jitter          (DJ):    0.118ns
    Phase Error              (PE):    0.000ns

    Location             Delay type                Incr(ns)  Path(ns)    Netlist Resource(s)
  -------------------------------------------------------------------    -------------------
                         (clock pll_adc_clk rise edge)
                                                      0.000     0.000 r  
    U18                                               0.000     0.000 r  adc_clk_i[1] (IN)
                         net (fo=0)                   0.000     0.000    adc_clk_i[1]
    U18                                                               r  i_clk/I
    U18                  IBUFDS (Prop_ibufds_I_O)     0.983     0.983 r  i_clk/O
                         net (fo=1, routed)           1.306     2.289    pll/adc_clk_in
    PLLE2_ADV_X0Y0                                                    r  pll/pll/CLKIN1
    PLLE2_ADV_X0Y0       PLLE2_ADV (Prop_plle2_adv_CLKIN1_CLKOUT0)
                                                      0.089     2.378 r  pll/pll/CLKOUT0
                         net (fo=1, routed)           1.754     4.132    pll_adc_clk
    BUFGCTRL_X0Y0                                                     r  bufg_adc_clk/I
    BUFGCTRL_X0Y0        BUFG (Prop_bufg_I_O)         0.101     4.233 r  bufg_adc_clk/O
                         net (fo=7983, routed)        1.664     5.897    ps/axi_slave_gp0/adc_clk
    SLICE_X19Y51         FDRE                                         r  ps/axi_slave_gp0/rd_do_reg/C
  -------------------------------------------------------------------    -------------------
    SLICE_X19Y51         FDRE (Prop_fdre_C_Q)         0.456     6.353 r  ps/axi_slave_gp0/rd_do_reg/Q
                         net (fo=171, routed)         0.807     7.160    ps/axi_slave_gp0/rd_do
    SLICE_X18Y51                                                      r  ps/axi_slave_gp0/scan_offset_o[13]_i_5/I1
    SLICE_X18Y51         LUT3 (Prop_lut3_I1_O)        0.152     7.312 r  ps/axi_slave_gp0/scan_offset_o[13]_i_5/O
                         net (fo=96, routed)          0.838     8.150    ps/axi_slave_gp0/rd_araddr_reg[3]_10
    SLICE_X17Y51                                                      r  ps/axi_slave_gp0/FSM_onehot_arm_phase_q[4]_i_8/I0
    SLICE_X17Y51         LUT5 (Prop_lut5_I0_O)        0.326     8.476 r  ps/axi_slave_gp0/FSM_onehot_arm_phase_q[4]_i_8/O
                         net (fo=1, routed)           0.667     9.143    ps/axi_slave_gp0/FSM_onehot_arm_phase_q[4]_i_8_n_0
    SLICE_X14Y42                                                      r  ps/axi_slave_gp0/FSM_onehot_arm_phase_q[4]_i_4/I5
    SLICE_X14Y42         LUT6 (Prop_lut6_I5_O)        0.124     9.267 f  ps/axi_slave_gp0/FSM_onehot_arm_phase_q[4]_i_4/O
                         net (fo=12, routed)          0.743    10.010    ps/axi_slave_gp0/FSM_onehot_arm_phase_q[4]_i_4_n_0
    SLICE_X13Y42                                                      f  ps/axi_slave_gp0/event_stage_fault_code_q[0]_i_2/I0
    SLICE_X13Y42         LUT6 (Prop_lut6_I0_O)        0.124    10.134 f  ps/axi_slave_gp0/event_stage_fault_code_q[0]_i_2/O
                         net (fo=8, routed)           0.633    10.767    ps/axi_slave_gp0/acq_abort
    SLICE_X10Y41                                                      f  ps/axi_slave_gp0/arm_window_q[31]_i_2/I0
    SLICE_X10Y41         LUT2 (Prop_lut2_I0_O)        0.153    10.920 f  ps/axi_slave_gp0/arm_window_q[31]_i_2/O
                         net (fo=65, routed)          0.889    11.809    i_custom_register_bank/i_deterministic_lock_acquisition/arm_target_high_q_reg[0]_0
    SLICE_X9Y42                                                       f  i_custom_register_bank/i_deterministic_lock_acquisition/arm_window_q[31]_i_1/I1
    SLICE_X9Y42          LUT2 (Prop_lut2_I1_O)        0.357    12.166 r  i_custom_register_bank/i_deterministic_lock_acquisition/arm_window_q[31]_i_1/O
                         net (fo=327, routed)         1.356    13.522    i_custom_register_bank/i_deterministic_lock_acquisition/arm_window_q[31]_i_1_n_0
    SLICE_X19Y40         FDRE                                         r  i_custom_register_bank/i_deterministic_lock_acquisition/arm_error_setpoint_q_reg[1]/CE
  -------------------------------------------------------------------    -------------------

                         (clock pll_adc_clk rise edge)
                                                      8.000     8.000 r  
    U18                                               0.000     8.000 r  adc_clk_i[1] (IN)
                         net (fo=0)                   0.000     8.000    adc_clk_i[1]
    U18                                                               r  i_clk/I
    U18                  IBUFDS (Prop_ibufds_I_O)     0.940     8.940 r  i_clk/O
                         net (fo=1, routed)           1.181    10.121    pll/adc_clk_in
    PLLE2_ADV_X0Y0                                                    r  pll/pll/CLKIN1
    PLLE2_ADV_X0Y0       PLLE2_ADV (Prop_plle2_adv_CLKIN1_CLKOUT0)
                                                      0.084    10.205 r  pll/pll/CLKOUT0
                         net (fo=1, routed)           1.594    11.799    pll_adc_clk
    BUFGCTRL_X0Y0                                                     r  bufg_adc_clk/I
    BUFGCTRL_X0Y0        BUFG (Prop_bufg_I_O)         0.091    11.890 r  bufg_adc_clk/O
                         net (fo=7983, routed)        1.498    13.388    i_custom_register_bank/i_deterministic_lock_acquisition/adc_clk
    SLICE_X19Y40         FDRE                                         r  i_custom_register_bank/i_deterministic_lock_acquisition/arm_error_setpoint_q_reg[1]/C
                         clock pessimism              0.343    13.732    
                         clock uncertainty           -0.069    13.663    
    SLICE_X19Y40         FDRE (Setup_fdre_C_CE)      -0.413    13.250    i_custom_register_bank/i_deterministic_lock_acquisition/arm_error_setpoint_q_reg[1]
  -------------------------------------------------------------------
                         required time                         13.250    
                         arrival time                         -13.522    
  -------------------------------------------------------------------
                         slack                                 -0.272    

Slack (VIOLATED) :        -0.272ns  (required time - arrival time)
  Source:                 ps/axi_slave_gp0/rd_do_reg/C
                            (rising edge-triggered cell FDRE clocked by pll_adc_clk  {rise@0.000ns fall@4.000ns period=8.000ns})
  Destination:            i_custom_register_bank/i_deterministic_lock_acquisition/arm_error_setpoint_q_reg[1]/CE
                            (rising edge-triggered cell FDRE clocked by pll_adc_clk  {rise@0.000ns fall@4.000ns period=8.000ns})
  Path Group:             pll_adc_clk
  Path Type:              Setup (Max at Slow Process Corner)
  Requirement:            8.000ns  (pll_adc_clk rise@8.000ns - pll_adc_clk rise@0.000ns)
  Data Path Delay:        7.625ns  (logic 1.692ns (22.191%)  route 5.933ns (77.809%))
  Logic Levels:           6  (LUT2=2 LUT3=1 LUT5=1 LUT6=2)
  Clock Path Skew:        -0.166ns (DCD - SCD + CPR)
    Destination Clock Delay (DCD):    5.388ns = ( 13.388 - 8.000 ) 
    Source Clock Delay      (SCD):    5.897ns
    Clock Pessimism Removal (CPR):    0.343ns
  Clock Uncertainty:      0.069ns  ((TSJ^2 + DJ^2)^1/2) / 2 + PE
    Total System Jitter     (TSJ):    0.071ns
    Discrete Jitter          (DJ):    0.118ns
    Phase Error              (PE):    0.000ns

    Location             Delay type                Incr(ns)  Path(ns)    Netlist Resource(s)
  -------------------------------------------------------------------    -------------------
                         (clock pll_adc_clk rise edge)
                                                      0.000     0.000 r  
    U18                                               0.000     0.000 r  adc_clk_i[1] (IN)
                         net (fo=0)                   0.000     0.000    adc_clk_i[1]
    U18                                                               r  i_clk/I
    U18                  IBUFDS (Prop_ibufds_I_O)     0.983     0.983 r  i_clk/O
                         net (fo=1, routed)           1.306     2.289    pll/adc_clk_in
    PLLE2_ADV_X0Y0                                                    r  pll/pll/CLKIN1
    PLLE2_ADV_X0Y0       PLLE2_ADV (Prop_plle2_adv_CLKIN1_CLKOUT0)
                                                      0.089     2.378 r  pll/pll/CLKOUT0
                         net (fo=1, routed)           1.754     4.132    pll_adc_clk
    BUFGCTRL_X0Y0                                                     r  bufg_adc_clk/I
    BUFGCTRL_X0Y0        BUFG (Prop_bufg_I_O)         0.101     4.233 r  bufg_adc_clk/O
                         net (fo=7983, routed)        1.664     5.897    ps/axi_slave_gp0/adc_clk
    SLICE_X19Y51         FDRE                                         r  ps/axi_slave_gp0/rd_do_reg/C
  -------------------------------------------------------------------    -------------------
    SLICE_X19Y51         FDRE (Prop_fdre_C_Q)         0.456     6.353 f  ps/axi_slave_gp0/rd_do_reg/Q
                         net (fo=171, routed)         0.807     7.160    ps/axi_slave_gp0/rd_do
    SLICE_X18Y51                                                      f  ps/axi_slave_gp0/scan_offset_o[13]_i_5/I1
    SLICE_X18Y51         LUT3 (Prop_lut3_I1_O)        0.152     7.312 r  ps/axi_slave_gp0/scan_offset_o[13]_i_5/O
                         net (fo=96, routed)          0.838     8.150    ps/axi_slave_gp0/rd_araddr_reg[3]_10
    SLICE_X17Y51                                                      r  ps/axi_slave_gp0/FSM_onehot_arm_phase_q[4]_i_8/I0
    SLICE_X17Y51         LUT5 (Prop_lut5_I0_O)        0.326     8.476 r  ps/axi_slave_gp0/FSM_onehot_arm_phase_q[4]_i_8/O
                         net (fo=1, routed)           0.667     9.143    ps/axi_slave_gp0/FSM_onehot_arm_phase_q[4]_i_8_n_0
    SLICE_X14Y42                                                      r  ps/axi_slave_gp0/FSM_onehot_arm_phase_q[4]_i_4/I5
    SLICE_X14Y42         LUT6 (Prop_lut6_I5_O)        0.124     9.267 f  ps/axi_slave_gp0/FSM_onehot_arm_phase_q[4]_i_4/O
                         net (fo=12, routed)          0.743    10.010    ps/axi_slave_gp0/FSM_onehot_arm_phase_q[4]_i_4_n_0
    SLICE_X13Y42                                                      f  ps/axi_slave_gp0/event_stage_fault_code_q[0]_i_2/I0
    SLICE_X13Y42         LUT6 (Prop_lut6_I0_O)        0.124    10.134 f  ps/axi_slave_gp0/event_stage_fault_code_q[0]_i_2/O
                         net (fo=8, routed)           0.633    10.767    ps/axi_slave_gp0/acq_abort
    SLICE_X10Y41                                                      f  ps/axi_slave_gp0/arm_window_q[31]_i_2/I0
    SLICE_X10Y41         LUT2 (Prop_lut2_I0_O)        0.153    10.920 f  ps/axi_slave_gp0/arm_window_q[31]_i_2/O
                         net (fo=65, routed)          0.889    11.809    i_custom_register_bank/i_deterministic_lock_acquisition/arm_target_high_q_reg[0]_0
    SLICE_X9Y42                                                       f  i_custom_register_bank/i_deterministic_lock_acquisition/arm_window_q[31]_i_1/I1
    SLICE_X9Y42          LUT2 (Prop_lut2_I1_O)        0.357    12.166 r  i_custom_register_bank/i_deterministic_lock_acquisition/arm_window_q[31]_i_1/O
                         net (fo=327, routed)         1.356    13.522    i_custom_register_bank/i_deterministic_lock_acquisition/arm_window_q[31]_i_1_n_0
    SLICE_X19Y40         FDRE                                         r  i_custom_register_bank/i_deterministic_lock_acquisition/arm_error_setpoint_q_reg[1]/CE
  -------------------------------------------------------------------    -------------------

                         (clock pll_adc_clk rise edge)
                                                      8.000     8.000 r  
    U18                                               0.000     8.000 r  adc_clk_i[1] (IN)
                         net (fo=0)                   0.000     8.000    adc_clk_i[1]
    U18                                                               r  i_clk/I
    U18                  IBUFDS (Prop_ibufds_I_O)     0.940     8.940 r  i_clk/O
                         net (fo=1, routed)           1.181    10.121    pll/adc_clk_in
    PLLE2_ADV_X0Y0                                                    r  pll/pll/CLKIN1
    PLLE2_ADV_X0Y0       PLLE2_ADV (Prop_plle2_adv_CLKIN1_CLKOUT0)
                                                      0.084    10.205 r  pll/pll/CLKOUT0
                         net (fo=1, routed)           1.594    11.799    pll_adc_clk
    BUFGCTRL_X0Y0                                                     r  bufg_adc_clk/I
    BUFGCTRL_X0Y0        BUFG (Prop_bufg_I_O)         0.091    11.890 r  bufg_adc_clk/O
                         net (fo=7983, routed)        1.498    13.388    i_custom_register_bank/i_deterministic_lock_acquisition/adc_clk
    SLICE_X19Y40         FDRE                                         r  i_custom_register_bank/i_deterministic_lock_acquisition/arm_error_setpoint_q_reg[1]/C
                         clock pessimism              0.343    13.732    
                         clock uncertainty           -0.069    13.663    
    SLICE_X19Y40         FDRE (Setup_fdre_C_CE)      -0.413    13.250    i_custom_register_bank/i_deterministic_lock_acquisition/arm_error_setpoint_q_reg[1]
  -------------------------------------------------------------------
                         required time                         13.250    
                         arrival time                         -13.522    
  -------------------------------------------------------------------
                         slack                                 -0.272    

Slack (VIOLATED) :        -0.272ns  (required time - arrival time)
  Source:                 ps/axi_slave_gp0/rd_do_reg/C
                            (rising edge-triggered cell FDRE clocked by pll_adc_clk  {rise@0.000ns fall@4.000ns period=8.000ns})
  Destination:            i_custom_register_bank/i_deterministic_lock_acquisition/arm_error_setpoint_q_reg[1]/CE
                            (rising edge-triggered cell FDRE clocked by pll_adc_clk  {rise@0.000ns fall@4.000ns period=8.000ns})
  Path Group:             pll_adc_clk
  Path Type:              Setup (Max at Slow Process Corner)
  Requirement:            8.000ns  (pll_adc_clk rise@8.000ns - pll_adc_clk rise@0.000ns)
  Data Path Delay:        7.625ns  (logic 1.692ns (22.191%)  route 5.933ns (77.809%))
  Logic Levels:           6  (LUT2=2 LUT3=1 LUT5=1 LUT6=2)
  Clock Path Skew:        -0.166ns (DCD - SCD + CPR)
    Destination Clock Delay (DCD):    5.388ns = ( 13.388 - 8.000 ) 
    Source Clock Delay      (SCD):    5.897ns
    Clock Pessimism Removal (CPR):    0.343ns
  Clock Uncertainty:      0.069ns  ((TSJ^2 + DJ^2)^1/2) / 2 + PE
    Total System Jitter     (TSJ):    0.071ns
    Discrete Jitter          (DJ):    0.118ns
    Phase Error              (PE):    0.000ns

    Location             Delay type                Incr(ns)  Path(ns)    Netlist Resource(s)
  -------------------------------------------------------------------    -------------------
                         (clock pll_adc_clk rise edge)
                                                      0.000     0.000 r  
    U18                                               0.000     0.000 r  adc_clk_i[1] (IN)
                         net (fo=0)                   0.000     0.000    adc_clk_i[1]
    U18                                                               r  i_clk/I
    U18                  IBUFDS (Prop_ibufds_I_O)     0.983     0.983 r  i_clk/O
                         net (fo=1, routed)           1.306     2.289    pll/adc_clk_in
    PLLE2_ADV_X0Y0                                                    r  pll/pll/CLKIN1
    PLLE2_ADV_X0Y0       PLLE2_ADV (Prop_plle2_adv_CLKIN1_CLKOUT0)
                                                      0.089     2.378 r  pll/pll/CLKOUT0
                         net (fo=1, routed)           1.754     4.132    pll_adc_clk
    BUFGCTRL_X0Y0                                                     r  bufg_adc_clk/I
    BUFGCTRL_X0Y0        BUFG (Prop_bufg_I_O)         0.101     4.233 r  bufg_adc_clk/O
                         net (fo=7983, routed)        1.664     5.897    ps/axi_slave_gp0/adc_clk
    SLICE_X19Y51         FDRE                                         r  ps/axi_slave_gp0/rd_do_reg/C
  -------------------------------------------------------------------    -------------------
    SLICE_X19Y51         FDRE (Prop_fdre_C_Q)         0.456     6.353 r  ps/axi_slave_gp0/rd_do_reg/Q
                         net (fo=171, routed)         0.807     7.160    ps/axi_slave_gp0/rd_do
    SLICE_X18Y51                                                      r  ps/axi_slave_gp0/scan_offset_o[13]_i_5/I1
    SLICE_X18Y51         LUT3 (Prop_lut3_I1_O)        0.152     7.312 f  ps/axi_slave_gp0/scan_offset_o[13]_i_5/O
                         net (fo=96, routed)          0.838     8.150    ps/axi_slave_gp0/rd_araddr_reg[3]_10
    SLICE_X17Y51                                                      f  ps/axi_slave_gp0/FSM_onehot_arm_phase_q[4]_i_8/I0
    SLICE_X17Y51         LUT5 (Prop_lut5_I0_O)        0.326     8.476 f  ps/axi_slave_gp0/FSM_onehot_arm_phase_q[4]_i_8/O
                         net (fo=1, routed)           0.667     9.143    ps/axi_slave_gp0/FSM_onehot_arm_phase_q[4]_i_8_n_0
    SLICE_X14Y42                                                      f  ps/axi_slave_gp0/FSM_onehot_arm_phase_q[4]_i_4/I5
    SLICE_X14Y42         LUT6 (Prop_lut6_I5_O)        0.124     9.267 r  ps/axi_slave_gp0/FSM_onehot_arm_phase_q[4]_i_4/O
                         net (fo=12, routed)          0.743    10.010    ps/axi_slave_gp0/FSM_onehot_arm_phase_q[4]_i_4_n_0
    SLICE_X13Y42                                                      r  ps/axi_slave_gp0/event_stage_fault_code_q[0]_i_2/I0
    SLICE_X13Y42         LUT6 (Prop_lut6_I0_O)        0.124    10.134 r  ps/axi_slave_gp0/event_stage_fault_code_q[0]_i_2/O
                         net (fo=8, routed)           0.633    10.767    ps/axi_slave_gp0/acq_abort
    SLICE_X10Y41                                                      r  ps/axi_slave_gp0/arm_window_q[31]_i_2/I0
    SLICE_X10Y41         LUT2 (Prop_lut2_I0_O)        0.153    10.920 r  ps/axi_slave_gp0/arm_window_q[31]_i_2/O
                         net (fo=65, routed)          0.889    11.809    i_custom_register_bank/i_deterministic_lock_acquisition/arm_target_high_q_reg[0]_0
    SLICE_X9Y42                                                       r  i_custom_register_bank/i_deterministic_lock_acquisition/arm_window_q[31]_i_1/I1
    SLICE_X9Y42          LUT2 (Prop_lut2_I1_O)        0.357    12.166 f  i_custom_register_bank/i_deterministic_lock_acquisition/arm_window_q[31]_i_1/O
                         net (fo=327, routed)         1.356    13.522    i_custom_register_bank/i_deterministic_lock_acquisition/arm_window_q[31]_i_1_n_0
    SLICE_X19Y40         FDRE                                         f  i_custom_register_bank/i_deterministic_lock_acquisition/arm_error_setpoint_q_reg[1]/CE
  -------------------------------------------------------------------    -------------------

                         (clock pll_adc_clk rise edge)
                                                      8.000     8.000 r  
    U18                                               0.000     8.000 r  adc_clk_i[1] (IN)
                         net (fo=0)                   0.000     8.000    adc_clk_i[1]
    U18                                                               r  i_clk/I
    U18                  IBUFDS (Prop_ibufds_I_O)     0.940     8.940 r  i_clk/O
                         net (fo=1, routed)           1.181    10.121    pll/adc_clk_in
    PLLE2_ADV_X0Y0                                                    r  pll/pll/CLKIN1
    PLLE2_ADV_X0Y0       PLLE2_ADV (Prop_plle2_adv_CLKIN1_CLKOUT0)
                                                      0.084    10.205 r  pll/pll/CLKOUT0
                         net (fo=1, routed)           1.594    11.799    pll_adc_clk
    BUFGCTRL_X0Y0                                                     r  bufg_adc_clk/I
    BUFGCTRL_X0Y0        BUFG (Prop_bufg_I_O)         0.091    11.890 r  bufg_adc_clk/O
                         net (fo=7983, routed)        1.498    13.388    i_custom_register_bank/i_deterministic_lock_acquisition/adc_clk
    SLICE_X19Y40         FDRE                                         r  i_custom_register_bank/i_deterministic_lock_acquisition/arm_error_setpoint_q_reg[1]/C
                         clock pessimism              0.343    13.732    
                         clock uncertainty           -0.069    13.663    
    SLICE_X19Y40         FDRE (Setup_fdre_C_CE)      -0.413    13.250    i_custom_register_bank/i_deterministic_lock_acquisition/arm_error_setpoint_q_reg[1]
  -------------------------------------------------------------------
                         required time                         13.250    
                         arrival time                         -13.522    
  -------------------------------------------------------------------
                         slack                                 -0.272    

Slack (VIOLATED) :        -0.272ns  (required time - arrival time)
  Source:                 ps/axi_slave_gp0/rd_do_reg/C
                            (rising edge-triggered cell FDRE clocked by pll_adc_clk  {rise@0.000ns fall@4.000ns period=8.000ns})
  Destination:            i_custom_register_bank/i_deterministic_lock_acquisition/arm_error_setpoint_q_reg[1]/CE
                            (rising edge-triggered cell FDRE clocked by pll_adc_clk  {rise@0.000ns fall@4.000ns period=8.000ns})
  Path Group:             pll_adc_clk
  Path Type:              Setup (Max at Slow Process Corner)
  Requirement:            8.000ns  (pll_adc_clk rise@8.000ns - pll_adc_clk rise@0.000ns)
  Data Path Delay:        7.625ns  (logic 1.692ns (22.191%)  route 5.933ns (77.809%))
  Logic Levels:           6  (LUT2=2 LUT3=1 LUT5=1 LUT6=2)
  Clock Path Skew:        -0.166ns (DCD - SCD + CPR)
    Destination Clock Delay (DCD):    5.388ns = ( 13.388 - 8.000 ) 
    Source Clock Delay      (SCD):    5.897ns
    Clock Pessimism Removal (CPR):    0.343ns
  Clock Uncertainty:      0.069ns  ((TSJ^2 + DJ^2)^1/2) / 2 + PE
    Total System Jitter     (TSJ):    0.071ns
    Discrete Jitter          (DJ):    0.118ns
    Phase Error              (PE):    0.000ns

    Location             Delay type                Incr(ns)  Path(ns)    Netlist Resource(s)
  -------------------------------------------------------------------    -------------------
                         (clock pll_adc_clk rise edge)
                                                      0.000     0.000 r  
    U18                                               0.000     0.000 r  adc_clk_i[1] (IN)
                         net (fo=0)                   0.000     0.000    adc_clk_i[1]
    U18                                                               r  i_clk/I
    U18                  IBUFDS (Prop_ibufds_I_O)     0.983     0.983 r  i_clk/O
                         net (fo=1, routed)           1.306     2.289    pll/adc_clk_in
    PLLE2_ADV_X0Y0                                                    r  pll/pll/CLKIN1
    PLLE2_ADV_X0Y0       PLLE2_ADV (Prop_plle2_adv_CLKIN1_CLKOUT0)
                                                      0.089     2.378 r  pll/pll/CLKOUT0
                         net (fo=1, routed)           1.754     4.132    pll_adc_clk
    BUFGCTRL_X0Y0                                                     r  bufg_adc_clk/I
    BUFGCTRL_X0Y0        BUFG (Prop_bufg_I_O)         0.101     4.233 r  bufg_adc_clk/O
                         net (fo=7983, routed)        1.664     5.897    ps/axi_slave_gp0/adc_clk
    SLICE_X19Y51         FDRE                                         r  ps/axi_slave_gp0/rd_do_reg/C
  -------------------------------------------------------------------    -------------------
    SLICE_X19Y51         FDRE (Prop_fdre_C_Q)         0.456     6.353 f  ps/axi_slave_gp0/rd_do_reg/Q
                         net (fo=171, routed)         0.807     7.160    ps/axi_slave_gp0/rd_do
    SLICE_X18Y51                                                      f  ps/axi_slave_gp0/scan_offset_o[13]_i_5/I1
    SLICE_X18Y51         LUT3 (Prop_lut3_I1_O)        0.152     7.312 f  ps/axi_slave_gp0/scan_offset_o[13]_i_5/O
                         net (fo=96, routed)          0.838     8.150    ps/axi_slave_gp0/rd_araddr_reg[3]_10
    SLICE_X17Y51                                                      f  ps/axi_slave_gp0/FSM_onehot_arm_phase_q[4]_i_8/I0
    SLICE_X17Y51         LUT5 (Prop_lut5_I0_O)        0.326     8.476 f  ps/axi_slave_gp0/FSM_onehot_arm_phase_q[4]_i_8/O
                         net (fo=1, routed)           0.667     9.143    ps/axi_slave_gp0/FSM_onehot_arm_phase_q[4]_i_8_n_0
    SLICE_X14Y42                                                      f  ps/axi_slave_gp0/FSM_onehot_arm_phase_q[4]_i_4/I5
    SLICE_X14Y42         LUT6 (Prop_lut6_I5_O)        0.124     9.267 r  ps/axi_slave_gp0/FSM_onehot_arm_phase_q[4]_i_4/O
                         net (fo=12, routed)          0.743    10.010    ps/axi_slave_gp0/FSM_onehot_arm_phase_q[4]_i_4_n_0
    SLICE_X13Y42                                                      r  ps/axi_slave_gp0/event_stage_fault_code_q[0]_i_2/I0
    SLICE_X13Y42         LUT6 (Prop_lut6_I0_O)        0.124    10.134 r  ps/axi_slave_gp0/event_stage_fault_code_q[0]_i_2/O
                         net (fo=8, routed)           0.633    10.767    ps/axi_slave_gp0/acq_abort
    SLICE_X10Y41                                                      r  ps/axi_slave_gp0/arm_window_q[31]_i_2/I0
    SLICE_X10Y41         LUT2 (Prop_lut2_I0_O)        0.153    10.920 r  ps/axi_slave_gp0/arm_window_q[31]_i_2/O
                         net (fo=65, routed)          0.889    11.809    i_custom_register_bank/i_deterministic_lock_acquisition/arm_target_high_q_reg[0]_0
    SLICE_X9Y42                                                       r  i_custom_register_bank/i_deterministic_lock_acquisition/arm_window_q[31]_i_1/I1
    SLICE_X9Y42          LUT2 (Prop_lut2_I1_O)        0.357    12.166 f  i_custom_register_bank/i_deterministic_lock_acquisition/arm_window_q[31]_i_1/O
                         net (fo=327, routed)         1.356    13.522    i_custom_register_bank/i_deterministic_lock_acquisition/arm_window_q[31]_i_1_n_0
    SLICE_X19Y40         FDRE                                         f  i_custom_register_bank/i_deterministic_lock_acquisition/arm_error_setpoint_q_reg[1]/CE
  -------------------------------------------------------------------    -------------------

                         (clock pll_adc_clk rise edge)
                                                      8.000     8.000 r  
    U18                                               0.000     8.000 r  adc_clk_i[1] (IN)
                         net (fo=0)                   0.000     8.000    adc_clk_i[1]
    U18                                                               r  i_clk/I
    U18                  IBUFDS (Prop_ibufds_I_O)     0.940     8.940 r  i_clk/O
                         net (fo=1, routed)           1.181    10.121    pll/adc_clk_in
    PLLE2_ADV_X0Y0                                                    r  pll/pll/CLKIN1
    PLLE2_ADV_X0Y0       PLLE2_ADV (Prop_plle2_adv_CLKIN1_CLKOUT0)
                                                      0.084    10.205 r  pll/pll/CLKOUT0
                         net (fo=1, routed)           1.594    11.799    pll_adc_clk
    BUFGCTRL_X0Y0                                                     r  bufg_adc_clk/I
    BUFGCTRL_X0Y0        BUFG (Prop_bufg_I_O)         0.091    11.890 r  bufg_adc_clk/O
                         net (fo=7983, routed)        1.498    13.388    i_custom_register_bank/i_deterministic_lock_acquisition/adc_clk
    SLICE_X19Y40         FDRE                                         r  i_custom_register_bank/i_deterministic_lock_acquisition/arm_error_setpoint_q_reg[1]/C
                         clock pessimism              0.343    13.732    
                         clock uncertainty           -0.069    13.663    
    SLICE_X19Y40         FDRE (Setup_fdre_C_CE)      -0.413    13.250    i_custom_register_bank/i_deterministic_lock_acquisition/arm_error_setpoint_q_reg[1]
  -------------------------------------------------------------------
                         required time                         13.250    
                         arrival time                         -13.522    
  -------------------------------------------------------------------
                         slack                                 -0.272    

Slack (VIOLATED) :        -0.268ns  (required time - arrival time)
  Source:                 ps/axi_slave_gp0/rd_do_reg/C
                            (rising edge-triggered cell FDRE clocked by pll_adc_clk  {rise@0.000ns fall@4.000ns period=8.000ns})
  Destination:            i_custom_register_bank/i_deterministic_lock_acquisition/arm_error_setpoint_q_reg[11]/CE
                            (rising edge-triggered cell FDRE clocked by pll_adc_clk  {rise@0.000ns fall@4.000ns period=8.000ns})
  Path Group:             pll_adc_clk
  Path Type:              Setup (Max at Slow Process Corner)
  Requirement:            8.000ns  (pll_adc_clk rise@8.000ns - pll_adc_clk rise@0.000ns)
  Data Path Delay:        7.621ns  (logic 1.568ns (20.574%)  route 6.053ns (79.426%))
  Logic Levels:           5  (LUT2=2 LUT3=1 LUT6=2)
  Clock Path Skew:        -0.165ns (DCD - SCD + CPR)
    Destination Clock Delay (DCD):    5.389ns = ( 13.389 - 8.000 ) 
    Source Clock Delay      (SCD):    5.897ns
    Clock Pessimism Removal (CPR):    0.343ns
  Clock Uncertainty:      0.069ns  ((TSJ^2 + DJ^2)^1/2) / 2 + PE
    Total System Jitter     (TSJ):    0.071ns
    Discrete Jitter          (DJ):    0.118ns
    Phase Error              (PE):    0.000ns

    Location             Delay type                Incr(ns)  Path(ns)    Netlist Resource(s)
  -------------------------------------------------------------------    -------------------
                         (clock pll_adc_clk rise edge)
                                                      0.000     0.000 r  
    U18                                               0.000     0.000 r  adc_clk_i[1] (IN)
                         net (fo=0)                   0.000     0.000    adc_clk_i[1]
    U18                                                               r  i_clk/I
    U18                  IBUFDS (Prop_ibufds_I_O)     0.983     0.983 r  i_clk/O
                         net (fo=1, routed)           1.306     2.289    pll/adc_clk_in
    PLLE2_ADV_X0Y0                                                    r  pll/pll/CLKIN1
    PLLE2_ADV_X0Y0       PLLE2_ADV (Prop_plle2_adv_CLKIN1_CLKOUT0)
                                                      0.089     2.378 r  pll/pll/CLKOUT0
                         net (fo=1, routed)           1.754     4.132    pll_adc_clk
    BUFGCTRL_X0Y0                                                     r  bufg_adc_clk/I
    BUFGCTRL_X0Y0        BUFG (Prop_bufg_I_O)         0.101     4.233 r  bufg_adc_clk/O
                         net (fo=7983, routed)        1.664     5.897    ps/axi_slave_gp0/adc_clk
    SLICE_X19Y51         FDRE                                         r  ps/axi_slave_gp0/rd_do_reg/C
  -------------------------------------------------------------------    -------------------
    SLICE_X19Y51         FDRE (Prop_fdre_C_Q)         0.456     6.353 r  ps/axi_slave_gp0/rd_do_reg/Q
                         net (fo=171, routed)         0.993     7.346    ps/axi_slave_gp0/rd_do
    SLICE_X18Y49                                                      r  ps/axi_slave_gp0/scan_offset_o[13]_i_4/I1
    SLICE_X18Y49         LUT3 (Prop_lut3_I1_O)        0.152     7.498 f  ps/axi_slave_gp0/scan_offset_o[13]_i_4/O
                         net (fo=126, routed)         1.396     8.894    ps/axi_slave_gp0/rd_araddr_reg[2]_9
    SLICE_X14Y42                                                      f  ps/axi_slave_gp0/FSM_onehot_arm_phase_q[4]_i_4/I3
    SLICE_X14Y42         LUT6 (Prop_lut6_I3_O)        0.326     9.220 f  ps/axi_slave_gp0/FSM_onehot_arm_phase_q[4]_i_4/O
                         net (fo=12, routed)          0.743     9.963    ps/axi_slave_gp0/FSM_onehot_arm_phase_q[4]_i_4_n_0
    SLICE_X13Y42                                                      f  ps/axi_slave_gp0/event_stage_fault_code_q[0]_i_2/I0
    SLICE_X13Y42         LUT6 (Prop_lut6_I0_O)        0.124    10.087 f  ps/axi_slave_gp0/event_stage_fault_code_q[0]_i_2/O
                         net (fo=8, routed)           0.633    10.720    ps/axi_slave_gp0/acq_abort
    SLICE_X10Y41                                                      f  ps/axi_slave_gp0/arm_window_q[31]_i_2/I0
    SLICE_X10Y41         LUT2 (Prop_lut2_I0_O)        0.153    10.873 f  ps/axi_slave_gp0/arm_window_q[31]_i_2/O
                         net (fo=65, routed)          0.889    11.762    i_custom_register_bank/i_deterministic_lock_acquisition/arm_target_high_q_reg[0]_0
    SLICE_X9Y42                                                       f  i_custom_register_bank/i_deterministic_lock_acquisition/arm_window_q[31]_i_1/I1
    SLICE_X9Y42          LUT2 (Prop_lut2_I1_O)        0.357    12.119 r  i_custom_register_bank/i_deterministic_lock_acquisition/arm_window_q[31]_i_1/O
                         net (fo=327, routed)         1.399    13.518    i_custom_register_bank/i_deterministic_lock_acquisition/arm_window_q[31]_i_1_n_0
    SLICE_X21Y46         FDRE                                         r  i_custom_register_bank/i_deterministic_lock_acquisition/arm_error_setpoint_q_reg[11]/CE
  -------------------------------------------------------------------    -------------------

                         (clock pll_adc_clk rise edge)
                                                      8.000     8.000 r  
    U18                                               0.000     8.000 r  adc_clk_i[1] (IN)
                         net (fo=0)                   0.000     8.000    adc_clk_i[1]
    U18                                                               r  i_clk/I
    U18                  IBUFDS (Prop_ibufds_I_O)     0.940     8.940 r  i_clk/O
                         net (fo=1, routed)           1.181    10.121    pll/adc_clk_in
    PLLE2_ADV_X0Y0                                                    r  pll/pll/CLKIN1
    PLLE2_ADV_X0Y0       PLLE2_ADV (Prop_plle2_adv_CLKIN1_CLKOUT0)
                                                      0.084    10.205 r  pll/pll/CLKOUT0
                         net (fo=1, routed)           1.594    11.799    pll_adc_clk
    BUFGCTRL_X0Y0                                                     r  bufg_adc_clk/I
    BUFGCTRL_X0Y0        BUFG (Prop_bufg_I_O)         0.091    11.890 r  bufg_adc_clk/O
                         net (fo=7983, routed)        1.499    13.389    i_custom_register_bank/i_deterministic_lock_acquisition/adc_clk
    SLICE_X21Y46         FDRE                                         r  i_custom_register_bank/i_deterministic_lock_acquisition/arm_error_setpoint_q_reg[11]/C
                         clock pessimism              0.343    13.733    
                         clock uncertainty           -0.069    13.664    
    SLICE_X21Y46         FDRE (Setup_fdre_C_CE)      -0.413    13.251    i_custom_register_bank/i_deterministic_lock_acquisition/arm_error_setpoint_q_reg[11]
  -------------------------------------------------------------------
                         required time                         13.251    
                         arrival time                         -13.518    
  -------------------------------------------------------------------
                         slack                                 -0.268    

Slack (VIOLATED) :        -0.268ns  (required time - arrival time)
  Source:                 ps/axi_slave_gp0/rd_do_reg/C
                            (rising edge-triggered cell FDRE clocked by pll_adc_clk  {rise@0.000ns fall@4.000ns period=8.000ns})
  Destination:            i_custom_register_bank/i_deterministic_lock_acquisition/arm_error_setpoint_q_reg[11]/CE
                            (rising edge-triggered cell FDRE clocked by pll_adc_clk  {rise@0.000ns fall@4.000ns period=8.000ns})
  Path Group:             pll_adc_clk
  Path Type:              Setup (Max at Slow Process Corner)
  Requirement:            8.000ns  (pll_adc_clk rise@8.000ns - pll_adc_clk rise@0.000ns)
  Data Path Delay:        7.621ns  (logic 1.568ns (20.574%)  route 6.053ns (79.426%))
  Logic Levels:           5  (LUT2=2 LUT3=1 LUT6=2)
  Clock Path Skew:        -0.165ns (DCD - SCD + CPR)
    Destination Clock Delay (DCD):    5.389ns = ( 13.389 - 8.000 ) 
    Source Clock Delay      (SCD):    5.897ns
    Clock Pessimism Removal (CPR):    0.343ns
  Clock Uncertainty:      0.069ns  ((TSJ^2 + DJ^2)^1/2) / 2 + PE
    Total System Jitter     (TSJ):    0.071ns
    Discrete Jitter          (DJ):    0.118ns
    Phase Error              (PE):    0.000ns

    Location             Delay type                Incr(ns)  Path(ns)    Netlist Resource(s)
  -------------------------------------------------------------------    -------------------
                         (clock pll_adc_clk rise edge)
                                                      0.000     0.000 r  
    U18                                               0.000     0.000 r  adc_clk_i[1] (IN)
                         net (fo=0)                   0.000     0.000    adc_clk_i[1]
    U18                                                               r  i_clk/I
    U18                  IBUFDS (Prop_ibufds_I_O)     0.983     0.983 r  i_clk/O
                         net (fo=1, routed)           1.306     2.289    pll/adc_clk_in
    PLLE2_ADV_X0Y0                                                    r  pll/pll/CLKIN1
    PLLE2_ADV_X0Y0       PLLE2_ADV (Prop_plle2_adv_CLKIN1_CLKOUT0)
                                                      0.089     2.378 r  pll/pll/CLKOUT0
                         net (fo=1, routed)           1.754     4.132    pll_adc_clk
    BUFGCTRL_X0Y0                                                     r  bufg_adc_clk/I
    BUFGCTRL_X0Y0        BUFG (Prop_bufg_I_O)         0.101     4.233 r  bufg_adc_clk/O
                         net (fo=7983, routed)        1.664     5.897    ps/axi_slave_gp0/adc_clk
    SLICE_X19Y51         FDRE                                         r  ps/axi_slave_gp0/rd_do_reg/C
  -------------------------------------------------------------------    -------------------
    SLICE_X19Y51         FDRE (Prop_fdre_C_Q)         0.456     6.353 f  ps/axi_slave_gp0/rd_do_reg/Q
                         net (fo=171, routed)         0.993     7.346    ps/axi_slave_gp0/rd_do
    SLICE_X18Y49                                                      f  ps/axi_slave_gp0/scan_offset_o[13]_i_4/I1
    SLICE_X18Y49         LUT3 (Prop_lut3_I1_O)        0.152     7.498 f  ps/axi_slave_gp0/scan_offset_o[13]_i_4/O
                         net (fo=126, routed)         1.396     8.894    ps/axi_slave_gp0/rd_araddr_reg[2]_9
    SLICE_X14Y42                                                      f  ps/axi_slave_gp0/FSM_onehot_arm_phase_q[4]_i_4/I3
    SLICE_X14Y42         LUT6 (Prop_lut6_I3_O)        0.326     9.220 f  ps/axi_slave_gp0/FSM_onehot_arm_phase_q[4]_i_4/O
                         net (fo=12, routed)          0.743     9.963    ps/axi_slave_gp0/FSM_onehot_arm_phase_q[4]_i_4_n_0
    SLICE_X13Y42                                                      f  ps/axi_slave_gp0/event_stage_fault_code_q[0]_i_2/I0
    SLICE_X13Y42         LUT6 (Prop_lut6_I0_O)        0.124    10.087 f  ps/axi_slave_gp0/event_stage_fault_code_q[0]_i_2/O
                         net (fo=8, routed)           0.633    10.720    ps/axi_slave_gp0/acq_abort
    SLICE_X10Y41                                                      f  ps/axi_slave_gp0/arm_window_q[31]_i_2/I0
    SLICE_X10Y41         LUT2 (Prop_lut2_I0_O)        0.153    10.873 f  ps/axi_slave_gp0/arm_window_q[31]_i_2/O
                         net (fo=65, routed)          0.889    11.762    i_custom_register_bank/i_deterministic_lock_acquisition/arm_target_high_q_reg[0]_0
    SLICE_X9Y42                                                       f  i_custom_register_bank/i_deterministic_lock_acquisition/arm_window_q[31]_i_1/I1
    SLICE_X9Y42          LUT2 (Prop_lut2_I1_O)        0.357    12.119 r  i_custom_register_bank/i_deterministic_lock_acquisition/arm_window_q[31]_i_1/O
                         net (fo=327, routed)         1.399    13.518    i_custom_register_bank/i_deterministic_lock_acquisition/arm_window_q[31]_i_1_n_0
    SLICE_X21Y46         FDRE                                         r  i_custom_register_bank/i_deterministic_lock_acquisition/arm_error_setpoint_q_reg[11]/CE
  -------------------------------------------------------------------    -------------------

                         (clock pll_adc_clk rise edge)
                                                      8.000     8.000 r  
    U18                                               0.000     8.000 r  adc_clk_i[1] (IN)
                         net (fo=0)                   0.000     8.000    adc_clk_i[1]
    U18                                                               r  i_clk/I
    U18                  IBUFDS (Prop_ibufds_I_O)     0.940     8.940 r  i_clk/O
                         net (fo=1, routed)           1.181    10.121    pll/adc_clk_in
    PLLE2_ADV_X0Y0                                                    r  pll/pll/CLKIN1
    PLLE2_ADV_X0Y0       PLLE2_ADV (Prop_plle2_adv_CLKIN1_CLKOUT0)
                                                      0.084    10.205 r  pll/pll/CLKOUT0
                         net (fo=1, routed)           1.594    11.799    pll_adc_clk
    BUFGCTRL_X0Y0                                                     r  bufg_adc_clk/I
    BUFGCTRL_X0Y0        BUFG (Prop_bufg_I_O)         0.091    11.890 r  bufg_adc_clk/O
                         net (fo=7983, routed)        1.499    13.389    i_custom_register_bank/i_deterministic_lock_acquisition/adc_clk
    SLICE_X21Y46         FDRE                                         r  i_custom_register_bank/i_deterministic_lock_acquisition/arm_error_setpoint_q_reg[11]/C
                         clock pessimism              0.343    13.733    
                         clock uncertainty           -0.069    13.664    
    SLICE_X21Y46         FDRE (Setup_fdre_C_CE)      -0.413    13.251    i_custom_register_bank/i_deterministic_lock_acquisition/arm_error_setpoint_q_reg[11]
  -------------------------------------------------------------------
                         required time                         13.251    
                         arrival time                         -13.518    
  -------------------------------------------------------------------
                         slack                                 -0.268    

Slack (VIOLATED) :        -0.268ns  (required time - arrival time)
  Source:                 ps/axi_slave_gp0/rd_do_reg/C
                            (rising edge-triggered cell FDRE clocked by pll_adc_clk  {rise@0.000ns fall@4.000ns period=8.000ns})
  Destination:            i_custom_register_bank/i_deterministic_lock_acquisition/arm_error_setpoint_q_reg[11]/CE
                            (rising edge-triggered cell FDRE clocked by pll_adc_clk  {rise@0.000ns fall@4.000ns period=8.000ns})
  Path Group:             pll_adc_clk
  Path Type:              Setup (Max at Slow Process Corner)
  Requirement:            8.000ns  (pll_adc_clk rise@8.000ns - pll_adc_clk rise@0.000ns)
  Data Path Delay:        7.621ns  (logic 1.568ns (20.574%)  route 6.053ns (79.426%))
  Logic Levels:           5  (LUT2=2 LUT3=1 LUT6=2)
  Clock Path Skew:        -0.165ns (DCD - SCD + CPR)
    Destination Clock Delay (DCD):    5.389ns = ( 13.389 - 8.000 ) 
    Source Clock Delay      (SCD):    5.897ns
    Clock Pessimism Removal (CPR):    0.343ns
  Clock Uncertainty:      0.069ns  ((TSJ^2 + DJ^2)^1/2) / 2 + PE
    Total System Jitter     (TSJ):    0.071ns
    Discrete Jitter          (DJ):    0.118ns
    Phase Error              (PE):    0.000ns

    Location             Delay type                Incr(ns)  Path(ns)    Netlist Resource(s)
  -------------------------------------------------------------------    -------------------
                         (clock pll_adc_clk rise edge)
                                                      0.000     0.000 r  
    U18                                               0.000     0.000 r  adc_clk_i[1] (IN)
                         net (fo=0)                   0.000     0.000    adc_clk_i[1]
    U18                                                               r  i_clk/I
    U18                  IBUFDS (Prop_ibufds_I_O)     0.983     0.983 r  i_clk/O
                         net (fo=1, routed)           1.306     2.289    pll/adc_clk_in
    PLLE2_ADV_X0Y0                                                    r  pll/pll/CLKIN1
    PLLE2_ADV_X0Y0       PLLE2_ADV (Prop_plle2_adv_CLKIN1_CLKOUT0)
                                                      0.089     2.378 r  pll/pll/CLKOUT0
                         net (fo=1, routed)           1.754     4.132    pll_adc_clk
    BUFGCTRL_X0Y0                                                     r  bufg_adc_clk/I
    BUFGCTRL_X0Y0        BUFG (Prop_bufg_I_O)         0.101     4.233 r  bufg_adc_clk/O
                         net (fo=7983, routed)        1.664     5.897    ps/axi_slave_gp0/adc_clk
    SLICE_X19Y51         FDRE                                         r  ps/axi_slave_gp0/rd_do_reg/C
  -------------------------------------------------------------------    -------------------
    SLICE_X19Y51         FDRE (Prop_fdre_C_Q)         0.456     6.353 r  ps/axi_slave_gp0/rd_do_reg/Q
                         net (fo=171, routed)         0.993     7.346    ps/axi_slave_gp0/rd_do
    SLICE_X18Y49                                                      r  ps/axi_slave_gp0/scan_offset_o[13]_i_4/I1
    SLICE_X18Y49         LUT3 (Prop_lut3_I1_O)        0.152     7.498 r  ps/axi_slave_gp0/scan_offset_o[13]_i_4/O
                         net (fo=126, routed)         1.396     8.894    ps/axi_slave_gp0/rd_araddr_reg[2]_9
    SLICE_X14Y42                                                      r  ps/axi_slave_gp0/FSM_onehot_arm_phase_q[4]_i_4/I3
    SLICE_X14Y42         LUT6 (Prop_lut6_I3_O)        0.326     9.220 r  ps/axi_slave_gp0/FSM_onehot_arm_phase_q[4]_i_4/O
                         net (fo=12, routed)          0.743     9.963    ps/axi_slave_gp0/FSM_onehot_arm_phase_q[4]_i_4_n_0
    SLICE_X13Y42                                                      r  ps/axi_slave_gp0/event_stage_fault_code_q[0]_i_2/I0
    SLICE_X13Y42         LUT6 (Prop_lut6_I0_O)        0.124    10.087 r  ps/axi_slave_gp0/event_stage_fault_code_q[0]_i_2/O
                         net (fo=8, routed)           0.633    10.720    ps/axi_slave_gp0/acq_abort
    SLICE_X10Y41                                                      r  ps/axi_slave_gp0/arm_window_q[31]_i_2/I0
    SLICE_X10Y41         LUT2 (Prop_lut2_I0_O)        0.153    10.873 r  ps/axi_slave_gp0/arm_window_q[31]_i_2/O
                         net (fo=65, routed)          0.889    11.762    i_custom_register_bank/i_deterministic_lock_acquisition/arm_target_high_q_reg[0]_0
    SLICE_X9Y42                                                       r  i_custom_register_bank/i_deterministic_lock_acquisition/arm_window_q[31]_i_1/I1
    SLICE_X9Y42          LUT2 (Prop_lut2_I1_O)        0.357    12.119 f  i_custom_register_bank/i_deterministic_lock_acquisition/arm_window_q[31]_i_1/O
                         net (fo=327, routed)         1.399    13.518    i_custom_register_bank/i_deterministic_lock_acquisition/arm_window_q[31]_i_1_n_0
    SLICE_X21Y46         FDRE                                         f  i_custom_register_bank/i_deterministic_lock_acquisition/arm_error_setpoint_q_reg[11]/CE
  -------------------------------------------------------------------    -------------------

                         (clock pll_adc_clk rise edge)
                                                      8.000     8.000 r  
    U18                                               0.000     8.000 r  adc_clk_i[1] (IN)
                         net (fo=0)                   0.000     8.000    adc_clk_i[1]
    U18                                                               r  i_clk/I
    U18                  IBUFDS (Prop_ibufds_I_O)     0.940     8.940 r  i_clk/O
                         net (fo=1, routed)           1.181    10.121    pll/adc_clk_in
    PLLE2_ADV_X0Y0                                                    r  pll/pll/CLKIN1
    PLLE2_ADV_X0Y0       PLLE2_ADV (Prop_plle2_adv_CLKIN1_CLKOUT0)
                                                      0.084    10.205 r  pll/pll/CLKOUT0
                         net (fo=1, routed)           1.594    11.799    pll_adc_clk
    BUFGCTRL_X0Y0                                                     r  bufg_adc_clk/I
    BUFGCTRL_X0Y0        BUFG (Prop_bufg_I_O)         0.091    11.890 r  bufg_adc_clk/O
                         net (fo=7983, routed)        1.499    13.389    i_custom_register_bank/i_deterministic_lock_acquisition/adc_clk
    SLICE_X21Y46         FDRE                                         r  i_custom_register_bank/i_deterministic_lock_acquisition/arm_error_setpoint_q_reg[11]/C
                         clock pessimism              0.343    13.733    
                         clock uncertainty           -0.069    13.664    
    SLICE_X21Y46         FDRE (Setup_fdre_C_CE)      -0.413    13.251    i_custom_register_bank/i_deterministic_lock_acquisition/arm_error_setpoint_q_reg[11]
  -------------------------------------------------------------------
                         required time                         13.251    
                         arrival time                         -13.518    
  -------------------------------------------------------------------
                         slack                                 -0.268    

Slack (VIOLATED) :        -0.268ns  (required time - arrival time)
  Source:                 ps/axi_slave_gp0/rd_do_reg/C
                            (rising edge-triggered cell FDRE clocked by pll_adc_clk  {rise@0.000ns fall@4.000ns period=8.000ns})
  Destination:            i_custom_register_bank/i_deterministic_lock_acquisition/arm_error_setpoint_q_reg[11]/CE
                            (rising edge-triggered cell FDRE clocked by pll_adc_clk  {rise@0.000ns fall@4.000ns period=8.000ns})
  Path Group:             pll_adc_clk
  Path Type:              Setup (Max at Slow Process Corner)
  Requirement:            8.000ns  (pll_adc_clk rise@8.000ns - pll_adc_clk rise@0.000ns)
  Data Path Delay:        7.621ns  (logic 1.568ns (20.574%)  route 6.053ns (79.426%))
  Logic Levels:           5  (LUT2=2 LUT3=1 LUT6=2)
  Clock Path Skew:        -0.165ns (DCD - SCD + CPR)
    Destination Clock Delay (DCD):    5.389ns = ( 13.389 - 8.000 ) 
    Source Clock Delay      (SCD):    5.897ns
    Clock Pessimism Removal (CPR):    0.343ns
  Clock Uncertainty:      0.069ns  ((TSJ^2 + DJ^2)^1/2) / 2 + PE
    Total System Jitter     (TSJ):    0.071ns
    Discrete Jitter          (DJ):    0.118ns
    Phase Error              (PE):    0.000ns

    Location             Delay type                Incr(ns)  Path(ns)    Netlist Resource(s)
  -------------------------------------------------------------------    -------------------
                         (clock pll_adc_clk rise edge)
                                                      0.000     0.000 r  
    U18                                               0.000     0.000 r  adc_clk_i[1] (IN)
                         net (fo=0)                   0.000     0.000    adc_clk_i[1]
    U18                                                               r  i_clk/I
    U18                  IBUFDS (Prop_ibufds_I_O)     0.983     0.983 r  i_clk/O
                         net (fo=1, routed)           1.306     2.289    pll/adc_clk_in
    PLLE2_ADV_X0Y0                                                    r  pll/pll/CLKIN1
    PLLE2_ADV_X0Y0       PLLE2_ADV (Prop_plle2_adv_CLKIN1_CLKOUT0)
                                                      0.089     2.378 r  pll/pll/CLKOUT0
                         net (fo=1, routed)           1.754     4.132    pll_adc_clk
    BUFGCTRL_X0Y0                                                     r  bufg_adc_clk/I
    BUFGCTRL_X0Y0        BUFG (Prop_bufg_I_O)         0.101     4.233 r  bufg_adc_clk/O
                         net (fo=7983, routed)        1.664     5.897    ps/axi_slave_gp0/adc_clk
    SLICE_X19Y51         FDRE                                         r  ps/axi_slave_gp0/rd_do_reg/C
  -------------------------------------------------------------------    -------------------
    SLICE_X19Y51         FDRE (Prop_fdre_C_Q)         0.456     6.353 f  ps/axi_slave_gp0/rd_do_reg/Q
                         net (fo=171, routed)         0.993     7.346    ps/axi_slave_gp0/rd_do
    SLICE_X18Y49                                                      f  ps/axi_slave_gp0/scan_offset_o[13]_i_4/I1
    SLICE_X18Y49         LUT3 (Prop_lut3_I1_O)        0.152     7.498 r  ps/axi_slave_gp0/scan_offset_o[13]_i_4/O
                         net (fo=126, routed)         1.396     8.894    ps/axi_slave_gp0/rd_araddr_reg[2]_9
    SLICE_X14Y42                                                      r  ps/axi_slave_gp0/FSM_onehot_arm_phase_q[4]_i_4/I3
    SLICE_X14Y42         LUT6 (Prop_lut6_I3_O)        0.326     9.220 r  ps/axi_slave_gp0/FSM_onehot_arm_phase_q[4]_i_4/O
                         net (fo=12, routed)          0.743     9.963    ps/axi_slave_gp0/FSM_onehot_arm_phase_q[4]_i_4_n_0
    SLICE_X13Y42                                                      r  ps/axi_slave_gp0/event_stage_fault_code_q[0]_i_2/I0
    SLICE_X13Y42         LUT6 (Prop_lut6_I0_O)        0.124    10.087 r  ps/axi_slave_gp0/event_stage_fault_code_q[0]_i_2/O
                         net (fo=8, routed)           0.633    10.720    ps/axi_slave_gp0/acq_abort
    SLICE_X10Y41                                                      r  ps/axi_slave_gp0/arm_window_q[31]_i_2/I0
    SLICE_X10Y41         LUT2 (Prop_lut2_I0_O)        0.153    10.873 r  ps/axi_slave_gp0/arm_window_q[31]_i_2/O
                         net (fo=65, routed)          0.889    11.762    i_custom_register_bank/i_deterministic_lock_acquisition/arm_target_high_q_reg[0]_0
    SLICE_X9Y42                                                       r  i_custom_register_bank/i_deterministic_lock_acquisition/arm_window_q[31]_i_1/I1
    SLICE_X9Y42          LUT2 (Prop_lut2_I1_O)        0.357    12.119 f  i_custom_register_bank/i_deterministic_lock_acquisition/arm_window_q[31]_i_1/O
                         net (fo=327, routed)         1.399    13.518    i_custom_register_bank/i_deterministic_lock_acquisition/arm_window_q[31]_i_1_n_0
    SLICE_X21Y46         FDRE                                         f  i_custom_register_bank/i_deterministic_lock_acquisition/arm_error_setpoint_q_reg[11]/CE
  -------------------------------------------------------------------    -------------------

                         (clock pll_adc_clk rise edge)
                                                      8.000     8.000 r  
    U18                                               0.000     8.000 r  adc_clk_i[1] (IN)
                         net (fo=0)                   0.000     8.000    adc_clk_i[1]
    U18                                                               r  i_clk/I
    U18                  IBUFDS (Prop_ibufds_I_O)     0.940     8.940 r  i_clk/O
                         net (fo=1, routed)           1.181    10.121    pll/adc_clk_in
    PLLE2_ADV_X0Y0                                                    r  pll/pll/CLKIN1
    PLLE2_ADV_X0Y0       PLLE2_ADV (Prop_plle2_adv_CLKIN1_CLKOUT0)
                                                      0.084    10.205 r  pll/pll/CLKOUT0
                         net (fo=1, routed)           1.594    11.799    pll_adc_clk
    BUFGCTRL_X0Y0                                                     r  bufg_adc_clk/I
    BUFGCTRL_X0Y0        BUFG (Prop_bufg_I_O)         0.091    11.890 r  bufg_adc_clk/O
                         net (fo=7983, routed)        1.499    13.389    i_custom_register_bank/i_deterministic_lock_acquisition/adc_clk
    SLICE_X21Y46         FDRE                                         r  i_custom_register_bank/i_deterministic_lock_acquisition/arm_error_setpoint_q_reg[11]/C
                         clock pessimism              0.343    13.733    
                         clock uncertainty           -0.069    13.664    
    SLICE_X21Y46         FDRE (Setup_fdre_C_CE)      -0.413    13.251    i_custom_register_bank/i_deterministic_lock_acquisition/arm_error_setpoint_q_reg[11]
  -------------------------------------------------------------------
                         required time                         13.251    
                         arrival time                         -13.518    
  -------------------------------------------------------------------
                         slack                                 -0.268    

Slack (VIOLATED) :        -0.258ns  (required time - arrival time)
  Source:                 ps/axi_slave_gp0/rd_do_reg/C
                            (rising edge-triggered cell FDRE clocked by pll_adc_clk  {rise@0.000ns fall@4.000ns period=8.000ns})
  Destination:            i_custom_register_bank/i_deterministic_lock_acquisition/arm_error_setpoint_q_reg[7]/CE
                            (rising edge-triggered cell FDRE clocked by pll_adc_clk  {rise@0.000ns fall@4.000ns period=8.000ns})
  Path Group:             pll_adc_clk
  Path Type:              Setup (Max at Slow Process Corner)
  Requirement:            8.000ns  (pll_adc_clk rise@8.000ns - pll_adc_clk rise@0.000ns)
  Data Path Delay:        7.609ns  (logic 1.692ns (22.238%)  route 5.917ns (77.762%))
  Logic Levels:           6  (LUT2=2 LUT3=1 LUT5=1 LUT6=2)
  Clock Path Skew:        -0.168ns (DCD - SCD + CPR)
    Destination Clock Delay (DCD):    5.386ns = ( 13.386 - 8.000 ) 
    Source Clock Delay      (SCD):    5.897ns
    Clock Pessimism Removal (CPR):    0.343ns
  Clock Uncertainty:      0.069ns  ((TSJ^2 + DJ^2)^1/2) / 2 + PE
    Total System Jitter     (TSJ):    0.071ns
    Discrete Jitter          (DJ):    0.118ns
    Phase Error              (PE):    0.000ns

    Location             Delay type                Incr(ns)  Path(ns)    Netlist Resource(s)
  -------------------------------------------------------------------    -------------------
                         (clock pll_adc_clk rise edge)
                                                      0.000     0.000 r  
    U18                                               0.000     0.000 r  adc_clk_i[1] (IN)
                         net (fo=0)                   0.000     0.000    adc_clk_i[1]
    U18                                                               r  i_clk/I
    U18                  IBUFDS (Prop_ibufds_I_O)     0.983     0.983 r  i_clk/O
                         net (fo=1, routed)           1.306     2.289    pll/adc_clk_in
    PLLE2_ADV_X0Y0                                                    r  pll/pll/CLKIN1
    PLLE2_ADV_X0Y0       PLLE2_ADV (Prop_plle2_adv_CLKIN1_CLKOUT0)
                                                      0.089     2.378 r  pll/pll/CLKOUT0
                         net (fo=1, routed)           1.754     4.132    pll_adc_clk
    BUFGCTRL_X0Y0                                                     r  bufg_adc_clk/I
    BUFGCTRL_X0Y0        BUFG (Prop_bufg_I_O)         0.101     4.233 r  bufg_adc_clk/O
                         net (fo=7983, routed)        1.664     5.897    ps/axi_slave_gp0/adc_clk
    SLICE_X19Y51         FDRE                                         r  ps/axi_slave_gp0/rd_do_reg/C
  -------------------------------------------------------------------    -------------------
    SLICE_X19Y51         FDRE (Prop_fdre_C_Q)         0.456     6.353 r  ps/axi_slave_gp0/rd_do_reg/Q
                         net (fo=171, routed)         0.807     7.160    ps/axi_slave_gp0/rd_do
    SLICE_X18Y51                                                      r  ps/axi_slave_gp0/scan_offset_o[13]_i_5/I1
    SLICE_X18Y51         LUT3 (Prop_lut3_I1_O)        0.152     7.312 r  ps/axi_slave_gp0/scan_offset_o[13]_i_5/O
                         net (fo=96, routed)          0.838     8.150    ps/axi_slave_gp0/rd_araddr_reg[3]_10
    SLICE_X17Y51                                                      r  ps/axi_slave_gp0/FSM_onehot_arm_phase_q[4]_i_8/I0
    SLICE_X17Y51         LUT5 (Prop_lut5_I0_O)        0.326     8.476 r  ps/axi_slave_gp0/FSM_onehot_arm_phase_q[4]_i_8/O
                         net (fo=1, routed)           0.667     9.143    ps/axi_slave_gp0/FSM_onehot_arm_phase_q[4]_i_8_n_0
    SLICE_X14Y42                                                      r  ps/axi_slave_gp0/FSM_onehot_arm_phase_q[4]_i_4/I5
    SLICE_X14Y42         LUT6 (Prop_lut6_I5_O)        0.124     9.267 f  ps/axi_slave_gp0/FSM_onehot_arm_phase_q[4]_i_4/O
                         net (fo=12, routed)          0.743    10.010    ps/axi_slave_gp0/FSM_onehot_arm_phase_q[4]_i_4_n_0
    SLICE_X13Y42                                                      f  ps/axi_slave_gp0/event_stage_fault_code_q[0]_i_2/I0
    SLICE_X13Y42         LUT6 (Prop_lut6_I0_O)        0.124    10.134 f  ps/axi_slave_gp0/event_stage_fault_code_q[0]_i_2/O
                         net (fo=8, routed)           0.633    10.767    ps/axi_slave_gp0/acq_abort
    SLICE_X10Y41                                                      f  ps/axi_slave_gp0/arm_window_q[31]_i_2/I0
    SLICE_X10Y41         LUT2 (Prop_lut2_I0_O)        0.153    10.920 f  ps/axi_slave_gp0/arm_window_q[31]_i_2/O
                         net (fo=65, routed)          0.889    11.809    i_custom_register_bank/i_deterministic_lock_acquisition/arm_target_high_q_reg[0]_0
    SLICE_X9Y42                                                       f  i_custom_register_bank/i_deterministic_lock_acquisition/arm_window_q[31]_i_1/I1
    SLICE_X9Y42          LUT2 (Prop_lut2_I1_O)        0.357    12.166 r  i_custom_register_bank/i_deterministic_lock_acquisition/arm_window_q[31]_i_1/O
                         net (fo=327, routed)         1.340    13.506    i_custom_register_bank/i_deterministic_lock_acquisition/arm_window_q[31]_i_1_n_0
    SLICE_X18Y37         FDRE                                         r  i_custom_register_bank/i_deterministic_lock_acquisition/arm_error_setpoint_q_reg[7]/CE
  -------------------------------------------------------------------    -------------------

                         (clock pll_adc_clk rise edge)
                                                      8.000     8.000 r  
    U18                                               0.000     8.000 r  adc_clk_i[1] (IN)
                         net (fo=0)                   0.000     8.000    adc_clk_i[1]
    U18                                                               r  i_clk/I
    U18                  IBUFDS (Prop_ibufds_I_O)     0.940     8.940 r  i_clk/O
                         net (fo=1, routed)           1.181    10.121    pll/adc_clk_in
    PLLE2_ADV_X0Y0                                                    r  pll/pll/CLKIN1
    PLLE2_ADV_X0Y0       PLLE2_ADV (Prop_plle2_adv_CLKIN1_CLKOUT0)
                                                      0.084    10.205 r  pll/pll/CLKOUT0
                         net (fo=1, routed)           1.594    11.799    pll_adc_clk
    BUFGCTRL_X0Y0                                                     r  bufg_adc_clk/I
    BUFGCTRL_X0Y0        BUFG (Prop_bufg_I_O)         0.091    11.890 r  bufg_adc_clk/O
                         net (fo=7983, routed)        1.496    13.386    i_custom_register_bank/i_deterministic_lock_acquisition/adc_clk
    SLICE_X18Y37         FDRE                                         r  i_custom_register_bank/i_deterministic_lock_acquisition/arm_error_setpoint_q_reg[7]/C
                         clock pessimism              0.343    13.730    
                         clock uncertainty           -0.069    13.661    
    SLICE_X18Y37         FDRE (Setup_fdre_C_CE)      -0.413    13.248    i_custom_register_bank/i_deterministic_lock_acquisition/arm_error_setpoint_q_reg[7]
  -------------------------------------------------------------------
                         required time                         13.248    
                         arrival time                         -13.506    
  -------------------------------------------------------------------
                         slack                                 -0.258    

Slack (VIOLATED) :        -0.258ns  (required time - arrival time)
  Source:                 ps/axi_slave_gp0/rd_do_reg/C
                            (rising edge-triggered cell FDRE clocked by pll_adc_clk  {rise@0.000ns fall@4.000ns period=8.000ns})
  Destination:            i_custom_register_bank/i_deterministic_lock_acquisition/arm_error_setpoint_q_reg[7]/CE
                            (rising edge-triggered cell FDRE clocked by pll_adc_clk  {rise@0.000ns fall@4.000ns period=8.000ns})
  Path Group:             pll_adc_clk
  Path Type:              Setup (Max at Slow Process Corner)
  Requirement:            8.000ns  (pll_adc_clk rise@8.000ns - pll_adc_clk rise@0.000ns)
  Data Path Delay:        7.609ns  (logic 1.692ns (22.238%)  route 5.917ns (77.762%))
  Logic Levels:           6  (LUT2=2 LUT3=1 LUT5=1 LUT6=2)
  Clock Path Skew:        -0.168ns (DCD - SCD + CPR)
    Destination Clock Delay (DCD):    5.386ns = ( 13.386 - 8.000 ) 
    Source Clock Delay      (SCD):    5.897ns
    Clock Pessimism Removal (CPR):    0.343ns
  Clock Uncertainty:      0.069ns  ((TSJ^2 + DJ^2)^1/2) / 2 + PE
    Total System Jitter     (TSJ):    0.071ns
    Discrete Jitter          (DJ):    0.118ns
    Phase Error              (PE):    0.000ns

    Location             Delay type                Incr(ns)  Path(ns)    Netlist Resource(s)
  -------------------------------------------------------------------    -------------------
                         (clock pll_adc_clk rise edge)
                                                      0.000     0.000 r  
    U18                                               0.000     0.000 r  adc_clk_i[1] (IN)
                         net (fo=0)                   0.000     0.000    adc_clk_i[1]
    U18                                                               r  i_clk/I
    U18                  IBUFDS (Prop_ibufds_I_O)     0.983     0.983 r  i_clk/O
                         net (fo=1, routed)           1.306     2.289    pll/adc_clk_in
    PLLE2_ADV_X0Y0                                                    r  pll/pll/CLKIN1
    PLLE2_ADV_X0Y0       PLLE2_ADV (Prop_plle2_adv_CLKIN1_CLKOUT0)
                                                      0.089     2.378 r  pll/pll/CLKOUT0
                         net (fo=1, routed)           1.754     4.132    pll_adc_clk
    BUFGCTRL_X0Y0                                                     r  bufg_adc_clk/I
    BUFGCTRL_X0Y0        BUFG (Prop_bufg_I_O)         0.101     4.233 r  bufg_adc_clk/O
                         net (fo=7983, routed)        1.664     5.897    ps/axi_slave_gp0/adc_clk
    SLICE_X19Y51         FDRE                                         r  ps/axi_slave_gp0/rd_do_reg/C
  -------------------------------------------------------------------    -------------------
    SLICE_X19Y51         FDRE (Prop_fdre_C_Q)         0.456     6.353 f  ps/axi_slave_gp0/rd_do_reg/Q
                         net (fo=171, routed)         0.807     7.160    ps/axi_slave_gp0/rd_do
    SLICE_X18Y51                                                      f  ps/axi_slave_gp0/scan_offset_o[13]_i_5/I1
    SLICE_X18Y51         LUT3 (Prop_lut3_I1_O)        0.152     7.312 r  ps/axi_slave_gp0/scan_offset_o[13]_i_5/O
                         net (fo=96, routed)          0.838     8.150    ps/axi_slave_gp0/rd_araddr_reg[3]_10
    SLICE_X17Y51                                                      r  ps/axi_slave_gp0/FSM_onehot_arm_phase_q[4]_i_8/I0
    SLICE_X17Y51         LUT5 (Prop_lut5_I0_O)        0.326     8.476 r  ps/axi_slave_gp0/FSM_onehot_arm_phase_q[4]_i_8/O
                         net (fo=1, routed)           0.667     9.143    ps/axi_slave_gp0/FSM_onehot_arm_phase_q[4]_i_8_n_0
    SLICE_X14Y42                                                      r  ps/axi_slave_gp0/FSM_onehot_arm_phase_q[4]_i_4/I5
    SLICE_X14Y42         LUT6 (Prop_lut6_I5_O)        0.124     9.267 f  ps/axi_slave_gp0/FSM_onehot_arm_phase_q[4]_i_4/O
                         net (fo=12, routed)          0.743    10.010    ps/axi_slave_gp0/FSM_onehot_arm_phase_q[4]_i_4_n_0
    SLICE_X13Y42                                                      f  ps/axi_slave_gp0/event_stage_fault_code_q[0]_i_2/I0
    SLICE_X13Y42         LUT6 (Prop_lut6_I0_O)        0.124    10.134 f  ps/axi_slave_gp0/event_stage_fault_code_q[0]_i_2/O
                         net (fo=8, routed)           0.633    10.767    ps/axi_slave_gp0/acq_abort
    SLICE_X10Y41                                                      f  ps/axi_slave_gp0/arm_window_q[31]_i_2/I0
    SLICE_X10Y41         LUT2 (Prop_lut2_I0_O)        0.153    10.920 f  ps/axi_slave_gp0/arm_window_q[31]_i_2/O
                         net (fo=65, routed)          0.889    11.809    i_custom_register_bank/i_deterministic_lock_acquisition/arm_target_high_q_reg[0]_0
    SLICE_X9Y42                                                       f  i_custom_register_bank/i_deterministic_lock_acquisition/arm_window_q[31]_i_1/I1
    SLICE_X9Y42          LUT2 (Prop_lut2_I1_O)        0.357    12.166 r  i_custom_register_bank/i_deterministic_lock_acquisition/arm_window_q[31]_i_1/O
                         net (fo=327, routed)         1.340    13.506    i_custom_register_bank/i_deterministic_lock_acquisition/arm_window_q[31]_i_1_n_0
    SLICE_X18Y37         FDRE                                         r  i_custom_register_bank/i_deterministic_lock_acquisition/arm_error_setpoint_q_reg[7]/CE
  -------------------------------------------------------------------    -------------------

                         (clock pll_adc_clk rise edge)
                                                      8.000     8.000 r  
    U18                                               0.000     8.000 r  adc_clk_i[1] (IN)
                         net (fo=0)                   0.000     8.000    adc_clk_i[1]
    U18                                                               r  i_clk/I
    U18                  IBUFDS (Prop_ibufds_I_O)     0.940     8.940 r  i_clk/O
                         net (fo=1, routed)           1.181    10.121    pll/adc_clk_in
    PLLE2_ADV_X0Y0                                                    r  pll/pll/CLKIN1
    PLLE2_ADV_X0Y0       PLLE2_ADV (Prop_plle2_adv_CLKIN1_CLKOUT0)
                                                      0.084    10.205 r  pll/pll/CLKOUT0
                         net (fo=1, routed)           1.594    11.799    pll_adc_clk
    BUFGCTRL_X0Y0                                                     r  bufg_adc_clk/I
    BUFGCTRL_X0Y0        BUFG (Prop_bufg_I_O)         0.091    11.890 r  bufg_adc_clk/O
                         net (fo=7983, routed)        1.496    13.386    i_custom_register_bank/i_deterministic_lock_acquisition/adc_clk
    SLICE_X18Y37         FDRE                                         r  i_custom_register_bank/i_deterministic_lock_acquisition/arm_error_setpoint_q_reg[7]/C
                         clock pessimism              0.343    13.730    
                         clock uncertainty           -0.069    13.661    
    SLICE_X18Y37         FDRE (Setup_fdre_C_CE)      -0.413    13.248    i_custom_register_bank/i_deterministic_lock_acquisition/arm_error_setpoint_q_reg[7]
  -------------------------------------------------------------------
                         required time                         13.248    
                         arrival time                         -13.506    
  -------------------------------------------------------------------
                         slack                                 -0.258    

Slack (VIOLATED) :        -0.258ns  (required time - arrival time)
  Source:                 ps/axi_slave_gp0/rd_do_reg/C
                            (rising edge-triggered cell FDRE clocked by pll_adc_clk  {rise@0.000ns fall@4.000ns period=8.000ns})
  Destination:            i_custom_register_bank/i_deterministic_lock_acquisition/arm_error_setpoint_q_reg[7]/CE
                            (rising edge-triggered cell FDRE clocked by pll_adc_clk  {rise@0.000ns fall@4.000ns period=8.000ns})
  Path Group:             pll_adc_clk
  Path Type:              Setup (Max at Slow Process Corner)
  Requirement:            8.000ns  (pll_adc_clk rise@8.000ns - pll_adc_clk rise@0.000ns)
  Data Path Delay:        7.609ns  (logic 1.692ns (22.238%)  route 5.917ns (77.762%))
  Logic Levels:           6  (LUT2=2 LUT3=1 LUT5=1 LUT6=2)
  Clock Path Skew:        -0.168ns (DCD - SCD + CPR)
    Destination Clock Delay (DCD):    5.386ns = ( 13.386 - 8.000 ) 
    Source Clock Delay      (SCD):    5.897ns
    Clock Pessimism Removal (CPR):    0.343ns
  Clock Uncertainty:      0.069ns  ((TSJ^2 + DJ^2)^1/2) / 2 + PE
    Total System Jitter     (TSJ):    0.071ns
    Discrete Jitter          (DJ):    0.118ns
    Phase Error              (PE):    0.000ns

    Location             Delay type                Incr(ns)  Path(ns)    Netlist Resource(s)
  -------------------------------------------------------------------    -------------------
                         (clock pll_adc_clk rise edge)
                                                      0.000     0.000 r  
    U18                                               0.000     0.000 r  adc_clk_i[1] (IN)
                         net (fo=0)                   0.000     0.000    adc_clk_i[1]
    U18                                                               r  i_clk/I
    U18                  IBUFDS (Prop_ibufds_I_O)     0.983     0.983 r  i_clk/O
                         net (fo=1, routed)           1.306     2.289    pll/adc_clk_in
    PLLE2_ADV_X0Y0                                                    r  pll/pll/CLKIN1
    PLLE2_ADV_X0Y0       PLLE2_ADV (Prop_plle2_adv_CLKIN1_CLKOUT0)
                                                      0.089     2.378 r  pll/pll/CLKOUT0
                         net (fo=1, routed)           1.754     4.132    pll_adc_clk
    BUFGCTRL_X0Y0                                                     r  bufg_adc_clk/I
    BUFGCTRL_X0Y0        BUFG (Prop_bufg_I_O)         0.101     4.233 r  bufg_adc_clk/O
                         net (fo=7983, routed)        1.664     5.897    ps/axi_slave_gp0/adc_clk
    SLICE_X19Y51         FDRE                                         r  ps/axi_slave_gp0/rd_do_reg/C
  -------------------------------------------------------------------    -------------------
    SLICE_X19Y51         FDRE (Prop_fdre_C_Q)         0.456     6.353 r  ps/axi_slave_gp0/rd_do_reg/Q
                         net (fo=171, routed)         0.807     7.160    ps/axi_slave_gp0/rd_do
    SLICE_X18Y51                                                      r  ps/axi_slave_gp0/scan_offset_o[13]_i_5/I1
    SLICE_X18Y51         LUT3 (Prop_lut3_I1_O)        0.152     7.312 f  ps/axi_slave_gp0/scan_offset_o[13]_i_5/O
                         net (fo=96, routed)          0.838     8.150    ps/axi_slave_gp0/rd_araddr_reg[3]_10
    SLICE_X17Y51                                                      f  ps/axi_slave_gp0/FSM_onehot_arm_phase_q[4]_i_8/I0
    SLICE_X17Y51         LUT5 (Prop_lut5_I0_O)        0.326     8.476 f  ps/axi_slave_gp0/FSM_onehot_arm_phase_q[4]_i_8/O
                         net (fo=1, routed)           0.667     9.143    ps/axi_slave_gp0/FSM_onehot_arm_phase_q[4]_i_8_n_0
    SLICE_X14Y42                                                      f  ps/axi_slave_gp0/FSM_onehot_arm_phase_q[4]_i_4/I5
    SLICE_X14Y42         LUT6 (Prop_lut6_I5_O)        0.124     9.267 r  ps/axi_slave_gp0/FSM_onehot_arm_phase_q[4]_i_4/O
                         net (fo=12, routed)          0.743    10.010    ps/axi_slave_gp0/FSM_onehot_arm_phase_q[4]_i_4_n_0
    SLICE_X13Y42                                                      r  ps/axi_slave_gp0/event_stage_fault_code_q[0]_i_2/I0
    SLICE_X13Y42         LUT6 (Prop_lut6_I0_O)        0.124    10.134 r  ps/axi_slave_gp0/event_stage_fault_code_q[0]_i_2/O
                         net (fo=8, routed)           0.633    10.767    ps/axi_slave_gp0/acq_abort
    SLICE_X10Y41                                                      r  ps/axi_slave_gp0/arm_window_q[31]_i_2/I0
    SLICE_X10Y41         LUT2 (Prop_lut2_I0_O)        0.153    10.920 r  ps/axi_slave_gp0/arm_window_q[31]_i_2/O
                         net (fo=65, routed)          0.889    11.809    i_custom_register_bank/i_deterministic_lock_acquisition/arm_target_high_q_reg[0]_0
    SLICE_X9Y42                                                       r  i_custom_register_bank/i_deterministic_lock_acquisition/arm_window_q[31]_i_1/I1
    SLICE_X9Y42          LUT2 (Prop_lut2_I1_O)        0.357    12.166 f  i_custom_register_bank/i_deterministic_lock_acquisition/arm_window_q[31]_i_1/O
                         net (fo=327, routed)         1.340    13.506    i_custom_register_bank/i_deterministic_lock_acquisition/arm_window_q[31]_i_1_n_0
    SLICE_X18Y37         FDRE                                         f  i_custom_register_bank/i_deterministic_lock_acquisition/arm_error_setpoint_q_reg[7]/CE
  -------------------------------------------------------------------    -------------------

                         (clock pll_adc_clk rise edge)
                                                      8.000     8.000 r  
    U18                                               0.000     8.000 r  adc_clk_i[1] (IN)
                         net (fo=0)                   0.000     8.000    adc_clk_i[1]
    U18                                                               r  i_clk/I
    U18                  IBUFDS (Prop_ibufds_I_O)     0.940     8.940 r  i_clk/O
                         net (fo=1, routed)           1.181    10.121    pll/adc_clk_in
    PLLE2_ADV_X0Y0                                                    r  pll/pll/CLKIN1
    PLLE2_ADV_X0Y0       PLLE2_ADV (Prop_plle2_adv_CLKIN1_CLKOUT0)
                                                      0.084    10.205 r  pll/pll/CLKOUT0
                         net (fo=1, routed)           1.594    11.799    pll_adc_clk
    BUFGCTRL_X0Y0                                                     r  bufg_adc_clk/I
    BUFGCTRL_X0Y0        BUFG (Prop_bufg_I_O)         0.091    11.890 r  bufg_adc_clk/O
                         net (fo=7983, routed)        1.496    13.386    i_custom_register_bank/i_deterministic_lock_acquisition/adc_clk
    SLICE_X18Y37         FDRE                                         r  i_custom_register_bank/i_deterministic_lock_acquisition/arm_error_setpoint_q_reg[7]/C
                         clock pessimism              0.343    13.730    
                         clock uncertainty           -0.069    13.661    
    SLICE_X18Y37         FDRE (Setup_fdre_C_CE)      -0.413    13.248    i_custom_register_bank/i_deterministic_lock_acquisition/arm_error_setpoint_q_reg[7]
  -------------------------------------------------------------------
                         required time                         13.248    
                         arrival time                         -13.506    
  -------------------------------------------------------------------
                         slack                                 -0.258    

Slack (VIOLATED) :        -0.258ns  (required time - arrival time)
  Source:                 ps/axi_slave_gp0/rd_do_reg/C
                            (rising edge-triggered cell FDRE clocked by pll_adc_clk  {rise@0.000ns fall@4.000ns period=8.000ns})
  Destination:            i_custom_register_bank/i_deterministic_lock_acquisition/arm_error_setpoint_q_reg[7]/CE
                            (rising edge-triggered cell FDRE clocked by pll_adc_clk  {rise@0.000ns fall@4.000ns period=8.000ns})
  Path Group:             pll_adc_clk
  Path Type:              Setup (Max at Slow Process Corner)
  Requirement:            8.000ns  (pll_adc_clk rise@8.000ns - pll_adc_clk rise@0.000ns)
  Data Path Delay:        7.609ns  (logic 1.692ns (22.238%)  route 5.917ns (77.762%))
  Logic Levels:           6  (LUT2=2 LUT3=1 LUT5=1 LUT6=2)
  Clock Path Skew:        -0.168ns (DCD - SCD + CPR)
    Destination Clock Delay (DCD):    5.386ns = ( 13.386 - 8.000 ) 
    Source Clock Delay      (SCD):    5.897ns
    Clock Pessimism Removal (CPR):    0.343ns
  Clock Uncertainty:      0.069ns  ((TSJ^2 + DJ^2)^1/2) / 2 + PE
    Total System Jitter     (TSJ):    0.071ns
    Discrete Jitter          (DJ):    0.118ns
    Phase Error              (PE):    0.000ns

    Location             Delay type                Incr(ns)  Path(ns)    Netlist Resource(s)
  -------------------------------------------------------------------    -------------------
                         (clock pll_adc_clk rise edge)
                                                      0.000     0.000 r  
    U18                                               0.000     0.000 r  adc_clk_i[1] (IN)
                         net (fo=0)                   0.000     0.000    adc_clk_i[1]
    U18                                                               r  i_clk/I
    U18                  IBUFDS (Prop_ibufds_I_O)     0.983     0.983 r  i_clk/O
                         net (fo=1, routed)           1.306     2.289    pll/adc_clk_in
    PLLE2_ADV_X0Y0                                                    r  pll/pll/CLKIN1
    PLLE2_ADV_X0Y0       PLLE2_ADV (Prop_plle2_adv_CLKIN1_CLKOUT0)
                                                      0.089     2.378 r  pll/pll/CLKOUT0
                         net (fo=1, routed)           1.754     4.132    pll_adc_clk
    BUFGCTRL_X0Y0                                                     r  bufg_adc_clk/I
    BUFGCTRL_X0Y0        BUFG (Prop_bufg_I_O)         0.101     4.233 r  bufg_adc_clk/O
                         net (fo=7983, routed)        1.664     5.897    ps/axi_slave_gp0/adc_clk
    SLICE_X19Y51         FDRE                                         r  ps/axi_slave_gp0/rd_do_reg/C
  -------------------------------------------------------------------    -------------------
    SLICE_X19Y51         FDRE (Prop_fdre_C_Q)         0.456     6.353 f  ps/axi_slave_gp0/rd_do_reg/Q
                         net (fo=171, routed)         0.807     7.160    ps/axi_slave_gp0/rd_do
    SLICE_X18Y51                                                      f  ps/axi_slave_gp0/scan_offset_o[13]_i_5/I1
    SLICE_X18Y51         LUT3 (Prop_lut3_I1_O)        0.152     7.312 f  ps/axi_slave_gp0/scan_offset_o[13]_i_5/O
                         net (fo=96, routed)          0.838     8.150    ps/axi_slave_gp0/rd_araddr_reg[3]_10
    SLICE_X17Y51                                                      f  ps/axi_slave_gp0/FSM_onehot_arm_phase_q[4]_i_8/I0
    SLICE_X17Y51         LUT5 (Prop_lut5_I0_O)        0.326     8.476 f  ps/axi_slave_gp0/FSM_onehot_arm_phase_q[4]_i_8/O
                         net (fo=1, routed)           0.667     9.143    ps/axi_slave_gp0/FSM_onehot_arm_phase_q[4]_i_8_n_0
    SLICE_X14Y42                                                      f  ps/axi_slave_gp0/FSM_onehot_arm_phase_q[4]_i_4/I5
    SLICE_X14Y42         LUT6 (Prop_lut6_I5_O)        0.124     9.267 r  ps/axi_slave_gp0/FSM_onehot_arm_phase_q[4]_i_4/O
                         net (fo=12, routed)          0.743    10.010    ps/axi_slave_gp0/FSM_onehot_arm_phase_q[4]_i_4_n_0
    SLICE_X13Y42                                                      r  ps/axi_slave_gp0/event_stage_fault_code_q[0]_i_2/I0
    SLICE_X13Y42         LUT6 (Prop_lut6_I0_O)        0.124    10.134 r  ps/axi_slave_gp0/event_stage_fault_code_q[0]_i_2/O
                         net (fo=8, routed)           0.633    10.767    ps/axi_slave_gp0/acq_abort
    SLICE_X10Y41                                                      r  ps/axi_slave_gp0/arm_window_q[31]_i_2/I0
    SLICE_X10Y41         LUT2 (Prop_lut2_I0_O)        0.153    10.920 r  ps/axi_slave_gp0/arm_window_q[31]_i_2/O
                         net (fo=65, routed)          0.889    11.809    i_custom_register_bank/i_deterministic_lock_acquisition/arm_target_high_q_reg[0]_0
    SLICE_X9Y42                                                       r  i_custom_register_bank/i_deterministic_lock_acquisition/arm_window_q[31]_i_1/I1
    SLICE_X9Y42          LUT2 (Prop_lut2_I1_O)        0.357    12.166 f  i_custom_register_bank/i_deterministic_lock_acquisition/arm_window_q[31]_i_1/O
                         net (fo=327, routed)         1.340    13.506    i_custom_register_bank/i_deterministic_lock_acquisition/arm_window_q[31]_i_1_n_0
    SLICE_X18Y37         FDRE                                         f  i_custom_register_bank/i_deterministic_lock_acquisition/arm_error_setpoint_q_reg[7]/CE
  -------------------------------------------------------------------    -------------------

                         (clock pll_adc_clk rise edge)
                                                      8.000     8.000 r  
    U18                                               0.000     8.000 r  adc_clk_i[1] (IN)
                         net (fo=0)                   0.000     8.000    adc_clk_i[1]
    U18                                                               r  i_clk/I
    U18                  IBUFDS (Prop_ibufds_I_O)     0.940     8.940 r  i_clk/O
                         net (fo=1, routed)           1.181    10.121    pll/adc_clk_in
    PLLE2_ADV_X0Y0                                                    r  pll/pll/CLKIN1
    PLLE2_ADV_X0Y0       PLLE2_ADV (Prop_plle2_adv_CLKIN1_CLKOUT0)
                                                      0.084    10.205 r  pll/pll/CLKOUT0
                         net (fo=1, routed)           1.594    11.799    pll_adc_clk
    BUFGCTRL_X0Y0                                                     r  bufg_adc_clk/I
    BUFGCTRL_X0Y0        BUFG (Prop_bufg_I_O)         0.091    11.890 r  bufg_adc_clk/O
                         net (fo=7983, routed)        1.496    13.386    i_custom_register_bank/i_deterministic_lock_acquisition/adc_clk
    SLICE_X18Y37         FDRE                                         r  i_custom_register_bank/i_deterministic_lock_acquisition/arm_error_setpoint_q_reg[7]/C
                         clock pessimism              0.343    13.730    
                         clock uncertainty           -0.069    13.661    
    SLICE_X18Y37         FDRE (Setup_fdre_C_CE)      -0.413    13.248    i_custom_register_bank/i_deterministic_lock_acquisition/arm_error_setpoint_q_reg[7]
  -------------------------------------------------------------------
                         required time                         13.248    
                         arrival time                         -13.506    
  -------------------------------------------------------------------
                         slack                                 -0.258    

Slack (VIOLATED) :        -0.253ns  (required time - arrival time)
  Source:                 ps/axi_slave_gp0/wr_awaddr_reg[2]/C
                            (rising edge-triggered cell FDRE clocked by pll_adc_clk  {rise@0.000ns fall@4.000ns period=8.000ns})
  Destination:            i_custom_register_bank/i_deterministic_lock_acquisition/arm_error_setpoint_q_reg[4]/CE
                            (rising edge-triggered cell FDRE clocked by pll_adc_clk  {rise@0.000ns fall@4.000ns period=8.000ns})
  Path Group:             pll_adc_clk
  Path Type:              Setup (Max at Slow Process Corner)
  Requirement:            8.000ns  (pll_adc_clk rise@8.000ns - pll_adc_clk rise@0.000ns)
  Data Path Delay:        7.651ns  (logic 1.566ns (20.469%)  route 6.085ns (79.531%))
  Logic Levels:           5  (LUT2=2 LUT3=1 LUT6=2)
  Clock Path Skew:        -0.157ns (DCD - SCD + CPR)
    Destination Clock Delay (DCD):    5.386ns = ( 13.386 - 8.000 ) 
    Source Clock Delay      (SCD):    5.900ns
    Clock Pessimism Removal (CPR):    0.357ns
  Clock Uncertainty:      0.069ns  ((TSJ^2 + DJ^2)^1/2) / 2 + PE
    Total System Jitter     (TSJ):    0.071ns
    Discrete Jitter          (DJ):    0.118ns
    Phase Error              (PE):    0.000ns

    Location             Delay type                Incr(ns)  Path(ns)    Netlist Resource(s)
  -------------------------------------------------------------------    -------------------
                         (clock pll_adc_clk rise edge)
                                                      0.000     0.000 r  
    U18                                               0.000     0.000 r  adc_clk_i[1] (IN)
                         net (fo=0)                   0.000     0.000    adc_clk_i[1]
    U18                                                               r  i_clk/I
    U18                  IBUFDS (Prop_ibufds_I_O)     0.983     0.983 r  i_clk/O
                         net (fo=1, routed)           1.306     2.289    pll/adc_clk_in
    PLLE2_ADV_X0Y0                                                    r  pll/pll/CLKIN1
    PLLE2_ADV_X0Y0       PLLE2_ADV (Prop_plle2_adv_CLKIN1_CLKOUT0)
                                                      0.089     2.378 r  pll/pll/CLKOUT0
                         net (fo=1, routed)           1.754     4.132    pll_adc_clk
    BUFGCTRL_X0Y0                                                     r  bufg_adc_clk/I
    BUFGCTRL_X0Y0        BUFG (Prop_bufg_I_O)         0.101     4.233 r  bufg_adc_clk/O
                         net (fo=7983, routed)        1.667     5.900    ps/axi_slave_gp0/adc_clk
    SLICE_X23Y39         FDRE                                         r  ps/axi_slave_gp0/wr_awaddr_reg[2]/C
  -------------------------------------------------------------------    -------------------
    SLICE_X23Y39         FDRE (Prop_fdre_C_Q)         0.456     6.356 f  ps/axi_slave_gp0/wr_awaddr_reg[2]/Q
                         net (fo=9, routed)           1.028     7.384    ps/axi_slave_gp0/wr_awaddr[2]
    SLICE_X18Y49                                                      f  ps/axi_slave_gp0/scan_offset_o[13]_i_4/I2
    SLICE_X18Y49         LUT3 (Prop_lut3_I2_O)        0.150     7.534 f  ps/axi_slave_gp0/scan_offset_o[13]_i_4/O
                         net (fo=126, routed)         1.396     8.930    ps/axi_slave_gp0/rd_araddr_reg[2]_9
    SLICE_X14Y42                                                      f  ps/axi_slave_gp0/FSM_onehot_arm_phase_q[4]_i_4/I3
    SLICE_X14Y42         LUT6 (Prop_lut6_I3_O)        0.326     9.256 f  ps/axi_slave_gp0/FSM_onehot_arm_phase_q[4]_i_4/O
                         net (fo=12, routed)          0.743     9.999    ps/axi_slave_gp0/FSM_onehot_arm_phase_q[4]_i_4_n_0
    SLICE_X13Y42                                                      f  ps/axi_slave_gp0/event_stage_fault_code_q[0]_i_2/I0
    SLICE_X13Y42         LUT6 (Prop_lut6_I0_O)        0.124    10.123 f  ps/axi_slave_gp0/event_stage_fault_code_q[0]_i_2/O
                         net (fo=8, routed)           0.633    10.756    ps/axi_slave_gp0/acq_abort
    SLICE_X10Y41                                                      f  ps/axi_slave_gp0/arm_window_q[31]_i_2/I0
    SLICE_X10Y41         LUT2 (Prop_lut2_I0_O)        0.153    10.909 f  ps/axi_slave_gp0/arm_window_q[31]_i_2/O
                         net (fo=65, routed)          0.889    11.798    i_custom_register_bank/i_deterministic_lock_acquisition/arm_target_high_q_reg[0]_0
    SLICE_X9Y42                                                       f  i_custom_register_bank/i_deterministic_lock_acquisition/arm_window_q[31]_i_1/I1
    SLICE_X9Y42          LUT2 (Prop_lut2_I1_O)        0.357    12.155 r  i_custom_register_bank/i_deterministic_lock_acquisition/arm_window_q[31]_i_1/O
                         net (fo=327, routed)         1.396    13.551    i_custom_register_bank/i_deterministic_lock_acquisition/arm_window_q[31]_i_1_n_0
    SLICE_X16Y37         FDRE                                         r  i_custom_register_bank/i_deterministic_lock_acquisition/arm_error_setpoint_q_reg[4]/CE
  -------------------------------------------------------------------    -------------------

                         (clock pll_adc_clk rise edge)
                                                      8.000     8.000 r  
    U18                                               0.000     8.000 r  adc_clk_i[1] (IN)
                         net (fo=0)                   0.000     8.000    adc_clk_i[1]
    U18                                                               r  i_clk/I
    U18                  IBUFDS (Prop_ibufds_I_O)     0.940     8.940 r  i_clk/O
                         net (fo=1, routed)           1.181    10.121    pll/adc_clk_in
    PLLE2_ADV_X0Y0                                                    r  pll/pll/CLKIN1
    PLLE2_ADV_X0Y0       PLLE2_ADV (Prop_plle2_adv_CLKIN1_CLKOUT0)
                                                      0.084    10.205 r  pll/pll/CLKOUT0
                         net (fo=1, routed)           1.594    11.799    pll_adc_clk
    BUFGCTRL_X0Y0                                                     r  bufg_adc_clk/I
    BUFGCTRL_X0Y0        BUFG (Prop_bufg_I_O)         0.091    11.890 r  bufg_adc_clk/O
                         net (fo=7983, routed)        1.496    13.386    i_custom_register_bank/i_deterministic_lock_acquisition/adc_clk
    SLICE_X16Y37         FDRE                                         r  i_custom_register_bank/i_deterministic_lock_acquisition/arm_error_setpoint_q_reg[4]/C
                         clock pessimism              0.357    13.744    
                         clock uncertainty           -0.069    13.675    
    SLICE_X16Y37         FDRE (Setup_fdre_C_CE)      -0.377    13.298    i_custom_register_bank/i_deterministic_lock_acquisition/arm_error_setpoint_q_reg[4]
  -------------------------------------------------------------------
                         required time                         13.298    
                         arrival time                         -13.551    
  -------------------------------------------------------------------
                         slack                                 -0.253    

Slack (VIOLATED) :        -0.253ns  (required time - arrival time)
  Source:                 ps/axi_slave_gp0/wr_awaddr_reg[2]/C
                            (rising edge-triggered cell FDRE clocked by pll_adc_clk  {rise@0.000ns fall@4.000ns period=8.000ns})
  Destination:            i_custom_register_bank/i_deterministic_lock_acquisition/arm_error_setpoint_q_reg[4]/CE
                            (rising edge-triggered cell FDRE clocked by pll_adc_clk  {rise@0.000ns fall@4.000ns period=8.000ns})
  Path Group:             pll_adc_clk
  Path Type:              Setup (Max at Slow Process Corner)
  Requirement:            8.000ns  (pll_adc_clk rise@8.000ns - pll_adc_clk rise@0.000ns)
  Data Path Delay:        7.651ns  (logic 1.566ns (20.469%)  route 6.085ns (79.531%))
  Logic Levels:           5  (LUT2=2 LUT3=1 LUT6=2)
  Clock Path Skew:        -0.157ns (DCD - SCD + CPR)
    Destination Clock Delay (DCD):    5.386ns = ( 13.386 - 8.000 ) 
    Source Clock Delay      (SCD):    5.900ns
    Clock Pessimism Removal (CPR):    0.357ns
  Clock Uncertainty:      0.069ns  ((TSJ^2 + DJ^2)^1/2) / 2 + PE
    Total System Jitter     (TSJ):    0.071ns
    Discrete Jitter          (DJ):    0.118ns
    Phase Error              (PE):    0.000ns

    Location             Delay type                Incr(ns)  Path(ns)    Netlist Resource(s)
  -------------------------------------------------------------------    -------------------
                         (clock pll_adc_clk rise edge)
                                                      0.000     0.000 r  
    U18                                               0.000     0.000 r  adc_clk_i[1] (IN)
                         net (fo=0)                   0.000     0.000    adc_clk_i[1]
    U18                                                               r  i_clk/I
    U18                  IBUFDS (Prop_ibufds_I_O)     0.983     0.983 r  i_clk/O
                         net (fo=1, routed)           1.306     2.289    pll/adc_clk_in
    PLLE2_ADV_X0Y0                                                    r  pll/pll/CLKIN1
    PLLE2_ADV_X0Y0       PLLE2_ADV (Prop_plle2_adv_CLKIN1_CLKOUT0)
                                                      0.089     2.378 r  pll/pll/CLKOUT0
                         net (fo=1, routed)           1.754     4.132    pll_adc_clk
    BUFGCTRL_X0Y0                                                     r  bufg_adc_clk/I
    BUFGCTRL_X0Y0        BUFG (Prop_bufg_I_O)         0.101     4.233 r  bufg_adc_clk/O
                         net (fo=7983, routed)        1.667     5.900    ps/axi_slave_gp0/adc_clk
    SLICE_X23Y39         FDRE                                         r  ps/axi_slave_gp0/wr_awaddr_reg[2]/C
  -------------------------------------------------------------------    -------------------
    SLICE_X23Y39         FDRE (Prop_fdre_C_Q)         0.456     6.356 r  ps/axi_slave_gp0/wr_awaddr_reg[2]/Q
                         net (fo=9, routed)           1.028     7.384    ps/axi_slave_gp0/wr_awaddr[2]
    SLICE_X18Y49                                                      r  ps/axi_slave_gp0/scan_offset_o[13]_i_4/I2
    SLICE_X18Y49         LUT3 (Prop_lut3_I2_O)        0.150     7.534 r  ps/axi_slave_gp0/scan_offset_o[13]_i_4/O
                         net (fo=126, routed)         1.396     8.930    ps/axi_slave_gp0/rd_araddr_reg[2]_9
    SLICE_X14Y42                                                      r  ps/axi_slave_gp0/FSM_onehot_arm_phase_q[4]_i_4/I3
    SLICE_X14Y42         LUT6 (Prop_lut6_I3_O)        0.326     9.256 r  ps/axi_slave_gp0/FSM_onehot_arm_phase_q[4]_i_4/O
                         net (fo=12, routed)          0.743     9.999    ps/axi_slave_gp0/FSM_onehot_arm_phase_q[4]_i_4_n_0
    SLICE_X13Y42                                                      r  ps/axi_slave_gp0/event_stage_fault_code_q[0]_i_2/I0
    SLICE_X13Y42         LUT6 (Prop_lut6_I0_O)        0.124    10.123 r  ps/axi_slave_gp0/event_stage_fault_code_q[0]_i_2/O
                         net (fo=8, routed)           0.633    10.756    ps/axi_slave_gp0/acq_abort
    SLICE_X10Y41                                                      r  ps/axi_slave_gp0/arm_window_q[31]_i_2/I0
    SLICE_X10Y41         LUT2 (Prop_lut2_I0_O)        0.153    10.909 r  ps/axi_slave_gp0/arm_window_q[31]_i_2/O
                         net (fo=65, routed)          0.889    11.798    i_custom_register_bank/i_deterministic_lock_acquisition/arm_target_high_q_reg[0]_0
    SLICE_X9Y42                                                       r  i_custom_register_bank/i_deterministic_lock_acquisition/arm_window_q[31]_i_1/I1
    SLICE_X9Y42          LUT2 (Prop_lut2_I1_O)        0.357    12.155 f  i_custom_register_bank/i_deterministic_lock_acquisition/arm_window_q[31]_i_1/O
                         net (fo=327, routed)         1.396    13.551    i_custom_register_bank/i_deterministic_lock_acquisition/arm_window_q[31]_i_1_n_0
    SLICE_X16Y37         FDRE                                         f  i_custom_register_bank/i_deterministic_lock_acquisition/arm_error_setpoint_q_reg[4]/CE
  -------------------------------------------------------------------    -------------------

                         (clock pll_adc_clk rise edge)
                                                      8.000     8.000 r  
    U18                                               0.000     8.000 r  adc_clk_i[1] (IN)
                         net (fo=0)                   0.000     8.000    adc_clk_i[1]
    U18                                                               r  i_clk/I
    U18                  IBUFDS (Prop_ibufds_I_O)     0.940     8.940 r  i_clk/O
                         net (fo=1, routed)           1.181    10.121    pll/adc_clk_in
    PLLE2_ADV_X0Y0                                                    r  pll/pll/CLKIN1
    PLLE2_ADV_X0Y0       PLLE2_ADV (Prop_plle2_adv_CLKIN1_CLKOUT0)
                                                      0.084    10.205 r  pll/pll/CLKOUT0
                         net (fo=1, routed)           1.594    11.799    pll_adc_clk
    BUFGCTRL_X0Y0                                                     r  bufg_adc_clk/I
    BUFGCTRL_X0Y0        BUFG (Prop_bufg_I_O)         0.091    11.890 r  bufg_adc_clk/O
                         net (fo=7983, routed)        1.496    13.386    i_custom_register_bank/i_deterministic_lock_acquisition/adc_clk
    SLICE_X16Y37         FDRE                                         r  i_custom_register_bank/i_deterministic_lock_acquisition/arm_error_setpoint_q_reg[4]/C
                         clock pessimism              0.357    13.744    
                         clock uncertainty           -0.069    13.675    
    SLICE_X16Y37         FDRE (Setup_fdre_C_CE)      -0.377    13.298    i_custom_register_bank/i_deterministic_lock_acquisition/arm_error_setpoint_q_reg[4]
  -------------------------------------------------------------------
                         required time                         13.298    
                         arrival time                         -13.551    
  -------------------------------------------------------------------
                         slack                                 -0.253    

Slack (VIOLATED) :        -0.253ns  (required time - arrival time)
  Source:                 ps/axi_slave_gp0/wr_awaddr_reg[2]/C
                            (rising edge-triggered cell FDRE clocked by pll_adc_clk  {rise@0.000ns fall@4.000ns period=8.000ns})
  Destination:            i_custom_register_bank/i_deterministic_lock_acquisition/arm_error_setpoint_q_reg[5]/CE
                            (rising edge-triggered cell FDRE clocked by pll_adc_clk  {rise@0.000ns fall@4.000ns period=8.000ns})
  Path Group:             pll_adc_clk
  Path Type:              Setup (Max at Slow Process Corner)
  Requirement:            8.000ns  (pll_adc_clk rise@8.000ns - pll_adc_clk rise@0.000ns)
  Data Path Delay:        7.651ns  (logic 1.566ns (20.469%)  route 6.085ns (79.531%))
  Logic Levels:           5  (LUT2=2 LUT3=1 LUT6=2)
  Clock Path Skew:        -0.157ns (DCD - SCD + CPR)
    Destination Clock Delay (DCD):    5.386ns = ( 13.386 - 8.000 ) 
    Source Clock Delay      (SCD):    5.900ns
    Clock Pessimism Removal (CPR):    0.357ns
  Clock Uncertainty:      0.069ns  ((TSJ^2 + DJ^2)^1/2) / 2 + PE
    Total System Jitter     (TSJ):    0.071ns
    Discrete Jitter          (DJ):    0.118ns
    Phase Error              (PE):    0.000ns

    Location             Delay type                Incr(ns)  Path(ns)    Netlist Resource(s)
  -------------------------------------------------------------------    -------------------
                         (clock pll_adc_clk rise edge)
                                                      0.000     0.000 r  
    U18                                               0.000     0.000 r  adc_clk_i[1] (IN)
                         net (fo=0)                   0.000     0.000    adc_clk_i[1]
    U18                                                               r  i_clk/I
    U18                  IBUFDS (Prop_ibufds_I_O)     0.983     0.983 r  i_clk/O
                         net (fo=1, routed)           1.306     2.289    pll/adc_clk_in
    PLLE2_ADV_X0Y0                                                    r  pll/pll/CLKIN1
    PLLE2_ADV_X0Y0       PLLE2_ADV (Prop_plle2_adv_CLKIN1_CLKOUT0)
                                                      0.089     2.378 r  pll/pll/CLKOUT0
                         net (fo=1, routed)           1.754     4.132    pll_adc_clk
    BUFGCTRL_X0Y0                                                     r  bufg_adc_clk/I
    BUFGCTRL_X0Y0        BUFG (Prop_bufg_I_O)         0.101     4.233 r  bufg_adc_clk/O
                         net (fo=7983, routed)        1.667     5.900    ps/axi_slave_gp0/adc_clk
    SLICE_X23Y39         FDRE                                         r  ps/axi_slave_gp0/wr_awaddr_reg[2]/C
  -------------------------------------------------------------------    -------------------
    SLICE_X23Y39         FDRE (Prop_fdre_C_Q)         0.456     6.356 f  ps/axi_slave_gp0/wr_awaddr_reg[2]/Q
                         net (fo=9, routed)           1.028     7.384    ps/axi_slave_gp0/wr_awaddr[2]
    SLICE_X18Y49                                                      f  ps/axi_slave_gp0/scan_offset_o[13]_i_4/I2
    SLICE_X18Y49         LUT3 (Prop_lut3_I2_O)        0.150     7.534 f  ps/axi_slave_gp0/scan_offset_o[13]_i_4/O
                         net (fo=126, routed)         1.396     8.930    ps/axi_slave_gp0/rd_araddr_reg[2]_9
    SLICE_X14Y42                                                      f  ps/axi_slave_gp0/FSM_onehot_arm_phase_q[4]_i_4/I3
    SLICE_X14Y42         LUT6 (Prop_lut6_I3_O)        0.326     9.256 f  ps/axi_slave_gp0/FSM_onehot_arm_phase_q[4]_i_4/O
                         net (fo=12, routed)          0.743     9.999    ps/axi_slave_gp0/FSM_onehot_arm_phase_q[4]_i_4_n_0
    SLICE_X13Y42                                                      f  ps/axi_slave_gp0/event_stage_fault_code_q[0]_i_2/I0
    SLICE_X13Y42         LUT6 (Prop_lut6_I0_O)        0.124    10.123 f  ps/axi_slave_gp0/event_stage_fault_code_q[0]_i_2/O
                         net (fo=8, routed)           0.633    10.756    ps/axi_slave_gp0/acq_abort
    SLICE_X10Y41                                                      f  ps/axi_slave_gp0/arm_window_q[31]_i_2/I0
    SLICE_X10Y41         LUT2 (Prop_lut2_I0_O)        0.153    10.909 f  ps/axi_slave_gp0/arm_window_q[31]_i_2/O
                         net (fo=65, routed)          0.889    11.798    i_custom_register_bank/i_deterministic_lock_acquisition/arm_target_high_q_reg[0]_0
    SLICE_X9Y42                                                       f  i_custom_register_bank/i_deterministic_lock_acquisition/arm_window_q[31]_i_1/I1
    SLICE_X9Y42          LUT2 (Prop_lut2_I1_O)        0.357    12.155 r  i_custom_register_bank/i_deterministic_lock_acquisition/arm_window_q[31]_i_1/O
                         net (fo=327, routed)         1.396    13.551    i_custom_register_bank/i_deterministic_lock_acquisition/arm_window_q[31]_i_1_n_0
    SLICE_X16Y37         FDRE                                         r  i_custom_register_bank/i_deterministic_lock_acquisition/arm_error_setpoint_q_reg[5]/CE
  -------------------------------------------------------------------    -------------------

                         (clock pll_adc_clk rise edge)
                                                      8.000     8.000 r  
    U18                                               0.000     8.000 r  adc_clk_i[1] (IN)
                         net (fo=0)                   0.000     8.000    adc_clk_i[1]
    U18                                                               r  i_clk/I
    U18                  IBUFDS (Prop_ibufds_I_O)     0.940     8.940 r  i_clk/O
                         net (fo=1, routed)           1.181    10.121    pll/adc_clk_in
    PLLE2_ADV_X0Y0                                                    r  pll/pll/CLKIN1
    PLLE2_ADV_X0Y0       PLLE2_ADV (Prop_plle2_adv_CLKIN1_CLKOUT0)
                                                      0.084    10.205 r  pll/pll/CLKOUT0
                         net (fo=1, routed)           1.594    11.799    pll_adc_clk
    BUFGCTRL_X0Y0                                                     r  bufg_adc_clk/I
    BUFGCTRL_X0Y0        BUFG (Prop_bufg_I_O)         0.091    11.890 r  bufg_adc_clk/O
                         net (fo=7983, routed)        1.496    13.386    i_custom_register_bank/i_deterministic_lock_acquisition/adc_clk
    SLICE_X16Y37         FDRE                                         r  i_custom_register_bank/i_deterministic_lock_acquisition/arm_error_setpoint_q_reg[5]/C
                         clock pessimism              0.357    13.744    
                         clock uncertainty           -0.069    13.675    
    SLICE_X16Y37         FDRE (Setup_fdre_C_CE)      -0.377    13.298    i_custom_register_bank/i_deterministic_lock_acquisition/arm_error_setpoint_q_reg[5]
  -------------------------------------------------------------------
                         required time                         13.298    
                         arrival time                         -13.551    
  -------------------------------------------------------------------
                         slack                                 -0.253    

Slack (VIOLATED) :        -0.253ns  (required time - arrival time)
  Source:                 ps/axi_slave_gp0/wr_awaddr_reg[2]/C
                            (rising edge-triggered cell FDRE clocked by pll_adc_clk  {rise@0.000ns fall@4.000ns period=8.000ns})
  Destination:            i_custom_register_bank/i_deterministic_lock_acquisition/arm_error_setpoint_q_reg[5]/CE
                            (rising edge-triggered cell FDRE clocked by pll_adc_clk  {rise@0.000ns fall@4.000ns period=8.000ns})
  Path Group:             pll_adc_clk
  Path Type:              Setup (Max at Slow Process Corner)
  Requirement:            8.000ns  (pll_adc_clk rise@8.000ns - pll_adc_clk rise@0.000ns)
  Data Path Delay:        7.651ns  (logic 1.566ns (20.469%)  route 6.085ns (79.531%))
  Logic Levels:           5  (LUT2=2 LUT3=1 LUT6=2)
  Clock Path Skew:        -0.157ns (DCD - SCD + CPR)
    Destination Clock Delay (DCD):    5.386ns = ( 13.386 - 8.000 ) 
    Source Clock Delay      (SCD):    5.900ns
    Clock Pessimism Removal (CPR):    0.357ns
  Clock Uncertainty:      0.069ns  ((TSJ^2 + DJ^2)^1/2) / 2 + PE
    Total System Jitter     (TSJ):    0.071ns
    Discrete Jitter          (DJ):    0.118ns
    Phase Error              (PE):    0.000ns

    Location             Delay type                Incr(ns)  Path(ns)    Netlist Resource(s)
  -------------------------------------------------------------------    -------------------
                         (clock pll_adc_clk rise edge)
                                                      0.000     0.000 r  
    U18                                               0.000     0.000 r  adc_clk_i[1] (IN)
                         net (fo=0)                   0.000     0.000    adc_clk_i[1]
    U18                                                               r  i_clk/I
    U18                  IBUFDS (Prop_ibufds_I_O)     0.983     0.983 r  i_clk/O
                         net (fo=1, routed)           1.306     2.289    pll/adc_clk_in
    PLLE2_ADV_X0Y0                                                    r  pll/pll/CLKIN1
    PLLE2_ADV_X0Y0       PLLE2_ADV (Prop_plle2_adv_CLKIN1_CLKOUT0)
                                                      0.089     2.378 r  pll/pll/CLKOUT0
                         net (fo=1, routed)           1.754     4.132    pll_adc_clk
    BUFGCTRL_X0Y0                                                     r  bufg_adc_clk/I
    BUFGCTRL_X0Y0        BUFG (Prop_bufg_I_O)         0.101     4.233 r  bufg_adc_clk/O
                         net (fo=7983, routed)        1.667     5.900    ps/axi_slave_gp0/adc_clk
    SLICE_X23Y39         FDRE                                         r  ps/axi_slave_gp0/wr_awaddr_reg[2]/C
  -------------------------------------------------------------------    -------------------
    SLICE_X23Y39         FDRE (Prop_fdre_C_Q)         0.456     6.356 r  ps/axi_slave_gp0/wr_awaddr_reg[2]/Q
                         net (fo=9, routed)           1.028     7.384    ps/axi_slave_gp0/wr_awaddr[2]
    SLICE_X18Y49                                                      r  ps/axi_slave_gp0/scan_offset_o[13]_i_4/I2
    SLICE_X18Y49         LUT3 (Prop_lut3_I2_O)        0.150     7.534 r  ps/axi_slave_gp0/scan_offset_o[13]_i_4/O
                         net (fo=126, routed)         1.396     8.930    ps/axi_slave_gp0/rd_araddr_reg[2]_9
    SLICE_X14Y42                                                      r  ps/axi_slave_gp0/FSM_onehot_arm_phase_q[4]_i_4/I3
    SLICE_X14Y42         LUT6 (Prop_lut6_I3_O)        0.326     9.256 r  ps/axi_slave_gp0/FSM_onehot_arm_phase_q[4]_i_4/O
                         net (fo=12, routed)          0.743     9.999    ps/axi_slave_gp0/FSM_onehot_arm_phase_q[4]_i_4_n_0
    SLICE_X13Y42                                                      r  ps/axi_slave_gp0/event_stage_fault_code_q[0]_i_2/I0
    SLICE_X13Y42         LUT6 (Prop_lut6_I0_O)        0.124    10.123 r  ps/axi_slave_gp0/event_stage_fault_code_q[0]_i_2/O
                         net (fo=8, routed)           0.633    10.756    ps/axi_slave_gp0/acq_abort
    SLICE_X10Y41                                                      r  ps/axi_slave_gp0/arm_window_q[31]_i_2/I0
    SLICE_X10Y41         LUT2 (Prop_lut2_I0_O)        0.153    10.909 r  ps/axi_slave_gp0/arm_window_q[31]_i_2/O
                         net (fo=65, routed)          0.889    11.798    i_custom_register_bank/i_deterministic_lock_acquisition/arm_target_high_q_reg[0]_0
    SLICE_X9Y42                                                       r  i_custom_register_bank/i_deterministic_lock_acquisition/arm_window_q[31]_i_1/I1
    SLICE_X9Y42          LUT2 (Prop_lut2_I1_O)        0.357    12.155 f  i_custom_register_bank/i_deterministic_lock_acquisition/arm_window_q[31]_i_1/O
                         net (fo=327, routed)         1.396    13.551    i_custom_register_bank/i_deterministic_lock_acquisition/arm_window_q[31]_i_1_n_0
    SLICE_X16Y37         FDRE                                         f  i_custom_register_bank/i_deterministic_lock_acquisition/arm_error_setpoint_q_reg[5]/CE
  -------------------------------------------------------------------    -------------------

                         (clock pll_adc_clk rise edge)
                                                      8.000     8.000 r  
    U18                                               0.000     8.000 r  adc_clk_i[1] (IN)
                         net (fo=0)                   0.000     8.000    adc_clk_i[1]
    U18                                                               r  i_clk/I
    U18                  IBUFDS (Prop_ibufds_I_O)     0.940     8.940 r  i_clk/O
                         net (fo=1, routed)           1.181    10.121    pll/adc_clk_in
    PLLE2_ADV_X0Y0                                                    r  pll/pll/CLKIN1
    PLLE2_ADV_X0Y0       PLLE2_ADV (Prop_plle2_adv_CLKIN1_CLKOUT0)
                                                      0.084    10.205 r  pll/pll/CLKOUT0
                         net (fo=1, routed)           1.594    11.799    pll_adc_clk
    BUFGCTRL_X0Y0                                                     r  bufg_adc_clk/I
    BUFGCTRL_X0Y0        BUFG (Prop_bufg_I_O)         0.091    11.890 r  bufg_adc_clk/O
                         net (fo=7983, routed)        1.496    13.386    i_custom_register_bank/i_deterministic_lock_acquisition/adc_clk
    SLICE_X16Y37         FDRE                                         r  i_custom_register_bank/i_deterministic_lock_acquisition/arm_error_setpoint_q_reg[5]/C
                         clock pessimism              0.357    13.744    
                         clock uncertainty           -0.069    13.675    
    SLICE_X16Y37         FDRE (Setup_fdre_C_CE)      -0.377    13.298    i_custom_register_bank/i_deterministic_lock_acquisition/arm_error_setpoint_q_reg[5]
  -------------------------------------------------------------------
                         required time                         13.298    
                         arrival time                         -13.551    
  -------------------------------------------------------------------
                         slack                                 -0.253    

Slack (VIOLATED) :        -0.253ns  (required time - arrival time)
  Source:                 ps/axi_slave_gp0/wr_awaddr_reg[2]/C
                            (rising edge-triggered cell FDRE clocked by pll_adc_clk  {rise@0.000ns fall@4.000ns period=8.000ns})
  Destination:            i_custom_register_bank/i_deterministic_lock_acquisition/arm_request_error_q_reg[0]/CE
                            (rising edge-triggered cell FDRE clocked by pll_adc_clk  {rise@0.000ns fall@4.000ns period=8.000ns})
  Path Group:             pll_adc_clk
  Path Type:              Setup (Max at Slow Process Corner)
  Requirement:            8.000ns  (pll_adc_clk rise@8.000ns - pll_adc_clk rise@0.000ns)
  Data Path Delay:        7.651ns  (logic 1.566ns (20.469%)  route 6.085ns (79.531%))
  Logic Levels:           5  (LUT2=2 LUT3=1 LUT6=2)
  Clock Path Skew:        -0.157ns (DCD - SCD + CPR)
    Destination Clock Delay (DCD):    5.386ns = ( 13.386 - 8.000 ) 
    Source Clock Delay      (SCD):    5.900ns
    Clock Pessimism Removal (CPR):    0.357ns
  Clock Uncertainty:      0.069ns  ((TSJ^2 + DJ^2)^1/2) / 2 + PE
    Total System Jitter     (TSJ):    0.071ns
    Discrete Jitter          (DJ):    0.118ns
    Phase Error              (PE):    0.000ns

    Location             Delay type                Incr(ns)  Path(ns)    Netlist Resource(s)
  -------------------------------------------------------------------    -------------------
                         (clock pll_adc_clk rise edge)
                                                      0.000     0.000 r  
    U18                                               0.000     0.000 r  adc_clk_i[1] (IN)
                         net (fo=0)                   0.000     0.000    adc_clk_i[1]
    U18                                                               r  i_clk/I
    U18                  IBUFDS (Prop_ibufds_I_O)     0.983     0.983 r  i_clk/O
                         net (fo=1, routed)           1.306     2.289    pll/adc_clk_in
    PLLE2_ADV_X0Y0                                                    r  pll/pll/CLKIN1
    PLLE2_ADV_X0Y0       PLLE2_ADV (Prop_plle2_adv_CLKIN1_CLKOUT0)
                                                      0.089     2.378 r  pll/pll/CLKOUT0
                         net (fo=1, routed)           1.754     4.132    pll_adc_clk
    BUFGCTRL_X0Y0                                                     r  bufg_adc_clk/I
    BUFGCTRL_X0Y0        BUFG (Prop_bufg_I_O)         0.101     4.233 r  bufg_adc_clk/O
                         net (fo=7983, routed)        1.667     5.900    ps/axi_slave_gp0/adc_clk
    SLICE_X23Y39         FDRE                                         r  ps/axi_slave_gp0/wr_awaddr_reg[2]/C
  -------------------------------------------------------------------    -------------------
    SLICE_X23Y39         FDRE (Prop_fdre_C_Q)         0.456     6.356 f  ps/axi_slave_gp0/wr_awaddr_reg[2]/Q
                         net (fo=9, routed)           1.028     7.384    ps/axi_slave_gp0/wr_awaddr[2]
    SLICE_X18Y49                                                      f  ps/axi_slave_gp0/scan_offset_o[13]_i_4/I2
    SLICE_X18Y49         LUT3 (Prop_lut3_I2_O)        0.150     7.534 f  ps/axi_slave_gp0/scan_offset_o[13]_i_4/O
                         net (fo=126, routed)         1.396     8.930    ps/axi_slave_gp0/rd_araddr_reg[2]_9
    SLICE_X14Y42                                                      f  ps/axi_slave_gp0/FSM_onehot_arm_phase_q[4]_i_4/I3
    SLICE_X14Y42         LUT6 (Prop_lut6_I3_O)        0.326     9.256 f  ps/axi_slave_gp0/FSM_onehot_arm_phase_q[4]_i_4/O
                         net (fo=12, routed)          0.743     9.999    ps/axi_slave_gp0/FSM_onehot_arm_phase_q[4]_i_4_n_0
    SLICE_X13Y42                                                      f  ps/axi_slave_gp0/event_stage_fault_code_q[0]_i_2/I0
    SLICE_X13Y42         LUT6 (Prop_lut6_I0_O)        0.124    10.123 f  ps/axi_slave_gp0/event_stage_fault_code_q[0]_i_2/O
                         net (fo=8, routed)           0.633    10.756    ps/axi_slave_gp0/acq_abort
    SLICE_X10Y41                                                      f  ps/axi_slave_gp0/arm_window_q[31]_i_2/I0
    SLICE_X10Y41         LUT2 (Prop_lut2_I0_O)        0.153    10.909 f  ps/axi_slave_gp0/arm_window_q[31]_i_2/O
                         net (fo=65, routed)          0.889    11.798    i_custom_register_bank/i_deterministic_lock_acquisition/arm_target_high_q_reg[0]_0
    SLICE_X9Y42                                                       f  i_custom_register_bank/i_deterministic_lock_acquisition/arm_window_q[31]_i_1/I1
    SLICE_X9Y42          LUT2 (Prop_lut2_I1_O)        0.357    12.155 r  i_custom_register_bank/i_deterministic_lock_acquisition/arm_window_q[31]_i_1/O
                         net (fo=327, routed)         1.396    13.551    i_custom_register_bank/i_deterministic_lock_acquisition/arm_window_q[31]_i_1_n_0
    SLICE_X16Y37         FDRE                                         r  i_custom_register_bank/i_deterministic_lock_acquisition/arm_request_error_q_reg[0]/CE
  -------------------------------------------------------------------    -------------------

                         (clock pll_adc_clk rise edge)
                                                      8.000     8.000 r  
    U18                                               0.000     8.000 r  adc_clk_i[1] (IN)
                         net (fo=0)                   0.000     8.000    adc_clk_i[1]
    U18                                                               r  i_clk/I
    U18                  IBUFDS (Prop_ibufds_I_O)     0.940     8.940 r  i_clk/O
                         net (fo=1, routed)           1.181    10.121    pll/adc_clk_in
    PLLE2_ADV_X0Y0                                                    r  pll/pll/CLKIN1
    PLLE2_ADV_X0Y0       PLLE2_ADV (Prop_plle2_adv_CLKIN1_CLKOUT0)
                                                      0.084    10.205 r  pll/pll/CLKOUT0
                         net (fo=1, routed)           1.594    11.799    pll_adc_clk
    BUFGCTRL_X0Y0                                                     r  bufg_adc_clk/I
    BUFGCTRL_X0Y0        BUFG (Prop_bufg_I_O)         0.091    11.890 r  bufg_adc_clk/O
                         net (fo=7983, routed)        1.496    13.386    i_custom_register_bank/i_deterministic_lock_acquisition/adc_clk
    SLICE_X16Y37         FDRE                                         r  i_custom_register_bank/i_deterministic_lock_acquisition/arm_request_error_q_reg[0]/C
                         clock pessimism              0.357    13.744    
                         clock uncertainty           -0.069    13.675    
    SLICE_X16Y37         FDRE (Setup_fdre_C_CE)      -0.377    13.298    i_custom_register_bank/i_deterministic_lock_acquisition/arm_request_error_q_reg[0]
  -------------------------------------------------------------------
                         required time                         13.298    
                         arrival time                         -13.551    
  -------------------------------------------------------------------
                         slack                                 -0.253    

Slack (VIOLATED) :        -0.253ns  (required time - arrival time)
  Source:                 ps/axi_slave_gp0/wr_awaddr_reg[2]/C
                            (rising edge-triggered cell FDRE clocked by pll_adc_clk  {rise@0.000ns fall@4.000ns period=8.000ns})
  Destination:            i_custom_register_bank/i_deterministic_lock_acquisition/arm_request_error_q_reg[0]/CE
                            (rising edge-triggered cell FDRE clocked by pll_adc_clk  {rise@0.000ns fall@4.000ns period=8.000ns})
  Path Group:             pll_adc_clk
  Path Type:              Setup (Max at Slow Process Corner)
  Requirement:            8.000ns  (pll_adc_clk rise@8.000ns - pll_adc_clk rise@0.000ns)
  Data Path Delay:        7.651ns  (logic 1.566ns (20.469%)  route 6.085ns (79.531%))
  Logic Levels:           5  (LUT2=2 LUT3=1 LUT6=2)
  Clock Path Skew:        -0.157ns (DCD - SCD + CPR)
    Destination Clock Delay (DCD):    5.386ns = ( 13.386 - 8.000 ) 
    Source Clock Delay      (SCD):    5.900ns
    Clock Pessimism Removal (CPR):    0.357ns
  Clock Uncertainty:      0.069ns  ((TSJ^2 + DJ^2)^1/2) / 2 + PE
    Total System Jitter     (TSJ):    0.071ns
    Discrete Jitter          (DJ):    0.118ns
    Phase Error              (PE):    0.000ns

    Location             Delay type                Incr(ns)  Path(ns)    Netlist Resource(s)
  -------------------------------------------------------------------    -------------------
                         (clock pll_adc_clk rise edge)
                                                      0.000     0.000 r  
    U18                                               0.000     0.000 r  adc_clk_i[1] (IN)
                         net (fo=0)                   0.000     0.000    adc_clk_i[1]
    U18                                                               r  i_clk/I
    U18                  IBUFDS (Prop_ibufds_I_O)     0.983     0.983 r  i_clk/O
                         net (fo=1, routed)           1.306     2.289    pll/adc_clk_in
    PLLE2_ADV_X0Y0                                                    r  pll/pll/CLKIN1
    PLLE2_ADV_X0Y0       PLLE2_ADV (Prop_plle2_adv_CLKIN1_CLKOUT0)
                                                      0.089     2.378 r  pll/pll/CLKOUT0
                         net (fo=1, routed)           1.754     4.132    pll_adc_clk
    BUFGCTRL_X0Y0                                                     r  bufg_adc_clk/I
    BUFGCTRL_X0Y0        BUFG (Prop_bufg_I_O)         0.101     4.233 r  bufg_adc_clk/O
                         net (fo=7983, routed)        1.667     5.900    ps/axi_slave_gp0/adc_clk
    SLICE_X23Y39         FDRE                                         r  ps/axi_slave_gp0/wr_awaddr_reg[2]/C
  -------------------------------------------------------------------    -------------------
    SLICE_X23Y39         FDRE (Prop_fdre_C_Q)         0.456     6.356 r  ps/axi_slave_gp0/wr_awaddr_reg[2]/Q
                         net (fo=9, routed)           1.028     7.384    ps/axi_slave_gp0/wr_awaddr[2]
    SLICE_X18Y49                                                      r  ps/axi_slave_gp0/scan_offset_o[13]_i_4/I2
    SLICE_X18Y49         LUT3 (Prop_lut3_I2_O)        0.150     7.534 r  ps/axi_slave_gp0/scan_offset_o[13]_i_4/O
                         net (fo=126, routed)         1.396     8.930    ps/axi_slave_gp0/rd_araddr_reg[2]_9
    SLICE_X14Y42                                                      r  ps/axi_slave_gp0/FSM_onehot_arm_phase_q[4]_i_4/I3
    SLICE_X14Y42         LUT6 (Prop_lut6_I3_O)        0.326     9.256 r  ps/axi_slave_gp0/FSM_onehot_arm_phase_q[4]_i_4/O
                         net (fo=12, routed)          0.743     9.999    ps/axi_slave_gp0/FSM_onehot_arm_phase_q[4]_i_4_n_0
    SLICE_X13Y42                                                      r  ps/axi_slave_gp0/event_stage_fault_code_q[0]_i_2/I0
    SLICE_X13Y42         LUT6 (Prop_lut6_I0_O)        0.124    10.123 r  ps/axi_slave_gp0/event_stage_fault_code_q[0]_i_2/O
                         net (fo=8, routed)           0.633    10.756    ps/axi_slave_gp0/acq_abort
    SLICE_X10Y41                                                      r  ps/axi_slave_gp0/arm_window_q[31]_i_2/I0
    SLICE_X10Y41         LUT2 (Prop_lut2_I0_O)        0.153    10.909 r  ps/axi_slave_gp0/arm_window_q[31]_i_2/O
                         net (fo=65, routed)          0.889    11.798    i_custom_register_bank/i_deterministic_lock_acquisition/arm_target_high_q_reg[0]_0
    SLICE_X9Y42                                                       r  i_custom_register_bank/i_deterministic_lock_acquisition/arm_window_q[31]_i_1/I1
    SLICE_X9Y42          LUT2 (Prop_lut2_I1_O)        0.357    12.155 f  i_custom_register_bank/i_deterministic_lock_acquisition/arm_window_q[31]_i_1/O
                         net (fo=327, routed)         1.396    13.551    i_custom_register_bank/i_deterministic_lock_acquisition/arm_window_q[31]_i_1_n_0
    SLICE_X16Y37         FDRE                                         f  i_custom_register_bank/i_deterministic_lock_acquisition/arm_request_error_q_reg[0]/CE
  -------------------------------------------------------------------    -------------------

                         (clock pll_adc_clk rise edge)
                                                      8.000     8.000 r  
    U18                                               0.000     8.000 r  adc_clk_i[1] (IN)
                         net (fo=0)                   0.000     8.000    adc_clk_i[1]
    U18                                                               r  i_clk/I
    U18                  IBUFDS (Prop_ibufds_I_O)     0.940     8.940 r  i_clk/O
                         net (fo=1, routed)           1.181    10.121    pll/adc_clk_in
    PLLE2_ADV_X0Y0                                                    r  pll/pll/CLKIN1
    PLLE2_ADV_X0Y0       PLLE2_ADV (Prop_plle2_adv_CLKIN1_CLKOUT0)
                                                      0.084    10.205 r  pll/pll/CLKOUT0
                         net (fo=1, routed)           1.594    11.799    pll_adc_clk
    BUFGCTRL_X0Y0                                                     r  bufg_adc_clk/I
    BUFGCTRL_X0Y0        BUFG (Prop_bufg_I_O)         0.091    11.890 r  bufg_adc_clk/O
                         net (fo=7983, routed)        1.496    13.386    i_custom_register_bank/i_deterministic_lock_acquisition/adc_clk
    SLICE_X16Y37         FDRE                                         r  i_custom_register_bank/i_deterministic_lock_acquisition/arm_request_error_q_reg[0]/C
                         clock pessimism              0.357    13.744    
                         clock uncertainty           -0.069    13.675    
    SLICE_X16Y37         FDRE (Setup_fdre_C_CE)      -0.377    13.298    i_custom_register_bank/i_deterministic_lock_acquisition/arm_request_error_q_reg[0]
  -------------------------------------------------------------------
                         required time                         13.298    
                         arrival time                         -13.551    
  -------------------------------------------------------------------
                         slack                                 -0.253    

Slack (VIOLATED) :        -0.253ns  (required time - arrival time)
  Source:                 ps/axi_slave_gp0/wr_awaddr_reg[2]/C
                            (rising edge-triggered cell FDRE clocked by pll_adc_clk  {rise@0.000ns fall@4.000ns period=8.000ns})
  Destination:            i_custom_register_bank/i_deterministic_lock_acquisition/arm_request_error_q_reg[1]/CE
                            (rising edge-triggered cell FDRE clocked by pll_adc_clk  {rise@0.000ns fall@4.000ns period=8.000ns})
  Path Group:             pll_adc_clk
  Path Type:              Setup (Max at Slow Process Corner)
  Requirement:            8.000ns  (pll_adc_clk rise@8.000ns - pll_adc_clk rise@0.000ns)
  Data Path Delay:        7.651ns  (logic 1.566ns (20.469%)  route 6.085ns (79.531%))
  Logic Levels:           5  (LUT2=2 LUT3=1 LUT6=2)
  Clock Path Skew:        -0.157ns (DCD - SCD + CPR)
    Destination Clock Delay (DCD):    5.386ns = ( 13.386 - 8.000 ) 
    Source Clock Delay      (SCD):    5.900ns
    Clock Pessimism Removal (CPR):    0.357ns
  Clock Uncertainty:      0.069ns  ((TSJ^2 + DJ^2)^1/2) / 2 + PE
    Total System Jitter     (TSJ):    0.071ns
    Discrete Jitter          (DJ):    0.118ns
    Phase Error              (PE):    0.000ns

    Location             Delay type                Incr(ns)  Path(ns)    Netlist Resource(s)
  -------------------------------------------------------------------    -------------------
                         (clock pll_adc_clk rise edge)
                                                      0.000     0.000 r  
    U18                                               0.000     0.000 r  adc_clk_i[1] (IN)
                         net (fo=0)                   0.000     0.000    adc_clk_i[1]
    U18                                                               r  i_clk/I
    U18                  IBUFDS (Prop_ibufds_I_O)     0.983     0.983 r  i_clk/O
                         net (fo=1, routed)           1.306     2.289    pll/adc_clk_in
    PLLE2_ADV_X0Y0                                                    r  pll/pll/CLKIN1
    PLLE2_ADV_X0Y0       PLLE2_ADV (Prop_plle2_adv_CLKIN1_CLKOUT0)
                                                      0.089     2.378 r  pll/pll/CLKOUT0
                         net (fo=1, routed)           1.754     4.132    pll_adc_clk
    BUFGCTRL_X0Y0                                                     r  bufg_adc_clk/I
    BUFGCTRL_X0Y0        BUFG (Prop_bufg_I_O)         0.101     4.233 r  bufg_adc_clk/O
                         net (fo=7983, routed)        1.667     5.900    ps/axi_slave_gp0/adc_clk
    SLICE_X23Y39         FDRE                                         r  ps/axi_slave_gp0/wr_awaddr_reg[2]/C
  -------------------------------------------------------------------    -------------------
    SLICE_X23Y39         FDRE (Prop_fdre_C_Q)         0.456     6.356 f  ps/axi_slave_gp0/wr_awaddr_reg[2]/Q
                         net (fo=9, routed)           1.028     7.384    ps/axi_slave_gp0/wr_awaddr[2]
    SLICE_X18Y49                                                      f  ps/axi_slave_gp0/scan_offset_o[13]_i_4/I2
    SLICE_X18Y49         LUT3 (Prop_lut3_I2_O)        0.150     7.534 f  ps/axi_slave_gp0/scan_offset_o[13]_i_4/O
                         net (fo=126, routed)         1.396     8.930    ps/axi_slave_gp0/rd_araddr_reg[2]_9
    SLICE_X14Y42                                                      f  ps/axi_slave_gp0/FSM_onehot_arm_phase_q[4]_i_4/I3
    SLICE_X14Y42         LUT6 (Prop_lut6_I3_O)        0.326     9.256 f  ps/axi_slave_gp0/FSM_onehot_arm_phase_q[4]_i_4/O
                         net (fo=12, routed)          0.743     9.999    ps/axi_slave_gp0/FSM_onehot_arm_phase_q[4]_i_4_n_0
    SLICE_X13Y42                                                      f  ps/axi_slave_gp0/event_stage_fault_code_q[0]_i_2/I0
    SLICE_X13Y42         LUT6 (Prop_lut6_I0_O)        0.124    10.123 f  ps/axi_slave_gp0/event_stage_fault_code_q[0]_i_2/O
                         net (fo=8, routed)           0.633    10.756    ps/axi_slave_gp0/acq_abort
    SLICE_X10Y41                                                      f  ps/axi_slave_gp0/arm_window_q[31]_i_2/I0
    SLICE_X10Y41         LUT2 (Prop_lut2_I0_O)        0.153    10.909 f  ps/axi_slave_gp0/arm_window_q[31]_i_2/O
                         net (fo=65, routed)          0.889    11.798    i_custom_register_bank/i_deterministic_lock_acquisition/arm_target_high_q_reg[0]_0
    SLICE_X9Y42                                                       f  i_custom_register_bank/i_deterministic_lock_acquisition/arm_window_q[31]_i_1/I1
    SLICE_X9Y42          LUT2 (Prop_lut2_I1_O)        0.357    12.155 r  i_custom_register_bank/i_deterministic_lock_acquisition/arm_window_q[31]_i_1/O
                         net (fo=327, routed)         1.396    13.551    i_custom_register_bank/i_deterministic_lock_acquisition/arm_window_q[31]_i_1_n_0
    SLICE_X16Y37         FDRE                                         r  i_custom_register_bank/i_deterministic_lock_acquisition/arm_request_error_q_reg[1]/CE
  -------------------------------------------------------------------    -------------------

                         (clock pll_adc_clk rise edge)
                                                      8.000     8.000 r  
    U18                                               0.000     8.000 r  adc_clk_i[1] (IN)
                         net (fo=0)                   0.000     8.000    adc_clk_i[1]
    U18                                                               r  i_clk/I
    U18                  IBUFDS (Prop_ibufds_I_O)     0.940     8.940 r  i_clk/O
                         net (fo=1, routed)           1.181    10.121    pll/adc_clk_in
    PLLE2_ADV_X0Y0                                                    r  pll/pll/CLKIN1
    PLLE2_ADV_X0Y0       PLLE2_ADV (Prop_plle2_adv_CLKIN1_CLKOUT0)
                                                      0.084    10.205 r  pll/pll/CLKOUT0
                         net (fo=1, routed)           1.594    11.799    pll_adc_clk
    BUFGCTRL_X0Y0                                                     r  bufg_adc_clk/I
    BUFGCTRL_X0Y0        BUFG (Prop_bufg_I_O)         0.091    11.890 r  bufg_adc_clk/O
                         net (fo=7983, routed)        1.496    13.386    i_custom_register_bank/i_deterministic_lock_acquisition/adc_clk
    SLICE_X16Y37         FDRE                                         r  i_custom_register_bank/i_deterministic_lock_acquisition/arm_request_error_q_reg[1]/C
                         clock pessimism              0.357    13.744    
                         clock uncertainty           -0.069    13.675    
    SLICE_X16Y37         FDRE (Setup_fdre_C_CE)      -0.377    13.298    i_custom_register_bank/i_deterministic_lock_acquisition/arm_request_error_q_reg[1]
  -------------------------------------------------------------------
                         required time                         13.298    
                         arrival time                         -13.551    
  -------------------------------------------------------------------
                         slack                                 -0.253    

Slack (VIOLATED) :        -0.253ns  (required time - arrival time)
  Source:                 ps/axi_slave_gp0/wr_awaddr_reg[2]/C
                            (rising edge-triggered cell FDRE clocked by pll_adc_clk  {rise@0.000ns fall@4.000ns period=8.000ns})
  Destination:            i_custom_register_bank/i_deterministic_lock_acquisition/arm_request_error_q_reg[1]/CE
                            (rising edge-triggered cell FDRE clocked by pll_adc_clk  {rise@0.000ns fall@4.000ns period=8.000ns})
  Path Group:             pll_adc_clk
  Path Type:              Setup (Max at Slow Process Corner)
  Requirement:            8.000ns  (pll_adc_clk rise@8.000ns - pll_adc_clk rise@0.000ns)
  Data Path Delay:        7.651ns  (logic 1.566ns (20.469%)  route 6.085ns (79.531%))
  Logic Levels:           5  (LUT2=2 LUT3=1 LUT6=2)
  Clock Path Skew:        -0.157ns (DCD - SCD + CPR)
    Destination Clock Delay (DCD):    5.386ns = ( 13.386 - 8.000 ) 
    Source Clock Delay      (SCD):    5.900ns
    Clock Pessimism Removal (CPR):    0.357ns
  Clock Uncertainty:      0.069ns  ((TSJ^2 + DJ^2)^1/2) / 2 + PE
    Total System Jitter     (TSJ):    0.071ns
    Discrete Jitter          (DJ):    0.118ns
    Phase Error              (PE):    0.000ns

    Location             Delay type                Incr(ns)  Path(ns)    Netlist Resource(s)
  -------------------------------------------------------------------    -------------------
                         (clock pll_adc_clk rise edge)
                                                      0.000     0.000 r  
    U18                                               0.000     0.000 r  adc_clk_i[1] (IN)
                         net (fo=0)                   0.000     0.000    adc_clk_i[1]
    U18                                                               r  i_clk/I
    U18                  IBUFDS (Prop_ibufds_I_O)     0.983     0.983 r  i_clk/O
                         net (fo=1, routed)           1.306     2.289    pll/adc_clk_in
    PLLE2_ADV_X0Y0                                                    r  pll/pll/CLKIN1
    PLLE2_ADV_X0Y0       PLLE2_ADV (Prop_plle2_adv_CLKIN1_CLKOUT0)
                                                      0.089     2.378 r  pll/pll/CLKOUT0
                         net (fo=1, routed)           1.754     4.132    pll_adc_clk
    BUFGCTRL_X0Y0                                                     r  bufg_adc_clk/I
    BUFGCTRL_X0Y0        BUFG (Prop_bufg_I_O)         0.101     4.233 r  bufg_adc_clk/O
                         net (fo=7983, routed)        1.667     5.900    ps/axi_slave_gp0/adc_clk
    SLICE_X23Y39         FDRE                                         r  ps/axi_slave_gp0/wr_awaddr_reg[2]/C
  -------------------------------------------------------------------    -------------------
    SLICE_X23Y39         FDRE (Prop_fdre_C_Q)         0.456     6.356 r  ps/axi_slave_gp0/wr_awaddr_reg[2]/Q
                         net (fo=9, routed)           1.028     7.384    ps/axi_slave_gp0/wr_awaddr[2]
    SLICE_X18Y49                                                      r  ps/axi_slave_gp0/scan_offset_o[13]_i_4/I2
    SLICE_X18Y49         LUT3 (Prop_lut3_I2_O)        0.150     7.534 r  ps/axi_slave_gp0/scan_offset_o[13]_i_4/O
                         net (fo=126, routed)         1.396     8.930    ps/axi_slave_gp0/rd_araddr_reg[2]_9
    SLICE_X14Y42                                                      r  ps/axi_slave_gp0/FSM_onehot_arm_phase_q[4]_i_4/I3
    SLICE_X14Y42         LUT6 (Prop_lut6_I3_O)        0.326     9.256 r  ps/axi_slave_gp0/FSM_onehot_arm_phase_q[4]_i_4/O
                         net (fo=12, routed)          0.743     9.999    ps/axi_slave_gp0/FSM_onehot_arm_phase_q[4]_i_4_n_0
    SLICE_X13Y42                                                      r  ps/axi_slave_gp0/event_stage_fault_code_q[0]_i_2/I0
    SLICE_X13Y42         LUT6 (Prop_lut6_I0_O)        0.124    10.123 r  ps/axi_slave_gp0/event_stage_fault_code_q[0]_i_2/O
                         net (fo=8, routed)           0.633    10.756    ps/axi_slave_gp0/acq_abort
    SLICE_X10Y41                                                      r  ps/axi_slave_gp0/arm_window_q[31]_i_2/I0
    SLICE_X10Y41         LUT2 (Prop_lut2_I0_O)        0.153    10.909 r  ps/axi_slave_gp0/arm_window_q[31]_i_2/O
                         net (fo=65, routed)          0.889    11.798    i_custom_register_bank/i_deterministic_lock_acquisition/arm_target_high_q_reg[0]_0
    SLICE_X9Y42                                                       r  i_custom_register_bank/i_deterministic_lock_acquisition/arm_window_q[31]_i_1/I1
    SLICE_X9Y42          LUT2 (Prop_lut2_I1_O)        0.357    12.155 f  i_custom_register_bank/i_deterministic_lock_acquisition/arm_window_q[31]_i_1/O
                         net (fo=327, routed)         1.396    13.551    i_custom_register_bank/i_deterministic_lock_acquisition/arm_window_q[31]_i_1_n_0
    SLICE_X16Y37         FDRE                                         f  i_custom_register_bank/i_deterministic_lock_acquisition/arm_request_error_q_reg[1]/CE
  -------------------------------------------------------------------    -------------------

                         (clock pll_adc_clk rise edge)
                                                      8.000     8.000 r  
    U18                                               0.000     8.000 r  adc_clk_i[1] (IN)
                         net (fo=0)                   0.000     8.000    adc_clk_i[1]
    U18                                                               r  i_clk/I
    U18                  IBUFDS (Prop_ibufds_I_O)     0.940     8.940 r  i_clk/O
                         net (fo=1, routed)           1.181    10.121    pll/adc_clk_in
    PLLE2_ADV_X0Y0                                                    r  pll/pll/CLKIN1
    PLLE2_ADV_X0Y0       PLLE2_ADV (Prop_plle2_adv_CLKIN1_CLKOUT0)
                                                      0.084    10.205 r  pll/pll/CLKOUT0
                         net (fo=1, routed)           1.594    11.799    pll_adc_clk
    BUFGCTRL_X0Y0                                                     r  bufg_adc_clk/I
    BUFGCTRL_X0Y0        BUFG (Prop_bufg_I_O)         0.091    11.890 r  bufg_adc_clk/O
                         net (fo=7983, routed)        1.496    13.386    i_custom_register_bank/i_deterministic_lock_acquisition/adc_clk
    SLICE_X16Y37         FDRE                                         r  i_custom_register_bank/i_deterministic_lock_acquisition/arm_request_error_q_reg[1]/C
                         clock pessimism              0.357    13.744    
                         clock uncertainty           -0.069    13.675    
    SLICE_X16Y37         FDRE (Setup_fdre_C_CE)      -0.377    13.298    i_custom_register_bank/i_deterministic_lock_acquisition/arm_request_error_q_reg[1]
  -------------------------------------------------------------------
                         required time                         13.298    
                         arrival time                         -13.551    
  -------------------------------------------------------------------
                         slack                                 -0.253    

Slack (VIOLATED) :        -0.253ns  (required time - arrival time)
  Source:                 ps/axi_slave_gp0/rd_araddr_reg[3]/C
                            (rising edge-triggered cell FDRE clocked by pll_adc_clk  {rise@0.000ns fall@4.000ns period=8.000ns})
  Destination:            i_custom_register_bank/i_deterministic_lock_acquisition/arm_error_setpoint_q_reg[9]/CE
                            (rising edge-triggered cell FDRE clocked by pll_adc_clk  {rise@0.000ns fall@4.000ns period=8.000ns})
  Path Group:             pll_adc_clk
  Path Type:              Setup (Max at Slow Process Corner)
  Requirement:            8.000ns  (pll_adc_clk rise@8.000ns - pll_adc_clk rise@0.000ns)
  Data Path Delay:        7.607ns  (logic 1.690ns (22.215%)  route 5.917ns (77.785%))
  Logic Levels:           6  (LUT2=2 LUT3=1 LUT5=1 LUT6=2)
  Clock Path Skew:        -0.164ns (DCD - SCD + CPR)
    Destination Clock Delay (DCD):    5.390ns = ( 13.390 - 8.000 ) 
    Source Clock Delay      (SCD):    5.897ns
    Clock Pessimism Removal (CPR):    0.343ns
  Clock Uncertainty:      0.069ns  ((TSJ^2 + DJ^2)^1/2) / 2 + PE
    Total System Jitter     (TSJ):    0.071ns
    Discrete Jitter          (DJ):    0.118ns
    Phase Error              (PE):    0.000ns

    Location             Delay type                Incr(ns)  Path(ns)    Netlist Resource(s)
  -------------------------------------------------------------------    -------------------
                         (clock pll_adc_clk rise edge)
                                                      0.000     0.000 r  
    U18                                               0.000     0.000 r  adc_clk_i[1] (IN)
                         net (fo=0)                   0.000     0.000    adc_clk_i[1]
    U18                                                               r  i_clk/I
    U18                  IBUFDS (Prop_ibufds_I_O)     0.983     0.983 r  i_clk/O
                         net (fo=1, routed)           1.306     2.289    pll/adc_clk_in
    PLLE2_ADV_X0Y0                                                    r  pll/pll/CLKIN1
    PLLE2_ADV_X0Y0       PLLE2_ADV (Prop_plle2_adv_CLKIN1_CLKOUT0)
                                                      0.089     2.378 r  pll/pll/CLKOUT0
                         net (fo=1, routed)           1.754     4.132    pll_adc_clk
    BUFGCTRL_X0Y0                                                     r  bufg_adc_clk/I
    BUFGCTRL_X0Y0        BUFG (Prop_bufg_I_O)         0.101     4.233 r  bufg_adc_clk/O
                         net (fo=7983, routed)        1.664     5.897    ps/axi_slave_gp0/adc_clk
    SLICE_X18Y51         FDRE                                         r  ps/axi_slave_gp0/rd_araddr_reg[3]/C
  -------------------------------------------------------------------    -------------------
    SLICE_X18Y51         FDRE (Prop_fdre_C_Q)         0.456     6.353 r  ps/axi_slave_gp0/rd_araddr_reg[3]/Q
                         net (fo=45, routed)          0.699     7.052    ps/axi_slave_gp0/rd_araddr[3]
    SLICE_X18Y51                                                      r  ps/axi_slave_gp0/scan_offset_o[13]_i_5/I0
    SLICE_X18Y51         LUT3 (Prop_lut3_I0_O)        0.150     7.202 r  ps/axi_slave_gp0/scan_offset_o[13]_i_5/O
                         net (fo=96, routed)          0.838     8.040    ps/axi_slave_gp0/rd_araddr_reg[3]_10
    SLICE_X17Y51                                                      r  ps/axi_slave_gp0/FSM_onehot_arm_phase_q[4]_i_8/I0
    SLICE_X17Y51         LUT5 (Prop_lut5_I0_O)        0.326     8.366 r  ps/axi_slave_gp0/FSM_onehot_arm_phase_q[4]_i_8/O
                         net (fo=1, routed)           0.667     9.033    ps/axi_slave_gp0/FSM_onehot_arm_phase_q[4]_i_8_n_0
    SLICE_X14Y42                                                      r  ps/axi_slave_gp0/FSM_onehot_arm_phase_q[4]_i_4/I5
    SLICE_X14Y42         LUT6 (Prop_lut6_I5_O)        0.124     9.157 f  ps/axi_slave_gp0/FSM_onehot_arm_phase_q[4]_i_4/O
                         net (fo=12, routed)          0.743     9.900    ps/axi_slave_gp0/FSM_onehot_arm_phase_q[4]_i_4_n_0
    SLICE_X13Y42                                                      f  ps/axi_slave_gp0/event_stage_fault_code_q[0]_i_2/I0
    SLICE_X13Y42         LUT6 (Prop_lut6_I0_O)        0.124    10.024 f  ps/axi_slave_gp0/event_stage_fault_code_q[0]_i_2/O
                         net (fo=8, routed)           0.633    10.657    ps/axi_slave_gp0/acq_abort
    SLICE_X10Y41                                                      f  ps/axi_slave_gp0/arm_window_q[31]_i_2/I0
    SLICE_X10Y41         LUT2 (Prop_lut2_I0_O)        0.153    10.810 f  ps/axi_slave_gp0/arm_window_q[31]_i_2/O
                         net (fo=65, routed)          0.889    11.699    i_custom_register_bank/i_deterministic_lock_acquisition/arm_target_high_q_reg[0]_0
    SLICE_X9Y42                                                       f  i_custom_register_bank/i_deterministic_lock_acquisition/arm_window_q[31]_i_1/I1
    SLICE_X9Y42          LUT2 (Prop_lut2_I1_O)        0.357    12.056 r  i_custom_register_bank/i_deterministic_lock_acquisition/arm_window_q[31]_i_1/O
                         net (fo=327, routed)         1.449    13.505    i_custom_register_bank/i_deterministic_lock_acquisition/arm_window_q[31]_i_1_n_0
    SLICE_X19Y46         FDRE                                         r  i_custom_register_bank/i_deterministic_lock_acquisition/arm_error_setpoint_q_reg[9]/CE
  -------------------------------------------------------------------    -------------------

                         (clock pll_adc_clk rise edge)
                                                      8.000     8.000 r  
    U18                                               0.000     8.000 r  adc_clk_i[1] (IN)
                         net (fo=0)                   0.000     8.000    adc_clk_i[1]
    U18                                                               r  i_clk/I
    U18                  IBUFDS (Prop_ibufds_I_O)     0.940     8.940 r  i_clk/O
                         net (fo=1, routed)           1.181    10.121    pll/adc_clk_in
    PLLE2_ADV_X0Y0                                                    r  pll/pll/CLKIN1
    PLLE2_ADV_X0Y0       PLLE2_ADV (Prop_plle2_adv_CLKIN1_CLKOUT0)
                                                      0.084    10.205 r  pll/pll/CLKOUT0
                         net (fo=1, routed)           1.594    11.799    pll_adc_clk
    BUFGCTRL_X0Y0                                                     r  bufg_adc_clk/I
    BUFGCTRL_X0Y0        BUFG (Prop_bufg_I_O)         0.091    11.890 r  bufg_adc_clk/O
                         net (fo=7983, routed)        1.500    13.390    i_custom_register_bank/i_deterministic_lock_acquisition/adc_clk
    SLICE_X19Y46         FDRE                                         r  i_custom_register_bank/i_deterministic_lock_acquisition/arm_error_setpoint_q_reg[9]/C
                         clock pessimism              0.343    13.734    
                         clock uncertainty           -0.069    13.665    
    SLICE_X19Y46         FDRE (Setup_fdre_C_CE)      -0.413    13.252    i_custom_register_bank/i_deterministic_lock_acquisition/arm_error_setpoint_q_reg[9]
  -------------------------------------------------------------------
                         required time                         13.252    
                         arrival time                         -13.505    
  -------------------------------------------------------------------
                         slack                                 -0.253    

Slack (VIOLATED) :        -0.253ns  (required time - arrival time)
  Source:                 ps/axi_slave_gp0/rd_araddr_reg[3]/C
                            (rising edge-triggered cell FDRE clocked by pll_adc_clk  {rise@0.000ns fall@4.000ns period=8.000ns})
  Destination:            i_custom_register_bank/i_deterministic_lock_acquisition/arm_error_setpoint_q_reg[9]/CE
                            (rising edge-triggered cell FDRE clocked by pll_adc_clk  {rise@0.000ns fall@4.000ns period=8.000ns})
  Path Group:             pll_adc_clk
  Path Type:              Setup (Max at Slow Process Corner)
  Requirement:            8.000ns  (pll_adc_clk rise@8.000ns - pll_adc_clk rise@0.000ns)
  Data Path Delay:        7.607ns  (logic 1.690ns (22.215%)  route 5.917ns (77.785%))
  Logic Levels:           6  (LUT2=2 LUT3=1 LUT5=1 LUT6=2)
  Clock Path Skew:        -0.164ns (DCD - SCD + CPR)
    Destination Clock Delay (DCD):    5.390ns = ( 13.390 - 8.000 ) 
    Source Clock Delay      (SCD):    5.897ns
    Clock Pessimism Removal (CPR):    0.343ns
  Clock Uncertainty:      0.069ns  ((TSJ^2 + DJ^2)^1/2) / 2 + PE
    Total System Jitter     (TSJ):    0.071ns
    Discrete Jitter          (DJ):    0.118ns
    Phase Error              (PE):    0.000ns

    Location             Delay type                Incr(ns)  Path(ns)    Netlist Resource(s)
  -------------------------------------------------------------------    -------------------
                         (clock pll_adc_clk rise edge)
                                                      0.000     0.000 r  
    U18                                               0.000     0.000 r  adc_clk_i[1] (IN)
                         net (fo=0)                   0.000     0.000    adc_clk_i[1]
    U18                                                               r  i_clk/I
    U18                  IBUFDS (Prop_ibufds_I_O)     0.983     0.983 r  i_clk/O
                         net (fo=1, routed)           1.306     2.289    pll/adc_clk_in
    PLLE2_ADV_X0Y0                                                    r  pll/pll/CLKIN1
    PLLE2_ADV_X0Y0       PLLE2_ADV (Prop_plle2_adv_CLKIN1_CLKOUT0)
                                                      0.089     2.378 r  pll/pll/CLKOUT0
                         net (fo=1, routed)           1.754     4.132    pll_adc_clk
    BUFGCTRL_X0Y0                                                     r  bufg_adc_clk/I
    BUFGCTRL_X0Y0        BUFG (Prop_bufg_I_O)         0.101     4.233 r  bufg_adc_clk/O
                         net (fo=7983, routed)        1.664     5.897    ps/axi_slave_gp0/adc_clk
    SLICE_X18Y51         FDRE                                         r  ps/axi_slave_gp0/rd_araddr_reg[3]/C
  -------------------------------------------------------------------    -------------------
    SLICE_X18Y51         FDRE (Prop_fdre_C_Q)         0.456     6.353 f  ps/axi_slave_gp0/rd_araddr_reg[3]/Q
                         net (fo=45, routed)          0.699     7.052    ps/axi_slave_gp0/rd_araddr[3]
    SLICE_X18Y51                                                      f  ps/axi_slave_gp0/scan_offset_o[13]_i_5/I0
    SLICE_X18Y51         LUT3 (Prop_lut3_I0_O)        0.150     7.202 f  ps/axi_slave_gp0/scan_offset_o[13]_i_5/O
                         net (fo=96, routed)          0.838     8.040    ps/axi_slave_gp0/rd_araddr_reg[3]_10
    SLICE_X17Y51                                                      f  ps/axi_slave_gp0/FSM_onehot_arm_phase_q[4]_i_8/I0
    SLICE_X17Y51         LUT5 (Prop_lut5_I0_O)        0.326     8.366 f  ps/axi_slave_gp0/FSM_onehot_arm_phase_q[4]_i_8/O
                         net (fo=1, routed)           0.667     9.033    ps/axi_slave_gp0/FSM_onehot_arm_phase_q[4]_i_8_n_0
    SLICE_X14Y42                                                      f  ps/axi_slave_gp0/FSM_onehot_arm_phase_q[4]_i_4/I5
    SLICE_X14Y42         LUT6 (Prop_lut6_I5_O)        0.124     9.157 r  ps/axi_slave_gp0/FSM_onehot_arm_phase_q[4]_i_4/O
                         net (fo=12, routed)          0.743     9.900    ps/axi_slave_gp0/FSM_onehot_arm_phase_q[4]_i_4_n_0
    SLICE_X13Y42                                                      r  ps/axi_slave_gp0/event_stage_fault_code_q[0]_i_2/I0
    SLICE_X13Y42         LUT6 (Prop_lut6_I0_O)        0.124    10.024 r  ps/axi_slave_gp0/event_stage_fault_code_q[0]_i_2/O
                         net (fo=8, routed)           0.633    10.657    ps/axi_slave_gp0/acq_abort
    SLICE_X10Y41                                                      r  ps/axi_slave_gp0/arm_window_q[31]_i_2/I0
    SLICE_X10Y41         LUT2 (Prop_lut2_I0_O)        0.153    10.810 r  ps/axi_slave_gp0/arm_window_q[31]_i_2/O
                         net (fo=65, routed)          0.889    11.699    i_custom_register_bank/i_deterministic_lock_acquisition/arm_target_high_q_reg[0]_0
    SLICE_X9Y42                                                       r  i_custom_register_bank/i_deterministic_lock_acquisition/arm_window_q[31]_i_1/I1
    SLICE_X9Y42          LUT2 (Prop_lut2_I1_O)        0.357    12.056 f  i_custom_register_bank/i_deterministic_lock_acquisition/arm_window_q[31]_i_1/O
                         net (fo=327, routed)         1.449    13.505    i_custom_register_bank/i_deterministic_lock_acquisition/arm_window_q[31]_i_1_n_0
    SLICE_X19Y46         FDRE                                         f  i_custom_register_bank/i_deterministic_lock_acquisition/arm_error_setpoint_q_reg[9]/CE
  -------------------------------------------------------------------    -------------------

                         (clock pll_adc_clk rise edge)
                                                      8.000     8.000 r  
    U18                                               0.000     8.000 r  adc_clk_i[1] (IN)
                         net (fo=0)                   0.000     8.000    adc_clk_i[1]
    U18                                                               r  i_clk/I
    U18                  IBUFDS (Prop_ibufds_I_O)     0.940     8.940 r  i_clk/O
                         net (fo=1, routed)           1.181    10.121    pll/adc_clk_in
    PLLE2_ADV_X0Y0                                                    r  pll/pll/CLKIN1
    PLLE2_ADV_X0Y0       PLLE2_ADV (Prop_plle2_adv_CLKIN1_CLKOUT0)
                                                      0.084    10.205 r  pll/pll/CLKOUT0
                         net (fo=1, routed)           1.594    11.799    pll_adc_clk
    BUFGCTRL_X0Y0                                                     r  bufg_adc_clk/I
    BUFGCTRL_X0Y0        BUFG (Prop_bufg_I_O)         0.091    11.890 r  bufg_adc_clk/O
                         net (fo=7983, routed)        1.500    13.390    i_custom_register_bank/i_deterministic_lock_acquisition/adc_clk
    SLICE_X19Y46         FDRE                                         r  i_custom_register_bank/i_deterministic_lock_acquisition/arm_error_setpoint_q_reg[9]/C
                         clock pessimism              0.343    13.734    
                         clock uncertainty           -0.069    13.665    
    SLICE_X19Y46         FDRE (Setup_fdre_C_CE)      -0.413    13.252    i_custom_register_bank/i_deterministic_lock_acquisition/arm_error_setpoint_q_reg[9]
  -------------------------------------------------------------------
                         required time                         13.252    
                         arrival time                         -13.505    
  -------------------------------------------------------------------
                         slack                                 -0.253    

Slack (VIOLATED) :        -0.253ns  (required time - arrival time)
  Source:                 ps/axi_slave_gp0/rd_araddr_reg[3]/C
                            (rising edge-triggered cell FDRE clocked by pll_adc_clk  {rise@0.000ns fall@4.000ns period=8.000ns})
  Destination:            i_custom_register_bank/i_deterministic_lock_acquisition/arm_target_out2_q_reg[11]/CE
                            (rising edge-triggered cell FDRE clocked by pll_adc_clk  {rise@0.000ns fall@4.000ns period=8.000ns})
  Path Group:             pll_adc_clk
  Path Type:              Setup (Max at Slow Process Corner)
  Requirement:            8.000ns  (pll_adc_clk rise@8.000ns - pll_adc_clk rise@0.000ns)
  Data Path Delay:        7.607ns  (logic 1.690ns (22.215%)  route 5.917ns (77.785%))
  Logic Levels:           6  (LUT2=2 LUT3=1 LUT5=1 LUT6=2)
  Clock Path Skew:        -0.164ns (DCD - SCD + CPR)
    Destination Clock Delay (DCD):    5.390ns = ( 13.390 - 8.000 ) 
    Source Clock Delay      (SCD):    5.897ns
    Clock Pessimism Removal (CPR):    0.343ns
  Clock Uncertainty:      0.069ns  ((TSJ^2 + DJ^2)^1/2) / 2 + PE
    Total System Jitter     (TSJ):    0.071ns
    Discrete Jitter          (DJ):    0.118ns
    Phase Error              (PE):    0.000ns

    Location             Delay type                Incr(ns)  Path(ns)    Netlist Resource(s)
  -------------------------------------------------------------------    -------------------
                         (clock pll_adc_clk rise edge)
                                                      0.000     0.000 r  
    U18                                               0.000     0.000 r  adc_clk_i[1] (IN)
                         net (fo=0)                   0.000     0.000    adc_clk_i[1]
    U18                                                               r  i_clk/I
    U18                  IBUFDS (Prop_ibufds_I_O)     0.983     0.983 r  i_clk/O
                         net (fo=1, routed)           1.306     2.289    pll/adc_clk_in
    PLLE2_ADV_X0Y0                                                    r  pll/pll/CLKIN1
    PLLE2_ADV_X0Y0       PLLE2_ADV (Prop_plle2_adv_CLKIN1_CLKOUT0)
                                                      0.089     2.378 r  pll/pll/CLKOUT0
                         net (fo=1, routed)           1.754     4.132    pll_adc_clk
    BUFGCTRL_X0Y0                                                     r  bufg_adc_clk/I
    BUFGCTRL_X0Y0        BUFG (Prop_bufg_I_O)         0.101     4.233 r  bufg_adc_clk/O
                         net (fo=7983, routed)        1.664     5.897    ps/axi_slave_gp0/adc_clk
    SLICE_X18Y51         FDRE                                         r  ps/axi_slave_gp0/rd_araddr_reg[3]/C
  -------------------------------------------------------------------    -------------------
    SLICE_X18Y51         FDRE (Prop_fdre_C_Q)         0.456     6.353 r  ps/axi_slave_gp0/rd_araddr_reg[3]/Q
                         net (fo=45, routed)          0.699     7.052    ps/axi_slave_gp0/rd_araddr[3]
    SLICE_X18Y51                                                      r  ps/axi_slave_gp0/scan_offset_o[13]_i_5/I0
    SLICE_X18Y51         LUT3 (Prop_lut3_I0_O)        0.150     7.202 r  ps/axi_slave_gp0/scan_offset_o[13]_i_5/O
                         net (fo=96, routed)          0.838     8.040    ps/axi_slave_gp0/rd_araddr_reg[3]_10
    SLICE_X17Y51                                                      r  ps/axi_slave_gp0/FSM_onehot_arm_phase_q[4]_i_8/I0
    SLICE_X17Y51         LUT5 (Prop_lut5_I0_O)        0.326     8.366 r  ps/axi_slave_gp0/FSM_onehot_arm_phase_q[4]_i_8/O
                         net (fo=1, routed)           0.667     9.033    ps/axi_slave_gp0/FSM_onehot_arm_phase_q[4]_i_8_n_0
    SLICE_X14Y42                                                      r  ps/axi_slave_gp0/FSM_onehot_arm_phase_q[4]_i_4/I5
    SLICE_X14Y42         LUT6 (Prop_lut6_I5_O)        0.124     9.157 f  ps/axi_slave_gp0/FSM_onehot_arm_phase_q[4]_i_4/O
                         net (fo=12, routed)          0.743     9.900    ps/axi_slave_gp0/FSM_onehot_arm_phase_q[4]_i_4_n_0
    SLICE_X13Y42                                                      f  ps/axi_slave_gp0/event_stage_fault_code_q[0]_i_2/I0
    SLICE_X13Y42         LUT6 (Prop_lut6_I0_O)        0.124    10.024 f  ps/axi_slave_gp0/event_stage_fault_code_q[0]_i_2/O
                         net (fo=8, routed)           0.633    10.657    ps/axi_slave_gp0/acq_abort
    SLICE_X10Y41                                                      f  ps/axi_slave_gp0/arm_window_q[31]_i_2/I0
    SLICE_X10Y41         LUT2 (Prop_lut2_I0_O)        0.153    10.810 f  ps/axi_slave_gp0/arm_window_q[31]_i_2/O
                         net (fo=65, routed)          0.889    11.699    i_custom_register_bank/i_deterministic_lock_acquisition/arm_target_high_q_reg[0]_0
    SLICE_X9Y42                                                       f  i_custom_register_bank/i_deterministic_lock_acquisition/arm_window_q[31]_i_1/I1
    SLICE_X9Y42          LUT2 (Prop_lut2_I1_O)        0.357    12.056 r  i_custom_register_bank/i_deterministic_lock_acquisition/arm_window_q[31]_i_1/O
                         net (fo=327, routed)         1.449    13.505    i_custom_register_bank/i_deterministic_lock_acquisition/arm_window_q[31]_i_1_n_0
    SLICE_X19Y46         FDRE                                         r  i_custom_register_bank/i_deterministic_lock_acquisition/arm_target_out2_q_reg[11]/CE
  -------------------------------------------------------------------    -------------------

                         (clock pll_adc_clk rise edge)
                                                      8.000     8.000 r  
    U18                                               0.000     8.000 r  adc_clk_i[1] (IN)
                         net (fo=0)                   0.000     8.000    adc_clk_i[1]
    U18                                                               r  i_clk/I
    U18                  IBUFDS (Prop_ibufds_I_O)     0.940     8.940 r  i_clk/O
                         net (fo=1, routed)           1.181    10.121    pll/adc_clk_in
    PLLE2_ADV_X0Y0                                                    r  pll/pll/CLKIN1
    PLLE2_ADV_X0Y0       PLLE2_ADV (Prop_plle2_adv_CLKIN1_CLKOUT0)
                                                      0.084    10.205 r  pll/pll/CLKOUT0
                         net (fo=1, routed)           1.594    11.799    pll_adc_clk
    BUFGCTRL_X0Y0                                                     r  bufg_adc_clk/I
    BUFGCTRL_X0Y0        BUFG (Prop_bufg_I_O)         0.091    11.890 r  bufg_adc_clk/O
                         net (fo=7983, routed)        1.500    13.390    i_custom_register_bank/i_deterministic_lock_acquisition/adc_clk
    SLICE_X19Y46         FDRE                                         r  i_custom_register_bank/i_deterministic_lock_acquisition/arm_target_out2_q_reg[11]/C
                         clock pessimism              0.343    13.734    
                         clock uncertainty           -0.069    13.665    
    SLICE_X19Y46         FDRE (Setup_fdre_C_CE)      -0.413    13.252    i_custom_register_bank/i_deterministic_lock_acquisition/arm_target_out2_q_reg[11]
  -------------------------------------------------------------------
                         required time                         13.252    
                         arrival time                         -13.505    
  -------------------------------------------------------------------
                         slack                                 -0.253    

Slack (VIOLATED) :        -0.253ns  (required time - arrival time)
  Source:                 ps/axi_slave_gp0/rd_araddr_reg[3]/C
                            (rising edge-triggered cell FDRE clocked by pll_adc_clk  {rise@0.000ns fall@4.000ns period=8.000ns})
  Destination:            i_custom_register_bank/i_deterministic_lock_acquisition/arm_target_out2_q_reg[11]/CE
                            (rising edge-triggered cell FDRE clocked by pll_adc_clk  {rise@0.000ns fall@4.000ns period=8.000ns})
  Path Group:             pll_adc_clk
  Path Type:              Setup (Max at Slow Process Corner)
  Requirement:            8.000ns  (pll_adc_clk rise@8.000ns - pll_adc_clk rise@0.000ns)
  Data Path Delay:        7.607ns  (logic 1.690ns (22.215%)  route 5.917ns (77.785%))
  Logic Levels:           6  (LUT2=2 LUT3=1 LUT5=1 LUT6=2)
  Clock Path Skew:        -0.164ns (DCD - SCD + CPR)
    Destination Clock Delay (DCD):    5.390ns = ( 13.390 - 8.000 ) 
    Source Clock Delay      (SCD):    5.897ns
    Clock Pessimism Removal (CPR):    0.343ns
  Clock Uncertainty:      0.069ns  ((TSJ^2 + DJ^2)^1/2) / 2 + PE
    Total System Jitter     (TSJ):    0.071ns
    Discrete Jitter          (DJ):    0.118ns
    Phase Error              (PE):    0.000ns

    Location             Delay type                Incr(ns)  Path(ns)    Netlist Resource(s)
  -------------------------------------------------------------------    -------------------
                         (clock pll_adc_clk rise edge)
                                                      0.000     0.000 r  
    U18                                               0.000     0.000 r  adc_clk_i[1] (IN)
                         net (fo=0)                   0.000     0.000    adc_clk_i[1]
    U18                                                               r  i_clk/I
    U18                  IBUFDS (Prop_ibufds_I_O)     0.983     0.983 r  i_clk/O
                         net (fo=1, routed)           1.306     2.289    pll/adc_clk_in
    PLLE2_ADV_X0Y0                                                    r  pll/pll/CLKIN1
    PLLE2_ADV_X0Y0       PLLE2_ADV (Prop_plle2_adv_CLKIN1_CLKOUT0)
                                                      0.089     2.378 r  pll/pll/CLKOUT0
                         net (fo=1, routed)           1.754     4.132    pll_adc_clk
    BUFGCTRL_X0Y0                                                     r  bufg_adc_clk/I
    BUFGCTRL_X0Y0        BUFG (Prop_bufg_I_O)         0.101     4.233 r  bufg_adc_clk/O
                         net (fo=7983, routed)        1.664     5.897    ps/axi_slave_gp0/adc_clk
    SLICE_X18Y51         FDRE                                         r  ps/axi_slave_gp0/rd_araddr_reg[3]/C
  -------------------------------------------------------------------    -------------------
    SLICE_X18Y51         FDRE (Prop_fdre_C_Q)         0.456     6.353 f  ps/axi_slave_gp0/rd_araddr_reg[3]/Q
                         net (fo=45, routed)          0.699     7.052    ps/axi_slave_gp0/rd_araddr[3]
    SLICE_X18Y51                                                      f  ps/axi_slave_gp0/scan_offset_o[13]_i_5/I0
    SLICE_X18Y51         LUT3 (Prop_lut3_I0_O)        0.150     7.202 f  ps/axi_slave_gp0/scan_offset_o[13]_i_5/O
                         net (fo=96, routed)          0.838     8.040    ps/axi_slave_gp0/rd_araddr_reg[3]_10
    SLICE_X17Y51                                                      f  ps/axi_slave_gp0/FSM_onehot_arm_phase_q[4]_i_8/I0
    SLICE_X17Y51         LUT5 (Prop_lut5_I0_O)        0.326     8.366 f  ps/axi_slave_gp0/FSM_onehot_arm_phase_q[4]_i_8/O
                         net (fo=1, routed)           0.667     9.033    ps/axi_slave_gp0/FSM_onehot_arm_phase_q[4]_i_8_n_0
    SLICE_X14Y42                                                      f  ps/axi_slave_gp0/FSM_onehot_arm_phase_q[4]_i_4/I5
    SLICE_X14Y42         LUT6 (Prop_lut6_I5_O)        0.124     9.157 r  ps/axi_slave_gp0/FSM_onehot_arm_phase_q[4]_i_4/O
                         net (fo=12, routed)          0.743     9.900    ps/axi_slave_gp0/FSM_onehot_arm_phase_q[4]_i_4_n_0
    SLICE_X13Y42                                                      r  ps/axi_slave_gp0/event_stage_fault_code_q[0]_i_2/I0
    SLICE_X13Y42         LUT6 (Prop_lut6_I0_O)        0.124    10.024 r  ps/axi_slave_gp0/event_stage_fault_code_q[0]_i_2/O
                         net (fo=8, routed)           0.633    10.657    ps/axi_slave_gp0/acq_abort
    SLICE_X10Y41                                                      r  ps/axi_slave_gp0/arm_window_q[31]_i_2/I0
    SLICE_X10Y41         LUT2 (Prop_lut2_I0_O)        0.153    10.810 r  ps/axi_slave_gp0/arm_window_q[31]_i_2/O
                         net (fo=65, routed)          0.889    11.699    i_custom_register_bank/i_deterministic_lock_acquisition/arm_target_high_q_reg[0]_0
    SLICE_X9Y42                                                       r  i_custom_register_bank/i_deterministic_lock_acquisition/arm_window_q[31]_i_1/I1
    SLICE_X9Y42          LUT2 (Prop_lut2_I1_O)        0.357    12.056 f  i_custom_register_bank/i_deterministic_lock_acquisition/arm_window_q[31]_i_1/O
                         net (fo=327, routed)         1.449    13.505    i_custom_register_bank/i_deterministic_lock_acquisition/arm_window_q[31]_i_1_n_0
    SLICE_X19Y46         FDRE                                         f  i_custom_register_bank/i_deterministic_lock_acquisition/arm_target_out2_q_reg[11]/CE
  -------------------------------------------------------------------    -------------------

                         (clock pll_adc_clk rise edge)
                                                      8.000     8.000 r  
    U18                                               0.000     8.000 r  adc_clk_i[1] (IN)
                         net (fo=0)                   0.000     8.000    adc_clk_i[1]
    U18                                                               r  i_clk/I
    U18                  IBUFDS (Prop_ibufds_I_O)     0.940     8.940 r  i_clk/O
                         net (fo=1, routed)           1.181    10.121    pll/adc_clk_in
    PLLE2_ADV_X0Y0                                                    r  pll/pll/CLKIN1
    PLLE2_ADV_X0Y0       PLLE2_ADV (Prop_plle2_adv_CLKIN1_CLKOUT0)
                                                      0.084    10.205 r  pll/pll/CLKOUT0
                         net (fo=1, routed)           1.594    11.799    pll_adc_clk
    BUFGCTRL_X0Y0                                                     r  bufg_adc_clk/I
    BUFGCTRL_X0Y0        BUFG (Prop_bufg_I_O)         0.091    11.890 r  bufg_adc_clk/O
                         net (fo=7983, routed)        1.500    13.390    i_custom_register_bank/i_deterministic_lock_acquisition/adc_clk
    SLICE_X19Y46         FDRE                                         r  i_custom_register_bank/i_deterministic_lock_acquisition/arm_target_out2_q_reg[11]/C
                         clock pessimism              0.343    13.734    
                         clock uncertainty           -0.069    13.665    
    SLICE_X19Y46         FDRE (Setup_fdre_C_CE)      -0.413    13.252    i_custom_register_bank/i_deterministic_lock_acquisition/arm_target_out2_q_reg[11]
  -------------------------------------------------------------------
                         required time                         13.252    
                         arrival time                         -13.505    
  -------------------------------------------------------------------
                         slack                                 -0.253    

Slack (VIOLATED) :        -0.253ns  (required time - arrival time)
  Source:                 ps/axi_slave_gp0/rd_araddr_reg[3]/C
                            (rising edge-triggered cell FDRE clocked by pll_adc_clk  {rise@0.000ns fall@4.000ns period=8.000ns})
  Destination:            i_custom_register_bank/i_deterministic_lock_acquisition/arm_target_out2_q_reg[12]/CE
                            (rising edge-triggered cell FDRE clocked by pll_adc_clk  {rise@0.000ns fall@4.000ns period=8.000ns})
  Path Group:             pll_adc_clk
  Path Type:              Setup (Max at Slow Process Corner)
  Requirement:            8.000ns  (pll_adc_clk rise@8.000ns - pll_adc_clk rise@0.000ns)
  Data Path Delay:        7.607ns  (logic 1.690ns (22.215%)  route 5.917ns (77.785%))
  Logic Levels:           6  (LUT2=2 LUT3=1 LUT5=1 LUT6=2)
  Clock Path Skew:        -0.164ns (DCD - SCD + CPR)
    Destination Clock Delay (DCD):    5.390ns = ( 13.390 - 8.000 ) 
    Source Clock Delay      (SCD):    5.897ns
    Clock Pessimism Removal (CPR):    0.343ns
  Clock Uncertainty:      0.069ns  ((TSJ^2 + DJ^2)^1/2) / 2 + PE
    Total System Jitter     (TSJ):    0.071ns
    Discrete Jitter          (DJ):    0.118ns
    Phase Error              (PE):    0.000ns

    Location             Delay type                Incr(ns)  Path(ns)    Netlist Resource(s)
  -------------------------------------------------------------------    -------------------
                         (clock pll_adc_clk rise edge)
                                                      0.000     0.000 r  
    U18                                               0.000     0.000 r  adc_clk_i[1] (IN)
                         net (fo=0)                   0.000     0.000    adc_clk_i[1]
    U18                                                               r  i_clk/I
    U18                  IBUFDS (Prop_ibufds_I_O)     0.983     0.983 r  i_clk/O
                         net (fo=1, routed)           1.306     2.289    pll/adc_clk_in
    PLLE2_ADV_X0Y0                                                    r  pll/pll/CLKIN1
    PLLE2_ADV_X0Y0       PLLE2_ADV (Prop_plle2_adv_CLKIN1_CLKOUT0)
                                                      0.089     2.378 r  pll/pll/CLKOUT0
                         net (fo=1, routed)           1.754     4.132    pll_adc_clk
    BUFGCTRL_X0Y0                                                     r  bufg_adc_clk/I
    BUFGCTRL_X0Y0        BUFG (Prop_bufg_I_O)         0.101     4.233 r  bufg_adc_clk/O
                         net (fo=7983, routed)        1.664     5.897    ps/axi_slave_gp0/adc_clk
    SLICE_X18Y51         FDRE                                         r  ps/axi_slave_gp0/rd_araddr_reg[3]/C
  -------------------------------------------------------------------    -------------------
    SLICE_X18Y51         FDRE (Prop_fdre_C_Q)         0.456     6.353 r  ps/axi_slave_gp0/rd_araddr_reg[3]/Q
                         net (fo=45, routed)          0.699     7.052    ps/axi_slave_gp0/rd_araddr[3]
    SLICE_X18Y51                                                      r  ps/axi_slave_gp0/scan_offset_o[13]_i_5/I0
    SLICE_X18Y51         LUT3 (Prop_lut3_I0_O)        0.150     7.202 r  ps/axi_slave_gp0/scan_offset_o[13]_i_5/O
                         net (fo=96, routed)          0.838     8.040    ps/axi_slave_gp0/rd_araddr_reg[3]_10
    SLICE_X17Y51                                                      r  ps/axi_slave_gp0/FSM_onehot_arm_phase_q[4]_i_8/I0
    SLICE_X17Y51         LUT5 (Prop_lut5_I0_O)        0.326     8.366 r  ps/axi_slave_gp0/FSM_onehot_arm_phase_q[4]_i_8/O
                         net (fo=1, routed)           0.667     9.033    ps/axi_slave_gp0/FSM_onehot_arm_phase_q[4]_i_8_n_0
    SLICE_X14Y42                                                      r  ps/axi_slave_gp0/FSM_onehot_arm_phase_q[4]_i_4/I5
    SLICE_X14Y42         LUT6 (Prop_lut6_I5_O)        0.124     9.157 f  ps/axi_slave_gp0/FSM_onehot_arm_phase_q[4]_i_4/O
                         net (fo=12, routed)          0.743     9.900    ps/axi_slave_gp0/FSM_onehot_arm_phase_q[4]_i_4_n_0
    SLICE_X13Y42                                                      f  ps/axi_slave_gp0/event_stage_fault_code_q[0]_i_2/I0
    SLICE_X13Y42         LUT6 (Prop_lut6_I0_O)        0.124    10.024 f  ps/axi_slave_gp0/event_stage_fault_code_q[0]_i_2/O
                         net (fo=8, routed)           0.633    10.657    ps/axi_slave_gp0/acq_abort
    SLICE_X10Y41                                                      f  ps/axi_slave_gp0/arm_window_q[31]_i_2/I0
    SLICE_X10Y41         LUT2 (Prop_lut2_I0_O)        0.153    10.810 f  ps/axi_slave_gp0/arm_window_q[31]_i_2/O
                         net (fo=65, routed)          0.889    11.699    i_custom_register_bank/i_deterministic_lock_acquisition/arm_target_high_q_reg[0]_0
    SLICE_X9Y42                                                       f  i_custom_register_bank/i_deterministic_lock_acquisition/arm_window_q[31]_i_1/I1
    SLICE_X9Y42          LUT2 (Prop_lut2_I1_O)        0.357    12.056 r  i_custom_register_bank/i_deterministic_lock_acquisition/arm_window_q[31]_i_1/O
                         net (fo=327, routed)         1.449    13.505    i_custom_register_bank/i_deterministic_lock_acquisition/arm_window_q[31]_i_1_n_0
    SLICE_X19Y46         FDRE                                         r  i_custom_register_bank/i_deterministic_lock_acquisition/arm_target_out2_q_reg[12]/CE
  -------------------------------------------------------------------    -------------------

                         (clock pll_adc_clk rise edge)
                                                      8.000     8.000 r  
    U18                                               0.000     8.000 r  adc_clk_i[1] (IN)
                         net (fo=0)                   0.000     8.000    adc_clk_i[1]
    U18                                                               r  i_clk/I
    U18                  IBUFDS (Prop_ibufds_I_O)     0.940     8.940 r  i_clk/O
                         net (fo=1, routed)           1.181    10.121    pll/adc_clk_in
    PLLE2_ADV_X0Y0                                                    r  pll/pll/CLKIN1
    PLLE2_ADV_X0Y0       PLLE2_ADV (Prop_plle2_adv_CLKIN1_CLKOUT0)
                                                      0.084    10.205 r  pll/pll/CLKOUT0
                         net (fo=1, routed)           1.594    11.799    pll_adc_clk
    BUFGCTRL_X0Y0                                                     r  bufg_adc_clk/I
    BUFGCTRL_X0Y0        BUFG (Prop_bufg_I_O)         0.091    11.890 r  bufg_adc_clk/O
                         net (fo=7983, routed)        1.500    13.390    i_custom_register_bank/i_deterministic_lock_acquisition/adc_clk
    SLICE_X19Y46         FDRE                                         r  i_custom_register_bank/i_deterministic_lock_acquisition/arm_target_out2_q_reg[12]/C
                         clock pessimism              0.343    13.734    
                         clock uncertainty           -0.069    13.665    
    SLICE_X19Y46         FDRE (Setup_fdre_C_CE)      -0.413    13.252    i_custom_register_bank/i_deterministic_lock_acquisition/arm_target_out2_q_reg[12]
  -------------------------------------------------------------------
                         required time                         13.252    
                         arrival time                         -13.505    
  -------------------------------------------------------------------
                         slack                                 -0.253    

Slack (VIOLATED) :        -0.253ns  (required time - arrival time)
  Source:                 ps/axi_slave_gp0/rd_araddr_reg[3]/C
                            (rising edge-triggered cell FDRE clocked by pll_adc_clk  {rise@0.000ns fall@4.000ns period=8.000ns})
  Destination:            i_custom_register_bank/i_deterministic_lock_acquisition/arm_target_out2_q_reg[12]/CE
                            (rising edge-triggered cell FDRE clocked by pll_adc_clk  {rise@0.000ns fall@4.000ns period=8.000ns})
  Path Group:             pll_adc_clk
  Path Type:              Setup (Max at Slow Process Corner)
  Requirement:            8.000ns  (pll_adc_clk rise@8.000ns - pll_adc_clk rise@0.000ns)
  Data Path Delay:        7.607ns  (logic 1.690ns (22.215%)  route 5.917ns (77.785%))
  Logic Levels:           6  (LUT2=2 LUT3=1 LUT5=1 LUT6=2)
  Clock Path Skew:        -0.164ns (DCD - SCD + CPR)
    Destination Clock Delay (DCD):    5.390ns = ( 13.390 - 8.000 ) 
    Source Clock Delay      (SCD):    5.897ns
    Clock Pessimism Removal (CPR):    0.343ns
  Clock Uncertainty:      0.069ns  ((TSJ^2 + DJ^2)^1/2) / 2 + PE
    Total System Jitter     (TSJ):    0.071ns
    Discrete Jitter          (DJ):    0.118ns
    Phase Error              (PE):    0.000ns

    Location             Delay type                Incr(ns)  Path(ns)    Netlist Resource(s)
  -------------------------------------------------------------------    -------------------
                         (clock pll_adc_clk rise edge)
                                                      0.000     0.000 r  
    U18                                               0.000     0.000 r  adc_clk_i[1] (IN)
                         net (fo=0)                   0.000     0.000    adc_clk_i[1]
    U18                                                               r  i_clk/I
    U18                  IBUFDS (Prop_ibufds_I_O)     0.983     0.983 r  i_clk/O
                         net (fo=1, routed)           1.306     2.289    pll/adc_clk_in
    PLLE2_ADV_X0Y0                                                    r  pll/pll/CLKIN1
    PLLE2_ADV_X0Y0       PLLE2_ADV (Prop_plle2_adv_CLKIN1_CLKOUT0)
                                                      0.089     2.378 r  pll/pll/CLKOUT0
                         net (fo=1, routed)           1.754     4.132    pll_adc_clk
    BUFGCTRL_X0Y0                                                     r  bufg_adc_clk/I
    BUFGCTRL_X0Y0        BUFG (Prop_bufg_I_O)         0.101     4.233 r  bufg_adc_clk/O
                         net (fo=7983, routed)        1.664     5.897    ps/axi_slave_gp0/adc_clk
    SLICE_X18Y51         FDRE                                         r  ps/axi_slave_gp0/rd_araddr_reg[3]/C
  -------------------------------------------------------------------    -------------------
    SLICE_X18Y51         FDRE (Prop_fdre_C_Q)         0.456     6.353 f  ps/axi_slave_gp0/rd_araddr_reg[3]/Q
                         net (fo=45, routed)          0.699     7.052    ps/axi_slave_gp0/rd_araddr[3]
    SLICE_X18Y51                                                      f  ps/axi_slave_gp0/scan_offset_o[13]_i_5/I0
    SLICE_X18Y51         LUT3 (Prop_lut3_I0_O)        0.150     7.202 f  ps/axi_slave_gp0/scan_offset_o[13]_i_5/O
                         net (fo=96, routed)          0.838     8.040    ps/axi_slave_gp0/rd_araddr_reg[3]_10
    SLICE_X17Y51                                                      f  ps/axi_slave_gp0/FSM_onehot_arm_phase_q[4]_i_8/I0
    SLICE_X17Y51         LUT5 (Prop_lut5_I0_O)        0.326     8.366 f  ps/axi_slave_gp0/FSM_onehot_arm_phase_q[4]_i_8/O
                         net (fo=1, routed)           0.667     9.033    ps/axi_slave_gp0/FSM_onehot_arm_phase_q[4]_i_8_n_0
    SLICE_X14Y42                                                      f  ps/axi_slave_gp0/FSM_onehot_arm_phase_q[4]_i_4/I5
    SLICE_X14Y42         LUT6 (Prop_lut6_I5_O)        0.124     9.157 r  ps/axi_slave_gp0/FSM_onehot_arm_phase_q[4]_i_4/O
                         net (fo=12, routed)          0.743     9.900    ps/axi_slave_gp0/FSM_onehot_arm_phase_q[4]_i_4_n_0
    SLICE_X13Y42                                                      r  ps/axi_slave_gp0/event_stage_fault_code_q[0]_i_2/I0
    SLICE_X13Y42         LUT6 (Prop_lut6_I0_O)        0.124    10.024 r  ps/axi_slave_gp0/event_stage_fault_code_q[0]_i_2/O
                         net (fo=8, routed)           0.633    10.657    ps/axi_slave_gp0/acq_abort
    SLICE_X10Y41                                                      r  ps/axi_slave_gp0/arm_window_q[31]_i_2/I0
    SLICE_X10Y41         LUT2 (Prop_lut2_I0_O)        0.153    10.810 r  ps/axi_slave_gp0/arm_window_q[31]_i_2/O
                         net (fo=65, routed)          0.889    11.699    i_custom_register_bank/i_deterministic_lock_acquisition/arm_target_high_q_reg[0]_0
    SLICE_X9Y42                                                       r  i_custom_register_bank/i_deterministic_lock_acquisition/arm_window_q[31]_i_1/I1
    SLICE_X9Y42          LUT2 (Prop_lut2_I1_O)        0.357    12.056 f  i_custom_register_bank/i_deterministic_lock_acquisition/arm_window_q[31]_i_1/O
                         net (fo=327, routed)         1.449    13.505    i_custom_register_bank/i_deterministic_lock_acquisition/arm_window_q[31]_i_1_n_0
    SLICE_X19Y46         FDRE                                         f  i_custom_register_bank/i_deterministic_lock_acquisition/arm_target_out2_q_reg[12]/CE
  -------------------------------------------------------------------    -------------------

                         (clock pll_adc_clk rise edge)
                                                      8.000     8.000 r  
    U18                                               0.000     8.000 r  adc_clk_i[1] (IN)
                         net (fo=0)                   0.000     8.000    adc_clk_i[1]
    U18                                                               r  i_clk/I
    U18                  IBUFDS (Prop_ibufds_I_O)     0.940     8.940 r  i_clk/O
                         net (fo=1, routed)           1.181    10.121    pll/adc_clk_in
    PLLE2_ADV_X0Y0                                                    r  pll/pll/CLKIN1
    PLLE2_ADV_X0Y0       PLLE2_ADV (Prop_plle2_adv_CLKIN1_CLKOUT0)
                                                      0.084    10.205 r  pll/pll/CLKOUT0
                         net (fo=1, routed)           1.594    11.799    pll_adc_clk
    BUFGCTRL_X0Y0                                                     r  bufg_adc_clk/I
    BUFGCTRL_X0Y0        BUFG (Prop_bufg_I_O)         0.091    11.890 r  bufg_adc_clk/O
                         net (fo=7983, routed)        1.500    13.390    i_custom_register_bank/i_deterministic_lock_acquisition/adc_clk
    SLICE_X19Y46         FDRE                                         r  i_custom_register_bank/i_deterministic_lock_acquisition/arm_target_out2_q_reg[12]/C
                         clock pessimism              0.343    13.734    
                         clock uncertainty           -0.069    13.665    
    SLICE_X19Y46         FDRE (Setup_fdre_C_CE)      -0.413    13.252    i_custom_register_bank/i_deterministic_lock_acquisition/arm_target_out2_q_reg[12]
  -------------------------------------------------------------------
                         required time                         13.252    
                         arrival time                         -13.505    
  -------------------------------------------------------------------
                         slack                                 -0.253    

Slack (VIOLATED) :        -0.253ns  (required time - arrival time)
  Source:                 ps/axi_slave_gp0/rd_araddr_reg[3]/C
                            (rising edge-triggered cell FDRE clocked by pll_adc_clk  {rise@0.000ns fall@4.000ns period=8.000ns})
  Destination:            i_custom_register_bank/i_deterministic_lock_acquisition/arm_target_out2_q_reg[9]/CE
                            (rising edge-triggered cell FDRE clocked by pll_adc_clk  {rise@0.000ns fall@4.000ns period=8.000ns})
  Path Group:             pll_adc_clk
  Path Type:              Setup (Max at Slow Process Corner)
  Requirement:            8.000ns  (pll_adc_clk rise@8.000ns - pll_adc_clk rise@0.000ns)
  Data Path Delay:        7.607ns  (logic 1.690ns (22.215%)  route 5.917ns (77.785%))
  Logic Levels:           6  (LUT2=2 LUT3=1 LUT5=1 LUT6=2)
  Clock Path Skew:        -0.164ns (DCD - SCD + CPR)
    Destination Clock Delay (DCD):    5.390ns = ( 13.390 - 8.000 ) 
    Source Clock Delay      (SCD):    5.897ns
    Clock Pessimism Removal (CPR):    0.343ns
  Clock Uncertainty:      0.069ns  ((TSJ^2 + DJ^2)^1/2) / 2 + PE
    Total System Jitter     (TSJ):    0.071ns
    Discrete Jitter          (DJ):    0.118ns
    Phase Error              (PE):    0.000ns

    Location             Delay type                Incr(ns)  Path(ns)    Netlist Resource(s)
  -------------------------------------------------------------------    -------------------
                         (clock pll_adc_clk rise edge)
                                                      0.000     0.000 r  
    U18                                               0.000     0.000 r  adc_clk_i[1] (IN)
                         net (fo=0)                   0.000     0.000    adc_clk_i[1]
    U18                                                               r  i_clk/I
    U18                  IBUFDS (Prop_ibufds_I_O)     0.983     0.983 r  i_clk/O
                         net (fo=1, routed)           1.306     2.289    pll/adc_clk_in
    PLLE2_ADV_X0Y0                                                    r  pll/pll/CLKIN1
    PLLE2_ADV_X0Y0       PLLE2_ADV (Prop_plle2_adv_CLKIN1_CLKOUT0)
                                                      0.089     2.378 r  pll/pll/CLKOUT0
                         net (fo=1, routed)           1.754     4.132    pll_adc_clk
    BUFGCTRL_X0Y0                                                     r  bufg_adc_clk/I
    BUFGCTRL_X0Y0        BUFG (Prop_bufg_I_O)         0.101     4.233 r  bufg_adc_clk/O
                         net (fo=7983, routed)        1.664     5.897    ps/axi_slave_gp0/adc_clk
    SLICE_X18Y51         FDRE                                         r  ps/axi_slave_gp0/rd_araddr_reg[3]/C
  -------------------------------------------------------------------    -------------------
    SLICE_X18Y51         FDRE (Prop_fdre_C_Q)         0.456     6.353 r  ps/axi_slave_gp0/rd_araddr_reg[3]/Q
                         net (fo=45, routed)          0.699     7.052    ps/axi_slave_gp0/rd_araddr[3]
    SLICE_X18Y51                                                      r  ps/axi_slave_gp0/scan_offset_o[13]_i_5/I0
    SLICE_X18Y51         LUT3 (Prop_lut3_I0_O)        0.150     7.202 r  ps/axi_slave_gp0/scan_offset_o[13]_i_5/O
                         net (fo=96, routed)          0.838     8.040    ps/axi_slave_gp0/rd_araddr_reg[3]_10
    SLICE_X17Y51                                                      r  ps/axi_slave_gp0/FSM_onehot_arm_phase_q[4]_i_8/I0
    SLICE_X17Y51         LUT5 (Prop_lut5_I0_O)        0.326     8.366 r  ps/axi_slave_gp0/FSM_onehot_arm_phase_q[4]_i_8/O
                         net (fo=1, routed)           0.667     9.033    ps/axi_slave_gp0/FSM_onehot_arm_phase_q[4]_i_8_n_0
    SLICE_X14Y42                                                      r  ps/axi_slave_gp0/FSM_onehot_arm_phase_q[4]_i_4/I5
    SLICE_X14Y42         LUT6 (Prop_lut6_I5_O)        0.124     9.157 f  ps/axi_slave_gp0/FSM_onehot_arm_phase_q[4]_i_4/O
                         net (fo=12, routed)          0.743     9.900    ps/axi_slave_gp0/FSM_onehot_arm_phase_q[4]_i_4_n_0
    SLICE_X13Y42                                                      f  ps/axi_slave_gp0/event_stage_fault_code_q[0]_i_2/I0
    SLICE_X13Y42         LUT6 (Prop_lut6_I0_O)        0.124    10.024 f  ps/axi_slave_gp0/event_stage_fault_code_q[0]_i_2/O
                         net (fo=8, routed)           0.633    10.657    ps/axi_slave_gp0/acq_abort
    SLICE_X10Y41                                                      f  ps/axi_slave_gp0/arm_window_q[31]_i_2/I0
    SLICE_X10Y41         LUT2 (Prop_lut2_I0_O)        0.153    10.810 f  ps/axi_slave_gp0/arm_window_q[31]_i_2/O
                         net (fo=65, routed)          0.889    11.699    i_custom_register_bank/i_deterministic_lock_acquisition/arm_target_high_q_reg[0]_0
    SLICE_X9Y42                                                       f  i_custom_register_bank/i_deterministic_lock_acquisition/arm_window_q[31]_i_1/I1
    SLICE_X9Y42          LUT2 (Prop_lut2_I1_O)        0.357    12.056 r  i_custom_register_bank/i_deterministic_lock_acquisition/arm_window_q[31]_i_1/O
                         net (fo=327, routed)         1.449    13.505    i_custom_register_bank/i_deterministic_lock_acquisition/arm_window_q[31]_i_1_n_0
    SLICE_X19Y46         FDRE                                         r  i_custom_register_bank/i_deterministic_lock_acquisition/arm_target_out2_q_reg[9]/CE
  -------------------------------------------------------------------    -------------------

                         (clock pll_adc_clk rise edge)
                                                      8.000     8.000 r  
    U18                                               0.000     8.000 r  adc_clk_i[1] (IN)
                         net (fo=0)                   0.000     8.000    adc_clk_i[1]
    U18                                                               r  i_clk/I
    U18                  IBUFDS (Prop_ibufds_I_O)     0.940     8.940 r  i_clk/O
                         net (fo=1, routed)           1.181    10.121    pll/adc_clk_in
    PLLE2_ADV_X0Y0                                                    r  pll/pll/CLKIN1
    PLLE2_ADV_X0Y0       PLLE2_ADV (Prop_plle2_adv_CLKIN1_CLKOUT0)
                                                      0.084    10.205 r  pll/pll/CLKOUT0
                         net (fo=1, routed)           1.594    11.799    pll_adc_clk
    BUFGCTRL_X0Y0                                                     r  bufg_adc_clk/I
    BUFGCTRL_X0Y0        BUFG (Prop_bufg_I_O)         0.091    11.890 r  bufg_adc_clk/O
                         net (fo=7983, routed)        1.500    13.390    i_custom_register_bank/i_deterministic_lock_acquisition/adc_clk
    SLICE_X19Y46         FDRE                                         r  i_custom_register_bank/i_deterministic_lock_acquisition/arm_target_out2_q_reg[9]/C
                         clock pessimism              0.343    13.734    
                         clock uncertainty           -0.069    13.665    
    SLICE_X19Y46         FDRE (Setup_fdre_C_CE)      -0.413    13.252    i_custom_register_bank/i_deterministic_lock_acquisition/arm_target_out2_q_reg[9]
  -------------------------------------------------------------------
                         required time                         13.252    
                         arrival time                         -13.505    
  -------------------------------------------------------------------
                         slack                                 -0.253    

Slack (VIOLATED) :        -0.253ns  (required time - arrival time)
  Source:                 ps/axi_slave_gp0/rd_araddr_reg[3]/C
                            (rising edge-triggered cell FDRE clocked by pll_adc_clk  {rise@0.000ns fall@4.000ns period=8.000ns})
  Destination:            i_custom_register_bank/i_deterministic_lock_acquisition/arm_target_out2_q_reg[9]/CE
                            (rising edge-triggered cell FDRE clocked by pll_adc_clk  {rise@0.000ns fall@4.000ns period=8.000ns})
  Path Group:             pll_adc_clk
  Path Type:              Setup (Max at Slow Process Corner)
  Requirement:            8.000ns  (pll_adc_clk rise@8.000ns - pll_adc_clk rise@0.000ns)
  Data Path Delay:        7.607ns  (logic 1.690ns (22.215%)  route 5.917ns (77.785%))
  Logic Levels:           6  (LUT2=2 LUT3=1 LUT5=1 LUT6=2)
  Clock Path Skew:        -0.164ns (DCD - SCD + CPR)
    Destination Clock Delay (DCD):    5.390ns = ( 13.390 - 8.000 ) 
    Source Clock Delay      (SCD):    5.897ns
    Clock Pessimism Removal (CPR):    0.343ns
  Clock Uncertainty:      0.069ns  ((TSJ^2 + DJ^2)^1/2) / 2 + PE
    Total System Jitter     (TSJ):    0.071ns
    Discrete Jitter          (DJ):    0.118ns
    Phase Error              (PE):    0.000ns

    Location             Delay type                Incr(ns)  Path(ns)    Netlist Resource(s)
  -------------------------------------------------------------------    -------------------
                         (clock pll_adc_clk rise edge)
                                                      0.000     0.000 r  
    U18                                               0.000     0.000 r  adc_clk_i[1] (IN)
                         net (fo=0)                   0.000     0.000    adc_clk_i[1]
    U18                                                               r  i_clk/I
    U18                  IBUFDS (Prop_ibufds_I_O)     0.983     0.983 r  i_clk/O
                         net (fo=1, routed)           1.306     2.289    pll/adc_clk_in
    PLLE2_ADV_X0Y0                                                    r  pll/pll/CLKIN1
    PLLE2_ADV_X0Y0       PLLE2_ADV (Prop_plle2_adv_CLKIN1_CLKOUT0)
                                                      0.089     2.378 r  pll/pll/CLKOUT0
                         net (fo=1, routed)           1.754     4.132    pll_adc_clk
    BUFGCTRL_X0Y0                                                     r  bufg_adc_clk/I
    BUFGCTRL_X0Y0        BUFG (Prop_bufg_I_O)         0.101     4.233 r  bufg_adc_clk/O
                         net (fo=7983, routed)        1.664     5.897    ps/axi_slave_gp0/adc_clk
    SLICE_X18Y51         FDRE                                         r  ps/axi_slave_gp0/rd_araddr_reg[3]/C
  -------------------------------------------------------------------    -------------------
    SLICE_X18Y51         FDRE (Prop_fdre_C_Q)         0.456     6.353 f  ps/axi_slave_gp0/rd_araddr_reg[3]/Q
                         net (fo=45, routed)          0.699     7.052    ps/axi_slave_gp0/rd_araddr[3]
    SLICE_X18Y51                                                      f  ps/axi_slave_gp0/scan_offset_o[13]_i_5/I0
    SLICE_X18Y51         LUT3 (Prop_lut3_I0_O)        0.150     7.202 f  ps/axi_slave_gp0/scan_offset_o[13]_i_5/O
                         net (fo=96, routed)          0.838     8.040    ps/axi_slave_gp0/rd_araddr_reg[3]_10
    SLICE_X17Y51                                                      f  ps/axi_slave_gp0/FSM_onehot_arm_phase_q[4]_i_8/I0
    SLICE_X17Y51         LUT5 (Prop_lut5_I0_O)        0.326     8.366 f  ps/axi_slave_gp0/FSM_onehot_arm_phase_q[4]_i_8/O
                         net (fo=1, routed)           0.667     9.033    ps/axi_slave_gp0/FSM_onehot_arm_phase_q[4]_i_8_n_0
    SLICE_X14Y42                                                      f  ps/axi_slave_gp0/FSM_onehot_arm_phase_q[4]_i_4/I5
    SLICE_X14Y42         LUT6 (Prop_lut6_I5_O)        0.124     9.157 r  ps/axi_slave_gp0/FSM_onehot_arm_phase_q[4]_i_4/O
                         net (fo=12, routed)          0.743     9.900    ps/axi_slave_gp0/FSM_onehot_arm_phase_q[4]_i_4_n_0
    SLICE_X13Y42                                                      r  ps/axi_slave_gp0/event_stage_fault_code_q[0]_i_2/I0
    SLICE_X13Y42         LUT6 (Prop_lut6_I0_O)        0.124    10.024 r  ps/axi_slave_gp0/event_stage_fault_code_q[0]_i_2/O
                         net (fo=8, routed)           0.633    10.657    ps/axi_slave_gp0/acq_abort
    SLICE_X10Y41                                                      r  ps/axi_slave_gp0/arm_window_q[31]_i_2/I0
    SLICE_X10Y41         LUT2 (Prop_lut2_I0_O)        0.153    10.810 r  ps/axi_slave_gp0/arm_window_q[31]_i_2/O
                         net (fo=65, routed)          0.889    11.699    i_custom_register_bank/i_deterministic_lock_acquisition/arm_target_high_q_reg[0]_0
    SLICE_X9Y42                                                       r  i_custom_register_bank/i_deterministic_lock_acquisition/arm_window_q[31]_i_1/I1
    SLICE_X9Y42          LUT2 (Prop_lut2_I1_O)        0.357    12.056 f  i_custom_register_bank/i_deterministic_lock_acquisition/arm_window_q[31]_i_1/O
                         net (fo=327, routed)         1.449    13.505    i_custom_register_bank/i_deterministic_lock_acquisition/arm_window_q[31]_i_1_n_0
    SLICE_X19Y46         FDRE                                         f  i_custom_register_bank/i_deterministic_lock_acquisition/arm_target_out2_q_reg[9]/CE
  -------------------------------------------------------------------    -------------------

                         (clock pll_adc_clk rise edge)
                                                      8.000     8.000 r  
    U18                                               0.000     8.000 r  adc_clk_i[1] (IN)
                         net (fo=0)                   0.000     8.000    adc_clk_i[1]
    U18                                                               r  i_clk/I
    U18                  IBUFDS (Prop_ibufds_I_O)     0.940     8.940 r  i_clk/O
                         net (fo=1, routed)           1.181    10.121    pll/adc_clk_in
    PLLE2_ADV_X0Y0                                                    r  pll/pll/CLKIN1
    PLLE2_ADV_X0Y0       PLLE2_ADV (Prop_plle2_adv_CLKIN1_CLKOUT0)
                                                      0.084    10.205 r  pll/pll/CLKOUT0
                         net (fo=1, routed)           1.594    11.799    pll_adc_clk
    BUFGCTRL_X0Y0                                                     r  bufg_adc_clk/I
    BUFGCTRL_X0Y0        BUFG (Prop_bufg_I_O)         0.091    11.890 r  bufg_adc_clk/O
                         net (fo=7983, routed)        1.500    13.390    i_custom_register_bank/i_deterministic_lock_acquisition/adc_clk
    SLICE_X19Y46         FDRE                                         r  i_custom_register_bank/i_deterministic_lock_acquisition/arm_target_out2_q_reg[9]/C
                         clock pessimism              0.343    13.734    
                         clock uncertainty           -0.069    13.665    
    SLICE_X19Y46         FDRE (Setup_fdre_C_CE)      -0.413    13.252    i_custom_register_bank/i_deterministic_lock_acquisition/arm_target_out2_q_reg[9]
  -------------------------------------------------------------------
                         required time                         13.252    
                         arrival time                         -13.505    
  -------------------------------------------------------------------
                         slack                                 -0.253    

Slack (VIOLATED) :        -0.252ns  (required time - arrival time)
  Source:                 ps/axi_slave_gp0/wr_awaddr_reg[2]/C
                            (rising edge-triggered cell FDRE clocked by pll_adc_clk  {rise@0.000ns fall@4.000ns period=8.000ns})
  Destination:            i_custom_register_bank/i_deterministic_lock_acquisition/arm_request_timestamp_q_reg[17]/CE
                            (rising edge-triggered cell FDRE clocked by pll_adc_clk  {rise@0.000ns fall@4.000ns period=8.000ns})
  Path Group:             pll_adc_clk
  Path Type:              Setup (Max at Slow Process Corner)
  Requirement:            8.000ns  (pll_adc_clk rise@8.000ns - pll_adc_clk rise@0.000ns)
  Data Path Delay:        7.661ns  (logic 1.566ns (20.442%)  route 6.095ns (79.558%))
  Logic Levels:           5  (LUT2=2 LUT3=1 LUT6=2)
  Clock Path Skew:        -0.110ns (DCD - SCD + CPR)
    Destination Clock Delay (DCD):    5.433ns = ( 13.433 - 8.000 ) 
    Source Clock Delay      (SCD):    5.900ns
    Clock Pessimism Removal (CPR):    0.357ns
  Clock Uncertainty:      0.069ns  ((TSJ^2 + DJ^2)^1/2) / 2 + PE
    Total System Jitter     (TSJ):    0.071ns
    Discrete Jitter          (DJ):    0.118ns
    Phase Error              (PE):    0.000ns

    Location             Delay type                Incr(ns)  Path(ns)    Netlist Resource(s)
  -------------------------------------------------------------------    -------------------
                         (clock pll_adc_clk rise edge)
                                                      0.000     0.000 r  
    U18                                               0.000     0.000 r  adc_clk_i[1] (IN)
                         net (fo=0)                   0.000     0.000    adc_clk_i[1]
    U18                                                               r  i_clk/I
    U18                  IBUFDS (Prop_ibufds_I_O)     0.983     0.983 r  i_clk/O
                         net (fo=1, routed)           1.306     2.289    pll/adc_clk_in
    PLLE2_ADV_X0Y0                                                    r  pll/pll/CLKIN1
    PLLE2_ADV_X0Y0       PLLE2_ADV (Prop_plle2_adv_CLKIN1_CLKOUT0)
                                                      0.089     2.378 r  pll/pll/CLKOUT0
                         net (fo=1, routed)           1.754     4.132    pll_adc_clk
    BUFGCTRL_X0Y0                                                     r  bufg_adc_clk/I
    BUFGCTRL_X0Y0        BUFG (Prop_bufg_I_O)         0.101     4.233 r  bufg_adc_clk/O
                         net (fo=7983, routed)        1.667     5.900    ps/axi_slave_gp0/adc_clk
    SLICE_X23Y39         FDRE                                         r  ps/axi_slave_gp0/wr_awaddr_reg[2]/C
  -------------------------------------------------------------------    -------------------
    SLICE_X23Y39         FDRE (Prop_fdre_C_Q)         0.456     6.356 f  ps/axi_slave_gp0/wr_awaddr_reg[2]/Q
                         net (fo=9, routed)           1.028     7.384    ps/axi_slave_gp0/wr_awaddr[2]
    SLICE_X18Y49                                                      f  ps/axi_slave_gp0/scan_offset_o[13]_i_4/I2
    SLICE_X18Y49         LUT3 (Prop_lut3_I2_O)        0.150     7.534 f  ps/axi_slave_gp0/scan_offset_o[13]_i_4/O
                         net (fo=126, routed)         1.396     8.930    ps/axi_slave_gp0/rd_araddr_reg[2]_9
    SLICE_X14Y42                                                      f  ps/axi_slave_gp0/FSM_onehot_arm_phase_q[4]_i_4/I3
    SLICE_X14Y42         LUT6 (Prop_lut6_I3_O)        0.326     9.256 f  ps/axi_slave_gp0/FSM_onehot_arm_phase_q[4]_i_4/O
                         net (fo=12, routed)          0.743     9.999    ps/axi_slave_gp0/FSM_onehot_arm_phase_q[4]_i_4_n_0
    SLICE_X13Y42                                                      f  ps/axi_slave_gp0/event_stage_fault_code_q[0]_i_2/I0
    SLICE_X13Y42         LUT6 (Prop_lut6_I0_O)        0.124    10.123 f  ps/axi_slave_gp0/event_stage_fault_code_q[0]_i_2/O
                         net (fo=8, routed)           0.633    10.756    ps/axi_slave_gp0/acq_abort
    SLICE_X10Y41                                                      f  ps/axi_slave_gp0/arm_window_q[31]_i_2/I0
    SLICE_X10Y41         LUT2 (Prop_lut2_I0_O)        0.153    10.909 f  ps/axi_slave_gp0/arm_window_q[31]_i_2/O
                         net (fo=65, routed)          0.889    11.798    i_custom_register_bank/i_deterministic_lock_acquisition/arm_target_high_q_reg[0]_0
    SLICE_X9Y42                                                       f  i_custom_register_bank/i_deterministic_lock_acquisition/arm_window_q[31]_i_1/I1
    SLICE_X9Y42          LUT2 (Prop_lut2_I1_O)        0.357    12.155 r  i_custom_register_bank/i_deterministic_lock_acquisition/arm_window_q[31]_i_1/O
                         net (fo=327, routed)         1.406    13.561    i_custom_register_bank/i_deterministic_lock_acquisition/arm_window_q[31]_i_1_n_0
    SLICE_X5Y32          FDRE                                         r  i_custom_register_bank/i_deterministic_lock_acquisition/arm_request_timestamp_q_reg[17]/CE
  -------------------------------------------------------------------    -------------------

                         (clock pll_adc_clk rise edge)
                                                      8.000     8.000 r  
    U18                                               0.000     8.000 r  adc_clk_i[1] (IN)
                         net (fo=0)                   0.000     8.000    adc_clk_i[1]
    U18                                                               r  i_clk/I
    U18                  IBUFDS (Prop_ibufds_I_O)     0.940     8.940 r  i_clk/O
                         net (fo=1, routed)           1.181    10.121    pll/adc_clk_in
    PLLE2_ADV_X0Y0                                                    r  pll/pll/CLKIN1
    PLLE2_ADV_X0Y0       PLLE2_ADV (Prop_plle2_adv_CLKIN1_CLKOUT0)
                                                      0.084    10.205 r  pll/pll/CLKOUT0
                         net (fo=1, routed)           1.594    11.799    pll_adc_clk
    BUFGCTRL_X0Y0                                                     r  bufg_adc_clk/I
    BUFGCTRL_X0Y0        BUFG (Prop_bufg_I_O)         0.091    11.890 r  bufg_adc_clk/O
                         net (fo=7983, routed)        1.543    13.433    i_custom_register_bank/i_deterministic_lock_acquisition/adc_clk
    SLICE_X5Y32          FDRE                                         r  i_custom_register_bank/i_deterministic_lock_acquisition/arm_request_timestamp_q_reg[17]/C
                         clock pessimism              0.357    13.791    
                         clock uncertainty           -0.069    13.722    
    SLICE_X5Y32          FDRE (Setup_fdre_C_CE)      -0.413    13.309    i_custom_register_bank/i_deterministic_lock_acquisition/arm_request_timestamp_q_reg[17]
  -------------------------------------------------------------------
                         required time                         13.309    
                         arrival time                         -13.561    
  -------------------------------------------------------------------
                         slack                                 -0.252    

Slack (VIOLATED) :        -0.252ns  (required time - arrival time)
  Source:                 ps/axi_slave_gp0/wr_awaddr_reg[2]/C
                            (rising edge-triggered cell FDRE clocked by pll_adc_clk  {rise@0.000ns fall@4.000ns period=8.000ns})
  Destination:            i_custom_register_bank/i_deterministic_lock_acquisition/arm_request_timestamp_q_reg[17]/CE
                            (rising edge-triggered cell FDRE clocked by pll_adc_clk  {rise@0.000ns fall@4.000ns period=8.000ns})
  Path Group:             pll_adc_clk
  Path Type:              Setup (Max at Slow Process Corner)
  Requirement:            8.000ns  (pll_adc_clk rise@8.000ns - pll_adc_clk rise@0.000ns)
  Data Path Delay:        7.661ns  (logic 1.566ns (20.442%)  route 6.095ns (79.558%))
  Logic Levels:           5  (LUT2=2 LUT3=1 LUT6=2)
  Clock Path Skew:        -0.110ns (DCD - SCD + CPR)
    Destination Clock Delay (DCD):    5.433ns = ( 13.433 - 8.000 ) 
    Source Clock Delay      (SCD):    5.900ns
    Clock Pessimism Removal (CPR):    0.357ns
  Clock Uncertainty:      0.069ns  ((TSJ^2 + DJ^2)^1/2) / 2 + PE
    Total System Jitter     (TSJ):    0.071ns
    Discrete Jitter          (DJ):    0.118ns
    Phase Error              (PE):    0.000ns

    Location             Delay type                Incr(ns)  Path(ns)    Netlist Resource(s)
  -------------------------------------------------------------------    -------------------
                         (clock pll_adc_clk rise edge)
                                                      0.000     0.000 r  
    U18                                               0.000     0.000 r  adc_clk_i[1] (IN)
                         net (fo=0)                   0.000     0.000    adc_clk_i[1]
    U18                                                               r  i_clk/I
    U18                  IBUFDS (Prop_ibufds_I_O)     0.983     0.983 r  i_clk/O
                         net (fo=1, routed)           1.306     2.289    pll/adc_clk_in
    PLLE2_ADV_X0Y0                                                    r  pll/pll/CLKIN1
    PLLE2_ADV_X0Y0       PLLE2_ADV (Prop_plle2_adv_CLKIN1_CLKOUT0)
                                                      0.089     2.378 r  pll/pll/CLKOUT0
                         net (fo=1, routed)           1.754     4.132    pll_adc_clk
    BUFGCTRL_X0Y0                                                     r  bufg_adc_clk/I
    BUFGCTRL_X0Y0        BUFG (Prop_bufg_I_O)         0.101     4.233 r  bufg_adc_clk/O
                         net (fo=7983, routed)        1.667     5.900    ps/axi_slave_gp0/adc_clk
    SLICE_X23Y39         FDRE                                         r  ps/axi_slave_gp0/wr_awaddr_reg[2]/C
  -------------------------------------------------------------------    -------------------
    SLICE_X23Y39         FDRE (Prop_fdre_C_Q)         0.456     6.356 r  ps/axi_slave_gp0/wr_awaddr_reg[2]/Q
                         net (fo=9, routed)           1.028     7.384    ps/axi_slave_gp0/wr_awaddr[2]
    SLICE_X18Y49                                                      r  ps/axi_slave_gp0/scan_offset_o[13]_i_4/I2
    SLICE_X18Y49         LUT3 (Prop_lut3_I2_O)        0.150     7.534 r  ps/axi_slave_gp0/scan_offset_o[13]_i_4/O
                         net (fo=126, routed)         1.396     8.930    ps/axi_slave_gp0/rd_araddr_reg[2]_9
    SLICE_X14Y42                                                      r  ps/axi_slave_gp0/FSM_onehot_arm_phase_q[4]_i_4/I3
    SLICE_X14Y42         LUT6 (Prop_lut6_I3_O)        0.326     9.256 r  ps/axi_slave_gp0/FSM_onehot_arm_phase_q[4]_i_4/O
                         net (fo=12, routed)          0.743     9.999    ps/axi_slave_gp0/FSM_onehot_arm_phase_q[4]_i_4_n_0
    SLICE_X13Y42                                                      r  ps/axi_slave_gp0/event_stage_fault_code_q[0]_i_2/I0
    SLICE_X13Y42         LUT6 (Prop_lut6_I0_O)        0.124    10.123 r  ps/axi_slave_gp0/event_stage_fault_code_q[0]_i_2/O
                         net (fo=8, routed)           0.633    10.756    ps/axi_slave_gp0/acq_abort
    SLICE_X10Y41                                                      r  ps/axi_slave_gp0/arm_window_q[31]_i_2/I0
    SLICE_X10Y41         LUT2 (Prop_lut2_I0_O)        0.153    10.909 r  ps/axi_slave_gp0/arm_window_q[31]_i_2/O
                         net (fo=65, routed)          0.889    11.798    i_custom_register_bank/i_deterministic_lock_acquisition/arm_target_high_q_reg[0]_0
    SLICE_X9Y42                                                       r  i_custom_register_bank/i_deterministic_lock_acquisition/arm_window_q[31]_i_1/I1
    SLICE_X9Y42          LUT2 (Prop_lut2_I1_O)        0.357    12.155 f  i_custom_register_bank/i_deterministic_lock_acquisition/arm_window_q[31]_i_1/O
                         net (fo=327, routed)         1.406    13.561    i_custom_register_bank/i_deterministic_lock_acquisition/arm_window_q[31]_i_1_n_0
    SLICE_X5Y32          FDRE                                         f  i_custom_register_bank/i_deterministic_lock_acquisition/arm_request_timestamp_q_reg[17]/CE
  -------------------------------------------------------------------    -------------------

                         (clock pll_adc_clk rise edge)
                                                      8.000     8.000 r  
    U18                                               0.000     8.000 r  adc_clk_i[1] (IN)
                         net (fo=0)                   0.000     8.000    adc_clk_i[1]
    U18                                                               r  i_clk/I
    U18                  IBUFDS (Prop_ibufds_I_O)     0.940     8.940 r  i_clk/O
                         net (fo=1, routed)           1.181    10.121    pll/adc_clk_in
    PLLE2_ADV_X0Y0                                                    r  pll/pll/CLKIN1
    PLLE2_ADV_X0Y0       PLLE2_ADV (Prop_plle2_adv_CLKIN1_CLKOUT0)
                                                      0.084    10.205 r  pll/pll/CLKOUT0
                         net (fo=1, routed)           1.594    11.799    pll_adc_clk
    BUFGCTRL_X0Y0                                                     r  bufg_adc_clk/I
    BUFGCTRL_X0Y0        BUFG (Prop_bufg_I_O)         0.091    11.890 r  bufg_adc_clk/O
                         net (fo=7983, routed)        1.543    13.433    i_custom_register_bank/i_deterministic_lock_acquisition/adc_clk
    SLICE_X5Y32          FDRE                                         r  i_custom_register_bank/i_deterministic_lock_acquisition/arm_request_timestamp_q_reg[17]/C
                         clock pessimism              0.357    13.791    
                         clock uncertainty           -0.069    13.722    
    SLICE_X5Y32          FDRE (Setup_fdre_C_CE)      -0.413    13.309    i_custom_register_bank/i_deterministic_lock_acquisition/arm_request_timestamp_q_reg[17]
  -------------------------------------------------------------------
                         required time                         13.309    
                         arrival time                         -13.561    
  -------------------------------------------------------------------
                         slack                                 -0.252    

Slack (VIOLATED) :        -0.251ns  (required time - arrival time)
  Source:                 ps/axi_slave_gp0/rd_do_reg/C
                            (rising edge-triggered cell FDRE clocked by pll_adc_clk  {rise@0.000ns fall@4.000ns period=8.000ns})
  Destination:            i_custom_register_bank/i_deterministic_lock_acquisition/arm_absolute_limit_q_reg[12]/CE
                            (rising edge-triggered cell FDRE clocked by pll_adc_clk  {rise@0.000ns fall@4.000ns period=8.000ns})
  Path Group:             pll_adc_clk
  Path Type:              Setup (Max at Slow Process Corner)
  Requirement:            8.000ns  (pll_adc_clk rise@8.000ns - pll_adc_clk rise@0.000ns)
  Data Path Delay:        7.607ns  (logic 1.692ns (22.244%)  route 5.915ns (77.756%))
  Logic Levels:           6  (LUT2=2 LUT3=1 LUT5=1 LUT6=2)
  Clock Path Skew:        -0.163ns (DCD - SCD + CPR)
    Destination Clock Delay (DCD):    5.391ns = ( 13.391 - 8.000 ) 
    Source Clock Delay      (SCD):    5.897ns
    Clock Pessimism Removal (CPR):    0.343ns
  Clock Uncertainty:      0.069ns  ((TSJ^2 + DJ^2)^1/2) / 2 + PE
    Total System Jitter     (TSJ):    0.071ns
    Discrete Jitter          (DJ):    0.118ns
    Phase Error              (PE):    0.000ns

    Location             Delay type                Incr(ns)  Path(ns)    Netlist Resource(s)
  -------------------------------------------------------------------    -------------------
                         (clock pll_adc_clk rise edge)
                                                      0.000     0.000 r  
    U18                                               0.000     0.000 r  adc_clk_i[1] (IN)
                         net (fo=0)                   0.000     0.000    adc_clk_i[1]
    U18                                                               r  i_clk/I
    U18                  IBUFDS (Prop_ibufds_I_O)     0.983     0.983 r  i_clk/O
                         net (fo=1, routed)           1.306     2.289    pll/adc_clk_in
    PLLE2_ADV_X0Y0                                                    r  pll/pll/CLKIN1
    PLLE2_ADV_X0Y0       PLLE2_ADV (Prop_plle2_adv_CLKIN1_CLKOUT0)
                                                      0.089     2.378 r  pll/pll/CLKOUT0
                         net (fo=1, routed)           1.754     4.132    pll_adc_clk
    BUFGCTRL_X0Y0                                                     r  bufg_adc_clk/I
    BUFGCTRL_X0Y0        BUFG (Prop_bufg_I_O)         0.101     4.233 r  bufg_adc_clk/O
                         net (fo=7983, routed)        1.664     5.897    ps/axi_slave_gp0/adc_clk
    SLICE_X19Y51         FDRE                                         r  ps/axi_slave_gp0/rd_do_reg/C
  -------------------------------------------------------------------    -------------------
    SLICE_X19Y51         FDRE (Prop_fdre_C_Q)         0.456     6.353 r  ps/axi_slave_gp0/rd_do_reg/Q
                         net (fo=171, routed)         0.807     7.160    ps/axi_slave_gp0/rd_do
    SLICE_X18Y51                                                      r  ps/axi_slave_gp0/scan_offset_o[13]_i_5/I1
    SLICE_X18Y51         LUT3 (Prop_lut3_I1_O)        0.152     7.312 r  ps/axi_slave_gp0/scan_offset_o[13]_i_5/O
                         net (fo=96, routed)          0.838     8.150    ps/axi_slave_gp0/rd_araddr_reg[3]_10
    SLICE_X17Y51                                                      r  ps/axi_slave_gp0/FSM_onehot_arm_phase_q[4]_i_8/I0
    SLICE_X17Y51         LUT5 (Prop_lut5_I0_O)        0.326     8.476 r  ps/axi_slave_gp0/FSM_onehot_arm_phase_q[4]_i_8/O
                         net (fo=1, routed)           0.667     9.143    ps/axi_slave_gp0/FSM_onehot_arm_phase_q[4]_i_8_n_0
    SLICE_X14Y42                                                      r  ps/axi_slave_gp0/FSM_onehot_arm_phase_q[4]_i_4/I5
    SLICE_X14Y42         LUT6 (Prop_lut6_I5_O)        0.124     9.267 f  ps/axi_slave_gp0/FSM_onehot_arm_phase_q[4]_i_4/O
                         net (fo=12, routed)          0.743    10.010    ps/axi_slave_gp0/FSM_onehot_arm_phase_q[4]_i_4_n_0
    SLICE_X13Y42                                                      f  ps/axi_slave_gp0/event_stage_fault_code_q[0]_i_2/I0
    SLICE_X13Y42         LUT6 (Prop_lut6_I0_O)        0.124    10.134 f  ps/axi_slave_gp0/event_stage_fault_code_q[0]_i_2/O
                         net (fo=8, routed)           0.633    10.767    ps/axi_slave_gp0/acq_abort
    SLICE_X10Y41                                                      f  ps/axi_slave_gp0/arm_window_q[31]_i_2/I0
    SLICE_X10Y41         LUT2 (Prop_lut2_I0_O)        0.153    10.920 f  ps/axi_slave_gp0/arm_window_q[31]_i_2/O
                         net (fo=65, routed)          0.889    11.809    i_custom_register_bank/i_deterministic_lock_acquisition/arm_target_high_q_reg[0]_0
    SLICE_X9Y42                                                       f  i_custom_register_bank/i_deterministic_lock_acquisition/arm_window_q[31]_i_1/I1
    SLICE_X9Y42          LUT2 (Prop_lut2_I1_O)        0.357    12.166 r  i_custom_register_bank/i_deterministic_lock_acquisition/arm_window_q[31]_i_1/O
                         net (fo=327, routed)         1.338    13.504    i_custom_register_bank/i_deterministic_lock_acquisition/arm_window_q[31]_i_1_n_0
    SLICE_X18Y47         FDRE                                         r  i_custom_register_bank/i_deterministic_lock_acquisition/arm_absolute_limit_q_reg[12]/CE
  -------------------------------------------------------------------    -------------------

                         (clock pll_adc_clk rise edge)
                                                      8.000     8.000 r  
    U18                                               0.000     8.000 r  adc_clk_i[1] (IN)
                         net (fo=0)                   0.000     8.000    adc_clk_i[1]
    U18                                                               r  i_clk/I
    U18                  IBUFDS (Prop_ibufds_I_O)     0.940     8.940 r  i_clk/O
                         net (fo=1, routed)           1.181    10.121    pll/adc_clk_in
    PLLE2_ADV_X0Y0                                                    r  pll/pll/CLKIN1
    PLLE2_ADV_X0Y0       PLLE2_ADV (Prop_plle2_adv_CLKIN1_CLKOUT0)
                                                      0.084    10.205 r  pll/pll/CLKOUT0
                         net (fo=1, routed)           1.594    11.799    pll_adc_clk
    BUFGCTRL_X0Y0                                                     r  bufg_adc_clk/I
    BUFGCTRL_X0Y0        BUFG (Prop_bufg_I_O)         0.091    11.890 r  bufg_adc_clk/O
                         net (fo=7983, routed)        1.501    13.391    i_custom_register_bank/i_deterministic_lock_acquisition/adc_clk
    SLICE_X18Y47         FDRE                                         r  i_custom_register_bank/i_deterministic_lock_acquisition/arm_absolute_limit_q_reg[12]/C
                         clock pessimism              0.343    13.735    
                         clock uncertainty           -0.069    13.666    
    SLICE_X18Y47         FDRE (Setup_fdre_C_CE)      -0.413    13.253    i_custom_register_bank/i_deterministic_lock_acquisition/arm_absolute_limit_q_reg[12]
  -------------------------------------------------------------------
                         required time                         13.253    
                         arrival time                         -13.504    
  -------------------------------------------------------------------
                         slack                                 -0.251    

Slack (VIOLATED) :        -0.251ns  (required time - arrival time)
  Source:                 ps/axi_slave_gp0/rd_do_reg/C
                            (rising edge-triggered cell FDRE clocked by pll_adc_clk  {rise@0.000ns fall@4.000ns period=8.000ns})
  Destination:            i_custom_register_bank/i_deterministic_lock_acquisition/arm_absolute_limit_q_reg[12]/CE
                            (rising edge-triggered cell FDRE clocked by pll_adc_clk  {rise@0.000ns fall@4.000ns period=8.000ns})
  Path Group:             pll_adc_clk
  Path Type:              Setup (Max at Slow Process Corner)
  Requirement:            8.000ns  (pll_adc_clk rise@8.000ns - pll_adc_clk rise@0.000ns)
  Data Path Delay:        7.607ns  (logic 1.692ns (22.244%)  route 5.915ns (77.756%))
  Logic Levels:           6  (LUT2=2 LUT3=1 LUT5=1 LUT6=2)
  Clock Path Skew:        -0.163ns (DCD - SCD + CPR)
    Destination Clock Delay (DCD):    5.391ns = ( 13.391 - 8.000 ) 
    Source Clock Delay      (SCD):    5.897ns
    Clock Pessimism Removal (CPR):    0.343ns
  Clock Uncertainty:      0.069ns  ((TSJ^2 + DJ^2)^1/2) / 2 + PE
    Total System Jitter     (TSJ):    0.071ns
    Discrete Jitter          (DJ):    0.118ns
    Phase Error              (PE):    0.000ns

    Location             Delay type                Incr(ns)  Path(ns)    Netlist Resource(s)
  -------------------------------------------------------------------    -------------------
                         (clock pll_adc_clk rise edge)
                                                      0.000     0.000 r  
    U18                                               0.000     0.000 r  adc_clk_i[1] (IN)
                         net (fo=0)                   0.000     0.000    adc_clk_i[1]
    U18                                                               r  i_clk/I
    U18                  IBUFDS (Prop_ibufds_I_O)     0.983     0.983 r  i_clk/O
                         net (fo=1, routed)           1.306     2.289    pll/adc_clk_in
    PLLE2_ADV_X0Y0                                                    r  pll/pll/CLKIN1
    PLLE2_ADV_X0Y0       PLLE2_ADV (Prop_plle2_adv_CLKIN1_CLKOUT0)
                                                      0.089     2.378 r  pll/pll/CLKOUT0
                         net (fo=1, routed)           1.754     4.132    pll_adc_clk
    BUFGCTRL_X0Y0                                                     r  bufg_adc_clk/I
    BUFGCTRL_X0Y0        BUFG (Prop_bufg_I_O)         0.101     4.233 r  bufg_adc_clk/O
                         net (fo=7983, routed)        1.664     5.897    ps/axi_slave_gp0/adc_clk
    SLICE_X19Y51         FDRE                                         r  ps/axi_slave_gp0/rd_do_reg/C
  -------------------------------------------------------------------    -------------------
    SLICE_X19Y51         FDRE (Prop_fdre_C_Q)         0.456     6.353 f  ps/axi_slave_gp0/rd_do_reg/Q
                         net (fo=171, routed)         0.807     7.160    ps/axi_slave_gp0/rd_do
    SLICE_X18Y51                                                      f  ps/axi_slave_gp0/scan_offset_o[13]_i_5/I1
    SLICE_X18Y51         LUT3 (Prop_lut3_I1_O)        0.152     7.312 r  ps/axi_slave_gp0/scan_offset_o[13]_i_5/O
                         net (fo=96, routed)          0.838     8.150    ps/axi_slave_gp0/rd_araddr_reg[3]_10
    SLICE_X17Y51                                                      r  ps/axi_slave_gp0/FSM_onehot_arm_phase_q[4]_i_8/I0
    SLICE_X17Y51         LUT5 (Prop_lut5_I0_O)        0.326     8.476 r  ps/axi_slave_gp0/FSM_onehot_arm_phase_q[4]_i_8/O
                         net (fo=1, routed)           0.667     9.143    ps/axi_slave_gp0/FSM_onehot_arm_phase_q[4]_i_8_n_0
    SLICE_X14Y42                                                      r  ps/axi_slave_gp0/FSM_onehot_arm_phase_q[4]_i_4/I5
    SLICE_X14Y42         LUT6 (Prop_lut6_I5_O)        0.124     9.267 f  ps/axi_slave_gp0/FSM_onehot_arm_phase_q[4]_i_4/O
                         net (fo=12, routed)          0.743    10.010    ps/axi_slave_gp0/FSM_onehot_arm_phase_q[4]_i_4_n_0
    SLICE_X13Y42                                                      f  ps/axi_slave_gp0/event_stage_fault_code_q[0]_i_2/I0
    SLICE_X13Y42         LUT6 (Prop_lut6_I0_O)        0.124    10.134 f  ps/axi_slave_gp0/event_stage_fault_code_q[0]_i_2/O
                         net (fo=8, routed)           0.633    10.767    ps/axi_slave_gp0/acq_abort
    SLICE_X10Y41                                                      f  ps/axi_slave_gp0/arm_window_q[31]_i_2/I0
    SLICE_X10Y41         LUT2 (Prop_lut2_I0_O)        0.153    10.920 f  ps/axi_slave_gp0/arm_window_q[31]_i_2/O
                         net (fo=65, routed)          0.889    11.809    i_custom_register_bank/i_deterministic_lock_acquisition/arm_target_high_q_reg[0]_0
    SLICE_X9Y42                                                       f  i_custom_register_bank/i_deterministic_lock_acquisition/arm_window_q[31]_i_1/I1
    SLICE_X9Y42          LUT2 (Prop_lut2_I1_O)        0.357    12.166 r  i_custom_register_bank/i_deterministic_lock_acquisition/arm_window_q[31]_i_1/O
                         net (fo=327, routed)         1.338    13.504    i_custom_register_bank/i_deterministic_lock_acquisition/arm_window_q[31]_i_1_n_0
    SLICE_X18Y47         FDRE                                         r  i_custom_register_bank/i_deterministic_lock_acquisition/arm_absolute_limit_q_reg[12]/CE
  -------------------------------------------------------------------    -------------------

                         (clock pll_adc_clk rise edge)
                                                      8.000     8.000 r  
    U18                                               0.000     8.000 r  adc_clk_i[1] (IN)
                         net (fo=0)                   0.000     8.000    adc_clk_i[1]
    U18                                                               r  i_clk/I
    U18                  IBUFDS (Prop_ibufds_I_O)     0.940     8.940 r  i_clk/O
                         net (fo=1, routed)           1.181    10.121    pll/adc_clk_in
    PLLE2_ADV_X0Y0                                                    r  pll/pll/CLKIN1
    PLLE2_ADV_X0Y0       PLLE2_ADV (Prop_plle2_adv_CLKIN1_CLKOUT0)
                                                      0.084    10.205 r  pll/pll/CLKOUT0
                         net (fo=1, routed)           1.594    11.799    pll_adc_clk
    BUFGCTRL_X0Y0                                                     r  bufg_adc_clk/I
    BUFGCTRL_X0Y0        BUFG (Prop_bufg_I_O)         0.091    11.890 r  bufg_adc_clk/O
                         net (fo=7983, routed)        1.501    13.391    i_custom_register_bank/i_deterministic_lock_acquisition/adc_clk
    SLICE_X18Y47         FDRE                                         r  i_custom_register_bank/i_deterministic_lock_acquisition/arm_absolute_limit_q_reg[12]/C
                         clock pessimism              0.343    13.735    
                         clock uncertainty           -0.069    13.666    
    SLICE_X18Y47         FDRE (Setup_fdre_C_CE)      -0.413    13.253    i_custom_register_bank/i_deterministic_lock_acquisition/arm_absolute_limit_q_reg[12]
  -------------------------------------------------------------------
                         required time                         13.253    
                         arrival time                         -13.504    
  -------------------------------------------------------------------
                         slack                                 -0.251    

Slack (VIOLATED) :        -0.251ns  (required time - arrival time)
  Source:                 ps/axi_slave_gp0/rd_do_reg/C
                            (rising edge-triggered cell FDRE clocked by pll_adc_clk  {rise@0.000ns fall@4.000ns period=8.000ns})
  Destination:            i_custom_register_bank/i_deterministic_lock_acquisition/arm_absolute_limit_q_reg[12]/CE
                            (rising edge-triggered cell FDRE clocked by pll_adc_clk  {rise@0.000ns fall@4.000ns period=8.000ns})
  Path Group:             pll_adc_clk
  Path Type:              Setup (Max at Slow Process Corner)
  Requirement:            8.000ns  (pll_adc_clk rise@8.000ns - pll_adc_clk rise@0.000ns)
  Data Path Delay:        7.607ns  (logic 1.692ns (22.244%)  route 5.915ns (77.756%))
  Logic Levels:           6  (LUT2=2 LUT3=1 LUT5=1 LUT6=2)
  Clock Path Skew:        -0.163ns (DCD - SCD + CPR)
    Destination Clock Delay (DCD):    5.391ns = ( 13.391 - 8.000 ) 
    Source Clock Delay      (SCD):    5.897ns
    Clock Pessimism Removal (CPR):    0.343ns
  Clock Uncertainty:      0.069ns  ((TSJ^2 + DJ^2)^1/2) / 2 + PE
    Total System Jitter     (TSJ):    0.071ns
    Discrete Jitter          (DJ):    0.118ns
    Phase Error              (PE):    0.000ns

    Location             Delay type                Incr(ns)  Path(ns)    Netlist Resource(s)
  -------------------------------------------------------------------    -------------------
                         (clock pll_adc_clk rise edge)
                                                      0.000     0.000 r  
    U18                                               0.000     0.000 r  adc_clk_i[1] (IN)
                         net (fo=0)                   0.000     0.000    adc_clk_i[1]
    U18                                                               r  i_clk/I
    U18                  IBUFDS (Prop_ibufds_I_O)     0.983     0.983 r  i_clk/O
                         net (fo=1, routed)           1.306     2.289    pll/adc_clk_in
    PLLE2_ADV_X0Y0                                                    r  pll/pll/CLKIN1
    PLLE2_ADV_X0Y0       PLLE2_ADV (Prop_plle2_adv_CLKIN1_CLKOUT0)
                                                      0.089     2.378 r  pll/pll/CLKOUT0
                         net (fo=1, routed)           1.754     4.132    pll_adc_clk
    BUFGCTRL_X0Y0                                                     r  bufg_adc_clk/I
    BUFGCTRL_X0Y0        BUFG (Prop_bufg_I_O)         0.101     4.233 r  bufg_adc_clk/O
                         net (fo=7983, routed)        1.664     5.897    ps/axi_slave_gp0/adc_clk
    SLICE_X19Y51         FDRE                                         r  ps/axi_slave_gp0/rd_do_reg/C
  -------------------------------------------------------------------    -------------------
    SLICE_X19Y51         FDRE (Prop_fdre_C_Q)         0.456     6.353 r  ps/axi_slave_gp0/rd_do_reg/Q
                         net (fo=171, routed)         0.807     7.160    ps/axi_slave_gp0/rd_do
    SLICE_X18Y51                                                      r  ps/axi_slave_gp0/scan_offset_o[13]_i_5/I1
    SLICE_X18Y51         LUT3 (Prop_lut3_I1_O)        0.152     7.312 f  ps/axi_slave_gp0/scan_offset_o[13]_i_5/O
                         net (fo=96, routed)          0.838     8.150    ps/axi_slave_gp0/rd_araddr_reg[3]_10
    SLICE_X17Y51                                                      f  ps/axi_slave_gp0/FSM_onehot_arm_phase_q[4]_i_8/I0
    SLICE_X17Y51         LUT5 (Prop_lut5_I0_O)        0.326     8.476 f  ps/axi_slave_gp0/FSM_onehot_arm_phase_q[4]_i_8/O
                         net (fo=1, routed)           0.667     9.143    ps/axi_slave_gp0/FSM_onehot_arm_phase_q[4]_i_8_n_0
    SLICE_X14Y42                                                      f  ps/axi_slave_gp0/FSM_onehot_arm_phase_q[4]_i_4/I5
    SLICE_X14Y42         LUT6 (Prop_lut6_I5_O)        0.124     9.267 r  ps/axi_slave_gp0/FSM_onehot_arm_phase_q[4]_i_4/O
                         net (fo=12, routed)          0.743    10.010    ps/axi_slave_gp0/FSM_onehot_arm_phase_q[4]_i_4_n_0
    SLICE_X13Y42                                                      r  ps/axi_slave_gp0/event_stage_fault_code_q[0]_i_2/I0
    SLICE_X13Y42         LUT6 (Prop_lut6_I0_O)        0.124    10.134 r  ps/axi_slave_gp0/event_stage_fault_code_q[0]_i_2/O
                         net (fo=8, routed)           0.633    10.767    ps/axi_slave_gp0/acq_abort
    SLICE_X10Y41                                                      r  ps/axi_slave_gp0/arm_window_q[31]_i_2/I0
    SLICE_X10Y41         LUT2 (Prop_lut2_I0_O)        0.153    10.920 r  ps/axi_slave_gp0/arm_window_q[31]_i_2/O
                         net (fo=65, routed)          0.889    11.809    i_custom_register_bank/i_deterministic_lock_acquisition/arm_target_high_q_reg[0]_0
    SLICE_X9Y42                                                       r  i_custom_register_bank/i_deterministic_lock_acquisition/arm_window_q[31]_i_1/I1
    SLICE_X9Y42          LUT2 (Prop_lut2_I1_O)        0.357    12.166 f  i_custom_register_bank/i_deterministic_lock_acquisition/arm_window_q[31]_i_1/O
                         net (fo=327, routed)         1.338    13.504    i_custom_register_bank/i_deterministic_lock_acquisition/arm_window_q[31]_i_1_n_0
    SLICE_X18Y47         FDRE                                         f  i_custom_register_bank/i_deterministic_lock_acquisition/arm_absolute_limit_q_reg[12]/CE
  -------------------------------------------------------------------    -------------------

                         (clock pll_adc_clk rise edge)
                                                      8.000     8.000 r  
    U18                                               0.000     8.000 r  adc_clk_i[1] (IN)
                         net (fo=0)                   0.000     8.000    adc_clk_i[1]
    U18                                                               r  i_clk/I
    U18                  IBUFDS (Prop_ibufds_I_O)     0.940     8.940 r  i_clk/O
                         net (fo=1, routed)           1.181    10.121    pll/adc_clk_in
    PLLE2_ADV_X0Y0                                                    r  pll/pll/CLKIN1
    PLLE2_ADV_X0Y0       PLLE2_ADV (Prop_plle2_adv_CLKIN1_CLKOUT0)
                                                      0.084    10.205 r  pll/pll/CLKOUT0
                         net (fo=1, routed)           1.594    11.799    pll_adc_clk
    BUFGCTRL_X0Y0                                                     r  bufg_adc_clk/I
    BUFGCTRL_X0Y0        BUFG (Prop_bufg_I_O)         0.091    11.890 r  bufg_adc_clk/O
                         net (fo=7983, routed)        1.501    13.391    i_custom_register_bank/i_deterministic_lock_acquisition/adc_clk
    SLICE_X18Y47         FDRE                                         r  i_custom_register_bank/i_deterministic_lock_acquisition/arm_absolute_limit_q_reg[12]/C
                         clock pessimism              0.343    13.735    
                         clock uncertainty           -0.069    13.666    
    SLICE_X18Y47         FDRE (Setup_fdre_C_CE)      -0.413    13.253    i_custom_register_bank/i_deterministic_lock_acquisition/arm_absolute_limit_q_reg[12]
  -------------------------------------------------------------------
                         required time                         13.253    
                         arrival time                         -13.504    
  -------------------------------------------------------------------
                         slack                                 -0.251    

Slack (VIOLATED) :        -0.251ns  (required time - arrival time)
  Source:                 ps/axi_slave_gp0/rd_do_reg/C
                            (rising edge-triggered cell FDRE clocked by pll_adc_clk  {rise@0.000ns fall@4.000ns period=8.000ns})
  Destination:            i_custom_register_bank/i_deterministic_lock_acquisition/arm_absolute_limit_q_reg[12]/CE
                            (rising edge-triggered cell FDRE clocked by pll_adc_clk  {rise@0.000ns fall@4.000ns period=8.000ns})
  Path Group:             pll_adc_clk
  Path Type:              Setup (Max at Slow Process Corner)
  Requirement:            8.000ns  (pll_adc_clk rise@8.000ns - pll_adc_clk rise@0.000ns)
  Data Path Delay:        7.607ns  (logic 1.692ns (22.244%)  route 5.915ns (77.756%))
  Logic Levels:           6  (LUT2=2 LUT3=1 LUT5=1 LUT6=2)
  Clock Path Skew:        -0.163ns (DCD - SCD + CPR)
    Destination Clock Delay (DCD):    5.391ns = ( 13.391 - 8.000 ) 
    Source Clock Delay      (SCD):    5.897ns
    Clock Pessimism Removal (CPR):    0.343ns
  Clock Uncertainty:      0.069ns  ((TSJ^2 + DJ^2)^1/2) / 2 + PE
    Total System Jitter     (TSJ):    0.071ns
    Discrete Jitter          (DJ):    0.118ns
    Phase Error              (PE):    0.000ns

    Location             Delay type                Incr(ns)  Path(ns)    Netlist Resource(s)
  -------------------------------------------------------------------    -------------------
                         (clock pll_adc_clk rise edge)
                                                      0.000     0.000 r  
    U18                                               0.000     0.000 r  adc_clk_i[1] (IN)
                         net (fo=0)                   0.000     0.000    adc_clk_i[1]
    U18                                                               r  i_clk/I
    U18                  IBUFDS (Prop_ibufds_I_O)     0.983     0.983 r  i_clk/O
                         net (fo=1, routed)           1.306     2.289    pll/adc_clk_in
    PLLE2_ADV_X0Y0                                                    r  pll/pll/CLKIN1
    PLLE2_ADV_X0Y0       PLLE2_ADV (Prop_plle2_adv_CLKIN1_CLKOUT0)
                                                      0.089     2.378 r  pll/pll/CLKOUT0
                         net (fo=1, routed)           1.754     4.132    pll_adc_clk
    BUFGCTRL_X0Y0                                                     r  bufg_adc_clk/I
    BUFGCTRL_X0Y0        BUFG (Prop_bufg_I_O)         0.101     4.233 r  bufg_adc_clk/O
                         net (fo=7983, routed)        1.664     5.897    ps/axi_slave_gp0/adc_clk
    SLICE_X19Y51         FDRE                                         r  ps/axi_slave_gp0/rd_do_reg/C
  -------------------------------------------------------------------    -------------------
    SLICE_X19Y51         FDRE (Prop_fdre_C_Q)         0.456     6.353 f  ps/axi_slave_gp0/rd_do_reg/Q
                         net (fo=171, routed)         0.807     7.160    ps/axi_slave_gp0/rd_do
    SLICE_X18Y51                                                      f  ps/axi_slave_gp0/scan_offset_o[13]_i_5/I1
    SLICE_X18Y51         LUT3 (Prop_lut3_I1_O)        0.152     7.312 f  ps/axi_slave_gp0/scan_offset_o[13]_i_5/O
                         net (fo=96, routed)          0.838     8.150    ps/axi_slave_gp0/rd_araddr_reg[3]_10
    SLICE_X17Y51                                                      f  ps/axi_slave_gp0/FSM_onehot_arm_phase_q[4]_i_8/I0
    SLICE_X17Y51         LUT5 (Prop_lut5_I0_O)        0.326     8.476 f  ps/axi_slave_gp0/FSM_onehot_arm_phase_q[4]_i_8/O
                         net (fo=1, routed)           0.667     9.143    ps/axi_slave_gp0/FSM_onehot_arm_phase_q[4]_i_8_n_0
    SLICE_X14Y42                                                      f  ps/axi_slave_gp0/FSM_onehot_arm_phase_q[4]_i_4/I5
    SLICE_X14Y42         LUT6 (Prop_lut6_I5_O)        0.124     9.267 r  ps/axi_slave_gp0/FSM_onehot_arm_phase_q[4]_i_4/O
                         net (fo=12, routed)          0.743    10.010    ps/axi_slave_gp0/FSM_onehot_arm_phase_q[4]_i_4_n_0
    SLICE_X13Y42                                                      r  ps/axi_slave_gp0/event_stage_fault_code_q[0]_i_2/I0
    SLICE_X13Y42         LUT6 (Prop_lut6_I0_O)        0.124    10.134 r  ps/axi_slave_gp0/event_stage_fault_code_q[0]_i_2/O
                         net (fo=8, routed)           0.633    10.767    ps/axi_slave_gp0/acq_abort
    SLICE_X10Y41                                                      r  ps/axi_slave_gp0/arm_window_q[31]_i_2/I0
    SLICE_X10Y41         LUT2 (Prop_lut2_I0_O)        0.153    10.920 r  ps/axi_slave_gp0/arm_window_q[31]_i_2/O
                         net (fo=65, routed)          0.889    11.809    i_custom_register_bank/i_deterministic_lock_acquisition/arm_target_high_q_reg[0]_0
    SLICE_X9Y42                                                       r  i_custom_register_bank/i_deterministic_lock_acquisition/arm_window_q[31]_i_1/I1
    SLICE_X9Y42          LUT2 (Prop_lut2_I1_O)        0.357    12.166 f  i_custom_register_bank/i_deterministic_lock_acquisition/arm_window_q[31]_i_1/O
                         net (fo=327, routed)         1.338    13.504    i_custom_register_bank/i_deterministic_lock_acquisition/arm_window_q[31]_i_1_n_0
    SLICE_X18Y47         FDRE                                         f  i_custom_register_bank/i_deterministic_lock_acquisition/arm_absolute_limit_q_reg[12]/CE
  -------------------------------------------------------------------    -------------------

                         (clock pll_adc_clk rise edge)
                                                      8.000     8.000 r  
    U18                                               0.000     8.000 r  adc_clk_i[1] (IN)
                         net (fo=0)                   0.000     8.000    adc_clk_i[1]
    U18                                                               r  i_clk/I
    U18                  IBUFDS (Prop_ibufds_I_O)     0.940     8.940 r  i_clk/O
                         net (fo=1, routed)           1.181    10.121    pll/adc_clk_in
    PLLE2_ADV_X0Y0                                                    r  pll/pll/CLKIN1
    PLLE2_ADV_X0Y0       PLLE2_ADV (Prop_plle2_adv_CLKIN1_CLKOUT0)
                                                      0.084    10.205 r  pll/pll/CLKOUT0
                         net (fo=1, routed)           1.594    11.799    pll_adc_clk
    BUFGCTRL_X0Y0                                                     r  bufg_adc_clk/I
    BUFGCTRL_X0Y0        BUFG (Prop_bufg_I_O)         0.091    11.890 r  bufg_adc_clk/O
                         net (fo=7983, routed)        1.501    13.391    i_custom_register_bank/i_deterministic_lock_acquisition/adc_clk
    SLICE_X18Y47         FDRE                                         r  i_custom_register_bank/i_deterministic_lock_acquisition/arm_absolute_limit_q_reg[12]/C
                         clock pessimism              0.343    13.735    
                         clock uncertainty           -0.069    13.666    
    SLICE_X18Y47         FDRE (Setup_fdre_C_CE)      -0.413    13.253    i_custom_register_bank/i_deterministic_lock_acquisition/arm_absolute_limit_q_reg[12]
  -------------------------------------------------------------------
                         required time                         13.253    
                         arrival time                         -13.504    
  -------------------------------------------------------------------
                         slack                                 -0.251    




