Copyright 1986-2020 Xilinx, Inc. All Rights Reserved.
------------------------------------------------------------------------------------------------
| Tool Version : Vivado v.2020.1 (win64) Build 2902540 Wed May 27 19:54:49 MDT 2020
| Date         : Fri Jul 24 13:09:53 2026
| Host         : lin running 64-bit major release  (build 9200)
| Command      : report_control_sets -verbose -file E:/new/fpga_lock/v94/v0.94/control_sets.rpt
| Design       : red_pitaya_top
| Device       : xc7z010
------------------------------------------------------------------------------------------------

Control Set Information

Table of Contents
-----------------
1. Summary
2. Histogram
3. Flip-Flop Distribution
4. Detailed Control Set Information

1. Summary
----------

+----------------------------------------------------------+-------+
|                          Status                          | Count |
+----------------------------------------------------------+-------+
| Total control sets                                       |   305 |
|    Minimum number of control sets                        |   305 |
|    Addition due to synthesis replication                 |     0 |
|    Addition due to physical synthesis replication        |     0 |
| Unused register locations in slices containing registers |   705 |
+----------------------------------------------------------+-------+
* Control sets can be merged at opt_design using control_set_merge or merge_equivalent_drivers
** Run report_qor_suggestions for automated merging and remapping suggestions


2. Histogram
------------

+--------------------+-------+
|       Fanout       | Count |
+--------------------+-------+
| Total control sets |   305 |
| >= 0 to < 4        |     3 |
| >= 4 to < 6        |    35 |
| >= 6 to < 8        |     4 |
| >= 8 to < 10       |    28 |
| >= 10 to < 12      |     3 |
| >= 12 to < 14      |    17 |
| >= 14 to < 16      |    51 |
| >= 16              |   164 |
+--------------------+-------+
* Control sets can be remapped at either synth_design or opt_design


3. Flip-Flop Distribution
-------------------------

+--------------+-----------------------+------------------------+-----------------+--------------+
| Clock Enable | Synchronous Set/Reset | Asynchronous Set/Reset | Total Registers | Total Slices |
+--------------+-----------------------+------------------------+-----------------+--------------+
| No           | No                    | No                     |             736 |          244 |
| No           | No                    | Yes                    |              31 |           11 |
| No           | Yes                   | No                     |            1437 |          464 |
| Yes          | No                    | No                     |            1992 |          649 |
| Yes          | No                    | Yes                    |               0 |            0 |
| Yes          | Yes                   | No                     |            4371 |         1300 |
+--------------+-----------------------+------------------------+-----------------+--------------+


4. Detailed Control Set Information
-----------------------------------

+------------------------------------------------+----------------------------------------------------------------------------------------------------------------------------------------------------+-------------------------------------------------------------------------------------------------------------------------+------------------+----------------+--------------+
|                  Clock Signal                  |                                                                    Enable Signal                                                                   |                                                     Set/Reset Signal                                                    | Slice Load Count | Bel Load Count | Bels / Slice |
+------------------------------------------------+----------------------------------------------------------------------------------------------------------------------------------------------------+-------------------------------------------------------------------------------------------------------------------------+------------------+----------------+--------------+
|  adc_clk                                       | ps/axi_master_1/axi_awpop                                                                                                                          | ps/axi_master_1/axi_awburst_o[0]_i_1__0_n_0                                                                             |                1 |              1 |         1.00 |
|  adc_clk                                       | ps/axi_master_0/axi_awpop                                                                                                                          | ps/axi_master_0/axi_awburst_o[0]_i_1_n_0                                                                                |                1 |              1 |         1.00 |
|  ps/system_i/processing_system7/inst/FCLK_CLK3 | ps/system_i/axi_protocol_converter_0/inst/gen_axilite.gen_b2s_conv.axilite_b2s/WR.b_channel_0/bid_fifo_0/bresp_push                                |                                                                                                                         |                1 |              2 |         2.00 |
|  adc_clk                                       | ps/axi_master_0/axi_wfill_lvl[3]_i_1_n_0                                                                                                           | i_custom_register_bank/i_deterministic_lock_acquisition/SR[0]                                                           |                1 |              4 |         4.00 |
|  adc_clk                                       | ps/axi_master_0/axi_awpush                                                                                                                         | i_custom_register_bank/i_deterministic_lock_acquisition/SR[0]                                                           |                2 |              4 |         2.00 |
|  i_daisy/i_rx/i_BUFR_clk_0                     |                                                                                                                                                    | i_daisy/i_rx/bitslip_cnt[3]_i_1_n_0                                                                                     |                1 |              4 |         4.00 |
|  adc_clk                                       | ps/axi_master_0/axi_rfill_lvl[3]_i_1_n_0                                                                                                           | i_custom_register_bank/i_deterministic_lock_acquisition/SR[0]                                                           |                3 |              4 |         1.33 |
|  adc_clk                                       | ps/axi_master_1/axi_rfill_lvl[3]_i_1__0_n_0                                                                                                        | i_custom_register_bank/i_deterministic_lock_acquisition/SR[0]                                                           |                2 |              4 |         2.00 |
|  adc_clk                                       | ps/axi_master_1/axi_wpop                                                                                                                           | i_custom_register_bank/i_deterministic_lock_acquisition/SR[0]                                                           |                1 |              4 |         4.00 |
|  adc_clk                                       | ps/axi_master_1/axi_awfill_lvl[3]_i_1__0_n_0                                                                                                       | i_custom_register_bank/i_deterministic_lock_acquisition/SR[0]                                                           |                1 |              4 |         4.00 |
|  adc_clk                                       | ps/axi_slave_gp0/rd_araddr_reg[4]_25                                                                                                               | i_custom_register_bank/i_deterministic_lock_acquisition/SR[0]                                                           |                1 |              4 |         4.00 |
|  ps/system_i/processing_system7/inst/FCLK_CLK3 | ps/system_i/xadc/inst/AXI_XADC_CORE_I/D[6]                                                                                                         | ps/system_i/xadc/inst/AXI_LITE_IPIF_I/I_SLAVE_ATTACHMENT/reset2ip_reset                                                 |                1 |              4 |         4.00 |
|  adc_clk                                       | ps/axi_master_0/axi_awfill_lvl[3]_i_1_n_0                                                                                                          | i_custom_register_bank/i_deterministic_lock_acquisition/SR[0]                                                           |                1 |              4 |         4.00 |
|  ps/system_i/processing_system7/inst/FCLK_CLK3 |                                                                                                                                                    | ps/system_i/axi_protocol_converter_0/inst/gen_axilite.gen_b2s_conv.axilite_b2s/SI_REG/ar.ar_pipe/aresetn_d_reg[1]_inv_0 |                4 |              4 |         1.00 |
|  adc_clk                                       | i_scope/set_trig_src[3]_i_1_n_0                                                                                                                    | i_custom_register_bank/i_deterministic_lock_acquisition/SR[0]                                                           |                2 |              4 |         2.00 |
|  adc_clk                                       | i_scope/i_wr0/axi_wvalid_o_reg_1[0]                                                                                                                | i_custom_register_bank/i_deterministic_lock_acquisition/SR[0]                                                           |                1 |              4 |         4.00 |
|  ps/system_i/processing_system7/inst/FCLK_CLK3 |                                                                                                                                                    | ps/system_i/axi_protocol_converter_0/inst/gen_axilite.gen_b2s_conv.axilite_b2s/SI_REG/aw.aw_pipe/aresetn_d_reg[0]_0     |                3 |              4 |         1.33 |
|  adc_clk                                       | i_scope/i_wr0/axi_wvalid_o_reg_2[0]                                                                                                                | i_custom_register_bank/i_deterministic_lock_acquisition/SR[0]                                                           |                1 |              4 |         4.00 |
|  adc_clk                                       | ps/axi_master_1/axi_awpop                                                                                                                          | i_custom_register_bank/i_deterministic_lock_acquisition/SR[0]                                                           |                1 |              4 |         4.00 |
|  adc_clk                                       |                                                                                                                                                    | ps/axi_slave_gp0/adc_rstn_reg_rep__12_0                                                                                 |                2 |              4 |         2.00 |
|  adc_clk                                       | ps/axi_master_1/axi_awpush                                                                                                                         | i_custom_register_bank/i_deterministic_lock_acquisition/SR[0]                                                           |                1 |              4 |         4.00 |
|  adc_clk                                       | i_scope/i_wr1/axi_wvalid_o_reg_1[0]                                                                                                                | i_custom_register_bank/i_deterministic_lock_acquisition/SR[0]                                                           |                1 |              4 |         4.00 |
|  adc_clk                                       |                                                                                                                                                    | i_scope/i_wr1/clear_0                                                                                                   |                3 |              4 |         1.33 |
|  adc_clk                                       |                                                                                                                                                    | i_scope/i_wr0/clear_0                                                                                                   |                4 |              4 |         1.00 |
|  adc_clk                                       | ps/axi_master_1/axi_wfill_lvl[3]_i_1__0_n_0                                                                                                        | i_custom_register_bank/i_deterministic_lock_acquisition/SR[0]                                                           |                2 |              4 |         2.00 |
|  adc_clk                                       | ps/axi_master_0/axi_wpop                                                                                                                           | i_custom_register_bank/i_deterministic_lock_acquisition/SR[0]                                                           |                1 |              4 |         4.00 |
|  adc_clk                                       | i_scope/i_wr1/axi_wvalid_o_reg_2[0]                                                                                                                | i_custom_register_bank/i_deterministic_lock_acquisition/SR[0]                                                           |                1 |              4 |         4.00 |
|  adc_clk                                       | ps/axi_master_0/axi_awpop                                                                                                                          | i_custom_register_bank/i_deterministic_lock_acquisition/SR[0]                                                           |                2 |              4 |         2.00 |
|  adc_clk                                       | ps/axi_slave_gp0/ack_cnt[5]_i_2_n_0                                                                                                                | ps/axi_slave_gp0/ack_cnt[5]                                                                                             |                2 |              5 |         2.50 |
|  ps/system_i/processing_system7/inst/FCLK_CLK3 | ps/system_i/axi_protocol_converter_0/inst/gen_axilite.gen_b2s_conv.axilite_b2s/RD.r_channel_0/transaction_fifo_0/cnt_read[4]_i_1__0_n_0            | ps/system_i/axi_protocol_converter_0/inst/gen_axilite.gen_b2s_conv.axilite_b2s/areset_d1                                |                1 |              5 |         5.00 |
|  ps/system_i/processing_system7/inst/FCLK_CLK3 | ps/system_i/axi_protocol_converter_0/inst/gen_axilite.gen_b2s_conv.axilite_b2s/RD.r_channel_0/rd_data_fifo_0/cnt_read[4]_i_1_n_0                   | ps/system_i/axi_protocol_converter_0/inst/gen_axilite.gen_b2s_conv.axilite_b2s/areset_d1                                |                2 |              5 |         2.50 |
|  ps/system_i/processing_system7/inst/FCLK_CLK3 |                                                                                                                                                    | ps/system_i/proc_sys_reset/U0/EXT_LPF/lpf_int                                                                           |                2 |              5 |         2.50 |
|  ps/system_i/processing_system7/inst/FCLK_CLK3 |                                                                                                                                                    | ps/system_i/axi_register_slice_0/inst/aw.aw_pipe/p_1_in                                                                 |                5 |              5 |         1.00 |
|  adc_clk                                       | i_scope/dec_avg_div_a/pipe_loop[1].pipe_dv_reg[1]__0                                                                                               | i_scope/dec_avg_div_a/pipe_loop[1].cnt[1][5]_i_1_n_0                                                                    |                1 |              5 |         5.00 |
|  ps/system_i/processing_system7/inst/FCLK_CLK3 |                                                                                                                                                    | ps/system_i/axi_register_slice_0/inst/w.w_pipe/p_0_in                                                                   |                4 |              5 |         1.25 |
|  adc_clk                                       | i_custom_register_bank/i_deterministic_lock_acquisition/FSM_onehot_arm_phase_q[4]_i_2_n_0                                                          | ps/axi_slave_gp0/adc_rstn_reg_rep__12_0                                                                                 |                1 |              5 |         5.00 |
|  adc_clk                                       |                                                                                                                                                    | i_daisy/i_tx/RST0                                                                                                       |                2 |              5 |         2.50 |
|  adc_clk                                       | i_scope/dec_avg_div_b/pipe_loop[1].pipe_dv_reg[1]__0                                                                                               | i_scope/dec_avg_div_b/pipe_loop[1].cnt[1][5]_i_1__0_n_0                                                                 |                1 |              5 |         5.00 |
|  ps/system_i/processing_system7/inst/FCLK_CLK3 | ps/system_i/proc_sys_reset/U0/SEQ/seq_cnt_en                                                                                                       | ps/system_i/proc_sys_reset/U0/SEQ/SEQ_COUNTER/clear                                                                     |                2 |              6 |         3.00 |
|  adc_clk                                       | ps/axi_slave_gp0/rd_araddr_reg[0]_0[0]                                                                                                             | i_custom_register_bank/i_deterministic_lock_acquisition/SR[0]                                                           |                2 |              6 |         3.00 |
|  adc_clk                                       |                                                                                                                                                    | i_ramp_generator/amp_q[14]_i_1_n_0                                                                                      |                4 |              7 |         1.75 |
|  ps/system_i/processing_system7/inst/FCLK_CLK3 |                                                                                                                                                    | ps/system_i/xadc/inst/AXI_LITE_IPIF_I/I_SLAVE_ATTACHMENT/dpto_cnt0                                                      |                1 |              7 |         7.00 |
|  adc_clk                                       |                                                                                                                                                    | i_asg/ch[0]/dly_tick[7]_i_1__0_n_0                                                                                      |                3 |              8 |         2.67 |
|  adc_clk                                       | i_scope/i_wr1/dat_cnt[3]_i_1__0_n_0                                                                                                                | i_scope/i_wr1/clear_0                                                                                                   |                4 |              8 |         2.00 |
|  adc_clk                                       | i_scope/i_wr1/pop                                                                                                                                  | i_scope/i_wr1/clear_0                                                                                                   |                3 |              8 |         2.67 |
|  adc_clk                                       | ps/axi_slave_gp0/bus\\.wen_reg_12[0]                                                                                                               | i_custom_register_bank/i_deterministic_lock_acquisition/SR[0]                                                           |                4 |              8 |         2.00 |
|  adc_clk                                       | ps/axi_slave_gp0/bus\\.wen_reg_13[0]                                                                                                               | i_custom_register_bank/i_deterministic_lock_acquisition/SR[0]                                                           |                2 |              8 |         4.00 |
|  adc_clk                                       |                                                                                                                                                    | i_hk/daisy_mode[0]                                                                                                      |                1 |              8 |         8.00 |
|  adc_clk                                       | i_scope/i_wr0/push                                                                                                                                 | i_scope/i_wr0/clear_0                                                                                                   |                2 |              8 |         4.00 |
|  adc_clk                                       | ps/axi_slave_gp0/bus\\.wen_reg_14[0]                                                                                                               | i_custom_register_bank/i_deterministic_lock_acquisition/SR[0]                                                           |                3 |              8 |         2.67 |
|  adc_clk                                       | i_custom_register_bank/i_deterministic_lock_acquisition/arm_decision_reject_code_q[7]_i_1_n_0                                                      | i_custom_register_bank/i_deterministic_lock_acquisition/SR[0]                                                           |                2 |              8 |         4.00 |
|  adc_clk                                       | ps/axi_slave_gp0/bus\\.wen_reg_11[0]                                                                                                               | i_custom_register_bank/i_deterministic_lock_acquisition/SR[0]                                                           |                3 |              8 |         2.67 |
|  adc_clk                                       | i_scope/i_wr0/dat_cnt[3]_i_1_n_0                                                                                                                   | i_scope/i_wr0/clear_0                                                                                                   |                3 |              8 |         2.67 |
|  ps/system_i/processing_system7/inst/FCLK_CLK3 | ps/system_i/axi_protocol_converter_0/inst/gen_axilite.gen_b2s_conv.axilite_b2s/WR.b_channel_0/mhandshake_r                                         | ps/system_i/axi_protocol_converter_0/inst/gen_axilite.gen_b2s_conv.axilite_b2s/WR.b_channel_0/bid_fifo_0/SR[0]          |                2 |              8 |         4.00 |
|  adc_clk                                       | ps/axi_slave_gp0/dac_c_o[7]_i_5_0[0]                                                                                                               | i_custom_register_bank/i_deterministic_lock_acquisition/SR[0]                                                           |                3 |              8 |         2.67 |
|  adc_clk                                       | ps/axi_slave_gp0/dac_c_o[7]_i_5_1[0]                                                                                                               | i_custom_register_bank/i_deterministic_lock_acquisition/SR[0]                                                           |                2 |              8 |         4.00 |
|  adc_clk                                       |                                                                                                                                                    | i_asg/ch[1]/dly_tick[7]_i_1_n_0                                                                                         |                3 |              8 |         2.67 |
|  adc_clk                                       | i_scope/i_wr0/pop                                                                                                                                  | i_scope/i_wr0/clear_0                                                                                                   |                2 |              8 |         4.00 |
|  adc_clk                                       | rstn                                                                                                                                               | ps/axi_slave_gp0/adc_rstn_reg_rep__12_1                                                                                 |                2 |              8 |         4.00 |
|  adc_clk                                       | ps/axi_slave_gp0/rd_araddr_reg[5]_18[0]                                                                                                            | i_custom_register_bank/i_deterministic_lock_acquisition/SR[0]                                                           |                2 |              8 |         4.00 |
|  adc_clk                                       | i_scope/i_wr1/push                                                                                                                                 | i_scope/i_wr1/clear_0                                                                                                   |                3 |              8 |         2.67 |
|  adc_clk                                       | ps/axi_slave_gp0/rd_araddr_reg[12]_1[0]                                                                                                            | i_custom_register_bank/i_deterministic_lock_acquisition/SR[0]                                                           |                2 |              8 |         4.00 |
|  adc_clk                                       | ps/axi_slave_gp0/bus\\.wen_reg_15[0]                                                                                                               | i_custom_register_bank/i_deterministic_lock_acquisition/SR[0]                                                           |                2 |              8 |         4.00 |
|  i_daisy/i_rx/i_BUFR_clk_0                     |                                                                                                                                                    | i_hk/daisy_mode[0]                                                                                                      |                3 |              9 |         3.00 |
|  adc_clk                                       | ps/axi_master_0/axi_wpop                                                                                                                           | ps/axi_master_0/axi_wstrb_o[7]_i_1_n_0                                                                                  |                4 |              9 |         2.25 |
|  adc_clk                                       | ps/axi_master_1/axi_wpop                                                                                                                           | ps/axi_master_1/axi_wstrb_o[7]_i_1__0_n_0                                                                               |                3 |              9 |         3.00 |
|  adc_clk                                       | i_custom_register_bank/i_deterministic_lock_acquisition/event_commit_pulse_q_i_1_n_0                                                               | i_custom_register_bank/i_deterministic_lock_acquisition/event_stage_reject_code_q[8]_i_1_n_0                            |                3 |              9 |         3.00 |
|  adc_clk                                       | i_scope/i_wr0/fill_lvl[8]_i_1_n_0                                                                                                                  | i_scope/i_wr0/clear_0                                                                                                   |                3 |              9 |         3.00 |
|  adc_clk                                       | i_scope/i_wr1/fill_lvl[8]_i_1__0_n_0                                                                                                               | i_scope/i_wr1/clear_0                                                                                                   |                3 |              9 |         3.00 |
|  adc_clk                                       | i_hk/sel                                                                                                                                           | i_custom_register_bank/i_deterministic_lock_acquisition/SR[0]                                                           |                3 |              9 |         3.00 |
|  ps/system_i/processing_system7/inst/FCLK_CLK3 |                                                                                                                                                    | ps/system_i/axi_protocol_converter_0/inst/gen_axilite.gen_b2s_conv.axilite_b2s/areset_d1                                |                6 |             10 |         1.67 |
|  adc_clk                                       | i_custom_register_bank/capture_start                                                                                                               | i_custom_register_bank/capture_start_o_reg_1                                                                            |                2 |             10 |         5.00 |
|  adc_clk                                       | ps/axi_slave_gp0/rd_araddr_reg[5]_11                                                                                                               | i_custom_register_bank/i_deterministic_lock_acquisition/SR[0]                                                           |                2 |             10 |         5.00 |
|  adc_clk                                       | i_scope/dec_avg_div_a/reg_Q[0][11]_i_1_n_0                                                                                                         |                                                                                                                         |                3 |             12 |         4.00 |
|  ps/system_i/processing_system7/inst/FCLK_CLK3 | ps/system_i/axi_protocol_converter_0/inst/gen_axilite.gen_b2s_conv.axilite_b2s/WR.aw_channel_0/cmd_translator_0/incr_cmd_0/axaddr_incr[11]_i_1_n_0 |                                                                                                                         |                5 |             12 |         2.40 |
|  ps/system_i/processing_system7/inst/FCLK_CLK3 | ps/system_i/axi_protocol_converter_0/inst/gen_axilite.gen_b2s_conv.axilite_b2s/RD.ar_channel_0/ar_cmd_fsm_0/sel_first_reg[0]                       |                                                                                                                         |                4 |             12 |         3.00 |
|  adc_clk                                       | i_scope/dec_avg_div_b/reg_Q[0][11]_i_1__0_n_0                                                                                                      |                                                                                                                         |                2 |             12 |         6.00 |
|  adc_clk                                       | i_custom_debug_capture/write_index_q                                                                                                               | i_custom_register_bank/capture_start_o_reg_0                                                                            |                3 |             12 |         4.00 |
|  adc_clk                                       | i_daisy/i_tx/par_dat_r[11]_i_1_n_0                                                                                                                 | i_daisy/i_tx/RST0                                                                                                       |                2 |             12 |         6.00 |
|  ps/system_i/processing_system7/inst/FCLK_CLK3 | ps/system_i/axi_protocol_converter_0/inst/gen_axilite.gen_b2s_conv.axilite_b2s/WR.aw_channel_0/aw_cmd_fsm_0/FSM_sequential_state_reg[1]_0[0]       |                                                                                                                         |                6 |             12 |         2.00 |
|  adc_clk                                       |                                                                                                                                                    | i_error_setpoint_corrector/lock_error_o[12]_i_1_n_0                                                                     |                3 |             12 |         4.00 |
|  ps/system_i/processing_system7/inst/FCLK_CLK3 | ps/system_i/axi_protocol_converter_0/inst/gen_axilite.gen_b2s_conv.axilite_b2s/RD.ar_channel_0/ar_cmd_fsm_0/E[0]                                   |                                                                                                                         |                6 |             12 |         2.00 |
|  adc_clk                                       | ps/axi_slave_gp0/rd_araddr_reg[4]_14[0]                                                                                                            | i_custom_register_bank/i_deterministic_lock_acquisition/SR[0]                                                           |                3 |             13 |         4.33 |
|  adc_clk                                       |                                                                                                                                                    | i_custom_register_bank/SS[0]                                                                                            |                4 |             13 |         3.25 |
|  adc_clk                                       | ps/axi_slave_gp0/rd_araddr_reg[6]_14[0]                                                                                                            | i_custom_register_bank/i_deterministic_lock_acquisition/SR[0]                                                           |                3 |             13 |         4.33 |
|  adc_clk                                       |                                                                                                                                                    | i_laser_lock_core/i_mixer_core/mix_o[12]_i_1_n_0                                                                        |                7 |             13 |         1.86 |
|  ps/system_i/processing_system7/inst/FCLK_CLK3 | ps/system_i/axi_protocol_converter_0/inst/gen_axilite.gen_b2s_conv.axilite_b2s/RD.r_channel_0/r_push_r                                             |                                                                                                                         |                4 |             13 |         3.25 |
|  adc_clk                                       | ps/axi_slave_gp0/trigger_o_reg_0[0]                                                                                                                | i_custom_register_bank/i_deterministic_lock_acquisition/SR[0]                                                           |                4 |             13 |         3.25 |
|  adc_clk                                       | ps/axi_slave_gp0/trigger_o_reg_1[0]                                                                                                                | i_custom_register_bank/i_deterministic_lock_acquisition/SR[0]                                                           |                4 |             13 |         3.25 |
|  adc_clk                                       |                                                                                                                                                    | i_laser_lock_core/i_lpf_core/y_o[12]_i_1_n_0                                                                            |                3 |             13 |         4.33 |
|  adc_clk                                       | ps/axi_slave_gp0/rd_araddr_reg[2]_12[0]                                                                                                            | i_custom_register_bank/i_deterministic_lock_acquisition/SR[0]                                                           |                4 |             14 |         3.50 |
|  adc_clk                                       | i_scope/axi_b_dat[63]_i_1_n_0                                                                                                                      |                                                                                                                         |                3 |             14 |         4.67 |
|  adc_clk                                       | i_scope/axi_b_dat[31]_i_1_n_0                                                                                                                      |                                                                                                                         |                3 |             14 |         4.67 |
|  adc_clk                                       | i_scope/dec_avg_div_b/q_o[13]_i_1__0_n_0                                                                                                           |                                                                                                                         |                4 |             14 |         3.50 |
|  adc_clk                                       | i_scope/axi_b_dat[47]_i_1_n_0                                                                                                                      |                                                                                                                         |                3 |             14 |         4.67 |
|  adc_clk                                       | i_scope/adc_wp_trig0                                                                                                                               | i_scope/adc_wp_cur                                                                                                      |                7 |             14 |         2.00 |
|  adc_clk                                       | ps/axi_slave_gp0/rd_araddr_reg[4]_15[0]                                                                                                            | i_custom_register_bank/i_deterministic_lock_acquisition/SR[0]                                                           |                6 |             14 |         2.33 |
|  adc_clk                                       | ps/axi_slave_gp0/rd_araddr_reg[4]_22[0]                                                                                                            | i_custom_register_bank/i_deterministic_lock_acquisition/SR[0]                                                           |                3 |             14 |         4.67 |
|  adc_clk                                       | i_custom_register_bank/i_deterministic_lock_acquisition/trigger_pending_q_reg_1[0]                                                                 | i_custom_register_bank/i_deterministic_lock_acquisition/adc_rstn_reg_rep__8[0]                                          |                9 |             14 |         1.56 |
|  adc_clk                                       | ps/axi_slave_gp0/rd_araddr_reg[6]_12[0]                                                                                                            | i_custom_register_bank/i_deterministic_lock_acquisition/SR[0]                                                           |                4 |             14 |         3.50 |
|  adc_clk                                       | ps/axi_slave_gp0/rd_araddr_reg[6]_15[0]                                                                                                            | i_custom_register_bank/i_deterministic_lock_acquisition/SR[0]                                                           |                5 |             14 |         2.80 |
|  adc_clk                                       | ps/axi_slave_gp0/rd_araddr_reg[4]_19[0]                                                                                                            | i_custom_register_bank/i_deterministic_lock_acquisition/SR[0]                                                           |                5 |             14 |         2.80 |
|  adc_clk                                       | ps/axi_slave_gp0/rd_araddr_reg[4]_20[0]                                                                                                            | i_custom_register_bank/i_deterministic_lock_acquisition/SR[0]                                                           |                6 |             14 |         2.33 |
|  adc_clk                                       | i_scope/dec_avg_div_a/q_o[13]_i_1_n_0                                                                                                              |                                                                                                                         |                5 |             14 |         2.80 |
|  adc_clk                                       | ps/axi_slave_gp0/rd_araddr_reg[4]_24[0]                                                                                                            | i_custom_register_bank/i_deterministic_lock_acquisition/SR[0]                                                           |                2 |             14 |         7.00 |
|  ps/system_i/processing_system7/inst/FCLK_CLK3 | ps/system_i/axi_protocol_converter_0/inst/gen_axilite.gen_b2s_conv.axilite_b2s/SI_REG/b.b_pipe/s_ready_i_reg_0                                     |                                                                                                                         |                3 |             14 |         4.67 |
|  adc_clk                                       | ps/axi_slave_gp0/bus\\.wen_reg_8[0]                                                                                                                | i_custom_register_bank/i_deterministic_lock_acquisition/SR[0]                                                           |                4 |             14 |         3.50 |
|  ps/system_i/processing_system7/inst/FCLK_CLK3 | ps/system_i/axi_protocol_converter_0/inst/gen_axilite.gen_b2s_conv.axilite_b2s/SI_REG/b.b_pipe/p_1_in                                              |                                                                                                                         |                3 |             14 |         4.67 |
|  adc_clk                                       | ps/axi_slave_gp0/rd_araddr_reg[5]_17[0]                                                                                                            | i_custom_register_bank/i_deterministic_lock_acquisition/SR[0]                                                           |                5 |             14 |         2.80 |
|  adc_clk                                       | ps/axi_slave_gp0/bus\\.wen_reg_9[0]                                                                                                                | i_custom_register_bank/i_deterministic_lock_acquisition/SR[0]                                                           |                5 |             14 |         2.80 |
|  adc_clk                                       | i_custom_register_bank/i_deterministic_lock_acquisition/trigger_out2_sample_o[13]_i_1_n_0                                                          | i_custom_register_bank/i_deterministic_lock_acquisition/SR[0]                                                           |                6 |             14 |         2.33 |
|  adc_clk                                       | ps/axi_slave_gp0/rd_araddr_reg[4]_16[0]                                                                                                            | i_custom_register_bank/i_deterministic_lock_acquisition/SR[0]                                                           |                2 |             14 |         7.00 |
|  adc_clk                                       | ps/axi_slave_gp0/rd_araddr_reg[15]_1[0]                                                                                                            | i_custom_register_bank/i_deterministic_lock_acquisition/SR[0]                                                           |                3 |             14 |         4.67 |
|  adc_clk                                       | ps/axi_slave_gp0/rd_araddr_reg[4]_17[0]                                                                                                            | i_custom_register_bank/i_deterministic_lock_acquisition/SR[0]                                                           |                2 |             14 |         7.00 |
|  adc_clk                                       | ps/axi_slave_gp0/rd_araddr_reg[5]_16[0]                                                                                                            | i_custom_register_bank/i_deterministic_lock_acquisition/SR[0]                                                           |                6 |             14 |         2.33 |
|  adc_clk                                       | ps/axi_slave_gp0/rd_araddr_reg[4]_21[0]                                                                                                            | i_custom_register_bank/i_deterministic_lock_acquisition/SR[0]                                                           |                4 |             14 |         3.50 |
|  adc_clk                                       | ps/axi_slave_gp0/rd_araddr_reg[6]_13[0]                                                                                                            | i_custom_register_bank/i_deterministic_lock_acquisition/SR[0]                                                           |               10 |             14 |         1.40 |
|  adc_clk                                       | ps/axi_slave_gp0/rd_araddr_reg[4]_23[0]                                                                                                            | i_custom_register_bank/i_deterministic_lock_acquisition/SR[0]                                                           |                3 |             14 |         4.67 |
|  adc_clk                                       | ps/axi_slave_gp0/rd_araddr_reg[4]_18[0]                                                                                                            | i_custom_register_bank/i_deterministic_lock_acquisition/SR[0]                                                           |                3 |             14 |         4.67 |
|  adc_clk                                       | i_scope/axi_a_dat[31]_i_1_n_0                                                                                                                      |                                                                                                                         |                3 |             14 |         4.67 |
|  adc_clk                                       | ps/axi_slave_gp0/rd_araddr_reg[0]_1[0]                                                                                                             | i_custom_register_bank/i_deterministic_lock_acquisition/SR[0]                                                           |                6 |             14 |         2.33 |
|  adc_clk                                       | ps/axi_slave_gp0/rd_araddr_reg[3]_21[0]                                                                                                            | i_custom_register_bank/i_deterministic_lock_acquisition/SR[0]                                                           |                5 |             14 |         2.80 |
|  adc_clk                                       | ps/axi_slave_gp0/rd_araddr_reg[1]_16[0]                                                                                                            | i_custom_register_bank/i_deterministic_lock_acquisition/SR[0]                                                           |                5 |             14 |         2.80 |
|  adc_clk                                       | i_scope/axi_a_dat[15]_i_1_n_0                                                                                                                      |                                                                                                                         |                2 |             14 |         7.00 |
|  adc_clk                                       | ps/axi_slave_gp0/trigger_o_reg_2[0]                                                                                                                | i_custom_register_bank/i_deterministic_lock_acquisition/SR[0]                                                           |                4 |             14 |         3.50 |
|  adc_clk                                       | i_scope/axi_a_dat[47]_i_1_n_0                                                                                                                      |                                                                                                                         |                3 |             14 |         4.67 |
|  adc_clk                                       | i_scope/axi_a_dat[63]_i_1_n_0                                                                                                                      |                                                                                                                         |                2 |             14 |         7.00 |
|  adc_clk                                       | ps/axi_slave_gp0/trigger_o_reg_3[0]                                                                                                                | i_custom_register_bank/i_deterministic_lock_acquisition/SR[0]                                                           |                7 |             14 |         2.00 |
|  adc_clk                                       | ps/axi_slave_gp0/wr_wdata_reg[0]_7[0]                                                                                                              | i_custom_register_bank/i_deterministic_lock_acquisition/trigger_o_reg_1[0]                                              |                5 |             14 |         2.80 |
|  adc_clk                                       | ps/axi_slave_gp0/wr_wdata_reg[0]_8[0]                                                                                                              | i_custom_register_bank/i_deterministic_lock_acquisition/trigger_o_reg_1[0]                                              |                5 |             14 |         2.80 |
|  adc_clk                                       | ps/axi_slave_gp0/rd_araddr_reg[3]_5[0]                                                                                                             | i_custom_register_bank/i_deterministic_lock_acquisition/SR[0]                                                           |                8 |             14 |         1.75 |
|  adc_clk                                       | ps/axi_slave_gp0/bus\\.wen_reg_10[0]                                                                                                               | i_custom_register_bank/i_deterministic_lock_acquisition/SR[0]                                                           |                5 |             14 |         2.80 |
|  adc_clk                                       | ps/axi_slave_gp0/rd_araddr_reg[4]_11[0]                                                                                                            | i_custom_register_bank/i_deterministic_lock_acquisition/SR[0]                                                           |                5 |             14 |         2.80 |
|  adc_clk                                       | ps/axi_slave_gp0/wr_awaddr_reg[11]_4[0]                                                                                                            | i_custom_register_bank/i_deterministic_lock_acquisition/SR[0]                                                           |                4 |             14 |         3.50 |
|  ps/system_i/processing_system7/inst/FCLK_CLK3 | ps/system_i/axi_register_slice_0/inst/b.b_pipe/m_payload_i[13]_i_1_n_0                                                                             |                                                                                                                         |                5 |             14 |         2.80 |
|  adc_clk                                       | ps/axi_slave_gp0/wr_awaddr_reg[0]_3[0]                                                                                                             | i_custom_register_bank/i_deterministic_lock_acquisition/SR[0]                                                           |                4 |             14 |         3.50 |
|  adc_clk                                       | i_custom_register_bank/i_deterministic_lock_acquisition/previous_error_q                                                                           | i_custom_register_bank/i_deterministic_lock_acquisition/SR[0]                                                           |                3 |             14 |         4.67 |
|  adc_clk                                       | i_scope/axi_b_dat[15]_i_1_n_0                                                                                                                      |                                                                                                                         |                5 |             14 |         2.80 |
|  adc_clk                                       | ps/axi_slave_gp0/rd_araddr_reg[5]_10[0]                                                                                                            | i_custom_register_bank/i_deterministic_lock_acquisition/SR[0]                                                           |                6 |             14 |         2.33 |
|  adc_clk                                       |                                                                                                                                                    | i_ramp_generator/step_q[14]_i_1_n_0                                                                                     |                4 |             15 |         3.75 |
|  adc_clk                                       | i_custom_register_bank/E[0]                                                                                                                        | i_custom_register_bank/i_deterministic_lock_acquisition/SR[0]                                                           |                6 |             15 |         2.50 |
|  adc_clk                                       | i_daisy/i_test/tst_dv                                                                                                                              | i_custom_register_bank/i_deterministic_lock_acquisition/SR[0]                                                           |                5 |             16 |         3.20 |
|  adc_clk                                       | i_asg/ch[1]/cyc_cnt[15]_i_1_n_0                                                                                                                    | i_custom_register_bank/i_deterministic_lock_acquisition/SR[0]                                                           |                4 |             16 |         4.00 |
|  adc_clk                                       | i_custom_register_bank/i_deterministic_lock_acquisition/event_commit_pulse_q_reg_0                                                                 | ps/axi_slave_gp0/event_commit_pulse_q_reg[0]                                                                            |                3 |             16 |         5.33 |
|  adc_clk                                       | i_asg/ch[0]/cyc_cnt[15]_i_1__0_n_0                                                                                                                 | i_custom_register_bank/i_deterministic_lock_acquisition/SR[0]                                                           |                4 |             16 |         4.00 |
|  i_daisy/i_rx/i_BUFR_clk_0                     | i_daisy/i_rx/par_val                                                                                                                               | i_daisy/i_rx/clear_0                                                                                                    |                3 |             16 |         5.33 |
|  ps/system_i/processing_system7/inst/FCLK_CLK3 | ps/system_i/axi_protocol_converter_0/inst/gen_axilite.gen_b2s_conv.axilite_b2s/WR.b_channel_0/bid_fifo_0/sel                                       |                                                                                                                         |                3 |             16 |         5.33 |
|  adc_clk                                       |                                                                                                                                                    | i_scope/adc_dec_cnt[16]                                                                                                 |                4 |             16 |         4.00 |
|  adc_clk                                       | ps/axi_slave_gp0/rd_araddr_reg[1]_19[0]                                                                                                            | i_custom_register_bank/i_deterministic_lock_acquisition/SR[0]                                                           |                5 |             16 |         3.20 |
|  adc_clk                                       | ps/axi_slave_gp0/rd_araddr_reg[3]_6[0]                                                                                                             | i_custom_register_bank/i_deterministic_lock_acquisition/SR[0]                                                           |                5 |             16 |         3.20 |
|  adc_clk                                       | ps/axi_slave_gp0/rd_araddr_reg[1]_14[0]                                                                                                            | i_custom_register_bank/i_deterministic_lock_acquisition/SR[0]                                                           |                7 |             16 |         2.29 |
|  adc_clk                                       | ps/axi_slave_gp0/rd_araddr_reg[4]_6[0]                                                                                                             | i_custom_register_bank/i_deterministic_lock_acquisition/SR[0]                                                           |                7 |             16 |         2.29 |
|  ps/system_i/processing_system7/inst/FCLK_CLK3 |                                                                                                                                                    | ps/system_i/xadc/inst/AXI_XADC_CORE_I/do_reg[15]_i_1_n_0                                                                |                3 |             16 |         5.33 |
|  adc_clk                                       | i_ramp_generator/pos_candidate_q[14]_i_2_n_0                                                                                                       | i_custom_register_bank/mode_o_reg[1]_0                                                                                  |                5 |             16 |         3.20 |
|  adc_clk                                       | i_asg/ch[1]/rep_cnt[15]_i_1_n_0                                                                                                                    | i_custom_register_bank/i_deterministic_lock_acquisition/SR[0]                                                           |                6 |             16 |         2.67 |
|  adc_clk                                       | i_asg/ch[0]/rep_cnt[15]_i_1__0_n_0                                                                                                                 | i_custom_register_bank/i_deterministic_lock_acquisition/SR[0]                                                           |                7 |             16 |         2.29 |
|  adc_clk                                       | i_daisy/tx_rx_dv0                                                                                                                                  | i_custom_register_bank/i_deterministic_lock_acquisition/SR[0]                                                           |                5 |             16 |         3.20 |
|  adc_clk                                       | ps/axi_slave_gp0/rd_araddr_reg[3]_18[0]                                                                                                            | i_custom_register_bank/i_deterministic_lock_acquisition/SR[0]                                                           |                4 |             17 |         4.25 |
|  i_daisy/i_rx/par_clk                          |                                                                                                                                                    | i_daisy/i_rx/RST0                                                                                                       |                6 |             17 |         2.83 |
|  adc_clk                                       |                                                                                                                                                    | i_custom_register_bank/mode_o_reg[1]_0                                                                                  |                8 |             17 |         2.12 |
|  adc_clk                                       | i_scope/dec_avg_div_b/SS[0]                                                                                                                        |                                                                                                                         |                6 |             17 |         2.83 |
|  adc_clk                                       | i_scope/dec_avg_div_b/pipe_loop[1].reg_Y[1][16]_i_1__0_n_0                                                                                         |                                                                                                                         |                5 |             17 |         3.40 |
|  ps/system_i/processing_system7/inst/FCLK_CLK3 | ps/system_i/xadc/inst/AXI_LITE_IPIF_I/I_SLAVE_ATTACHMENT/I_DECODER/E[0]                                                                            | ps/system_i/xadc/inst/AXI_LITE_IPIF_I/I_SLAVE_ATTACHMENT/reset2ip_reset                                                 |                5 |             17 |         3.40 |
|  adc_clk                                       | i_scope/dec_avg_div_a/pipe_loop[1].reg_Y[1][16]_i_1_n_0                                                                                            |                                                                                                                         |                5 |             17 |         3.40 |
|  i_daisy/txp_dv_reg_i_2_n_0                    |                                                                                                                                                    |                                                                                                                         |                5 |             17 |         3.40 |
|  adc_clk                                       | ps/axi_slave_gp0/wr_awaddr_reg[11]_3[0]                                                                                                            | i_custom_register_bank/i_deterministic_lock_acquisition/SR[0]                                                           |                9 |             18 |         2.00 |
|  adc_clk                                       | ps/axi_slave_gp0/wr_awaddr_reg[0]_2[0]                                                                                                             | i_custom_register_bank/i_deterministic_lock_acquisition/SR[0]                                                           |                8 |             18 |         2.25 |
|  adc_clk                                       | ps/axi_slave_gp0/E[0]                                                                                                                              | i_custom_register_bank/i_deterministic_lock_acquisition/SR[0]                                                           |                6 |             19 |         3.17 |
|  adc_clk                                       | i_daisy/tx_cfg_sel0                                                                                                                                | i_custom_register_bank/i_deterministic_lock_acquisition/SR[0]                                                           |                6 |             19 |         3.17 |
|  adc_clk                                       | ps/axi_slave_gp0/rd_araddr_reg[3]_4[0]                                                                                                             | i_custom_register_bank/i_deterministic_lock_acquisition/SR[0]                                                           |                3 |             20 |         6.67 |
|  ps/system_i/processing_system7/inst/FCLK_CLK3 | ps/system_i/axi_protocol_converter_0/inst/gen_axilite.gen_b2s_conv.axilite_b2s/RD.r_channel_0/rd_data_fifo_0/wr_en0                                |                                                                                                                         |                5 |             20 |         4.00 |
|  adc_clk                                       | i_scope/asg_trig_debn[0]_i_1_n_0                                                                                                                   | i_custom_register_bank/i_deterministic_lock_acquisition/SR[0]                                                           |                5 |             20 |         4.00 |
|  adc_clk                                       | i_asg/ch[0]/ext_trig_in_reg[2]_7                                                                                                                   | i_custom_register_bank/i_deterministic_lock_acquisition/SR[0]                                                           |                5 |             20 |         4.00 |
|  adc_clk                                       | i_scope/asg_trig_debp[0]_i_1_n_0                                                                                                                   | i_custom_register_bank/i_deterministic_lock_acquisition/SR[0]                                                           |                5 |             20 |         4.00 |
|  adc_clk                                       | i_asg/ch[0]/ext_trig_in_reg[1]_6                                                                                                                   | i_custom_register_bank/i_deterministic_lock_acquisition/SR[0]                                                           |                5 |             20 |         4.00 |
|  adc_clk                                       | i_asg/ch[0]/ext_trig_in_reg[1]_1                                                                                                                   | i_custom_register_bank/i_deterministic_lock_acquisition/SR[0]                                                           |                5 |             20 |         4.00 |
|  adc_clk                                       | i_asg/ch[0]/ext_trig_debp[0]_i_1__0_n_0                                                                                                            | i_custom_register_bank/i_deterministic_lock_acquisition/SR[0]                                                           |                5 |             20 |         4.00 |
|  adc_clk                                       | i_asg/ch[0]/ext_trig_debn[0]_i_1__0_n_0                                                                                                            | i_custom_register_bank/i_deterministic_lock_acquisition/SR[0]                                                           |                5 |             20 |         4.00 |
|  adc_clk                                       | i_asg/ch[0]/ext_trig_in_reg[2]_1                                                                                                                   | i_custom_register_bank/i_deterministic_lock_acquisition/SR[0]                                                           |                5 |             20 |         4.00 |
|  adc_clk                                       | ps/axi_slave_gp0/rd_araddr_reg[15]_3[0]                                                                                                            | i_custom_register_bank/i_deterministic_lock_acquisition/SR[0]                                                           |                9 |             20 |         2.22 |
|  i_daisy/i_rx/par_clk                          |                                                                                                                                                    |                                                                                                                         |                5 |             20 |         4.00 |
|  ps/system_i/processing_system7/inst/FCLK_CLK3 | ps/system_i/xadc/inst/AXI_LITE_IPIF_I/I_SLAVE_ATTACHMENT/s_axi_rresp_i                                                                             | ps/system_i/xadc/inst/AXI_LITE_IPIF_I/I_SLAVE_ATTACHMENT/SR[0]                                                          |                7 |             20 |         2.86 |
|  ps/system_i/processing_system7/inst/FCLK_CLK3 | ps/system_i/axi_register_slice_0/inst/w.w_pipe/p_1_in_0                                                                                            |                                                                                                                         |                5 |             22 |         4.40 |
|  ps/system_i/processing_system7/inst/FCLK_CLK3 | ps/system_i/axi_register_slice_0/inst/w.w_pipe/s_ready_i_reg_0                                                                                     |                                                                                                                         |                6 |             22 |         3.67 |
|  ps/system_i/processing_system7/inst/FCLK_CLK3 | ps/system_i/axi_protocol_converter_0/inst/gen_axilite.gen_b2s_conv.axilite_b2s/WR.aw_channel_0/aw_cmd_fsm_0/E[0]                                   |                                                                                                                         |                9 |             24 |         2.67 |
|  adc_clk                                       | i_scope/dec_avg_div_b/cnt                                                                                                                          | i_scope/dec_avg_div_b/SS[0]                                                                                             |                7 |             24 |         3.43 |
|  adc_clk                                       | i_scope/dec_avg_div_a/cnt                                                                                                                          | i_scope/dec_avg_div_b/SS[0]                                                                                             |                7 |             24 |         3.43 |
|  ps/system_i/processing_system7/inst/FCLK_CLK3 | ps/system_i/axi_protocol_converter_0/inst/gen_axilite.gen_b2s_conv.axilite_b2s/RD.ar_channel_0/ar_cmd_fsm_0/m_valid_i_reg[0]                       |                                                                                                                         |               10 |             24 |         2.40 |
|  adc_clk                                       | ps/axi_slave_gp0/wr_awaddr_reg[11]_0[0]                                                                                                            | i_custom_register_bank/i_deterministic_lock_acquisition/SR[0]                                                           |               10 |             25 |         2.50 |
|  adc_clk                                       | ps/axi_slave_gp0/wr_awaddr_reg[11]_1[0]                                                                                                            | i_custom_register_bank/i_deterministic_lock_acquisition/SR[0]                                                           |               14 |             25 |         1.79 |
|  adc_clk                                       | ps/axi_slave_gp0/rd_araddr_reg[5]_19[0]                                                                                                            | i_custom_register_bank/i_deterministic_lock_acquisition/SR[0]                                                           |               14 |             25 |         1.79 |
|  adc_clk                                       | ps/axi_slave_gp0/wr_awaddr_reg[11]_2[0]                                                                                                            | i_custom_register_bank/i_deterministic_lock_acquisition/SR[0]                                                           |               10 |             25 |         2.50 |
|  adc_clk                                       | ps/axi_slave_gp0/rd_araddr_reg[15]_2[0]                                                                                                            | i_custom_register_bank/i_deterministic_lock_acquisition/SR[0]                                                           |                9 |             25 |         2.78 |
|  ps/system_i/processing_system7/inst/FCLK_CLK3 | ps/system_i/xadc/inst/AXI_LITE_IPIF_I/I_SLAVE_ATTACHMENT/I_DECODER/start                                                                           | ps/system_i/xadc/inst/AXI_LITE_IPIF_I/I_SLAVE_ATTACHMENT/I_DECODER/cs_ce_clr                                            |               10 |             25 |         2.50 |
|  adc_clk                                       | ps/axi_slave_gp0/rd_araddr_reg[3]_17[0]                                                                                                            | i_custom_register_bank/i_deterministic_lock_acquisition/SR[0]                                                           |               12 |             25 |         2.08 |
|  ps/system_i/processing_system7/inst/FCLK_CLK3 |                                                                                                                                                    | ps/system_i/xadc/inst/AXI_LITE_IPIF_I/I_SLAVE_ATTACHMENT/SR[0]                                                          |                9 |             26 |         2.89 |
|  adc_clk                                       | ps/axi_slave_gp0/bus\\.wen_reg_0[0]                                                                                                                | i_custom_register_bank/i_deterministic_lock_acquisition/SR[0]                                                           |                9 |             28 |         3.11 |
|  adc_clk                                       | ps/axi_slave_gp0/rd_araddr_reg[1]_18[0]                                                                                                            | i_custom_register_bank/i_deterministic_lock_acquisition/SR[0]                                                           |               13 |             28 |         2.15 |
|  adc_clk                                       | i_scope/div_dat_got                                                                                                                                | i_custom_register_bank/i_deterministic_lock_acquisition/SR[0]                                                           |                8 |             28 |         3.50 |
|  adc_clk                                       | ps/axi_slave_gp0/bus\\.ren_reg_1[0]                                                                                                                |                                                                                                                         |               17 |             28 |         1.65 |
|  adc_clk                                       | i_scope/p_0_in39_out                                                                                                                               | i_scope/adc_wp_cur                                                                                                      |               11 |             28 |         2.55 |
|  dac_clk_1x                                    |                                                                                                                                                    |                                                                                                                         |               11 |             29 |         2.64 |
|  i_daisy/i_rx/i_BUFR_clk_0                     |                                                                                                                                                    | i_daisy/i_rx/clear_0                                                                                                    |                7 |             29 |         4.14 |
|  adc_clk                                       | ps/axi_slave_gp0/rd_araddr_reg[1]_21[0]                                                                                                            | i_custom_register_bank/i_deterministic_lock_acquisition/SR[0]                                                           |                8 |             30 |         3.75 |
|  adc_clk                                       | ps/axi_slave_gp0/rd_araddr_reg[2]_3[0]                                                                                                             | i_custom_register_bank/i_deterministic_lock_acquisition/SR[0]                                                           |                7 |             30 |         4.29 |
|  adc_clk                                       | ps/axi_slave_gp0/rd_araddr_reg[2]_6[0]                                                                                                             | i_custom_register_bank/i_deterministic_lock_acquisition/SR[0]                                                           |                6 |             30 |         5.00 |
|  adc_clk                                       | ps/axi_slave_gp0/rd_araddr_reg[3]_7[0]                                                                                                             | i_custom_register_bank/i_deterministic_lock_acquisition/SR[0]                                                           |                6 |             30 |         5.00 |
|  adc_clk                                       | ps/axi_slave_gp0/rd_araddr_reg[1]_20[0]                                                                                                            | i_custom_register_bank/i_deterministic_lock_acquisition/SR[0]                                                           |               10 |             30 |         3.00 |
|  adc_clk                                       | i_asg/ch[0]/dac_pnt[61]_i_1__0_n_0                                                                                                                 | i_custom_register_bank/i_deterministic_lock_acquisition/SR[0]                                                           |               10 |             30 |         3.00 |
|  adc_clk                                       | i_asg/ch[1]/dac_pnt[61]_i_1_n_0                                                                                                                    | i_custom_register_bank/i_deterministic_lock_acquisition/SR[0]                                                           |                9 |             30 |         3.33 |
|  adc_clk                                       | ps/axi_slave_gp0/rd_araddr_reg[4]_5[0]                                                                                                             | i_custom_register_bank/i_deterministic_lock_acquisition/SR[0]                                                           |                6 |             30 |         5.00 |
|  adc_clk                                       | i_scope/axi_b_trig_r[1]                                                                                                                            | ps/axi_slave_gp0/adc_rst_do_reg[0]                                                                                      |                8 |             31 |         3.88 |
|  adc_clk                                       | i_scope/p_0_in1_in                                                                                                                                 | ps/axi_slave_gp0/SR[0]                                                                                                  |               10 |             31 |         3.10 |
|  adc_clk                                       | ps/axi_slave_gp0/rd_araddr_reg[6]_7[0]                                                                                                             | i_custom_register_bank/i_deterministic_lock_acquisition/SR[0]                                                           |               10 |             32 |         3.20 |
|  adc_clk                                       | ps/axi_slave_gp0/rd_araddr_reg[6]_8[0]                                                                                                             | i_custom_register_bank/i_deterministic_lock_acquisition/SR[0]                                                           |                9 |             32 |         3.56 |
|  adc_clk                                       | ps/axi_slave_gp0/rd_araddr_reg[5]_12[0]                                                                                                            | i_custom_register_bank/i_deterministic_lock_acquisition/SR[0]                                                           |               10 |             32 |         3.20 |
|  adc_clk                                       | ps/axi_slave_gp0/rd_araddr_reg[7]_1[0]                                                                                                             | i_custom_register_bank/i_deterministic_lock_acquisition/SR[0]                                                           |                7 |             32 |         4.57 |
|  adc_clk                                       | ps/axi_slave_gp0/rd_araddr_reg[5]_20[0]                                                                                                            |                                                                                                                         |                7 |             32 |         4.57 |
|  adc_clk                                       | ps/axi_slave_gp0/rd_araddr_reg[6]_9[0]                                                                                                             | i_custom_register_bank/i_deterministic_lock_acquisition/SR[0]                                                           |               11 |             32 |         2.91 |
|  adc_clk                                       | ps/axi_slave_gp0/rd_araddr_reg[6]_10[0]                                                                                                            | i_custom_register_bank/i_deterministic_lock_acquisition/SR[0]                                                           |               10 |             32 |         3.20 |
|  adc_clk                                       | i_scope/dec_avg_div_a/reg_X[0][31]_i_1_n_0                                                                                                         |                                                                                                                         |                5 |             32 |         6.40 |
|  adc_clk                                       | ps/axi_slave_gp0/rd_araddr_reg[6]_6[0]                                                                                                             | i_custom_register_bank/i_deterministic_lock_acquisition/SR[0]                                                           |               11 |             32 |         2.91 |
|  adc_clk                                       | i_scope/adc_dly_cnt[0]_i_1_n_0                                                                                                                     | i_custom_register_bank/i_deterministic_lock_acquisition/SR[0]                                                           |                8 |             32 |         4.00 |
|  adc_clk                                       | i_scope/adc_we_cnt0                                                                                                                                | i_scope/adc_we_cnt[0]_i_1_n_0                                                                                           |                8 |             32 |         4.00 |
|  adc_clk                                       | ps/axi_slave_gp0/rd_araddr_reg[0]_10[0]                                                                                                            | i_custom_register_bank/i_deterministic_lock_acquisition/SR[0]                                                           |                8 |             32 |         4.00 |
|  adc_clk                                       | i_scope/dec_avg_div_b/reg_X[0][31]_i_1__0_n_0                                                                                                      |                                                                                                                         |                5 |             32 |         6.40 |
|  adc_clk                                       | ps/axi_slave_gp0/rd_araddr_reg[1]_13[0]                                                                                                            | i_custom_register_bank/i_deterministic_lock_acquisition/SR[0]                                                           |                9 |             32 |         3.56 |
|  adc_clk                                       | ps/axi_slave_gp0/rd_araddr_reg[4]_10[0]                                                                                                            | i_custom_register_bank/i_deterministic_lock_acquisition/SR[0]                                                           |               17 |             32 |         1.88 |
|  adc_clk                                       | i_scope/i_wr0/E[0]                                                                                                                                 |                                                                                                                         |               11 |             32 |         2.91 |
|  adc_clk                                       | ps/axi_slave_gp0/rd_araddr_reg[3]_19[0]                                                                                                            |                                                                                                                         |                8 |             32 |         4.00 |
|  adc_clk                                       | ps/axi_slave_gp0/rd_araddr_reg[3]_20[0]                                                                                                            |                                                                                                                         |                8 |             32 |         4.00 |
|  adc_clk                                       | ps/axi_slave_gp0/rd_araddr_reg[3]_8[0]                                                                                                             | i_custom_register_bank/i_deterministic_lock_acquisition/SR[0]                                                           |               10 |             32 |         3.20 |
|  adc_clk                                       | ps/axi_slave_gp0/rd_araddr_reg[2]_8[0]                                                                                                             | i_custom_register_bank/i_deterministic_lock_acquisition/SR[0]                                                           |               13 |             32 |         2.46 |
|  adc_clk                                       | ps/axi_slave_gp0/rd_araddr_reg[2]_5[0]                                                                                                             | i_custom_register_bank/i_deterministic_lock_acquisition/SR[0]                                                           |               14 |             32 |         2.29 |
|  adc_clk                                       | ps/axi_slave_gp0/rd_araddr_reg[1]_15[0]                                                                                                            | i_custom_register_bank/i_deterministic_lock_acquisition/SR[0]                                                           |               13 |             32 |         2.46 |
|  adc_clk                                       | ps/axi_slave_gp0/rd_araddr_reg[4]_12[0]                                                                                                            | i_custom_register_bank/i_deterministic_lock_acquisition/SR[0]                                                           |                8 |             32 |         4.00 |
|  adc_clk                                       | ps/axi_slave_gp0/rd_araddr_reg[3]_3[0]                                                                                                             | i_custom_register_bank/i_deterministic_lock_acquisition/SR[0]                                                           |               11 |             32 |         2.91 |
|  adc_clk                                       | ps/axi_slave_gp0/rd_araddr_reg[1]_17[0]                                                                                                            | i_custom_register_bank/i_deterministic_lock_acquisition/SR[0]                                                           |               10 |             32 |         3.20 |
|  adc_clk                                       | i_scope/axi_a_dly_cnt[0]_i_1_n_0                                                                                                                   | i_custom_register_bank/i_deterministic_lock_acquisition/SR[0]                                                           |                8 |             32 |         4.00 |
|  adc_clk                                       | i_scope/axi_b_dly_cnt[0]_i_1_n_0                                                                                                                   | i_custom_register_bank/i_deterministic_lock_acquisition/SR[0]                                                           |                8 |             32 |         4.00 |
|  adc_clk                                       | i_custom_debug_capture/capture_busy                                                                                                                | i_custom_debug_capture/decim_cnt_q[0]_i_1_n_0                                                                           |                8 |             32 |         4.00 |
|  adc_clk                                       | ps/axi_slave_gp0/rd_araddr_reg[2]_13[0]                                                                                                            | i_custom_register_bank/i_deterministic_lock_acquisition/SR[0]                                                           |               13 |             32 |         2.46 |
|  adc_clk                                       | ps/axi_slave_gp0/bus\\.ren_reg_2[0]                                                                                                                | i_custom_register_bank/i_deterministic_lock_acquisition/SR[0]                                                           |               17 |             32 |         1.88 |
|  adc_clk                                       | ps/axi_slave_gp0/bus\\.wen_reg_7[0]                                                                                                                | i_custom_register_bank/i_deterministic_lock_acquisition/SR[0]                                                           |               15 |             32 |         2.13 |
|  adc_clk                                       | ps/axi_slave_gp0/adc_rstn_reg_rep__0[0]                                                                                                            |                                                                                                                         |               10 |             32 |         3.20 |
|  adc_clk                                       | ps/axi_slave_gp0/adc_rstn_reg_rep__0_0[0]                                                                                                          |                                                                                                                         |               15 |             32 |         2.13 |
|  ps/system_i/processing_system7/inst/FCLK_CLK3 | ps/system_i/axi_protocol_converter_0/inst/gen_axilite.gen_b2s_conv.axilite_b2s/WR.b_channel_0/bid_fifo_0/E[0]                                      |                                                                                                                         |               13 |             32 |         2.46 |
|  adc_clk                                       | i_custom_register_bank/capture_start                                                                                                               | i_custom_register_bank/adc_rstn_reg_rep__13[0]                                                                          |                8 |             32 |         4.00 |
|  adc_clk                                       |                                                                                                                                                    | i_ramp_generator/update_cnt_q[0]_i_1_n_0                                                                                |                8 |             32 |         4.00 |
|  i_daisy/i_rx/i_BUFR_clk_0                     | i_daisy/i_test/rx_dat_inc                                                                                                                          | i_daisy/i_test/rx_dat_cnt[0]_i_1_n_0                                                                                    |                8 |             32 |         4.00 |
|  ps/system_i/processing_system7/inst/FCLK_CLK3 | ps/system_i/axi_register_slice_0/inst/ar.ar_pipe/m_payload_i[61]_i_1__0_n_0                                                                        |                                                                                                                         |                8 |             32 |         4.00 |
|  adc_clk                                       | i_asg/ch[1]/dac_pnt[61]_i_1_n_0                                                                                                                    | i_asg/ch[1]/dac_pnt[31]_i_1_n_0                                                                                         |                9 |             32 |         3.56 |
|  adc_clk                                       | i_asg/ch[1]/dly_cnt[0]_i_1_n_0                                                                                                                     | i_custom_register_bank/i_deterministic_lock_acquisition/SR[0]                                                           |                8 |             32 |         4.00 |
|  adc_clk                                       | ps/axi_slave_gp0/wr_awaddr_reg[0]_1[0]                                                                                                             |                                                                                                                         |               11 |             32 |         2.91 |
|  adc_clk                                       |                                                                                                                                                    | ps/axi_slave_gp0/rd_araddr_reg[8]_1                                                                                     |               14 |             32 |         2.29 |
|  adc_clk                                       | i_asg/ch[0]/dac_pnt[61]_i_1__0_n_0                                                                                                                 | i_asg/ch[0]/dac_pnt[31]_i_1__0_n_0                                                                                      |                9 |             32 |         3.56 |
|  ps/system_i/processing_system7/inst/FCLK_CLK3 | ps/system_i/axi_protocol_converter_0/inst/gen_axilite.gen_b2s_conv.axilite_b2s/RD.ar_channel_0/ar_cmd_fsm_0/m_valid_i_reg_1[0]                     |                                                                                                                         |                6 |             32 |         5.33 |
|  adc_clk                                       | i_asg/ch[0]/dly_cnt[0]_i_1__0_n_0                                                                                                                  | i_custom_register_bank/i_deterministic_lock_acquisition/SR[0]                                                           |                8 |             32 |         4.00 |
|  adc_clk                                       | i_scope/i_wr1/E[0]                                                                                                                                 |                                                                                                                         |               10 |             32 |         3.20 |
|  ps/O[0]                                       | pll/dac_rst_reg1                                                                                                                                   | ps/RST0                                                                                                                 |                8 |             32 |         4.00 |
|  i_daisy/i_rx/i_BUFR_clk_0                     | i_daisy/i_test/rx_err_inc                                                                                                                          | i_daisy/i_test/rx_err_cnt[0]_i_1_n_0                                                                                    |                8 |             32 |         4.00 |
|  ps/system_i/processing_system7/inst/FCLK_CLK3 | ps/system_i/axi_protocol_converter_0/inst/gen_axilite.gen_b2s_conv.axilite_b2s/SI_REG/ar.ar_pipe/s_ready_i_reg_0                                   |                                                                                                                         |                8 |             32 |         4.00 |
|  ps/system_i/processing_system7/inst/FCLK_CLK3 | ps/system_i/axi_protocol_converter_0/inst/gen_axilite.gen_b2s_conv.axilite_b2s/SI_REG/aw.aw_pipe/s_ready_i_reg_0                                   |                                                                                                                         |               11 |             32 |         2.91 |
|  ps/system_i/processing_system7/inst/FCLK_CLK3 | ps/system_i/axi_register_slice_0/inst/aw.aw_pipe/m_payload_i[61]_i_1_n_0                                                                           |                                                                                                                         |                8 |             32 |         4.00 |
|  ps/system_i/processing_system7/inst/FCLK_CLK3 | ps/system_i/axi_register_slice_0/inst/r.r_pipe/s_ready_i_reg_0                                                                                     |                                                                                                                         |                8 |             33 |         4.12 |
|  ps/system_i/processing_system7/inst/FCLK_CLK3 | ps/system_i/axi_register_slice_0/inst/r.r_pipe/p_1_in_0                                                                                            |                                                                                                                         |                6 |             33 |         5.50 |
|  ps/system_i/processing_system7/inst/FCLK_CLK3 | ps/system_i/axi_protocol_converter_0/inst/gen_axilite.gen_b2s_conv.axilite_b2s/SI_REG/r.r_pipe/s_ready_i_reg_0                                     |                                                                                                                         |                9 |             33 |         3.67 |
|  ps/system_i/processing_system7/inst/FCLK_CLK3 | ps/system_i/axi_protocol_converter_0/inst/gen_axilite.gen_b2s_conv.axilite_b2s/SI_REG/r.r_pipe/p_1_in                                              |                                                                                                                         |                8 |             33 |         4.12 |
|  adc_clk                                       | ps/axi_slave_gp0/rd_arid                                                                                                                           |                                                                                                                         |               16 |             35 |         2.19 |
|  adc_clk                                       | ps/axi_slave_gp0/wr_awid                                                                                                                           |                                                                                                                         |               15 |             35 |         2.33 |
|  adc_clk                                       | ps/axi_master_0/axi_awaddr_o0_in                                                                                                                   | ps/axi_master_0/axi_awaddr_o[31]_i_1_n_0                                                                                |                6 |             36 |         6.00 |
|  adc_clk                                       | ps/axi_master_1/axi_awaddr_o0_in                                                                                                                   | ps/axi_master_1/axi_awaddr_o[31]_i_1__0_n_0                                                                             |                6 |             36 |         6.00 |
|  adc_clk                                       | i_custom_register_bank/i_deterministic_lock_acquisition/arm_target_low_q[15]_i_1_n_0                                                               | i_custom_register_bank/i_deterministic_lock_acquisition/SR[0]                                                           |               14 |             47 |         3.36 |
|  adc_clk                                       | ps/axi_master_1/axi_awfifo_reg_0_15_0_5_i_1__0_n_0                                                                                                 |                                                                                                                         |                7 |             56 |         8.00 |
|  adc_clk                                       | ps/axi_slave_gp0/wr_wdata                                                                                                                          |                                                                                                                         |               32 |             56 |         1.75 |
|  adc_clk                                       | ps/axi_master_0/axi_awfifo_reg_0_15_0_5_i_1_n_0                                                                                                    |                                                                                                                         |                7 |             56 |         8.00 |
|  adc_clk                                       | i_hk/dna_value0                                                                                                                                    | i_custom_register_bank/i_deterministic_lock_acquisition/SR[0]                                                           |               12 |             57 |         4.75 |
|  adc_clk                                       | i_scope/i_wr1/next_address                                                                                                                         |                                                                                                                         |               20 |             62 |         3.10 |
|  adc_clk                                       | i_scope/i_wr0/next_address                                                                                                                         |                                                                                                                         |               22 |             62 |         2.82 |
|  adc_clk                                       | i_scope/dec_avg_div_b/pipe_loop[1].reg_X[1][31]_i_1__0_n_0                                                                                         |                                                                                                                         |               19 |             63 |         3.32 |
|  adc_clk                                       | i_scope/dec_avg_div_a/pipe_loop[1].reg_X[1][31]_i_1_n_0                                                                                            |                                                                                                                         |               18 |             63 |         3.50 |
|  adc_clk                                       | i_scope/i_wr1/clear_0                                                                                                                              |                                                                                                                         |               23 |             64 |         2.78 |
|  adc_clk                                       | i_scope/i_wr0/clear_0                                                                                                                              |                                                                                                                         |               19 |             64 |         3.37 |
|  adc_clk                                       | ps/axi_master_1/axi_wdata_o0_in                                                                                                                    | ps/axi_master_1/axi_wdata_o[63]_i_1__0_n_0                                                                              |               11 |             64 |         5.82 |
|  adc_clk                                       | i_scope/dat_got                                                                                                                                    | i_custom_register_bank/i_deterministic_lock_acquisition/SR[0]                                                           |               16 |             64 |         4.00 |
|  adc_clk                                       | i_scope/dat_got0                                                                                                                                   | i_custom_register_bank/i_deterministic_lock_acquisition/SR[0]                                                           |               13 |             64 |         4.92 |
|  adc_clk                                       | ps/axi_master_0/axi_wdata_o0_in                                                                                                                    | ps/axi_master_0/axi_wdata_o[63]_i_1_n_0                                                                                 |               11 |             64 |         5.82 |
|  adc_clk                                       | i_scope/axi_a_dat_dv                                                                                                                               |                                                                                                                         |               10 |             75 |         7.50 |
|  adc_clk                                       | i_scope/axi_b_fifo_o[74]_i_1_n_0                                                                                                                   |                                                                                                                         |               13 |             75 |         5.77 |
|  adc_clk                                       | i_scope/axi_a_fifo_o[74]_i_1_n_0                                                                                                                   |                                                                                                                         |               12 |             75 |         6.25 |
|  adc_clk                                       | i_scope/axi_b_dat_dv                                                                                                                               |                                                                                                                         |               10 |             75 |         7.50 |
|  adc_clk                                       |                                                                                                                                                    | i_scope/i_dfilt1_chb/pp_mult_i_2__0_n_0                                                                                 |               20 |             81 |         4.05 |
|  adc_clk                                       |                                                                                                                                                    | i_scope/i_dfilt1_cha/pp_mult_i_2_n_0                                                                                    |               34 |             96 |         2.82 |
|  adc_clk                                       | ps/axi_master_1/axi_wfifo_reg_0_15_0_5_i_1__0_n_0                                                                                                  |                                                                                                                         |               13 |            104 |         8.00 |
|  adc_clk                                       | ps/axi_master_0/axi_wfifo_reg_0_15_0_5_i_1_n_0                                                                                                     |                                                                                                                         |               13 |            104 |         8.00 |
|  i_daisy/i_rx/i_BUFR_clk_0                     |                                                                                                                                                    |                                                                                                                         |               28 |            109 |         3.89 |
|  ps/system_i/processing_system7/inst/FCLK_CLK3 |                                                                                                                                                    | ps/system_i/xadc/inst/AXI_LITE_IPIF_I/I_SLAVE_ATTACHMENT/reset2ip_reset                                                 |               27 |            115 |         4.26 |
|  ps/system_i/processing_system7/inst/FCLK_CLK3 |                                                                                                                                                    |                                                                                                                         |               44 |            119 |         2.70 |
|  adc_clk                                       | i_custom_register_bank/i_deterministic_lock_acquisition/event_commit_pulse_q_i_1_n_0                                                               | i_custom_register_bank/i_deterministic_lock_acquisition/SR[0]                                                           |               32 |            128 |         4.00 |
|  adc_clk                                       | i_custom_register_bank/i_deterministic_lock_acquisition/event_commit_pulse_q_reg_0                                                                 | i_custom_register_bank/i_deterministic_lock_acquisition/SR[0]                                                           |               35 |            156 |         4.46 |
|  adc_clk                                       | i_custom_register_bank/i_deterministic_lock_acquisition/arm_accepted_w                                                                             | i_custom_register_bank/i_deterministic_lock_acquisition/SR[0]                                                           |               49 |            166 |         3.39 |
|  adc_clk                                       | rstn                                                                                                                                               |                                                                                                                         |              132 |            297 |         2.25 |
|  adc_clk                                       | i_custom_register_bank/i_deterministic_lock_acquisition/arm_window_q[31]_i_1_n_0                                                                   | i_custom_register_bank/i_deterministic_lock_acquisition/SR[0]                                                           |               76 |            327 |         4.30 |
|  adc_clk                                       |                                                                                                                                                    |                                                                                                                         |              152 |            521 |         3.43 |
|  adc_clk                                       |                                                                                                                                                    | i_custom_register_bank/i_deterministic_lock_acquisition/SR[0]                                                           |              263 |            824 |         3.13 |
+------------------------------------------------+----------------------------------------------------------------------------------------------------------------------------------------------------+-------------------------------------------------------------------------------------------------------------------------+------------------+----------------+--------------+


