Copyright 1986-2020 Xilinx, Inc. All Rights Reserved.
----------------------------------------------------------------------------------------------------------------------------------------------------------
| Tool Version : Vivado v.2020.1 (win64) Build 2902540 Wed May 27 19:54:49 MDT 2020
| Date         : Fri Jul 24 12:49:50 2026
| Host         : lin running 64-bit major release  (build 9200)
| Command      : report_timing_summary -delay_type max -report_unconstrained -check_timing_verbose -file E:/new/fpga_lock/v94/v0.94/timing_summary_D1.rpt
| Design       : red_pitaya_top
| Device       : 7z010-clg400
| Speed File   : -1  PRODUCTION 1.12 2019-11-22
----------------------------------------------------------------------------------------------------------------------------------------------------------

Timing Summary Report

------------------------------------------------------------------------------------------------
| Timer Settings
| --------------
------------------------------------------------------------------------------------------------

  Enable Multi Corner Analysis               :  Yes
  Enable Pessimism Removal                   :  Yes
  Pessimism Removal Resolution               :  Nearest Common Node
  Enable Input Delay Default Clock           :  No
  Enable Preset / Clear Arcs                 :  No
  Disable Flight Delays                      :  No
  Ignore I/O Paths                           :  No
  Timing Early Launch at Borrowing Latches   :  No
  Borrow Time for Max Delay Exceptions       :  Yes
  Merge Timing Exceptions                    :  Yes

  Corner  Analyze    Analyze    
  Name    Max Paths  Min Paths  
  ------  ---------  ---------  
  Slow    Yes        Yes        
  Fast    Yes        Yes        



check_timing report

Table of Contents
-----------------
1. checking no_clock (52)
2. checking constant_clock (0)
3. checking pulse_width_clock (0)
4. checking unconstrained_internal_endpoints (19)
5. checking no_input_delay (17)
6. checking no_output_delay (42)
7. checking multiple_clock (0)
8. checking generated_clocks (0)
9. checking loops (0)
10. checking partial_input_delay (0)
11. checking partial_output_delay (0)
12. checking latch_loops (0)

1. checking no_clock (52)
-------------------------
 There are 17 register/latch pins with no clock driven by root clock pin: i_daisy/tx_cfg_sel_reg[1]/Q (HIGH)

i_daisy/txp_dat_reg[0]/G
i_daisy/txp_dat_reg[10]/G
i_daisy/txp_dat_reg[11]/G
i_daisy/txp_dat_reg[12]/G
i_daisy/txp_dat_reg[13]/G
i_daisy/txp_dat_reg[14]/G
i_daisy/txp_dat_reg[15]/G
i_daisy/txp_dat_reg[1]/G
i_daisy/txp_dat_reg[2]/G
i_daisy/txp_dat_reg[3]/G
i_daisy/txp_dat_reg[4]/G
i_daisy/txp_dat_reg[5]/G
i_daisy/txp_dat_reg[6]/G
i_daisy/txp_dat_reg[7]/G
i_daisy/txp_dat_reg[8]/G
i_daisy/txp_dat_reg[9]/G
i_daisy/txp_dv_reg/G

 There are 17 register/latch pins with no clock driven by root clock pin: i_daisy/tx_cfg_sel_reg[2]/Q (HIGH)

i_daisy/txp_dat_reg[0]/G
i_daisy/txp_dat_reg[10]/G
i_daisy/txp_dat_reg[11]/G
i_daisy/txp_dat_reg[12]/G
i_daisy/txp_dat_reg[13]/G
i_daisy/txp_dat_reg[14]/G
i_daisy/txp_dat_reg[15]/G
i_daisy/txp_dat_reg[1]/G
i_daisy/txp_dat_reg[2]/G
i_daisy/txp_dat_reg[3]/G
i_daisy/txp_dat_reg[4]/G
i_daisy/txp_dat_reg[5]/G
i_daisy/txp_dat_reg[6]/G
i_daisy/txp_dat_reg[7]/G
i_daisy/txp_dat_reg[8]/G
i_daisy/txp_dat_reg[9]/G
i_daisy/txp_dv_reg/G

 There are 17 register/latch pins with no clock driven by root clock pin: i_hk/daisy_mode_o_reg[0]/Q (HIGH)

i_daisy/txp_dat_reg[0]/G
i_daisy/txp_dat_reg[10]/G
i_daisy/txp_dat_reg[11]/G
i_daisy/txp_dat_reg[12]/G
i_daisy/txp_dat_reg[13]/G
i_daisy/txp_dat_reg[14]/G
i_daisy/txp_dat_reg[15]/G
i_daisy/txp_dat_reg[1]/G
i_daisy/txp_dat_reg[2]/G
i_daisy/txp_dat_reg[3]/G
i_daisy/txp_dat_reg[4]/G
i_daisy/txp_dat_reg[5]/G
i_daisy/txp_dat_reg[6]/G
i_daisy/txp_dat_reg[7]/G
i_daisy/txp_dat_reg[8]/G
i_daisy/txp_dat_reg[9]/G
i_daisy/txp_dv_reg/G

 There is 1 register/latch pin with no clock driven by root clock pin: i_hk/dna_clk_reg/Q (HIGH)

i_hk/i_DNA/CLK


2. checking constant_clock (0)
------------------------------
 There are 0 register/latch pins with constant_clock.


3. checking pulse_width_clock (0)
---------------------------------
 There are 0 register/latch pins which need pulse_width check


4. checking unconstrained_internal_endpoints (19)
-------------------------------------------------
 There are 19 pins that are not constrained for maximum delay. (HIGH)

i_daisy/txp_dat_reg[0]/D
i_daisy/txp_dat_reg[10]/D
i_daisy/txp_dat_reg[11]/D
i_daisy/txp_dat_reg[12]/D
i_daisy/txp_dat_reg[13]/D
i_daisy/txp_dat_reg[14]/D
i_daisy/txp_dat_reg[15]/D
i_daisy/txp_dat_reg[1]/D
i_daisy/txp_dat_reg[2]/D
i_daisy/txp_dat_reg[3]/D
i_daisy/txp_dat_reg[4]/D
i_daisy/txp_dat_reg[5]/D
i_daisy/txp_dat_reg[6]/D
i_daisy/txp_dat_reg[7]/D
i_daisy/txp_dat_reg[8]/D
i_daisy/txp_dat_reg[9]/D
i_daisy/txp_dv_reg/D
i_hk/i_DNA/READ
i_hk/i_DNA/SHIFT

 There are 0 pins that are not constrained for maximum delay due to constant clock.


5. checking no_input_delay (17)
-------------------------------
 There are 17 input ports with no input delay specified. (HIGH)

daisy_p_i[0]
exp_n_io[0]
exp_n_io[1]
exp_n_io[2]
exp_n_io[3]
exp_n_io[4]
exp_n_io[5]
exp_n_io[6]
exp_n_io[7]
exp_p_io[0]
exp_p_io[1]
exp_p_io[2]
exp_p_io[3]
exp_p_io[4]
exp_p_io[5]
exp_p_io[6]
exp_p_io[7]

 There are 0 input ports with no input delay but user has a false path constraint.


6. checking no_output_delay (42)
--------------------------------
 There are 42 ports with no output delay specified. (HIGH)

adc_clk_o[0]
adc_clk_o[1]
dac_clk_o
dac_dat_o[0]
dac_dat_o[10]
dac_dat_o[11]
dac_dat_o[12]
dac_dat_o[13]
dac_dat_o[1]
dac_dat_o[2]
dac_dat_o[3]
dac_dat_o[4]
dac_dat_o[5]
dac_dat_o[6]
dac_dat_o[7]
dac_dat_o[8]
dac_dat_o[9]
dac_pwm_o[0]
dac_pwm_o[1]
dac_pwm_o[2]
dac_pwm_o[3]
dac_rst_o
dac_sel_o
dac_wrt_o
daisy_p_o[0]
daisy_p_o[1]
exp_n_io[0]
exp_n_io[1]
exp_n_io[2]
exp_n_io[3]
exp_n_io[4]
exp_n_io[5]
exp_n_io[6]
exp_n_io[7]
exp_p_io[0]
exp_p_io[1]
exp_p_io[2]
exp_p_io[3]
exp_p_io[4]
exp_p_io[5]
exp_p_io[6]
exp_p_io[7]

 There are 0 ports with no output delay but user has a false path constraint

 There are 0 ports with no output delay but with a timing clock defined on it or propagating through it


7. checking multiple_clock (0)
------------------------------
 There are 0 register/latch pins with multiple clocks.


8. checking generated_clocks (0)
--------------------------------
 There are 0 generated clocks that are not connected to a clock source.


9. checking loops (0)
---------------------
 There are 0 combinational loops in the design.


10. checking partial_input_delay (0)
------------------------------------
 There are 0 input ports with partial input delay specified.


11. checking partial_output_delay (0)
-------------------------------------
 There are 0 ports with partial output delay specified.


12. checking latch_loops (0)
----------------------------
 There are 0 combinational latch loops in the design through latch input



------------------------------------------------------------------------------------------------
| Design Timing Summary
| ---------------------
------------------------------------------------------------------------------------------------

    WNS(ns)      TNS(ns)  TNS Failing Endpoints  TNS Total Endpoints     WPWS(ns)     TPWS(ns)  TPWS Failing Endpoints  TPWS Total Endpoints  
    -------      -------  ---------------------  -------------------     --------     --------  ----------------------  --------------------  
     -0.363      -21.298                    169                25347        1.000        0.000                       0                  9308  


Timing constraints are not met.


------------------------------------------------------------------------------------------------
| Clock Summary
| -------------
------------------------------------------------------------------------------------------------

Clock             Waveform(ns)         Period(ns)      Frequency(MHz)
-----             ------------         ----------      --------------
adc_clk           {0.000 4.000}        8.000           125.000         
  clk_fb          {0.000 4.000}        8.000           125.000         
  pll_adc_clk     {0.000 4.000}        8.000           125.000         
  pll_dac_clk_1x  {0.000 4.000}        8.000           125.000         
  pll_dac_clk_2p  {-0.500 1.500}       4.000           250.000         
  pll_dac_clk_2x  {0.000 2.000}        4.000           250.000         
  pll_ser_clk     {0.000 2.000}        4.000           250.000         
clk_fpga_0        {0.000 4.000}        8.000           125.000         
clk_fpga_1        {0.000 2.000}        4.000           250.000         
clk_fpga_2        {0.000 10.000}       20.000          50.000          
clk_fpga_3        {0.000 2.500}        5.000           200.000         
rx_clk            {0.000 2.000}        4.000           250.000         
  par_clk         {0.000 4.000}        8.000           125.000         


------------------------------------------------------------------------------------------------
| Intra Clock Table
| -----------------
------------------------------------------------------------------------------------------------

Clock                 WNS(ns)      TNS(ns)  TNS Failing Endpoints  TNS Total Endpoints     WPWS(ns)     TPWS(ns)  TPWS Failing Endpoints  TPWS Total Endpoints  
-----                 -------      -------  ---------------------  -------------------     --------     --------  ----------------------  --------------------  
adc_clk                                                                                       2.000        0.000                       0                     1  
  clk_fb                                                                                      6.751        0.000                       0                     2  
  pll_adc_clk          -0.363      -21.298                    169                22666        2.750        0.000                       0                  7974  
  pll_dac_clk_1x        0.605        0.000                      0                   45        3.500        0.000                       0                    47  
  pll_dac_clk_2p                                                                              1.845        0.000                       0                     3  
  pll_dac_clk_2x                                                                              1.845        0.000                       0                     3  
  pll_ser_clk                                                                                 1.845        0.000                       0                     4  
clk_fpga_0              5.107        0.000                      0                   32        3.500        0.000                       0                    33  
clk_fpga_3              0.085        0.000                      0                 1969        1.000        0.000                       0                   965  
rx_clk                                                                                        2.333        0.000                       0                     4  
  par_clk               4.158        0.000                      0                  460        3.020        0.000                       0                   272  


------------------------------------------------------------------------------------------------
| Inter Clock Table
| -----------------
------------------------------------------------------------------------------------------------

From Clock      To Clock            WNS(ns)      TNS(ns)  TNS Failing Endpoints  TNS Total Endpoints  
----------      --------            -------      -------  ---------------------  -------------------  
adc_clk         pll_adc_clk           3.884        0.000                      0                  112  
par_clk         pll_adc_clk           1.206        0.000                      0                  147  
pll_adc_clk     pll_dac_clk_1x        3.366        0.000                      0                   28  
pll_adc_clk     par_clk               1.257        0.000                      0                   85  


------------------------------------------------------------------------------------------------
| Other Path Groups Table
| -----------------------
------------------------------------------------------------------------------------------------

Path Group         From Clock         To Clock               WNS(ns)      TNS(ns)  TNS Failing Endpoints  TNS Total Endpoints  
----------         ----------         --------               -------      -------  ---------------------  -------------------  
**async_default**  pll_adc_clk        par_clk                  1.387        0.000                      0                   17  
**async_default**  pll_adc_clk        pll_adc_clk              3.588        0.000                      0                   14  


------------------------------------------------------------------------------------------------
| User Ignored Path Table
| -----------------------
------------------------------------------------------------------------------------------------

Path Group    From Clock    To Clock    
----------    ----------    --------    
(none)                      clk_fpga_3    
(none)        clk_fpga_0    pll_adc_clk   


------------------------------------------------------------------------------------------------
| Unconstrained Path Table
| ------------------------
------------------------------------------------------------------------------------------------

Path Group      From Clock      To Clock      
----------      ----------      --------      
(none)          clk_fb                          
(none)          par_clk                         
(none)          pll_adc_clk                     
(none)          pll_dac_clk_1x                  
(none)          pll_dac_clk_2p                  
(none)          pll_dac_clk_2x                  
(none)          pll_ser_clk                     
(none)                          clk_fpga_0      
(none)                          pll_adc_clk     
(none)                          pll_dac_clk_1x  
(none)                          rx_clk          


------------------------------------------------------------------------------------------------
| Timing Details
| --------------
------------------------------------------------------------------------------------------------


---------------------------------------------------------------------------------------------------
From Clock:  adc_clk
  To Clock:  adc_clk

Setup :           NA  Failing Endpoints,  Worst Slack           NA  ,  Total Violation           NA
Hold  :           NA  Failing Endpoints,  Worst Slack           NA  ,  Total Violation           NA
PW    :            0  Failing Endpoints,  Worst Slack        2.000ns,  Total Violation        0.000ns
---------------------------------------------------------------------------------------------------


Pulse Width Checks
--------------------------------------------------------------------------------------
Clock Name:         adc_clk
Waveform(ns):       { 0.000 4.000 }
Period(ns):         8.000
Sources:            { adc_clk_i[1] }

Check Type        Corner  Lib Pin           Reference Pin  Required(ns)  Actual(ns)  Slack(ns)  Location        Pin
Min Period        n/a     PLLE2_ADV/CLKIN1  n/a            1.249         8.000       6.751      PLLE2_ADV_X0Y0  pll/pll/CLKIN1
Max Period        n/a     PLLE2_ADV/CLKIN1  n/a            52.633        8.000       44.633     PLLE2_ADV_X0Y0  pll/pll/CLKIN1
Low Pulse Width   Fast    PLLE2_ADV/CLKIN1  n/a            2.000         4.000       2.000      PLLE2_ADV_X0Y0  pll/pll/CLKIN1
High Pulse Width  Slow    PLLE2_ADV/CLKIN1  n/a            2.000         4.000       2.000      PLLE2_ADV_X0Y0  pll/pll/CLKIN1



---------------------------------------------------------------------------------------------------
From Clock:  clk_fb
  To Clock:  clk_fb

Setup :           NA  Failing Endpoints,  Worst Slack           NA  ,  Total Violation           NA
Hold  :           NA  Failing Endpoints,  Worst Slack           NA  ,  Total Violation           NA
PW    :            0  Failing Endpoints,  Worst Slack        6.751ns,  Total Violation        0.000ns
---------------------------------------------------------------------------------------------------


Pulse Width Checks
--------------------------------------------------------------------------------------
Clock Name:         clk_fb
Waveform(ns):       { 0.000 4.000 }
Period(ns):         8.000
Sources:            { pll/pll/CLKFBOUT }

Check Type  Corner  Lib Pin             Reference Pin  Required(ns)  Actual(ns)  Slack(ns)  Location        Pin
Min Period  n/a     PLLE2_ADV/CLKFBOUT  n/a            1.249         8.000       6.751      PLLE2_ADV_X0Y0  pll/pll/CLKFBOUT
Max Period  n/a     PLLE2_ADV/CLKFBIN   n/a            52.633        8.000       44.633     PLLE2_ADV_X0Y0  pll/pll/CLKFBIN



---------------------------------------------------------------------------------------------------
From Clock:  pll_adc_clk
  To Clock:  pll_adc_clk

Setup :          169  Failing Endpoints,  Worst Slack       -0.363ns,  Total Violation      -21.298ns
Hold  :           NA  Failing Endpoints,  Worst Slack           NA  ,  Total Violation           NA
PW    :            0  Failing Endpoints,  Worst Slack        2.750ns,  Total Violation        0.000ns
---------------------------------------------------------------------------------------------------


Max Delay Paths
--------------------------------------------------------------------------------------
Slack (VIOLATED) :        -0.363ns  (required time - arrival time)
  Source:                 ps/axi_slave_gp0/rd_do_reg/C
                            (rising edge-triggered cell FDRE clocked by pll_adc_clk  {rise@0.000ns fall@4.000ns period=8.000ns})
  Destination:            i_custom_register_bank/i_deterministic_lock_acquisition/arm_error_setpoint_q_reg[9]/CE
                            (rising edge-triggered cell FDRE clocked by pll_adc_clk  {rise@0.000ns fall@4.000ns period=8.000ns})
  Path Group:             pll_adc_clk
  Path Type:              Setup (Max at Slow Process Corner)
  Requirement:            8.000ns  (pll_adc_clk rise@8.000ns - pll_adc_clk rise@0.000ns)
  Data Path Delay:        7.718ns  (logic 1.692ns (21.923%)  route 6.026ns (78.077%))
  Logic Levels:           6  (LUT2=2 LUT3=1 LUT5=1 LUT6=2)
  Clock Path Skew:        -0.164ns (DCD - SCD + CPR)
    Destination Clock Delay (DCD):    5.390ns = ( 13.390 - 8.000 ) 
    Source Clock Delay      (SCD):    5.897ns
    Clock Pessimism Removal (CPR):    0.343ns
  Clock Uncertainty:      0.069ns  ((TSJ^2 + DJ^2)^1/2) / 2 + PE
    Total System Jitter     (TSJ):    0.071ns
    Discrete Jitter          (DJ):    0.118ns
    Phase Error              (PE):    0.000ns

    Location             Delay type                Incr(ns)  Path(ns)    Netlist Resource(s)
  -------------------------------------------------------------------    -------------------
                         (clock pll_adc_clk rise edge)
                                                      0.000     0.000 r  
    U18                                               0.000     0.000 r  adc_clk_i[1] (IN)
                         net (fo=0)                   0.000     0.000    adc_clk_i[1]
    U18                  IBUFDS (Prop_ibufds_I_O)     0.983     0.983 r  i_clk/O
                         net (fo=1, routed)           1.306     2.289    pll/adc_clk_in
    PLLE2_ADV_X0Y0       PLLE2_ADV (Prop_plle2_adv_CLKIN1_CLKOUT0)
                                                      0.089     2.378 r  pll/pll/CLKOUT0
                         net (fo=1, routed)           1.754     4.132    pll_adc_clk
    BUFGCTRL_X0Y0        BUFG (Prop_bufg_I_O)         0.101     4.233 r  bufg_adc_clk/O
                         net (fo=7983, routed)        1.664     5.897    ps/axi_slave_gp0/adc_clk
    SLICE_X19Y51         FDRE                                         r  ps/axi_slave_gp0/rd_do_reg/C
  -------------------------------------------------------------------    -------------------
    SLICE_X19Y51         FDRE (Prop_fdre_C_Q)         0.456     6.353 r  ps/axi_slave_gp0/rd_do_reg/Q
                         net (fo=171, routed)         0.807     7.160    ps/axi_slave_gp0/rd_do
    SLICE_X18Y51         LUT3 (Prop_lut3_I1_O)        0.152     7.312 r  ps/axi_slave_gp0/scan_offset_o[13]_i_5/O
                         net (fo=96, routed)          0.838     8.150    ps/axi_slave_gp0/rd_araddr_reg[3]_10
    SLICE_X17Y51         LUT5 (Prop_lut5_I0_O)        0.326     8.476 r  ps/axi_slave_gp0/FSM_onehot_arm_phase_q[4]_i_8/O
                         net (fo=1, routed)           0.667     9.143    ps/axi_slave_gp0/FSM_onehot_arm_phase_q[4]_i_8_n_0
    SLICE_X14Y42         LUT6 (Prop_lut6_I5_O)        0.124     9.267 f  ps/axi_slave_gp0/FSM_onehot_arm_phase_q[4]_i_4/O
                         net (fo=12, routed)          0.743    10.010    ps/axi_slave_gp0/FSM_onehot_arm_phase_q[4]_i_4_n_0
    SLICE_X13Y42         LUT6 (Prop_lut6_I0_O)        0.124    10.134 f  ps/axi_slave_gp0/event_stage_fault_code_q[0]_i_2/O
                         net (fo=8, routed)           0.633    10.767    ps/axi_slave_gp0/acq_abort
    SLICE_X10Y41         LUT2 (Prop_lut2_I0_O)        0.153    10.920 f  ps/axi_slave_gp0/arm_window_q[31]_i_2/O
                         net (fo=65, routed)          0.889    11.809    i_custom_register_bank/i_deterministic_lock_acquisition/arm_target_high_q_reg[0]_0
    SLICE_X9Y42          LUT2 (Prop_lut2_I1_O)        0.357    12.166 r  i_custom_register_bank/i_deterministic_lock_acquisition/arm_window_q[31]_i_1/O
                         net (fo=327, routed)         1.449    13.615    i_custom_register_bank/i_deterministic_lock_acquisition/arm_window_q[31]_i_1_n_0
    SLICE_X19Y46         FDRE                                         r  i_custom_register_bank/i_deterministic_lock_acquisition/arm_error_setpoint_q_reg[9]/CE
  -------------------------------------------------------------------    -------------------

                         (clock pll_adc_clk rise edge)
                                                      8.000     8.000 r  
    U18                                               0.000     8.000 r  adc_clk_i[1] (IN)
                         net (fo=0)                   0.000     8.000    adc_clk_i[1]
    U18                  IBUFDS (Prop_ibufds_I_O)     0.940     8.940 r  i_clk/O
                         net (fo=1, routed)           1.181    10.121    pll/adc_clk_in
    PLLE2_ADV_X0Y0       PLLE2_ADV (Prop_plle2_adv_CLKIN1_CLKOUT0)
                                                      0.084    10.205 r  pll/pll/CLKOUT0
                         net (fo=1, routed)           1.594    11.799    pll_adc_clk
    BUFGCTRL_X0Y0        BUFG (Prop_bufg_I_O)         0.091    11.890 r  bufg_adc_clk/O
                         net (fo=7983, routed)        1.500    13.390    i_custom_register_bank/i_deterministic_lock_acquisition/adc_clk
    SLICE_X19Y46         FDRE                                         r  i_custom_register_bank/i_deterministic_lock_acquisition/arm_error_setpoint_q_reg[9]/C
                         clock pessimism              0.343    13.734    
                         clock uncertainty           -0.069    13.665    
    SLICE_X19Y46         FDRE (Setup_fdre_C_CE)      -0.413    13.252    i_custom_register_bank/i_deterministic_lock_acquisition/arm_error_setpoint_q_reg[9]
  -------------------------------------------------------------------
                         required time                         13.252    
                         arrival time                         -13.615    
  -------------------------------------------------------------------
                         slack                                 -0.363    





Pulse Width Checks
--------------------------------------------------------------------------------------
Clock Name:         pll_adc_clk
Waveform(ns):       { 0.000 4.000 }
Period(ns):         8.000
Sources:            { pll/pll/CLKOUT0 }

Check Type        Corner  Lib Pin            Reference Pin  Required(ns)  Actual(ns)  Slack(ns)  Location        Pin
Min Period        n/a     DSP48E1/CLK        n/a            3.884         8.000       4.116      DSP48_X1Y8      i_scope/i_dfilt1_chb/bb_mult/CLK
Max Period        n/a     PLLE2_ADV/CLKOUT0  n/a            160.000       8.000       152.000    PLLE2_ADV_X0Y0  pll/pll/CLKOUT0
Low Pulse Width   Slow    RAMD32/CLK         n/a            1.250         4.000       2.750      SLICE_X0Y7      ps/axi_master_0/axi_awfifo_reg_0_15_0_5/RAMA/CLK
High Pulse Width  Slow    RAMD32/CLK         n/a            1.250         4.000       2.750      SLICE_X0Y2      ps/axi_master_0/axi_wfifo_reg_0_15_72_72/RAMA/CLK



---------------------------------------------------------------------------------------------------
From Clock:  pll_dac_clk_1x
  To Clock:  pll_dac_clk_1x

Setup :            0  Failing Endpoints,  Worst Slack        0.605ns,  Total Violation        0.000ns
Hold  :           NA  Failing Endpoints,  Worst Slack           NA  ,  Total Violation           NA
PW    :            0  Failing Endpoints,  Worst Slack        3.500ns,  Total Violation        0.000ns
---------------------------------------------------------------------------------------------------


Max Delay Paths
--------------------------------------------------------------------------------------
Slack (MET) :             0.605ns  (required time - arrival time)
  Source:                 dac_rst_reg/C
                            (rising edge-triggered cell FDRE clocked by pll_dac_clk_1x  {rise@0.000ns fall@4.000ns period=8.000ns})
  Destination:            oddr_dac_sel/R
                            (falling edge-triggered cell ODDR clocked by pll_dac_clk_1x  {rise@0.000ns fall@4.000ns period=8.000ns})
  Path Group:             pll_dac_clk_1x
  Path Type:              Setup (Max at Slow Process Corner)
  Requirement:            4.000ns  (pll_dac_clk_1x fall@4.000ns - pll_dac_clk_1x rise@0.000ns)
  Data Path Delay:        2.457ns  (logic 0.456ns (18.563%)  route 2.001ns (81.437%))
  Logic Levels:           0  
  Clock Path Skew:        -0.072ns (DCD - SCD + CPR)
    Destination Clock Delay (DCD):    5.434ns = ( 9.434 - 4.000 ) 
    Source Clock Delay      (SCD):    5.963ns
    Clock Pessimism Removal (CPR):    0.457ns
  Clock Uncertainty:      0.069ns  ((TSJ^2 + DJ^2)^1/2) / 2 + PE
    Total System Jitter     (TSJ):    0.071ns
    Discrete Jitter          (DJ):    0.118ns
    Phase Error              (PE):    0.000ns

    Location             Delay type                Incr(ns)  Path(ns)    Netlist Resource(s)
  -------------------------------------------------------------------    -------------------
                         (clock pll_dac_clk_1x rise edge)
                                                      0.000     0.000 r  
    U18                                               0.000     0.000 r  adc_clk_i[1] (IN)
                         net (fo=0)                   0.000     0.000    adc_clk_i[1]
    U18                  IBUFDS (Prop_ibufds_I_O)     0.983     0.983 r  i_clk/O
                         net (fo=1, routed)           1.306     2.289    pll/adc_clk_in
    PLLE2_ADV_X0Y0       PLLE2_ADV (Prop_plle2_adv_CLKIN1_CLKOUT1)
                                                      0.089     2.378 r  pll/pll/CLKOUT1
                         net (fo=1, routed)           1.754     4.132    pll_dac_clk_1x
    BUFGCTRL_X0Y3        BUFG (Prop_bufg_I_O)         0.101     4.233 r  bufg_dac_clk_1x/O
                         net (fo=45, routed)          1.730     5.963    dac_clk_1x
    SLICE_X43Y70         FDRE                                         r  dac_rst_reg/C
  -------------------------------------------------------------------    -------------------
    SLICE_X43Y70         FDRE (Prop_fdre_C_Q)         0.456     6.419 r  dac_rst_reg/Q
                         net (fo=17, routed)          2.001     8.420    dac_rst
    OLOGIC_X0Y57         ODDR                                         r  oddr_dac_sel/R
  -------------------------------------------------------------------    -------------------

                         (clock pll_dac_clk_1x fall edge)
                                                      4.000     4.000 f  
    U18                                               0.000     4.000 f  adc_clk_i[1] (IN)
                         net (fo=0)                   0.000     4.000    adc_clk_i[1]
    U18                  IBUFDS (Prop_ibufds_I_O)     0.940     4.940 f  i_clk/O
                         net (fo=1, routed)           1.181     6.121    pll/adc_clk_in
    PLLE2_ADV_X0Y0       PLLE2_ADV (Prop_plle2_adv_CLKIN1_CLKOUT1)
                                                      0.084     6.205 f  pll/pll/CLKOUT1
                         net (fo=1, routed)           1.594     7.799    pll_dac_clk_1x
    BUFGCTRL_X0Y3        BUFG (Prop_bufg_I_O)         0.091     7.890 f  bufg_dac_clk_1x/O
                         net (fo=45, routed)          1.544     9.434    dac_clk_1x
    OLOGIC_X0Y57         ODDR                                         f  oddr_dac_sel/C
                         clock pessimism              0.457     9.892    
                         clock uncertainty           -0.069     9.823    
    OLOGIC_X0Y57         ODDR (Setup_oddr_C_R)       -0.798     9.025    oddr_dac_sel
  -------------------------------------------------------------------
                         required time                          9.025    
                         arrival time                          -8.420    
  -------------------------------------------------------------------
                         slack                                  0.605    





Pulse Width Checks
--------------------------------------------------------------------------------------
Clock Name:         pll_dac_clk_1x
Waveform(ns):       { 0.000 4.000 }
Period(ns):         8.000
Sources:            { pll/pll/CLKOUT1 }

Check Type        Corner  Lib Pin            Reference Pin  Required(ns)  Actual(ns)  Slack(ns)  Location        Pin
Min Period        n/a     BUFG/I             n/a            2.155         8.000       5.845      BUFGCTRL_X0Y3   bufg_dac_clk_1x/I
Max Period        n/a     PLLE2_ADV/CLKOUT1  n/a            160.000       8.000       152.000    PLLE2_ADV_X0Y0  pll/pll/CLKOUT1
Low Pulse Width   Slow    FDRE/C             n/a            0.500         4.000       3.500      SLICE_X43Y58    dac_dat_a_reg[7]/C
High Pulse Width  Slow    FDRE/C             n/a            0.500         4.000       3.500      SLICE_X42Y82    dac_dat_a_reg[2]/C



---------------------------------------------------------------------------------------------------
From Clock:  pll_dac_clk_2p
  To Clock:  pll_dac_clk_2p

Setup :           NA  Failing Endpoints,  Worst Slack           NA  ,  Total Violation           NA
Hold  :           NA  Failing Endpoints,  Worst Slack           NA  ,  Total Violation           NA
PW    :            0  Failing Endpoints,  Worst Slack        1.845ns,  Total Violation        0.000ns
---------------------------------------------------------------------------------------------------


Pulse Width Checks
--------------------------------------------------------------------------------------
Clock Name:         pll_dac_clk_2p
Waveform(ns):       { -0.500 1.500 }
Period(ns):         4.000
Sources:            { pll/pll/CLKOUT3 }

Check Type  Corner  Lib Pin            Reference Pin  Required(ns)  Actual(ns)  Slack(ns)  Location        Pin
Min Period  n/a     BUFG/I             n/a            2.155         4.000       1.845      BUFGCTRL_X0Y5   bufg_dac_clk_2p/I
Max Period  n/a     PLLE2_ADV/CLKOUT3  n/a            160.000       4.000       156.000    PLLE2_ADV_X0Y0  pll/pll/CLKOUT3



---------------------------------------------------------------------------------------------------
From Clock:  pll_dac_clk_2x
  To Clock:  pll_dac_clk_2x

Setup :           NA  Failing Endpoints,  Worst Slack           NA  ,  Total Violation           NA
Hold  :           NA  Failing Endpoints,  Worst Slack           NA  ,  Total Violation           NA
PW    :            0  Failing Endpoints,  Worst Slack        1.845ns,  Total Violation        0.000ns
---------------------------------------------------------------------------------------------------


Pulse Width Checks
--------------------------------------------------------------------------------------
Clock Name:         pll_dac_clk_2x
Waveform(ns):       { 0.000 2.000 }
Period(ns):         4.000
Sources:            { pll/pll/CLKOUT2 }

Check Type  Corner  Lib Pin            Reference Pin  Required(ns)  Actual(ns)  Slack(ns)  Location        Pin
Min Period  n/a     BUFG/I             n/a            2.155         4.000       1.845      BUFGCTRL_X0Y6   bufg_dac_clk_2x/I
Max Period  n/a     PLLE2_ADV/CLKOUT2  n/a            160.000       4.000       156.000    PLLE2_ADV_X0Y0  pll/pll/CLKOUT2



---------------------------------------------------------------------------------------------------
From Clock:  pll_ser_clk
  To Clock:  pll_ser_clk

Setup :           NA  Failing Endpoints,  Worst Slack           NA  ,  Total Violation           NA
Hold  :           NA  Failing Endpoints,  Worst Slack           NA  ,  Total Violation           NA
PW    :            0  Failing Endpoints,  Worst Slack        1.845ns,  Total Violation        0.000ns
---------------------------------------------------------------------------------------------------


Pulse Width Checks
--------------------------------------------------------------------------------------
Clock Name:         pll_ser_clk
Waveform(ns):       { 0.000 2.000 }
Period(ns):         4.000
Sources:            { pll/pll/CLKOUT4 }

Check Type  Corner  Lib Pin            Reference Pin  Required(ns)  Actual(ns)  Slack(ns)  Location        Pin
Min Period  n/a     BUFG/I             n/a            2.155         4.000       1.845      BUFGCTRL_X0Y4   bufg_ser_clk/I
Max Period  n/a     PLLE2_ADV/CLKOUT4  n/a            160.000       4.000       156.000    PLLE2_ADV_X0Y0  pll/pll/CLKOUT4



---------------------------------------------------------------------------------------------------
From Clock:  clk_fpga_0
  To Clock:  clk_fpga_0

Setup :            0  Failing Endpoints,  Worst Slack        5.107ns,  Total Violation        0.000ns
Hold  :           NA  Failing Endpoints,  Worst Slack           NA  ,  Total Violation           NA
PW    :            0  Failing Endpoints,  Worst Slack        3.500ns,  Total Violation        0.000ns
---------------------------------------------------------------------------------------------------


Max Delay Paths
--------------------------------------------------------------------------------------
Slack (MET) :             5.107ns  (required time - arrival time)
  Source:                 locked_pll_cnt_reg[1]/C
                            (rising edge-triggered cell FDRE clocked by clk_fpga_0  {rise@0.000ns fall@4.000ns period=8.000ns})
  Destination:            locked_pll_cnt_reg[29]/D
                            (rising edge-triggered cell FDRE clocked by clk_fpga_0  {rise@0.000ns fall@4.000ns period=8.000ns})
  Path Group:             clk_fpga_0
  Path Type:              Setup (Max at Slow Process Corner)
  Requirement:            8.000ns  (clk_fpga_0 rise@8.000ns - clk_fpga_0 rise@0.000ns)
  Data Path Delay:        2.844ns  (logic 2.200ns (77.369%)  route 0.644ns (22.631%))
  Logic Levels:           8  (CARRY4=8)
  Clock Path Skew:        -0.033ns (DCD - SCD + CPR)
    Destination Clock Delay (DCD):    2.741ns = ( 10.741 - 8.000 ) 
    Source Clock Delay      (SCD):    3.042ns
    Clock Pessimism Removal (CPR):    0.268ns
  Clock Uncertainty:      0.125ns  ((TSJ^2 + TIJ^2)^1/2 + DJ) / 2 + PE
    Total System Jitter     (TSJ):    0.071ns
    Total Input Jitter      (TIJ):    0.240ns
    Discrete Jitter          (DJ):    0.000ns
    Phase Error              (PE):    0.000ns

    Location             Delay type                Incr(ns)  Path(ns)    Netlist Resource(s)
  -------------------------------------------------------------------    -------------------
                         (clock clk_fpga_0 rise edge)
                                                      0.000     0.000 r  
    PS7_X0Y0             PS7                          0.000     0.000 r  ps/system_i/processing_system7/inst/PS7_i/FCLKCLK[0]
                         net (fo=1, routed)           1.207     1.207    ps/lopt
    BUFGCTRL_X0Y7        BUFG (Prop_bufg_I_O)         0.101     1.308 r  ps/fclk_buf[0]/O
                         net (fo=32, routed)          1.734     3.042    fclk[0]
    SLICE_X42Y67         FDRE                                         r  locked_pll_cnt_reg[1]/C
  -------------------------------------------------------------------    -------------------
    SLICE_X42Y67         FDRE (Prop_fdre_C_Q)         0.518     3.560 r  locked_pll_cnt_reg[1]/Q
                         net (fo=2, routed)           0.644     4.204    locked_pll_cnt_reg[1]
    SLICE_X42Y67         CARRY4 (Prop_carry4_S[1]_CO[3])
                                                      0.657     4.861 r  locked_pll_cnt_reg[0]_i_2/CO[3]
                         net (fo=1, routed)           0.000     4.861    locked_pll_cnt_reg[0]_i_2_n_0
    SLICE_X42Y68         CARRY4 (Prop_carry4_CI_CO[3])
                                                      0.117     4.978 r  locked_pll_cnt_reg[4]_i_1/CO[3]
                         net (fo=1, routed)           0.000     4.978    locked_pll_cnt_reg[4]_i_1_n_0
    SLICE_X42Y69         CARRY4 (Prop_carry4_CI_CO[3])
                                                      0.117     5.095 r  locked_pll_cnt_reg[8]_i_1/CO[3]
                         net (fo=1, routed)           0.000     5.095    locked_pll_cnt_reg[8]_i_1_n_0
    SLICE_X42Y70         CARRY4 (Prop_carry4_CI_CO[3])
                                                      0.117     5.212 r  locked_pll_cnt_reg[12]_i_1/CO[3]
                         net (fo=1, routed)           0.000     5.212    locked_pll_cnt_reg[12]_i_1_n_0
    SLICE_X42Y71         CARRY4 (Prop_carry4_CI_CO[3])
                                                      0.117     5.329 r  locked_pll_cnt_reg[16]_i_1/CO[3]
                         net (fo=1, routed)           0.000     5.329    locked_pll_cnt_reg[16]_i_1_n_0
    SLICE_X42Y72         CARRY4 (Prop_carry4_CI_CO[3])
                                                      0.117     5.446 r  locked_pll_cnt_reg[20]_i_1/CO[3]
                         net (fo=1, routed)           0.000     5.446    locked_pll_cnt_reg[20]_i_1_n_0
    SLICE_X42Y73         CARRY4 (Prop_carry4_CI_CO[3])
                                                      0.117     5.563 r  locked_pll_cnt_reg[24]_i_1/CO[3]
                         net (fo=1, routed)           0.000     5.563    locked_pll_cnt_reg[24]_i_1_n_0
    SLICE_X42Y74         CARRY4 (Prop_carry4_CI_O[1])
                                                      0.323     5.886 r  locked_pll_cnt_reg[28]_i_1/O[1]
                         net (fo=1, routed)           0.000     5.886    locked_pll_cnt_reg[28]_i_1_n_6
    SLICE_X42Y74         FDRE                                         r  locked_pll_cnt_reg[29]/D
  -------------------------------------------------------------------    -------------------

                         (clock clk_fpga_0 rise edge)
                                                      8.000     8.000 r  
    PS7_X0Y0             PS7                          0.000     8.000 r  ps/system_i/processing_system7/inst/PS7_i/FCLKCLK[0]
                         net (fo=1, routed)           1.101     9.101    ps/lopt
    BUFGCTRL_X0Y7        BUFG (Prop_bufg_I_O)         0.091     9.192 r  ps/fclk_buf[0]/O
                         net (fo=32, routed)          1.549    10.741    fclk[0]
    SLICE_X42Y74         FDRE                                         r  locked_pll_cnt_reg[29]/C
                         clock pessimism              0.268    11.009    
                         clock uncertainty           -0.125    10.884    
    SLICE_X42Y74         FDRE (Setup_fdre_C_D)        0.109    10.993    locked_pll_cnt_reg[29]
  -------------------------------------------------------------------
                         required time                         10.993    
                         arrival time                          -5.886    
  -------------------------------------------------------------------
                         slack                                  5.107    





Pulse Width Checks
--------------------------------------------------------------------------------------
Clock Name:         clk_fpga_0
Waveform(ns):       { 0.000 4.000 }
Period(ns):         8.000
Sources:            { ps/system_i/processing_system7/inst/PS7_i/FCLKCLK[0] }

Check Type        Corner  Lib Pin  Reference Pin  Required(ns)  Actual(ns)  Slack(ns)  Location       Pin
Min Period        n/a     BUFG/I   n/a            2.155         8.000       5.845      BUFGCTRL_X0Y7  ps/fclk_buf[0]/I
Low Pulse Width   Slow    FDRE/C   n/a            0.500         4.000       3.500      SLICE_X42Y67   locked_pll_cnt_reg[0]/C
High Pulse Width  Slow    FDRE/C   n/a            0.500         4.000       3.500      SLICE_X42Y69   locked_pll_cnt_reg[10]/C



---------------------------------------------------------------------------------------------------
From Clock:  clk_fpga_3
  To Clock:  clk_fpga_3

Setup :            0  Failing Endpoints,  Worst Slack        0.085ns,  Total Violation        0.000ns
Hold  :           NA  Failing Endpoints,  Worst Slack           NA  ,  Total Violation           NA
PW    :            0  Failing Endpoints,  Worst Slack        1.000ns,  Total Violation        0.000ns
---------------------------------------------------------------------------------------------------


Max Delay Paths
--------------------------------------------------------------------------------------
Slack (MET) :             0.085ns  (required time - arrival time)
  Source:                 ps/system_i/axi_protocol_converter_0/inst/gen_axilite.gen_b2s_conv.axilite_b2s/SI_REG/aw.aw_pipe/m_payload_i_reg[39]/C
                            (rising edge-triggered cell FDRE clocked by clk_fpga_3  {rise@0.000ns fall@2.500ns period=5.000ns})
  Destination:            ps/system_i/axi_protocol_converter_0/inst/gen_axilite.gen_b2s_conv.axilite_b2s/WR.aw_channel_0/cmd_translator_0/incr_cmd_0/axaddr_incr_reg[9]/D
                            (rising edge-triggered cell FDRE clocked by clk_fpga_3  {rise@0.000ns fall@2.500ns period=5.000ns})
  Path Group:             clk_fpga_3
  Path Type:              Setup (Max at Slow Process Corner)
  Requirement:            5.000ns  (clk_fpga_3 rise@5.000ns - clk_fpga_3 rise@0.000ns)
  Data Path Delay:        4.805ns  (logic 2.500ns (52.027%)  route 2.305ns (47.973%))
  Logic Levels:           7  (CARRY4=3 LUT3=1 LUT4=1 LUT5=1 LUT6=1)
  Clock Path Skew:        -0.058ns (DCD - SCD + CPR)
    Destination Clock Delay (DCD):    2.723ns = ( 7.723 - 5.000 ) 
    Source Clock Delay      (SCD):    3.011ns
    Clock Pessimism Removal (CPR):    0.230ns
  Clock Uncertainty:      0.083ns  ((TSJ^2 + TIJ^2)^1/2 + DJ) / 2 + PE
    Total System Jitter     (TSJ):    0.071ns
    Total Input Jitter      (TIJ):    0.150ns
    Discrete Jitter          (DJ):    0.000ns
    Phase Error              (PE):    0.000ns

    Location             Delay type                Incr(ns)  Path(ns)    Netlist Resource(s)
  -------------------------------------------------------------------    -------------------
                         (clock clk_fpga_3 rise edge)
                                                      0.000     0.000 r  
    PS7_X0Y0             PS7                          0.000     0.000 r  ps/system_i/processing_system7/inst/PS7_i/FCLKCLK[3]
                         net (fo=1, routed)           1.207     1.207    ps/system_i/processing_system7/inst/FCLK_CLK_unbuffered[3]
    BUFGCTRL_X0Y1        BUFG (Prop_bufg_I_O)         0.101     1.308 r  ps/system_i/processing_system7/inst/buffer_fclk_clk_3.FCLK_CLK_3_BUFG/O
                         net (fo=965, routed)         1.703     3.011    ps/system_i/axi_protocol_converter_0/inst/gen_axilite.gen_b2s_conv.axilite_b2s/SI_REG/aw.aw_pipe/aclk
    SLICE_X1Y82          FDRE                                         r  ps/system_i/axi_protocol_converter_0/inst/gen_axilite.gen_b2s_conv.axilite_b2s/SI_REG/aw.aw_pipe/m_payload_i_reg[39]/C
  -------------------------------------------------------------------    -------------------
    SLICE_X1Y82          FDRE (Prop_fdre_C_Q)         0.419     3.430 r  ps/system_i/axi_protocol_converter_0/inst/gen_axilite.gen_b2s_conv.axilite_b2s/SI_REG/aw.aw_pipe/m_payload_i_reg[39]/Q
                         net (fo=12, routed)          1.025     4.455    ps/system_i/axi_protocol_converter_0/inst/gen_axilite.gen_b2s_conv.axilite_b2s/WR.b_channel_0/bid_fifo_0/Q[0]
    SLICE_X2Y77          LUT5 (Prop_lut5_I3_O)        0.324     4.779 f  ps/system_i/axi_protocol_converter_0/inst/gen_axilite.gen_b2s_conv.axilite_b2s/WR.b_channel_0/bid_fifo_0/FSM_sequential_state[0]_i_2/O
                         net (fo=3, routed)           0.341     5.119    ps/system_i/axi_protocol_converter_0/inst/gen_axilite.gen_b2s_conv.axilite_b2s/WR.b_channel_0/bid_fifo_0/FSM_sequential_state[0]_i_2_n_0
    SLICE_X2Y78          LUT6 (Prop_lut6_I1_O)        0.332     5.451 r  ps/system_i/axi_protocol_converter_0/inst/gen_axilite.gen_b2s_conv.axilite_b2s/WR.b_channel_0/bid_fifo_0/next_pending_r_i_3/O
                         net (fo=23, routed)          0.532     5.983    ps/system_i/axi_protocol_converter_0/inst/gen_axilite.gen_b2s_conv.axilite_b2s/WR.aw_channel_0/cmd_translator_0/incr_cmd_0/next_pending_r_reg_0
    SLICE_X3Y78          LUT4 (Prop_lut4_I1_O)        0.124     6.107 r  ps/system_i/axi_protocol_converter_0/inst/gen_axilite.gen_b2s_conv.axilite_b2s/WR.aw_channel_0/cmd_translator_0/incr_cmd_0/axaddr_incr[3]_i_9/O
                         net (fo=1, routed)           0.000     6.107    ps/system_i/axi_protocol_converter_0/inst/gen_axilite.gen_b2s_conv.axilite_b2s/SI_REG/aw.aw_pipe/S[1]
    SLICE_X3Y78          CARRY4 (Prop_carry4_S[1]_CO[3])
                                                      0.550     6.657 r  ps/system_i/axi_protocol_converter_0/inst/gen_axilite.gen_b2s_conv.axilite_b2s/SI_REG/aw.aw_pipe/axaddr_incr_reg[3]_i_2/CO[3]
                         net (fo=1, routed)           0.000     6.657    ps/system_i/axi_protocol_converter_0/inst/gen_axilite.gen_b2s_conv.axilite_b2s/SI_REG/aw.aw_pipe/axaddr_incr_reg[3]_i_2_n_0
    SLICE_X3Y79          CARRY4 (Prop_carry4_CI_CO[3])
                                                      0.114     6.771 r  ps/system_i/axi_protocol_converter_0/inst/gen_axilite.gen_b2s_conv.axilite_b2s/SI_REG/aw.aw_pipe/axaddr_incr_reg[7]_i_2/CO[3]
                         net (fo=1, routed)           0.000     6.771    ps/system_i/axi_protocol_converter_0/inst/gen_axilite.gen_b2s_conv.axilite_b2s/SI_REG/aw.aw_pipe/axaddr_incr_reg[7]_i_2_n_0
    SLICE_X3Y80          CARRY4 (Prop_carry4_CI_O[1])
                                                      0.334     7.105 r  ps/system_i/axi_protocol_converter_0/inst/gen_axilite.gen_b2s_conv.axilite_b2s/SI_REG/aw.aw_pipe/axaddr_incr_reg[11]_i_3/O[1]
                         net (fo=1, routed)           0.408     7.513    ps/system_i/axi_protocol_converter_0/inst/gen_axilite.gen_b2s_conv.axilite_b2s/WR.aw_channel_0/cmd_translator_0/incr_cmd_0/axaddr_incr[9]
    SLICE_X3Y81          LUT3 (Prop_lut3_I0_O)        0.303     7.816 r  ps/system_i/axi_protocol_converter_0/inst/gen_axilite.gen_b2s_conv.axilite_b2s/WR.aw_channel_0/cmd_translator_0/incr_cmd_0/axaddr_incr[9]_i_1/O
                         net (fo=1, routed)           0.000     7.816    ps/system_i/axi_protocol_converter_0/inst/gen_axilite.gen_b2s_conv.axilite_b2s/WR.aw_channel_0/cmd_translator_0/incr_cmd_0/p_1_in[9]
    SLICE_X3Y81          FDRE                                         r  ps/system_i/axi_protocol_converter_0/inst/gen_axilite.gen_b2s_conv.axilite_b2s/WR.aw_channel_0/cmd_translator_0/incr_cmd_0/axaddr_incr_reg[9]/D
  -------------------------------------------------------------------    -------------------

                         (clock clk_fpga_3 rise edge)
                                                      5.000     5.000 r  
    PS7_X0Y0             PS7                          0.000     5.000 r  ps/system_i/processing_system7/inst/PS7_i/FCLKCLK[3]
                         net (fo=1, routed)           1.101     6.101    ps/system_i/processing_system7/inst/FCLK_CLK_unbuffered[3]
    BUFGCTRL_X0Y1        BUFG (Prop_bufg_I_O)         0.091     6.192 r  ps/system_i/processing_system7/inst/buffer_fclk_clk_3.FCLK_CLK_3_BUFG/O
                         net (fo=965, routed)         1.531     7.723    ps/system_i/axi_protocol_converter_0/inst/gen_axilite.gen_b2s_conv.axilite_b2s/WR.aw_channel_0/cmd_translator_0/incr_cmd_0/aclk
    SLICE_X3Y81          FDRE                                         r  ps/system_i/axi_protocol_converter_0/inst/gen_axilite.gen_b2s_conv.axilite_b2s/WR.aw_channel_0/cmd_translator_0/incr_cmd_0/axaddr_incr_reg[9]/C
                         clock pessimism              0.230     7.953    
                         clock uncertainty           -0.083     7.870    
    SLICE_X3Y81          FDRE (Setup_fdre_C_D)        0.031     7.901    ps/system_i/axi_protocol_converter_0/inst/gen_axilite.gen_b2s_conv.axilite_b2s/WR.aw_channel_0/cmd_translator_0/incr_cmd_0/axaddr_incr_reg[9]
  -------------------------------------------------------------------
                         required time                          7.901    
                         arrival time                          -7.816    
  -------------------------------------------------------------------
                         slack                                  0.085    





Pulse Width Checks
--------------------------------------------------------------------------------------
Clock Name:         clk_fpga_3
Waveform(ns):       { 0.000 2.500 }
Period(ns):         5.000
Sources:            { ps/system_i/processing_system7/inst/PS7_i/FCLKCLK[3] }

Check Type        Corner  Lib Pin      Reference Pin  Required(ns)  Actual(ns)  Slack(ns)  Location     Pin
Min Period        n/a     XADC/DCLK    n/a            4.000         5.000       1.000      XADC_X0Y0    ps/system_i/xadc/inst/AXI_XADC_CORE_I/XADC_INST/DCLK
Low Pulse Width   Slow    SRL16E/CLK   n/a            0.980         2.500       1.520      SLICE_X0Y73  ps/system_i/axi_protocol_converter_0/inst/gen_axilite.gen_b2s_conv.axilite_b2s/WR.b_channel_0/bresp_fifo_0/memory_reg[3][0]_srl4/CLK
High Pulse Width  Fast    SRLC32E/CLK  n/a            0.980         2.500       1.520      SLICE_X8Y62  ps/system_i/axi_protocol_converter_0/inst/gen_axilite.gen_b2s_conv.axilite_b2s/RD.r_channel_0/rd_data_fifo_0/memory_reg[31][0]_srl32/CLK



---------------------------------------------------------------------------------------------------
From Clock:  rx_clk
  To Clock:  rx_clk

Setup :           NA  Failing Endpoints,  Worst Slack           NA  ,  Total Violation           NA
Hold  :           NA  Failing Endpoints,  Worst Slack           NA  ,  Total Violation           NA
PW    :            0  Failing Endpoints,  Worst Slack        2.333ns,  Total Violation        0.000ns
---------------------------------------------------------------------------------------------------


Pulse Width Checks
--------------------------------------------------------------------------------------
Clock Name:         rx_clk
Waveform(ns):       { 0.000 2.000 }
Period(ns):         4.000
Sources:            { daisy_p_i[1] }

Check Type  Corner  Lib Pin        Reference Pin  Required(ns)  Actual(ns)  Slack(ns)  Location      Pin
Min Period  n/a     ISERDESE2/CLK  n/a            1.667         4.000       2.333      ILOGIC_X0Y38  i_daisy/i_rx/i_iserdese/CLK



---------------------------------------------------------------------------------------------------
From Clock:  par_clk
  To Clock:  par_clk

Setup :            0  Failing Endpoints,  Worst Slack        4.158ns,  Total Violation        0.000ns
Hold  :           NA  Failing Endpoints,  Worst Slack           NA  ,  Total Violation           NA
PW    :            0  Failing Endpoints,  Worst Slack        3.020ns,  Total Violation        0.000ns
---------------------------------------------------------------------------------------------------


Max Delay Paths
--------------------------------------------------------------------------------------
Slack (MET) :             4.158ns  (required time - arrival time)
  Source:                 i_daisy/i_rx/par_rstn_o_reg/C
                            (rising edge-triggered cell FDRE clocked by par_clk  {rise@0.000ns fall@4.000ns period=8.000ns})
  Destination:            i_daisy/i_test/rx_err_cnt_reg[16]/R
                            (rising edge-triggered cell FDRE clocked by par_clk  {rise@0.000ns fall@4.000ns period=8.000ns})
  Path Group:             par_clk
  Path Type:              Setup (Max at Slow Process Corner)
  Requirement:            8.000ns  (par_clk rise@8.000ns - par_clk rise@0.000ns)
  Data Path Delay:        3.105ns  (logic 0.744ns (23.962%)  route 2.361ns (76.038%))
  Logic Levels:           1  (LUT3=1)
  Clock Path Skew:        -0.065ns (DCD - SCD + CPR)
    Destination Clock Delay (DCD):    4.586ns = ( 12.586 - 8.000 ) 
    Source Clock Delay      (SCD):    5.064ns
    Clock Pessimism Removal (CPR):    0.413ns
  Clock Uncertainty:      0.035ns  ((TSJ^2 + TIJ^2)^1/2 + DJ) / 2 + PE
    Total System Jitter     (TSJ):    0.071ns
    Total Input Jitter      (TIJ):    0.000ns
    Discrete Jitter          (DJ):    0.000ns
    Phase Error              (PE):    0.000ns

    Location             Delay type                Incr(ns)  Path(ns)    Netlist Resource(s)
  -------------------------------------------------------------------    -------------------
                         (clock par_clk rise edge)    0.000     0.000 r  
    N18                                               0.000     0.000 r  daisy_p_i[1] (IN)
                         net (fo=0)                   0.000     0.000    i_daisy/daisy_p_i[1]
    N18                  IBUFDS (Prop_ibufds_I_O)     0.945     0.945 r  i_daisy/i_IBUFGDS_clk/O
                         net (fo=2, routed)           0.510     1.455    i_daisy/i_rx/rxs_clk
    BUFR_X0Y1            BUFR (Prop_bufr_I_O)         1.032     2.487 r  i_daisy/i_rx/i_BUFR_clk/O
                         net (fo=39, routed)          0.814     3.301    i_daisy/i_rx/par_clk
    BUFGCTRL_X0Y2        BUFG (Prop_bufg_I_O)         0.101     3.402 r  i_daisy/i_rx/i_parclk_buf/O
                         net (fo=233, routed)         1.662     5.064    i_daisy/i_rx/i_BUFR_clk_0
    SLICE_X26Y55         FDRE                                         r  i_daisy/i_rx/par_rstn_o_reg/C
  -------------------------------------------------------------------    -------------------
    SLICE_X26Y55         FDRE (Prop_fdre_C_Q)         0.419     5.483 f  i_daisy/i_rx/par_rstn_o_reg/Q
                         net (fo=7, routed)           0.855     6.338    i_daisy/i_test/rx_err_cnt_reg[31]_0
    SLICE_X26Y56         LUT3 (Prop_lut3_I2_O)        0.325     6.663 r  i_daisy/i_test/rx_err_cnt[0]_i_1/O
                         net (fo=32, routed)          1.506     8.169    i_daisy/i_test/rx_err_cnt[0]_i_1_n_0
    SLICE_X23Y59         FDRE                                         r  i_daisy/i_test/rx_err_cnt_reg[16]/R
  -------------------------------------------------------------------    -------------------

                         (clock par_clk rise edge)    8.000     8.000 r  
    N18                                               0.000     8.000 r  daisy_p_i[1] (IN)
                         net (fo=0)                   0.000     8.000    i_daisy/daisy_p_i[1]
    N18                  IBUFDS (Prop_ibufds_I_O)     0.902     8.902 r  i_daisy/i_IBUFGDS_clk/O
                         net (fo=2, routed)           0.459     9.361    i_daisy/i_rx/rxs_clk
    BUFR_X0Y1            BUFR (Prop_bufr_I_O)         0.919    10.280 r  i_daisy/i_rx/i_BUFR_clk/O
                         net (fo=39, routed)          0.732    11.012    i_daisy/i_rx/par_clk
    BUFGCTRL_X0Y2        BUFG (Prop_bufg_I_O)         0.091    11.103 r  i_daisy/i_rx/i_parclk_buf/O
                         net (fo=233, routed)         1.483    12.586    i_daisy/i_test/rx_dat_cnt_reg[0]_0
    SLICE_X23Y59         FDRE                                         r  i_daisy/i_test/rx_err_cnt_reg[16]/C
                         clock pessimism              0.413    12.999    
                         clock uncertainty           -0.035    12.964    
    SLICE_X23Y59         FDRE (Setup_fdre_C_R)       -0.637    12.327    i_daisy/i_test/rx_err_cnt_reg[16]
  -------------------------------------------------------------------
                         required time                         12.327    
                         arrival time                          -8.169    
  -------------------------------------------------------------------
                         slack                                  4.158    





Pulse Width Checks
--------------------------------------------------------------------------------------
Clock Name:         par_clk
Waveform(ns):       { 0.000 4.000 }
Period(ns):         8.000
Sources:            { i_daisy/i_rx/i_BUFR_clk/O }

Check Type        Corner  Lib Pin     Reference Pin  Required(ns)  Actual(ns)  Slack(ns)  Location       Pin
Min Period        n/a     BUFG/I      n/a            2.155         8.000       5.845      BUFGCTRL_X0Y2  i_daisy/i_rx/i_parclk_buf/I
Low Pulse Width   Slow    SRL16E/CLK  n/a            0.980         4.000       3.020      SLICE_X28Y48   i_daisy/i_rx/bitslip_r_reg[1]_srl2/CLK
High Pulse Width  Slow    SRL16E/CLK  n/a            0.980         4.000       3.020      SLICE_X28Y48   i_daisy/i_rx/bitslip_r_reg[1]_srl2/CLK



---------------------------------------------------------------------------------------------------
From Clock:  adc_clk
  To Clock:  pll_adc_clk

Setup :            0  Failing Endpoints,  Worst Slack        3.884ns,  Total Violation        0.000ns
Hold  :           NA  Failing Endpoints,  Worst Slack           NA  ,  Total Violation           NA
---------------------------------------------------------------------------------------------------


Max Delay Paths
--------------------------------------------------------------------------------------
Slack (MET) :             3.884ns  (required time - arrival time)
  Source:                 adc_dat_i[1][2]
                            (input port clocked by adc_clk  {rise@0.000ns fall@4.000ns period=8.000ns})
  Destination:            i_laser_lock_core/i_mixer_core/product_w/B[0]
                            (rising edge-triggered cell DSP48E1 clocked by pll_adc_clk  {rise@0.000ns fall@4.000ns period=8.000ns})
  Path Group:             pll_adc_clk
  Path Type:              Setup (Max at Fast Process Corner)
  Requirement:            8.000ns  (pll_adc_clk rise@8.000ns - adc_clk rise@0.000ns)
  Data Path Delay:        2.492ns  (logic 0.418ns (16.755%)  route 2.075ns (83.245%))
  Logic Levels:           2  (IBUF=1 LUT3=1)
  Input Delay:            3.400ns
  Clock Path Skew:        2.063ns (DCD - SCD + CPR)
    Destination Clock Delay (DCD):    2.063ns = ( 10.063 - 8.000 ) 
    Source Clock Delay      (SCD):    0.000ns
    Clock Pessimism Removal (CPR):    0.000ns
  Clock Uncertainty:      0.166ns  ((TSJ^2 + DJ^2)^1/2) / 2 + PE
    Total System Jitter     (TSJ):    0.071ns
    Discrete Jitter          (DJ):    0.118ns
    Phase Error              (PE):    0.097ns

    Location             Delay type                Incr(ns)  Path(ns)    Netlist Resource(s)
  -------------------------------------------------------------------    -------------------
                         (clock adc_clk rise edge)    0.000     0.000 r  
                         input delay                  3.400     3.400    
    R18                                               0.000     3.400 f  adc_dat_i[1][2] (IN)
                         net (fo=0)                   0.000     3.400    adc_dat_i[1][2]
    R18                  IBUF (Prop_ibuf_I_O)         0.362     3.762 f  product_w_i_42/O
                         net (fo=1, routed)           1.545     5.306    i_out2_lock_controller/bb_mult_12
    SLICE_X39Y21         LUT3 (Prop_lut3_I2_O)        0.056     5.362 r  i_out2_lock_controller/product_w_i_14/O
                         net (fo=3, routed)           0.530     5.892    i_laser_lock_core/i_mixer_core/adc_dat_i[0]
    DSP48_X1Y6           DSP48E1                                      r  i_laser_lock_core/i_mixer_core/product_w/B[0]
  -------------------------------------------------------------------    -------------------

                         (clock pll_adc_clk rise edge)
                                                      8.000     8.000 r  
    U18                                               0.000     8.000 r  adc_clk_i[1] (IN)
                         net (fo=0)                   0.000     8.000    adc_clk_i[1]
    U18                  IBUFDS (Prop_ibufds_I_O)     0.401     8.401 r  i_clk/O
                         net (fo=1, routed)           0.440     8.842    pll/adc_clk_in
    PLLE2_ADV_X0Y0       PLLE2_ADV (Prop_plle2_adv_CLKIN1_CLKOUT0)
                                                      0.051     8.893 r  pll/pll/CLKOUT0
                         net (fo=1, routed)           0.497     9.390    pll_adc_clk
    BUFGCTRL_X0Y0        BUFG (Prop_bufg_I_O)         0.026     9.416 r  bufg_adc_clk/O
                         net (fo=7983, routed)        0.647    10.063    i_laser_lock_core/i_mixer_core/adc_clk
    DSP48_X1Y6           DSP48E1                                      r  i_laser_lock_core/i_mixer_core/product_w/CLK
                         clock pessimism              0.000    10.063    
                         clock uncertainty           -0.166     9.897    
    DSP48_X1Y6           DSP48E1 (Setup_dsp48e1_CLK_B[0])
                                                     -0.121     9.776    i_laser_lock_core/i_mixer_core/product_w
  -------------------------------------------------------------------
                         required time                          9.776    
                         arrival time                          -5.892    
  -------------------------------------------------------------------
                         slack                                  3.884    





---------------------------------------------------------------------------------------------------
From Clock:  par_clk
  To Clock:  pll_adc_clk

Setup :            0  Failing Endpoints,  Worst Slack        1.206ns,  Total Violation        0.000ns
Hold  :           NA  Failing Endpoints,  Worst Slack           NA  ,  Total Violation           NA
---------------------------------------------------------------------------------------------------


Max Delay Paths
--------------------------------------------------------------------------------------
Slack (MET) :             1.206ns  (required time - arrival time)
  Source:                 i_daisy/i_rx/i_iserdese/CLKDIV
                            (rising edge-triggered cell ISERDESE2 clocked by par_clk  {rise@0.000ns fall@4.000ns period=8.000ns})
  Destination:            i_asg/ch[0]/rep_cnt_reg[15]/CE
                            (rising edge-triggered cell FDRE clocked by pll_adc_clk  {rise@0.000ns fall@4.000ns period=8.000ns})
  Path Group:             pll_adc_clk
  Path Type:              Setup (Max at Slow Process Corner)
  Requirement:            8.000ns  (pll_adc_clk rise@8.000ns - par_clk rise@0.000ns)
  Data Path Delay:        8.530ns  (logic 1.273ns (14.924%)  route 7.257ns (85.076%))
  Logic Levels:           5  (LUT3=1 LUT4=1 LUT5=2 LUT6=1)
  Clock Path Skew:        2.071ns (DCD - SCD + CPR)
    Destination Clock Delay (DCD):    5.370ns = ( 13.370 - 8.000 ) 
    Source Clock Delay      (SCD):    3.299ns
    Clock Pessimism Removal (CPR):    0.000ns
  Clock Uncertainty:      0.166ns  ((TSJ^2 + DJ^2)^1/2) / 2 + PE
    Total System Jitter     (TSJ):    0.071ns
    Discrete Jitter          (DJ):    0.118ns
    Phase Error              (PE):    0.097ns
  Clock Domain Crossing:  Inter clock paths are considered valid unless explicitly excluded by timing constraints such as set_clock_groups or set_false_path.

    Location             Delay type                Incr(ns)  Path(ns)    Netlist Resource(s)
  -------------------------------------------------------------------    -------------------
                         (clock par_clk rise edge)    0.000     0.000 r  
    N18                                               0.000     0.000 r  daisy_p_i[1] (IN)
                         net (fo=0)                   0.000     0.000    i_daisy/daisy_p_i[1]
    N18                  IBUFDS (Prop_ibufds_I_O)     0.945     0.945 r  i_daisy/i_IBUFGDS_clk/O
                         net (fo=2, routed)           0.510     1.455    i_daisy/i_rx/rxs_clk
    BUFR_X0Y1            BUFR (Prop_bufr_I_O)         1.032     2.487 r  i_daisy/i_rx/i_BUFR_clk/O
                         net (fo=39, routed)          0.812     3.299    i_daisy/i_rx/par_clk
    ILOGIC_X0Y38         ISERDESE2                                    r  i_daisy/i_rx/i_iserdese/CLKDIV
  -------------------------------------------------------------------    -------------------
    ILOGIC_X0Y38         ISERDESE2 (Prop_iserdese2_CLKDIV_Q4)
                                                      0.653     3.952 f  i_daisy/i_rx/i_iserdese/Q4
                         net (fo=2, routed)           2.650     6.603    i_daisy/i_rx/p_0_in[4]
    SLICE_X35Y55         LUT3 (Prop_lut3_I0_O)        0.124     6.727 f  i_daisy/i_rx/ext_trig_in[0]_i_17/O
                         net (fo=1, routed)           0.797     7.524    i_daisy/i_rx/par_dat[4]
    SLICE_X35Y56         LUT6 (Prop_lut6_I2_O)        0.124     7.648 r  i_daisy/i_rx/ext_trig_in[0]_i_4/O
                         net (fo=1, routed)           0.717     8.364    i_daisy/i_rx/ext_trig_in[0]_i_4_n_0
    SLICE_X31Y57         LUT5 (Prop_lut5_I2_O)        0.124     8.488 r  i_daisy/i_rx/ext_trig_in[0]_i_1/O
                         net (fo=3, routed)           1.120     9.608    i_asg/ch[0]/trig_ext
    SLICE_X18Y68         LUT5 (Prop_lut5_I3_O)        0.124     9.732 r  i_asg/ch[0]/rep_cnt[15]_i_4__0/O
                         net (fo=1, routed)           1.296    11.028    i_asg/ch[0]/rep_cnt[15]_i_4__0_n_0
    SLICE_X32Y79         LUT4 (Prop_lut4_I1_O)        0.124    11.152 r  i_asg/ch[0]/rep_cnt[15]_i_1__0/O
                         net (fo=16, routed)          0.677    11.829    i_asg/ch[0]/rep_cnt[15]_i_1__0_n_0
    SLICE_X34Y81         FDRE                                         r  i_asg/ch[0]/rep_cnt_reg[15]/CE
  -------------------------------------------------------------------    -------------------

                         (clock pll_adc_clk rise edge)
                                                      8.000     8.000 r  
    U18                                               0.000     8.000 r  adc_clk_i[1] (IN)
                         net (fo=0)                   0.000     8.000    adc_clk_i[1]
    U18                  IBUFDS (Prop_ibufds_I_O)     0.940     8.940 r  i_clk/O
                         net (fo=1, routed)           1.181    10.121    pll/adc_clk_in
    PLLE2_ADV_X0Y0       PLLE2_ADV (Prop_plle2_adv_CLKIN1_CLKOUT0)
                                                      0.084    10.205 r  pll/pll/CLKOUT0
                         net (fo=1, routed)           1.594    11.799    pll_adc_clk
    BUFGCTRL_X0Y0        BUFG (Prop_bufg_I_O)         0.091    11.890 r  bufg_adc_clk/O
                         net (fo=7983, routed)        1.480    13.370    i_asg/ch[0]/adc_clk
    SLICE_X34Y81         FDRE                                         r  i_asg/ch[0]/rep_cnt_reg[15]/C
                         clock pessimism              0.000    13.370    
                         clock uncertainty           -0.166    13.204    
    SLICE_X34Y81         FDRE (Setup_fdre_C_CE)      -0.169    13.035    i_asg/ch[0]/rep_cnt_reg[15]
  -------------------------------------------------------------------
                         required time                         13.035    
                         arrival time                         -11.829    
  -------------------------------------------------------------------
                         slack                                  1.206    





---------------------------------------------------------------------------------------------------
From Clock:  pll_adc_clk
  To Clock:  pll_dac_clk_1x

Setup :            0  Failing Endpoints,  Worst Slack        3.366ns,  Total Violation        0.000ns
Hold  :           NA  Failing Endpoints,  Worst Slack           NA  ,  Total Violation           NA
---------------------------------------------------------------------------------------------------


Max Delay Paths
--------------------------------------------------------------------------------------
Slack (MET) :             3.366ns  (required time - arrival time)
  Source:                 i_laser_lock_core/u_output_protect/data_o_reg[1]/C
                            (rising edge-triggered cell FDCE clocked by pll_adc_clk  {rise@0.000ns fall@4.000ns period=8.000ns})
  Destination:            dac_dat_a_reg[1]/D
                            (rising edge-triggered cell FDRE clocked by pll_dac_clk_1x  {rise@0.000ns fall@4.000ns period=8.000ns})
  Path Group:             pll_dac_clk_1x
  Path Type:              Setup (Max at Slow Process Corner)
  Requirement:            8.000ns  (pll_dac_clk_1x rise@8.000ns - pll_adc_clk rise@0.000ns)
  Data Path Delay:        4.255ns  (logic 0.580ns (13.631%)  route 3.675ns (86.369%))
  Logic Levels:           1  (LUT1=1)
  Clock Path Skew:        -0.271ns (DCD - SCD + CPR)
    Destination Clock Delay (DCD):    5.450ns = ( 13.450 - 8.000 ) 
    Source Clock Delay      (SCD):    5.894ns
    Clock Pessimism Removal (CPR):    0.173ns
  Clock Uncertainty:      0.189ns  ((TSJ^2 + DJ^2)^1/2) / 2 + PE
    Total System Jitter     (TSJ):    0.071ns
    Discrete Jitter          (DJ):    0.118ns
    Phase Error              (PE):    0.120ns

    Location             Delay type                Incr(ns)  Path(ns)    Netlist Resource(s)
  -------------------------------------------------------------------    -------------------
                         (clock pll_adc_clk rise edge)
                                                      0.000     0.000 r  
    U18                                               0.000     0.000 r  adc_clk_i[1] (IN)
                         net (fo=0)                   0.000     0.000    adc_clk_i[1]
    U18                  IBUFDS (Prop_ibufds_I_O)     0.983     0.983 r  i_clk/O
                         net (fo=1, routed)           1.306     2.289    pll/adc_clk_in
    PLLE2_ADV_X0Y0       PLLE2_ADV (Prop_plle2_adv_CLKIN1_CLKOUT0)
                                                      0.089     2.378 r  pll/pll/CLKOUT0
                         net (fo=1, routed)           1.754     4.132    pll_adc_clk
    BUFGCTRL_X0Y0        BUFG (Prop_bufg_I_O)         0.101     4.233 r  bufg_adc_clk/O
                         net (fo=7983, routed)        1.661     5.894    i_laser_lock_core/u_output_protect/adc_clk
    SLICE_X29Y20         FDCE                                         r  i_laser_lock_core/u_output_protect/data_o_reg[1]/C
  -------------------------------------------------------------------    -------------------
    SLICE_X29Y20         FDCE (Prop_fdce_C_Q)         0.456     6.350 f  i_laser_lock_core/u_output_protect/data_o_reg[1]/Q
                         net (fo=14, routed)          3.675    10.025    i_laser_lock_core/u_output_protect/Q[1]
    SLICE_X42Y84         LUT1 (Prop_lut1_I0_O)        0.124    10.149 r  i_laser_lock_core/u_output_protect/dac_dat_a[1]_i_1/O
                         net (fo=1, routed)           0.000    10.149    i_laser_lock_core_n_49
    SLICE_X42Y84         FDRE                                         r  dac_dat_a_reg[1]/D
  -------------------------------------------------------------------    -------------------

                         (clock pll_dac_clk_1x rise edge)
                                                      8.000     8.000 r  
    U18                                               0.000     8.000 r  adc_clk_i[1] (IN)
                         net (fo=0)                   0.000     8.000    adc_clk_i[1]
    U18                  IBUFDS (Prop_ibufds_I_O)     0.940     8.940 r  i_clk/O
                         net (fo=1, routed)           1.181    10.121    pll/adc_clk_in
    PLLE2_ADV_X0Y0       PLLE2_ADV (Prop_plle2_adv_CLKIN1_CLKOUT1)
                                                      0.084    10.205 r  pll/pll/CLKOUT1
                         net (fo=1, routed)           1.594    11.799    pll_dac_clk_1x
    BUFGCTRL_X0Y3        BUFG (Prop_bufg_I_O)         0.091    11.890 r  bufg_dac_clk_1x/O
                         net (fo=45, routed)          1.560    13.450    dac_clk_1x
    SLICE_X42Y84         FDRE                                         r  dac_dat_a_reg[1]/C
                         clock pessimism              0.173    13.623    
                         clock uncertainty           -0.189    13.434    
    SLICE_X42Y84         FDRE (Setup_fdre_C_D)        0.081    13.515    dac_dat_a_reg[1]
  -------------------------------------------------------------------
                         required time                         13.515    
                         arrival time                         -10.149    
  -------------------------------------------------------------------
                         slack                                  3.366    





---------------------------------------------------------------------------------------------------
From Clock:  pll_adc_clk
  To Clock:  par_clk

Setup :            0  Failing Endpoints,  Worst Slack        1.257ns,  Total Violation        0.000ns
Hold  :           NA  Failing Endpoints,  Worst Slack           NA  ,  Total Violation           NA
---------------------------------------------------------------------------------------------------


Max Delay Paths
--------------------------------------------------------------------------------------
Slack (MET) :             1.257ns  (required time - arrival time)
  Source:                 i_daisy/cfg_rx_en_reg/C
                            (rising edge-triggered cell FDRE clocked by pll_adc_clk  {rise@0.000ns fall@4.000ns period=8.000ns})
  Destination:            i_daisy/i_rx/i_iserdese/RST
                            (rising edge-triggered cell ISERDESE2 clocked by par_clk  {rise@0.000ns fall@4.000ns period=8.000ns})
  Path Group:             par_clk
  Path Type:              Setup (Max at Slow Process Corner)
  Requirement:            8.000ns  (par_clk rise@8.000ns - pll_adc_clk rise@0.000ns)
  Data Path Delay:        3.188ns  (logic 0.773ns (24.247%)  route 2.415ns (75.753%))
  Logic Levels:           1  (LUT1=1)
  Clock Path Skew:        -2.872ns (DCD - SCD + CPR)
    Destination Clock Delay (DCD):    3.031ns = ( 11.031 - 8.000 ) 
    Source Clock Delay      (SCD):    5.903ns
    Clock Pessimism Removal (CPR):    0.000ns
  Clock Uncertainty:      0.166ns  ((TSJ^2 + DJ^2)^1/2) / 2 + PE
    Total System Jitter     (TSJ):    0.071ns
    Discrete Jitter          (DJ):    0.118ns
    Phase Error              (PE):    0.097ns
  Clock Domain Crossing:  Inter clock paths are considered valid unless explicitly excluded by timing constraints such as set_clock_groups or set_false_path.

    Location             Delay type                Incr(ns)  Path(ns)    Netlist Resource(s)
  -------------------------------------------------------------------    -------------------
                         (clock pll_adc_clk rise edge)
                                                      0.000     0.000 r  
    U18                                               0.000     0.000 r  adc_clk_i[1] (IN)
                         net (fo=0)                   0.000     0.000    adc_clk_i[1]
    U18                  IBUFDS (Prop_ibufds_I_O)     0.983     0.983 r  i_clk/O
                         net (fo=1, routed)           1.306     2.289    pll/adc_clk_in
    PLLE2_ADV_X0Y0       PLLE2_ADV (Prop_plle2_adv_CLKIN1_CLKOUT0)
                                                      0.089     2.378 r  pll/pll/CLKOUT0
                         net (fo=1, routed)           1.754     4.132    pll_adc_clk
    BUFGCTRL_X0Y0        BUFG (Prop_bufg_I_O)         0.101     4.233 r  bufg_adc_clk/O
                         net (fo=7983, routed)        1.670     5.903    i_daisy/adc_clk
    SLICE_X24Y49         FDRE                                         r  i_daisy/cfg_rx_en_reg/C
  -------------------------------------------------------------------    -------------------
    SLICE_X24Y49         FDRE (Prop_fdre_C_Q)         0.478     6.381 f  i_daisy/cfg_rx_en_reg/Q
                         net (fo=3, routed)           0.815     7.196    i_daisy/i_rx/par_rstn_r_reg[0]_0
    SLICE_X27Y52         LUT1 (Prop_lut1_I0_O)        0.295     7.491 r  i_daisy/i_rx/i_iserdese_i_2/O
                         net (fo=18, routed)          1.600     9.091    i_daisy/i_rx/RST0
    ILOGIC_X0Y38         ISERDESE2                                    r  i_daisy/i_rx/i_iserdese/RST
  -------------------------------------------------------------------    -------------------

                         (clock par_clk rise edge)    8.000     8.000 r  
    N18                                               0.000     8.000 r  daisy_p_i[1] (IN)
                         net (fo=0)                   0.000     8.000    i_daisy/daisy_p_i[1]
    N18                  IBUFDS (Prop_ibufds_I_O)     0.902     8.902 r  i_daisy/i_IBUFGDS_clk/O
                         net (fo=2, routed)           0.459     9.361    i_daisy/i_rx/rxs_clk
    BUFR_X0Y1            BUFR (Prop_bufr_I_O)         0.919    10.280 r  i_daisy/i_rx/i_BUFR_clk/O
                         net (fo=39, routed)          0.751    11.031    i_daisy/i_rx/par_clk
    ILOGIC_X0Y38         ISERDESE2                                    r  i_daisy/i_rx/i_iserdese/CLKDIV
                         clock pessimism              0.000    11.031    
                         clock uncertainty           -0.166    10.866    
    ILOGIC_X0Y38         ISERDESE2 (Setup_iserdese2_CLKDIV_RST)
                                                     -0.517    10.349    i_daisy/i_rx/i_iserdese
  -------------------------------------------------------------------
                         required time                         10.349    
                         arrival time                          -9.091    
  -------------------------------------------------------------------
                         slack                                  1.257    





---------------------------------------------------------------------------------------------------
Path Group:  **async_default**
From Clock:  pll_adc_clk
  To Clock:  par_clk

Setup :            0  Failing Endpoints,  Worst Slack        1.387ns,  Total Violation        0.000ns
Hold  :           NA  Failing Endpoints,  Worst Slack           NA  ,  Total Violation           NA
---------------------------------------------------------------------------------------------------


Max Delay Paths
--------------------------------------------------------------------------------------
Slack (MET) :             1.387ns  (required time - arrival time)
  Source:                 i_daisy/cfg_rx_en_reg/C
                            (rising edge-triggered cell FDRE clocked by pll_adc_clk  {rise@0.000ns fall@4.000ns period=8.000ns})
  Destination:            i_daisy/i_rx/par_rstn_r_reg[0]/CLR
                            (recovery check against rising-edge clock par_clk  {rise@0.000ns fall@4.000ns period=8.000ns})
  Path Group:             **async_default**
  Path Type:              Recovery (Max at Slow Process Corner)
  Requirement:            8.000ns  (par_clk rise@8.000ns - pll_adc_clk rise@0.000ns)
  Data Path Delay:        3.329ns  (logic 0.773ns (23.218%)  route 2.556ns (76.782%))
  Logic Levels:           1  (LUT1=1)
  Clock Path Skew:        -2.799ns (DCD - SCD + CPR)
    Destination Clock Delay (DCD):    3.104ns = ( 11.104 - 8.000 ) 
    Source Clock Delay      (SCD):    5.903ns
    Clock Pessimism Removal (CPR):    0.000ns
  Clock Uncertainty:      0.166ns  ((TSJ^2 + DJ^2)^1/2) / 2 + PE
    Total System Jitter     (TSJ):    0.071ns
    Discrete Jitter          (DJ):    0.118ns
    Phase Error              (PE):    0.097ns
  Clock Domain Crossing:  Inter clock paths are considered valid unless explicitly excluded by timing constraints such as set_clock_groups or set_false_path.

    Location             Delay type                Incr(ns)  Path(ns)    Netlist Resource(s)
  -------------------------------------------------------------------    -------------------
                         (clock pll_adc_clk rise edge)
                                                      0.000     0.000 r  
    U18                                               0.000     0.000 r  adc_clk_i[1] (IN)
                         net (fo=0)                   0.000     0.000    adc_clk_i[1]
    U18                  IBUFDS (Prop_ibufds_I_O)     0.983     0.983 r  i_clk/O
                         net (fo=1, routed)           1.306     2.289    pll/adc_clk_in
    PLLE2_ADV_X0Y0       PLLE2_ADV (Prop_plle2_adv_CLKIN1_CLKOUT0)
                                                      0.089     2.378 r  pll/pll/CLKOUT0
                         net (fo=1, routed)           1.754     4.132    pll_adc_clk
    BUFGCTRL_X0Y0        BUFG (Prop_bufg_I_O)         0.101     4.233 r  bufg_adc_clk/O
                         net (fo=7983, routed)        1.670     5.903    i_daisy/adc_clk
    SLICE_X24Y49         FDRE                                         r  i_daisy/cfg_rx_en_reg/C
  -------------------------------------------------------------------    -------------------
    SLICE_X24Y49         FDRE (Prop_fdre_C_Q)         0.478     6.381 r  i_daisy/cfg_rx_en_reg/Q
                         net (fo=3, routed)           0.815     7.196    i_daisy/i_rx/par_rstn_r_reg[0]_0
    SLICE_X27Y52         LUT1 (Prop_lut1_I0_O)        0.295     7.491 f  i_daisy/i_rx/i_iserdese_i_2/O
                         net (fo=18, routed)          1.741     9.232    i_daisy/i_rx/RST0
    SLICE_X32Y38         FDCE                                         f  i_daisy/i_rx/par_rstn_r_reg[0]/CLR
  -------------------------------------------------------------------    -------------------

                         (clock par_clk rise edge)    8.000     8.000 r  
    N18                                               0.000     8.000 r  daisy_p_i[1] (IN)
                         net (fo=0)                   0.000     8.000    i_daisy/daisy_p_i[1]
    N18                  IBUFDS (Prop_ibufds_I_O)     0.902     8.902 r  i_daisy/i_IBUFGDS_clk/O
                         net (fo=2, routed)           0.459     9.361    i_daisy/i_rx/rxs_clk
    BUFR_X0Y1            BUFR (Prop_bufr_I_O)         0.919    10.280 r  i_daisy/i_rx/i_BUFR_clk/O
                         net (fo=39, routed)          0.824    11.104    i_daisy/i_rx/par_clk
    SLICE_X32Y38         FDCE                                         r  i_daisy/i_rx/par_rstn_r_reg[0]/C
                         clock pessimism              0.000    11.104    
                         clock uncertainty           -0.166    10.939    
    SLICE_X32Y38         FDCE (Recov_fdce_C_CLR)     -0.319    10.620    i_daisy/i_rx/par_rstn_r_reg[0]
  -------------------------------------------------------------------
                         required time                         10.620    
                         arrival time                          -9.232    
  -------------------------------------------------------------------
                         slack                                  1.387    





---------------------------------------------------------------------------------------------------
Path Group:  **async_default**
From Clock:  pll_adc_clk
  To Clock:  pll_adc_clk

Setup :            0  Failing Endpoints,  Worst Slack        3.588ns,  Total Violation        0.000ns
Hold  :           NA  Failing Endpoints,  Worst Slack           NA  ,  Total Violation           NA
---------------------------------------------------------------------------------------------------


Max Delay Paths
--------------------------------------------------------------------------------------
Slack (MET) :             3.588ns  (required time - arrival time)
  Source:                 adc_rstn_reg_rep__13/C
                            (rising edge-triggered cell FDRE clocked by pll_adc_clk  {rise@0.000ns fall@4.000ns period=8.000ns})
  Destination:            i_laser_lock_core/u_output_protect/data_o_reg[11]/CLR
                            (recovery check against rising-edge clock pll_adc_clk  {rise@0.000ns fall@4.000ns period=8.000ns})
  Path Group:             **async_default**
  Path Type:              Recovery (Max at Slow Process Corner)
  Requirement:            8.000ns  (pll_adc_clk rise@8.000ns - pll_adc_clk rise@0.000ns)
  Data Path Delay:        3.868ns  (logic 0.580ns (14.995%)  route 3.288ns (85.005%))
  Logic Levels:           1  (LUT1=1)
  Clock Path Skew:        -0.070ns (DCD - SCD + CPR)
    Destination Clock Delay (DCD):    5.374ns = ( 13.374 - 8.000 ) 
    Source Clock Delay      (SCD):    5.902ns
    Clock Pessimism Removal (CPR):    0.458ns
  Clock Uncertainty:      0.069ns  ((TSJ^2 + DJ^2)^1/2) / 2 + PE
    Total System Jitter     (TSJ):    0.071ns
    Discrete Jitter          (DJ):    0.118ns
    Phase Error              (PE):    0.000ns

    Location             Delay type                Incr(ns)  Path(ns)    Netlist Resource(s)
  -------------------------------------------------------------------    -------------------
                         (clock pll_adc_clk rise edge)
                                                      0.000     0.000 r  
    U18                                               0.000     0.000 r  adc_clk_i[1] (IN)
                         net (fo=0)                   0.000     0.000    adc_clk_i[1]
    U18                  IBUFDS (Prop_ibufds_I_O)     0.983     0.983 r  i_clk/O
                         net (fo=1, routed)           1.306     2.289    pll/adc_clk_in
    PLLE2_ADV_X0Y0       PLLE2_ADV (Prop_plle2_adv_CLKIN1_CLKOUT0)
                                                      0.089     2.378 r  pll/pll/CLKOUT0
                         net (fo=1, routed)           1.754     4.132    pll_adc_clk
    BUFGCTRL_X0Y0        BUFG (Prop_bufg_I_O)         0.101     4.233 r  bufg_adc_clk/O
                         net (fo=7983, routed)        1.669     5.902    adc_clk
    SLICE_X33Y36         FDRE                                         r  adc_rstn_reg_rep__13/C
  -------------------------------------------------------------------    -------------------
    SLICE_X33Y36         FDRE (Prop_fdre_C_Q)         0.456     6.358 r  adc_rstn_reg_rep__13/Q
                         net (fo=25, routed)          0.920     7.279    i_custom_register_bank/i_deterministic_lock_acquisition/cycle_counter_q_reg[0]_0
    SLICE_X37Y28         LUT1 (Prop_lut1_I0_O)        0.124     7.403 f  i_custom_register_bank/i_deterministic_lock_acquisition/rand_work[25]_i_1/O
                         net (fo=4264, routed)        2.367     9.770    i_laser_lock_core/u_output_protect/clear
    SLICE_X27Y23         FDCE                                         f  i_laser_lock_core/u_output_protect/data_o_reg[11]/CLR
  -------------------------------------------------------------------    -------------------

                         (clock pll_adc_clk rise edge)
                                                      8.000     8.000 r  
    U18                                               0.000     8.000 r  adc_clk_i[1] (IN)
                         net (fo=0)                   0.000     8.000    adc_clk_i[1]
    U18                  IBUFDS (Prop_ibufds_I_O)     0.940     8.940 r  i_clk/O
                         net (fo=1, routed)           1.181    10.121    pll/adc_clk_in
    PLLE2_ADV_X0Y0       PLLE2_ADV (Prop_plle2_adv_CLKIN1_CLKOUT0)
                                                      0.084    10.205 r  pll/pll/CLKOUT0
                         net (fo=1, routed)           1.594    11.799    pll_adc_clk
    BUFGCTRL_X0Y0        BUFG (Prop_bufg_I_O)         0.091    11.890 r  bufg_adc_clk/O
                         net (fo=7983, routed)        1.484    13.374    i_laser_lock_core/u_output_protect/adc_clk
    SLICE_X27Y23         FDCE                                         r  i_laser_lock_core/u_output_protect/data_o_reg[11]/C
                         clock pessimism              0.458    13.832    
                         clock uncertainty           -0.069    13.763    
    SLICE_X27Y23         FDCE (Recov_fdce_C_CLR)     -0.405    13.358    i_laser_lock_core/u_output_protect/data_o_reg[11]
  -------------------------------------------------------------------
                         required time                         13.358    
                         arrival time                          -9.770    
  -------------------------------------------------------------------
                         slack                                  3.588    





--------------------------------------------------------------------------------------
Path Group:  (none)
From Clock:  
  To Clock:  clk_fpga_3

Max Delay             1 Endpoint
Min Delay             0 Endpoints
--------------------------------------------------------------------------------------


Max Delay Paths
--------------------------------------------------------------------------------------
Slack:                    inf
  Source:                 ps/system_i/processing_system7/inst/PS7_i/FCLKRESETN[3]
                            (internal pin)
  Destination:            ps/system_i/proc_sys_reset/U0/EXT_LPF/ACTIVE_LOW_EXT.ACT_LO_EXT/GENERATE_LEVEL_P_S_CDC.SINGLE_BIT.CROSS_PLEVEL_IN2SCNDRY_IN_cdc_to/D
                            (rising edge-triggered cell FDRE clocked by clk_fpga_3  {rise@0.000ns fall@2.500ns period=5.000ns})
  Path Group:             (none)
  Path Type:              Setup (Max at Slow Process Corner)
  Data Path Delay:        3.570ns  (logic 0.124ns (3.473%)  route 3.446ns (96.527%))
  Logic Levels:           1  (LUT1=1)
  Clock Uncertainty:      0.079ns  ((TSJ^2 + TIJ^2)^1/2 + DJ) / 2 + PE
    Total System Jitter     (TSJ):    0.050ns
    Total Input Jitter      (TIJ):    0.150ns
    Discrete Jitter          (DJ):    0.000ns
    Phase Error              (PE):    0.000ns
  Timing Exception:       False Path

    Location             Delay type                Incr(ns)  Path(ns)    Netlist Resource(s)
  -------------------------------------------------------------------    -------------------
    PS7_X0Y0             PS7                          0.000     0.000 f  ps/system_i/processing_system7/inst/PS7_i/FCLKRESETN[3]
                         net (fo=1, routed)           2.638     2.638    ps/system_i/proc_sys_reset/U0/EXT_LPF/ACTIVE_LOW_EXT.ACT_LO_EXT/ext_reset_in
    SLICE_X36Y74         LUT1 (Prop_lut1_I0_O)        0.124     2.762 r  ps/system_i/proc_sys_reset/U0/EXT_LPF/ACTIVE_LOW_EXT.ACT_LO_EXT/GENERATE_LEVEL_P_S_CDC.SINGLE_BIT.CROSS_PLEVEL_IN2SCNDRY_IN_cdc_to_i_1/O
                         net (fo=1, routed)           0.808     3.570    ps/system_i/proc_sys_reset/U0/EXT_LPF/ACTIVE_LOW_EXT.ACT_LO_EXT/exr_d1
    SLICE_X36Y82         FDRE                                         r  ps/system_i/proc_sys_reset/U0/EXT_LPF/ACTIVE_LOW_EXT.ACT_LO_EXT/GENERATE_LEVEL_P_S_CDC.SINGLE_BIT.CROSS_PLEVEL_IN2SCNDRY_IN_cdc_to/D
  -------------------------------------------------------------------    -------------------

                         (clock clk_fpga_3 rise edge)
                                                      0.000     0.000 r  
    PS7_X0Y0             PS7                          0.000     0.000 r  ps/system_i/processing_system7/inst/PS7_i/FCLKCLK[3]
                         net (fo=1, routed)           1.101     1.101    ps/system_i/processing_system7/inst/FCLK_CLK_unbuffered[3]
    BUFGCTRL_X0Y1        BUFG (Prop_bufg_I_O)         0.091     1.192 r  ps/system_i/processing_system7/inst/buffer_fclk_clk_3.FCLK_CLK_3_BUFG/O
                         net (fo=965, routed)         1.557     2.749    ps/system_i/proc_sys_reset/U0/EXT_LPF/ACTIVE_LOW_EXT.ACT_LO_EXT/slowest_sync_clk
    SLICE_X36Y82         FDRE                                         r  ps/system_i/proc_sys_reset/U0/EXT_LPF/ACTIVE_LOW_EXT.ACT_LO_EXT/GENERATE_LEVEL_P_S_CDC.SINGLE_BIT.CROSS_PLEVEL_IN2SCNDRY_IN_cdc_to/C





--------------------------------------------------------------------------------------
Path Group:  (none)
From Clock:  clk_fpga_0
  To Clock:  pll_adc_clk

Max Delay            32 Endpoints
Min Delay             0 Endpoints
--------------------------------------------------------------------------------------


Max Delay Paths
--------------------------------------------------------------------------------------
Slack:                    inf
  Source:                 locked_pll_cnt_reg[3]/C
                            (rising edge-triggered cell FDRE clocked by clk_fpga_0  {rise@0.000ns fall@4.000ns period=8.000ns})
  Destination:            locked_pll_cnt_r_reg[3]/D
                            (rising edge-triggered cell FDRE clocked by pll_adc_clk  {rise@0.000ns fall@4.000ns period=8.000ns})
  Path Group:             (none)
  Path Type:              Setup (Max at Slow Process Corner)
  Data Path Delay:        1.639ns  (logic 0.518ns (31.603%)  route 1.121ns (68.397%))
  Logic Levels:           0  
  Clock Path Skew:        2.405ns (DCD - SCD + CPR)
    Destination Clock Delay (DCD):    5.447ns
    Source Clock Delay      (SCD):    3.042ns
    Clock Pessimism Removal (CPR):    0.000ns
  Clock Uncertainty:      0.235ns  ((TSJ^2 + TIJ^2 + DJ^2)^1/2) / 2 + PE
    Total System Jitter     (TSJ):    0.071ns
    Total Input Jitter      (TIJ):    0.240ns
    Discrete Jitter          (DJ):    0.118ns
    Phase Error              (PE):    0.097ns
  Timing Exception:       False Path

    Location             Delay type                Incr(ns)  Path(ns)    Netlist Resource(s)
  -------------------------------------------------------------------    -------------------
                         (clock clk_fpga_0 rise edge)
                                                      0.000     0.000 r  
    PS7_X0Y0             PS7                          0.000     0.000 r  ps/system_i/processing_system7/inst/PS7_i/FCLKCLK[0]
                         net (fo=1, routed)           1.207     1.207    ps/lopt
    BUFGCTRL_X0Y7        BUFG (Prop_bufg_I_O)         0.101     1.308 r  ps/fclk_buf[0]/O
                         net (fo=32, routed)          1.734     3.042    fclk[0]
    SLICE_X42Y67         FDRE                                         r  locked_pll_cnt_reg[3]/C
  -------------------------------------------------------------------    -------------------
    SLICE_X42Y67         FDRE (Prop_fdre_C_Q)         0.518     3.560 r  locked_pll_cnt_reg[3]/Q
                         net (fo=2, routed)           1.121     4.681    locked_pll_cnt_reg[3]
    SLICE_X36Y67         FDRE                                         r  locked_pll_cnt_r_reg[3]/D
  -------------------------------------------------------------------    -------------------

                         (clock pll_adc_clk rise edge)
                                                      0.000     0.000 r  
    U18                                               0.000     0.000 r  adc_clk_i[1] (IN)
                         net (fo=0)                   0.000     0.000    adc_clk_i[1]
    U18                  IBUFDS (Prop_ibufds_I_O)     0.940     0.940 r  i_clk/O
                         net (fo=1, routed)           1.181     2.121    pll/adc_clk_in
    PLLE2_ADV_X0Y0       PLLE2_ADV (Prop_plle2_adv_CLKIN1_CLKOUT0)
                                                      0.084     2.205 r  pll/pll/CLKOUT0
                         net (fo=1, routed)           1.594     3.799    pll_adc_clk
    BUFGCTRL_X0Y0        BUFG (Prop_bufg_I_O)         0.091     3.890 r  bufg_adc_clk/O
                         net (fo=7983, routed)        1.557     5.447    adc_clk
    SLICE_X36Y67         FDRE                                         r  locked_pll_cnt_r_reg[3]/C





--------------------------------------------------------------------------------------
Path Group:  (none)
From Clock:  clk_fb
  To Clock:  

Max Delay             1 Endpoint
Min Delay             0 Endpoints
--------------------------------------------------------------------------------------


Max Delay Paths
--------------------------------------------------------------------------------------
Slack:                    inf
  Source:                 pll/pll/CLKFBOUT
                            (clock source 'clk_fb'  {rise@0.000ns fall@4.000ns period=8.000ns})
  Destination:            pll/pll/CLKFBIN
  Path Group:             (none)
  Path Type:              Max at Slow Process Corner
  Data Path Delay:        0.014ns  (logic 0.000ns (0.000%)  route 0.014ns (100.001%))
  Logic Levels:           0  
  Clock Uncertainty:      0.144ns  ((TSJ^2 + DJ^2)^1/2) / 2 + PE
    Total System Jitter     (TSJ):    0.050ns
    Discrete Jitter          (DJ):    0.079ns
    Phase Error              (PE):    0.097ns

    Location             Delay type                Incr(ns)  Path(ns)    Netlist Resource(s)
  -------------------------------------------------------------------    -------------------
                         (clock clk_fb fall edge)     4.000     4.000 f  
    U18                                               0.000     4.000 f  adc_clk_i[1] (IN)
                         net (fo=0)                   0.000     4.000    adc_clk_i[1]
    U18                  IBUFDS (Prop_ibufds_I_O)     0.983     4.983 f  i_clk/O
                         net (fo=1, routed)           1.306     6.289    pll/adc_clk_in
  -------------------------------------------------------------------    -------------------
    PLLE2_ADV_X0Y0       PLLE2_ADV (Prop_plle2_adv_CLKIN1_CLKFBOUT)
                                                      0.089     6.378 f  pll/pll/CLKFBOUT
                         net (fo=1, routed)           0.014     6.392    pll/clk_fb
    PLLE2_ADV_X0Y0       PLLE2_ADV                                    f  pll/pll/CLKFBIN
  -------------------------------------------------------------------    -------------------





--------------------------------------------------------------------------------------
Path Group:  (none)
From Clock:  par_clk
  To Clock:  

Max Delay             2 Endpoints
Min Delay             0 Endpoints
--------------------------------------------------------------------------------------


Max Delay Paths
--------------------------------------------------------------------------------------
Slack:                    inf
  Source:                 i_adc_clk_n/C
                            (falling edge-triggered cell ODDR clocked by par_clk  {rise@0.000ns fall@4.000ns period=8.000ns})
  Destination:            adc_clk_o[1]
                            (output port)
  Path Group:             (none)
  Path Type:              Max at Slow Process Corner
  Data Path Delay:        2.615ns  (logic 2.614ns (99.962%)  route 0.001ns (0.038%))
  Logic Levels:           1  (OBUF=1)
  Clock Uncertainty:      0.025ns  ((TSJ^2 + TIJ^2)^1/2 + DJ) / 2 + PE
    Total System Jitter     (TSJ):    0.050ns
    Total Input Jitter      (TIJ):    0.000ns
    Discrete Jitter          (DJ):    0.000ns
    Phase Error              (PE):    0.000ns

    Location             Delay type                Incr(ns)  Path(ns)    Netlist Resource(s)
  -------------------------------------------------------------------    -------------------
                         (clock par_clk fall edge)    4.000     4.000 f  
    N18                                               0.000     4.000 f  daisy_p_i[1] (IN)
                         net (fo=0)                   0.000     4.000    i_daisy/daisy_p_i[1]
    N18                  IBUFDS (Prop_ibufds_I_O)     0.945     4.945 f  i_daisy/i_IBUFGDS_clk/O
                         net (fo=2, routed)           0.510     5.455    i_daisy/i_rx/rxs_clk
    BUFR_X0Y1            BUFR (Prop_bufr_I_O)         1.032     6.487 f  i_daisy/i_rx/i_BUFR_clk/O
                         net (fo=39, routed)          0.814     7.301    i_daisy/i_rx/par_clk
    BUFGCTRL_X0Y2        BUFG (Prop_bufg_I_O)         0.101     7.402 f  i_daisy/i_rx/i_parclk_buf/O
                         net (fo=233, routed)         1.760     9.162    adc_clk_daisy
    OLOGIC_X0Y21         ODDR                                         f  i_adc_clk_n/C
  -------------------------------------------------------------------    -------------------
    OLOGIC_X0Y21         ODDR (Prop_oddr_C_Q)         0.472     9.634 r  i_adc_clk_n/Q
                         net (fo=1, routed)           0.001     9.635    adc_clk_o_OBUF[1]
    P20                  OBUF (Prop_obuf_I_O)         2.142    11.777 r  adc_clk_o_OBUF[1]_inst/O
                         net (fo=0)                   0.000    11.777    adc_clk_o[1]
    P20                                                               r  adc_clk_o[1] (OUT)
  -------------------------------------------------------------------    -------------------





--------------------------------------------------------------------------------------
Path Group:  (none)
From Clock:  pll_adc_clk
  To Clock:  

Max Delay            39 Endpoints
Min Delay             0 Endpoints
--------------------------------------------------------------------------------------


Max Delay Paths
--------------------------------------------------------------------------------------
Slack:                    inf
  Source:                 i_asg/ch[0]/trig_in_reg/C
                            (rising edge-triggered cell FDRE clocked by pll_adc_clk  {rise@0.000ns fall@4.000ns period=8.000ns})
  Destination:            exp_n_io[0]
                            (output port)
  Path Group:             (none)
  Path Type:              Max at Slow Process Corner
  Data Path Delay:        9.048ns  (logic 4.102ns (45.343%)  route 4.945ns (54.657%))
  Logic Levels:           3  (LUT2=1 LUT5=1 OBUFT=1)
  Clock Uncertainty:      0.161ns  ((TSJ^2 + DJ^2)^1/2) / 2 + PE
    Total System Jitter     (TSJ):    0.050ns
    Discrete Jitter          (DJ):    0.118ns
    Phase Error              (PE):    0.097ns

    Location             Delay type                Incr(ns)  Path(ns)    Netlist Resource(s)
  -------------------------------------------------------------------    -------------------
                         (clock pll_adc_clk rise edge)
                                                      0.000     0.000 r  
    U18                                               0.000     0.000 r  adc_clk_i[1] (IN)
                         net (fo=0)                   0.000     0.000    adc_clk_i[1]
    U18                  IBUFDS (Prop_ibufds_I_O)     0.983     0.983 r  i_clk/O
                         net (fo=1, routed)           1.306     2.289    pll/adc_clk_in
    PLLE2_ADV_X0Y0       PLLE2_ADV (Prop_plle2_adv_CLKIN1_CLKOUT0)
                                                      0.089     2.378 r  pll/pll/CLKOUT0
                         net (fo=1, routed)           1.754     4.132    pll_adc_clk
    BUFGCTRL_X0Y0        BUFG (Prop_bufg_I_O)         0.101     4.233 r  bufg_adc_clk/O
                         net (fo=7983, routed)        1.652     5.885    i_asg/ch[0]/adc_clk
    SLICE_X18Y68         FDRE                                         r  i_asg/ch[0]/trig_in_reg/C
  -------------------------------------------------------------------    -------------------
    SLICE_X18Y68         FDRE (Prop_fdre_C_Q)         0.456     6.341 r  i_asg/ch[0]/trig_in_reg/Q
                         net (fo=20, routed)          1.645     7.986    i_asg/ch[0]/trig_in
    SLICE_X28Y78         LUT2 (Prop_lut2_I0_O)        0.146     8.132 r  i_asg/ch[0]/asg_trig_in[0]_i_1/O
                         net (fo=5, routed)           1.338     9.470    i_hk/D[0]
    SLICE_X37Y64         LUT5 (Prop_lut5_I0_O)        0.328     9.798 r  i_hk/i_iobufn[0]_i_1/O
                         net (fo=1, routed)           1.962    11.760    i_iobufn[0]/I
    G18                  OBUFT (Prop_obuft_I_O)       3.172    14.933 r  i_iobufn[0]/OBUFT/O
                         net (fo=1, unset)            0.000    14.933    exp_n_io[0]
    G18                                                               r  exp_n_io[0] (INOUT)
  -------------------------------------------------------------------    -------------------





--------------------------------------------------------------------------------------
Path Group:  (none)
From Clock:  pll_dac_clk_1x
  To Clock:  

Max Delay            16 Endpoints
Min Delay             0 Endpoints
--------------------------------------------------------------------------------------


Max Delay Paths
--------------------------------------------------------------------------------------
Slack:                    inf
  Source:                 oddr_dac_dat[0]/C
                            (falling edge-triggered cell ODDR clocked by pll_dac_clk_1x  {rise@0.000ns fall@4.000ns period=8.000ns})
  Destination:            dac_dat_o[0]
                            (output port)
  Path Group:             (none)
  Path Type:              Max at Slow Process Corner
  Data Path Delay:        3.730ns  (logic 3.729ns (99.973%)  route 0.001ns (0.027%))
  Logic Levels:           1  (OBUF=1)
  Clock Uncertainty:      0.161ns  ((TSJ^2 + DJ^2)^1/2) / 2 + PE
    Total System Jitter     (TSJ):    0.050ns
    Discrete Jitter          (DJ):    0.118ns
    Phase Error              (PE):    0.097ns

    Location             Delay type                Incr(ns)  Path(ns)    Netlist Resource(s)
  -------------------------------------------------------------------    -------------------
                         (clock pll_dac_clk_1x fall edge)
                                                      4.000     4.000 f  
    U18                                               0.000     4.000 f  adc_clk_i[1] (IN)
                         net (fo=0)                   0.000     4.000    adc_clk_i[1]
    U18                  IBUFDS (Prop_ibufds_I_O)     0.983     4.983 f  i_clk/O
                         net (fo=1, routed)           1.306     6.289    pll/adc_clk_in
    PLLE2_ADV_X0Y0       PLLE2_ADV (Prop_plle2_adv_CLKIN1_CLKOUT1)
                                                      0.089     6.378 f  pll/pll/CLKOUT1
                         net (fo=1, routed)           1.754     8.132    pll_dac_clk_1x
    BUFGCTRL_X0Y3        BUFG (Prop_bufg_I_O)         0.101     8.233 f  bufg_dac_clk_1x/O
                         net (fo=45, routed)          1.759     9.993    dac_clk_1x
    OLOGIC_X0Y86         ODDR                                         f  oddr_dac_dat[0]/C
  -------------------------------------------------------------------    -------------------
    OLOGIC_X0Y86         ODDR (Prop_oddr_C_Q)         0.472    10.465 r  oddr_dac_dat[0]/Q
                         net (fo=1, routed)           0.001    10.466    dac_dat_o_OBUF[0]
    M19                  OBUF (Prop_obuf_I_O)         3.257    13.722 r  dac_dat_o_OBUF[0]_inst/O
                         net (fo=0)                   0.000    13.722    dac_dat_o[0]
    M19                                                               r  dac_dat_o[0] (OUT)
  -------------------------------------------------------------------    -------------------





--------------------------------------------------------------------------------------
Path Group:  (none)
From Clock:  pll_dac_clk_2p
  To Clock:  

Max Delay             1 Endpoint
Min Delay             0 Endpoints
--------------------------------------------------------------------------------------


Max Delay Paths
--------------------------------------------------------------------------------------
Slack:                    inf
  Source:                 oddr_dac_clk/C
                            (rising edge-triggered cell ODDR clocked by pll_dac_clk_2p  {rise@-0.500ns fall@1.500ns period=4.000ns})
  Destination:            dac_clk_o
                            (output port)
  Path Group:             (none)
  Path Type:              Max at Slow Process Corner
  Data Path Delay:        3.718ns  (logic 3.717ns (99.973%)  route 0.001ns (0.027%))
  Logic Levels:           1  (OBUF=1)
  Clock Uncertainty:      0.154ns  ((TSJ^2 + DJ^2)^1/2) / 2 + PE
    Total System Jitter     (TSJ):    0.050ns
    Discrete Jitter          (DJ):    0.104ns
    Phase Error              (PE):    0.097ns

    Location             Delay type                Incr(ns)  Path(ns)    Netlist Resource(s)
  -------------------------------------------------------------------    -------------------
                         (clock pll_dac_clk_2p rise edge)
                                                      3.500     3.500 r  
    U18                                               0.000     3.500 r  adc_clk_i[1] (IN)
                         net (fo=0)                   0.000     3.500    adc_clk_i[1]
    U18                  IBUFDS (Prop_ibufds_I_O)     0.983     4.483 r  i_clk/O
                         net (fo=1, routed)           1.306     5.789    pll/adc_clk_in
    PLLE2_ADV_X0Y0       PLLE2_ADV (Prop_plle2_adv_CLKIN1_CLKOUT3)
                                                      0.089     5.878 r  pll/pll/CLKOUT3
                         net (fo=1, routed)           1.754     7.632    pll_dac_clk_2p
    BUFGCTRL_X0Y5        BUFG (Prop_bufg_I_O)         0.101     7.733 r  bufg_dac_clk_2p/O
                         net (fo=1, routed)           1.758     9.492    dac_clk_2p
    OLOGIC_X0Y83         ODDR                                         r  oddr_dac_clk/C
  -------------------------------------------------------------------    -------------------
    OLOGIC_X0Y83         ODDR (Prop_oddr_C_Q)         0.472     9.964 r  oddr_dac_clk/Q
                         net (fo=1, routed)           0.001     9.965    dac_clk_o_OBUF
    M18                  OBUF (Prop_obuf_I_O)         3.245    13.210 r  dac_clk_o_OBUF_inst/O
                         net (fo=0)                   0.000    13.210    dac_clk_o
    M18                                                               r  dac_clk_o (OUT)
  -------------------------------------------------------------------    -------------------





--------------------------------------------------------------------------------------
Path Group:  (none)
From Clock:  pll_dac_clk_2x
  To Clock:  

Max Delay             1 Endpoint
Min Delay             0 Endpoints
--------------------------------------------------------------------------------------


Max Delay Paths
--------------------------------------------------------------------------------------
Slack:                    inf
  Source:                 oddr_dac_wrt/C
                            (falling edge-triggered cell ODDR clocked by pll_dac_clk_2x  {rise@0.000ns fall@2.000ns period=4.000ns})
  Destination:            dac_wrt_o
                            (output port)
  Path Group:             (none)
  Path Type:              Max at Slow Process Corner
  Data Path Delay:        3.725ns  (logic 3.724ns (99.973%)  route 0.001ns (0.027%))
  Logic Levels:           1  (OBUF=1)
  Clock Uncertainty:      0.154ns  ((TSJ^2 + DJ^2)^1/2) / 2 + PE
    Total System Jitter     (TSJ):    0.050ns
    Discrete Jitter          (DJ):    0.104ns
    Phase Error              (PE):    0.097ns

    Location             Delay type                Incr(ns)  Path(ns)    Netlist Resource(s)
  -------------------------------------------------------------------    -------------------
                         (clock pll_dac_clk_2x fall edge)
                                                      2.000     2.000 f  
    U18                                               0.000     2.000 f  adc_clk_i[1] (IN)
                         net (fo=0)                   0.000     2.000    adc_clk_i[1]
    U18                  IBUFDS (Prop_ibufds_I_O)     0.983     2.983 f  i_clk/O
                         net (fo=1, routed)           1.306     4.289    pll/adc_clk_in
    PLLE2_ADV_X0Y0       PLLE2_ADV (Prop_plle2_adv_CLKIN1_CLKOUT2)
                                                      0.089     4.378 f  pll/pll/CLKOUT2
                         net (fo=1, routed)           1.754     6.132    pll_dac_clk_2x
    BUFGCTRL_X0Y6        BUFG (Prop_bufg_I_O)         0.101     6.233 f  bufg_dac_clk_2x/O
                         net (fo=1, routed)           1.758     7.992    dac_clk_2x
    OLOGIC_X0Y84         ODDR                                         f  oddr_dac_wrt/C
  -------------------------------------------------------------------    -------------------
    OLOGIC_X0Y84         ODDR (Prop_oddr_C_Q)         0.472     8.464 r  oddr_dac_wrt/Q
                         net (fo=1, routed)           0.001     8.465    dac_wrt_o_OBUF
    M17                  OBUF (Prop_obuf_I_O)         3.252    11.716 r  dac_wrt_o_OBUF_inst/O
                         net (fo=0)                   0.000    11.716    dac_wrt_o
    M17                                                               r  dac_wrt_o (OUT)
  -------------------------------------------------------------------    -------------------





--------------------------------------------------------------------------------------
Path Group:  (none)
From Clock:  pll_ser_clk
  To Clock:  

Max Delay             4 Endpoints
Min Delay             0 Endpoints
--------------------------------------------------------------------------------------


Max Delay Paths
--------------------------------------------------------------------------------------
Slack:                    inf
  Source:                 i_daisy/i_tx/ODDR_clk/C
                            (falling edge-triggered cell ODDR clocked by pll_ser_clk  {rise@0.000ns fall@2.000ns period=4.000ns})
  Destination:            daisy_p_o[1]
                            (output port)
  Path Group:             (none)
  Path Type:              Max at Slow Process Corner
  Data Path Delay:        2.215ns  (logic 2.214ns (99.955%)  route 0.001ns (0.045%))
  Logic Levels:           1  (OBUFDS=1)
  Clock Uncertainty:      0.154ns  ((TSJ^2 + DJ^2)^1/2) / 2 + PE
    Total System Jitter     (TSJ):    0.050ns
    Discrete Jitter          (DJ):    0.104ns
    Phase Error              (PE):    0.097ns

    Location             Delay type                Incr(ns)  Path(ns)    Netlist Resource(s)
  -------------------------------------------------------------------    -------------------
                         (clock pll_ser_clk fall edge)
                                                      2.000     2.000 f  
    U18                                               0.000     2.000 f  adc_clk_i[1] (IN)
                         net (fo=0)                   0.000     2.000    adc_clk_i[1]
    U18                  IBUFDS (Prop_ibufds_I_O)     0.983     2.983 f  i_clk/O
                         net (fo=1, routed)           1.306     4.289    pll/adc_clk_in
    PLLE2_ADV_X0Y0       PLLE2_ADV (Prop_plle2_adv_CLKIN1_CLKOUT4)
                                                      0.089     4.378 f  pll/pll/CLKOUT4
                         net (fo=1, routed)           1.754     6.132    pll_ser_clk
    BUFGCTRL_X0Y4        BUFG (Prop_bufg_I_O)         0.101     6.233 f  bufg_ser_clk/O
                         net (fo=2, routed)           1.760     7.994    i_daisy/i_tx/ser_clk
    OLOGIC_X0Y28         ODDR                                         f  i_daisy/i_tx/ODDR_clk/C
  -------------------------------------------------------------------    -------------------
    OLOGIC_X0Y28         ODDR (Prop_oddr_C_Q)         0.472     8.466 r  i_daisy/i_tx/ODDR_clk/Q
                         net (fo=2, routed)           0.001     8.467    i_daisy/i_OBUF_clk/I
    U14                  OBUFDS (Prop_obufds_I_O)     1.742    10.208 r  i_daisy/i_OBUF_clk/P/O
                         net (fo=0)                   0.000    10.208    daisy_p_o[1]
    U14                                                               r  daisy_p_o[1] (OUT)
  -------------------------------------------------------------------    -------------------





--------------------------------------------------------------------------------------
Path Group:  (none)
From Clock:  
  To Clock:  clk_fpga_0

Max Delay            64 Endpoints
Min Delay             0 Endpoints
--------------------------------------------------------------------------------------


Max Delay Paths
--------------------------------------------------------------------------------------
Slack:                    inf
  Source:                 ps/system_i/processing_system7/inst/PS7_i/FCLKRESETN[0]
                            (internal pin)
  Destination:            locked_pll_cnt_reg[28]/R
                            (rising edge-triggered cell FDRE clocked by clk_fpga_0  {rise@0.000ns fall@4.000ns period=8.000ns})
  Path Group:             (none)
  Path Type:              Setup (Max at Slow Process Corner)
  Data Path Delay:        6.436ns  (logic 0.149ns (2.315%)  route 6.287ns (97.685%))
  Logic Levels:           1  (LUT1=1)
  Clock Uncertainty:      0.123ns  ((TSJ^2 + TIJ^2)^1/2 + DJ) / 2 + PE
    Total System Jitter     (TSJ):    0.050ns
    Total Input Jitter      (TIJ):    0.240ns
    Discrete Jitter          (DJ):    0.000ns
    Phase Error              (PE):    0.000ns

    Location             Delay type                Incr(ns)  Path(ns)    Netlist Resource(s)
  -------------------------------------------------------------------    -------------------
    PS7_X0Y0             PS7                          0.000     0.000 f  ps/system_i/processing_system7/inst/PS7_i/FCLKRESETN[0]
                         net (fo=23, routed)          4.759     4.759    ps/frstn
    SLICE_X43Y68         LUT1 (Prop_lut1_I0_O)        0.149     4.908 r  ps/pll_i_1/O
                         net (fo=32, routed)          1.528     6.436    RST0
    SLICE_X42Y74         FDRE                                         r  locked_pll_cnt_reg[28]/R
  -------------------------------------------------------------------    -------------------

                         (clock clk_fpga_0 rise edge)
                                                      0.000     0.000 r  
    PS7_X0Y0             PS7                          0.000     0.000 r  ps/system_i/processing_system7/inst/PS7_i/FCLKCLK[0]
                         net (fo=1, routed)           1.101     1.101    ps/lopt
    BUFGCTRL_X0Y7        BUFG (Prop_bufg_I_O)         0.091     1.192 r  ps/fclk_buf[0]/O
                         net (fo=32, routed)          1.549     2.741    fclk[0]
    SLICE_X42Y74         FDRE                                         r  locked_pll_cnt_reg[28]/C





--------------------------------------------------------------------------------------
Path Group:  (none)
From Clock:  
  To Clock:  pll_adc_clk

Max Delay            95 Endpoints
Min Delay             0 Endpoints
--------------------------------------------------------------------------------------


Max Delay Paths
--------------------------------------------------------------------------------------
Slack:                    inf
  Source:                 exp_p_io[0]
                            (input port)
  Destination:            i_asg/ch[0]/rep_cnt_reg[15]/CE
                            (rising edge-triggered cell FDRE clocked by pll_adc_clk  {rise@0.000ns fall@4.000ns period=8.000ns})
  Path Group:             (none)
  Path Type:              Setup (Max at Slow Process Corner)
  Data Path Delay:        7.671ns  (logic 1.967ns (25.647%)  route 5.704ns (74.353%))
  Logic Levels:           5  (IBUF=1 LUT4=1 LUT5=3)
  Clock Path Skew:        5.370ns (DCD - SCD + CPR)
    Destination Clock Delay (DCD):    5.370ns
    Source Clock Delay      (SCD):    0.000ns
    Clock Pessimism Removal (CPR):    0.000ns

    Location             Delay type                Incr(ns)  Path(ns)    Netlist Resource(s)
  -------------------------------------------------------------------    -------------------
    G17                                               0.000     0.000 r  exp_p_io[0] (INOUT)
                         net (fo=1, unset)            0.000     0.000    i_iobufp[0]/IO
    G17                  IBUF (Prop_ibuf_I_O)         1.471     1.471 r  i_iobufp[0]/IBUF/O
                         net (fo=4, routed)           2.248     3.719    i_daisy/i_rx/O[0]
    SLICE_X31Y57         LUT5 (Prop_lut5_I4_O)        0.124     3.843 r  i_daisy/i_rx/ext_trig_in[0]_i_3/O
                         net (fo=1, routed)           0.363     4.206    i_daisy/i_rx/ext_trig_in[0]_i_3_n_0
    SLICE_X31Y57         LUT5 (Prop_lut5_I1_O)        0.124     4.330 r  i_daisy/i_rx/ext_trig_in[0]_i_1/O
                         net (fo=3, routed)           1.120     5.450    i_asg/ch[0]/trig_ext
    SLICE_X18Y68         LUT5 (Prop_lut5_I3_O)        0.124     5.574 r  i_asg/ch[0]/rep_cnt[15]_i_4__0/O
                         net (fo=1, routed)           1.296     6.870    i_asg/ch[0]/rep_cnt[15]_i_4__0_n_0
    SLICE_X32Y79         LUT4 (Prop_lut4_I1_O)        0.124     6.994 r  i_asg/ch[0]/rep_cnt[15]_i_1__0/O
                         net (fo=16, routed)          0.677     7.671    i_asg/ch[0]/rep_cnt[15]_i_1__0_n_0
    SLICE_X34Y81         FDRE                                         r  i_asg/ch[0]/rep_cnt_reg[15]/CE
  -------------------------------------------------------------------    -------------------

                         (clock pll_adc_clk rise edge)
                                                      0.000     0.000 r  
    U18                                               0.000     0.000 r  adc_clk_i[1] (IN)
                         net (fo=0)                   0.000     0.000    adc_clk_i[1]
    U18                  IBUFDS (Prop_ibufds_I_O)     0.940     0.940 r  i_clk/O
                         net (fo=1, routed)           1.181     2.121    pll/adc_clk_in
    PLLE2_ADV_X0Y0       PLLE2_ADV (Prop_plle2_adv_CLKIN1_CLKOUT0)
                                                      0.084     2.205 r  pll/pll/CLKOUT0
                         net (fo=1, routed)           1.594     3.799    pll_adc_clk
    BUFGCTRL_X0Y0        BUFG (Prop_bufg_I_O)         0.091     3.890 r  bufg_adc_clk/O
                         net (fo=7983, routed)        1.480     5.370    i_asg/ch[0]/adc_clk
    SLICE_X34Y81         FDRE                                         r  i_asg/ch[0]/rep_cnt_reg[15]/C





--------------------------------------------------------------------------------------
Path Group:  (none)
From Clock:  
  To Clock:  pll_dac_clk_1x

Max Delay             1 Endpoint
Min Delay             0 Endpoints
--------------------------------------------------------------------------------------


Max Delay Paths
--------------------------------------------------------------------------------------
Slack:                    inf
  Source:                 ps/system_i/processing_system7/inst/PS7_i/FCLKRESETN[0]
                            (internal pin)
  Destination:            dac_rst_reg/D
                            (rising edge-triggered cell FDRE clocked by pll_dac_clk_1x  {rise@0.000ns fall@4.000ns period=8.000ns})
  Path Group:             (none)
  Path Type:              Setup (Max at Slow Process Corner)
  Data Path Delay:        5.392ns  (logic 0.124ns (2.300%)  route 5.268ns (97.700%))
  Logic Levels:           1  (LUT2=1)
  Clock Uncertainty:      0.161ns  ((TSJ^2 + DJ^2)^1/2) / 2 + PE
    Total System Jitter     (TSJ):    0.050ns
    Discrete Jitter          (DJ):    0.118ns
    Phase Error              (PE):    0.097ns

    Location             Delay type                Incr(ns)  Path(ns)    Netlist Resource(s)
  -------------------------------------------------------------------    -------------------
    PS7_X0Y0             PS7                          0.000     0.000 f  ps/system_i/processing_system7/inst/PS7_i/FCLKRESETN[0]
                         net (fo=23, routed)          5.268     5.268    ps/frstn
    SLICE_X43Y70         LUT2 (Prop_lut2_I0_O)        0.124     5.392 r  ps/dac_rst_i_1/O
                         net (fo=1, routed)           0.000     5.392    ps_n_442
    SLICE_X43Y70         FDRE                                         r  dac_rst_reg/D
  -------------------------------------------------------------------    -------------------

                         (clock pll_dac_clk_1x rise edge)
                                                      0.000     0.000 r  
    U18                                               0.000     0.000 r  adc_clk_i[1] (IN)
                         net (fo=0)                   0.000     0.000    adc_clk_i[1]
    U18                  IBUFDS (Prop_ibufds_I_O)     0.940     0.940 r  i_clk/O
                         net (fo=1, routed)           1.181     2.121    pll/adc_clk_in
    PLLE2_ADV_X0Y0       PLLE2_ADV (Prop_plle2_adv_CLKIN1_CLKOUT1)
                                                      0.084     2.205 r  pll/pll/CLKOUT1
                         net (fo=1, routed)           1.594     3.799    pll_dac_clk_1x
    BUFGCTRL_X0Y3        BUFG (Prop_bufg_I_O)         0.091     3.890 r  bufg_dac_clk_1x/O
                         net (fo=45, routed)          1.555     5.445    dac_clk_1x
    SLICE_X43Y70         FDRE                                         r  dac_rst_reg/C





--------------------------------------------------------------------------------------
Path Group:  (none)
From Clock:  
  To Clock:  rx_clk

Max Delay             1 Endpoint
Min Delay             0 Endpoints
--------------------------------------------------------------------------------------


Max Delay Paths
--------------------------------------------------------------------------------------
Slack:                    inf
  Source:                 daisy_n_i[0]
                            (input port)
  Destination:            i_daisy/i_rx/i_iserdese/D
                            (falling edge-triggered cell ISERDESE2 clocked by rx_clk  {rise@0.000ns fall@2.000ns period=4.000ns})
  Path Group:             (none)
  Path Type:              Setup (Max at Slow Process Corner)
  Data Path Delay:        0.972ns  (logic 0.972ns (100.000%)  route 0.000ns (0.000%))
  Logic Levels:           1  (IBUFDS=1)
  Clock Path Skew:        2.993ns (DCD - SCD + CPR)
    Destination Clock Delay (DCD):    2.993ns = ( 4.993 - 2.000 ) 
    Source Clock Delay      (SCD):    0.000ns
    Clock Pessimism Removal (CPR):    0.000ns

    Location             Delay type                Incr(ns)  Path(ns)    Netlist Resource(s)
  -------------------------------------------------------------------    -------------------
    R14                                               0.000     0.000 f  daisy_n_i[0] (IN)
                         net (fo=0)                   0.000     0.000    i_daisy/daisy_n_i[0]
    P14                  IBUFDS (Prop_ibufds_IB_O)    0.972     0.972 r  i_daisy/i_IBUFDS_dat/O
                         net (fo=1, routed)           0.000     0.972    i_daisy/i_rx/rxs_dat
    ILOGIC_X0Y38         ISERDESE2                                    r  i_daisy/i_rx/i_iserdese/D
  -------------------------------------------------------------------    -------------------

                         (clock rx_clk fall edge)     2.000     2.000 f  
    N18                                               0.000     2.000 f  daisy_p_i[1] (IN)
                         net (fo=0)                   0.000     2.000    i_daisy/daisy_p_i[1]
    N18                  IBUFDS (Prop_ibufds_I_O)     0.902     2.902 f  i_daisy/i_IBUFGDS_clk/O
                         net (fo=2, routed)           0.370     3.272    i_daisy/i_rx/rxs_clk
    BUFIO_X0Y1           BUFIO (Prop_bufio_I_O)       1.432     4.704 f  i_daisy/i_rx/i_BUFIO_clk/O
                         net (fo=2, routed)           0.288     4.993    i_daisy/i_rx/CLKB0
    ILOGIC_X0Y38         ISERDESE2                                    r  i_daisy/i_rx/i_iserdese/CLKB  (IS_INVERTED)





