Copyright 1986-2020 Xilinx, Inc. All Rights Reserved.
-----------------------------------------------------------------------------------------------------------------------------------------------------------------------------------------------------------------
| Tool Version : Vivado v.2020.1 (win64) Build 2902540 Wed May 27 19:54:49 MDT 2020
| Date         : Wed Sep  9 17:11:53 2026
| Host         : lin running 64-bit major release  (build 9200)
| Command      : report_timing_summary -max_paths 10 -file red_pitaya_top_timing_summary_routed.rpt -pb red_pitaya_top_timing_summary_routed.pb -rpx red_pitaya_top_timing_summary_routed.rpx -warn_on_violation
| Design       : red_pitaya_top
| Device       : 7z010-clg400
| Speed File   : -1  PRODUCTION 1.12 2019-11-22
-----------------------------------------------------------------------------------------------------------------------------------------------------------------------------------------------------------------

Timing Summary Report

------------------------------------------------------------------------------------------------
| Timer Settings
| --------------
------------------------------------------------------------------------------------------------

  Enable Multi Corner Analysis               :  Yes
  Enable Pessimism Removal                   :  Yes
  Pessimism Removal Resolution               :  Nearest Common Node
  Enable Input Delay Default Clock           :  No
  Enable Preset / Clear Arcs                 :  No
  Disable Flight Delays                      :  No
  Ignore I/O Paths                           :  No
  Timing Early Launch at Borrowing Latches   :  No
  Borrow Time for Max Delay Exceptions       :  Yes
  Merge Timing Exceptions                    :  Yes

  Corner  Analyze    Analyze    
  Name    Max Paths  Min Paths  
  ------  ---------  ---------  
  Slow    Yes        Yes        
  Fast    Yes        Yes        



check_timing report

Table of Contents
-----------------
1. checking no_clock (1)
2. checking constant_clock (0)
3. checking pulse_width_clock (0)
4. checking unconstrained_internal_endpoints (2)
5. checking no_input_delay (16)
6. checking no_output_delay (40)
7. checking multiple_clock (0)
8. checking generated_clocks (0)
9. checking loops (0)
10. checking partial_input_delay (0)
11. checking partial_output_delay (0)
12. checking latch_loops (0)

1. checking no_clock (1)
------------------------
 There is 1 register/latch pin with no clock driven by root clock pin: i_hk/dna_clk_reg/Q (HIGH)


2. checking constant_clock (0)
------------------------------
 There are 0 register/latch pins with constant_clock.


3. checking pulse_width_clock (0)
---------------------------------
 There are 0 register/latch pins which need pulse_width check


4. checking unconstrained_internal_endpoints (2)
------------------------------------------------
 There are 2 pins that are not constrained for maximum delay. (HIGH)

 There are 0 pins that are not constrained for maximum delay due to constant clock.


5. checking no_input_delay (16)
-------------------------------
 There are 16 input ports with no input delay specified. (HIGH)

 There are 0 input ports with no input delay but user has a false path constraint.


6. checking no_output_delay (40)
--------------------------------
 There are 40 ports with no output delay specified. (HIGH)

 There are 0 ports with no output delay but user has a false path constraint

 There are 0 ports with no output delay but with a timing clock defined on it or propagating through it


7. checking multiple_clock (0)
------------------------------
 There are 0 register/latch pins with multiple clocks.


8. checking generated_clocks (0)
--------------------------------
 There are 0 generated clocks that are not connected to a clock source.


9. checking loops (0)
---------------------
 There are 0 combinational loops in the design.


10. checking partial_input_delay (0)
------------------------------------
 There are 0 input ports with partial input delay specified.


11. checking partial_output_delay (0)
-------------------------------------
 There are 0 ports with partial output delay specified.


12. checking latch_loops (0)
----------------------------
 There are 0 combinational latch loops in the design through latch input



------------------------------------------------------------------------------------------------
| Design Timing Summary
| ---------------------
------------------------------------------------------------------------------------------------

    WNS(ns)      TNS(ns)  TNS Failing Endpoints  TNS Total Endpoints      WHS(ns)      THS(ns)  THS Failing Endpoints  THS Total Endpoints     WPWS(ns)     TPWS(ns)  TPWS Failing Endpoints  TPWS Total Endpoints  
    -------      -------  ---------------------  -------------------      -------      -------  ---------------------  -------------------     --------     --------  ----------------------  --------------------  
      0.121        0.000                      0                25784        0.051        0.000                      0                25784        1.000        0.000                       0                  9633  


All user specified timing constraints are met.


------------------------------------------------------------------------------------------------
| Clock Summary
| -------------
------------------------------------------------------------------------------------------------

Clock             Waveform(ns)         Period(ns)      Frequency(MHz)
-----             ------------         ----------      --------------
adc_clk           {0.000 4.000}        8.000           125.000         
  clk_fb          {0.000 4.000}        8.000           125.000         
  pll_adc_clk     {0.000 4.000}        8.000           125.000         
  pll_dac_clk_1x  {0.000 4.000}        8.000           125.000         
  pll_dac_clk_2p  {-0.500 1.500}       4.000           250.000         
  pll_dac_clk_2x  {0.000 2.000}        4.000           250.000         
clk_fpga_0        {0.000 4.000}        8.000           125.000         
clk_fpga_1        {0.000 2.000}        4.000           250.000         
clk_fpga_2        {0.000 10.000}       20.000          50.000          
clk_fpga_3        {0.000 2.500}        5.000           200.000         
rx_clk            {0.000 2.000}        4.000           250.000         


------------------------------------------------------------------------------------------------
| Intra Clock Table
| -----------------
------------------------------------------------------------------------------------------------

Clock                 WNS(ns)      TNS(ns)  TNS Failing Endpoints  TNS Total Endpoints      WHS(ns)      THS(ns)  THS Failing Endpoints  THS Total Endpoints     WPWS(ns)     TPWS(ns)  TPWS Failing Endpoints  TPWS Total Endpoints  
-----                 -------      -------  ---------------------  -------------------      -------      -------  ---------------------  -------------------     --------     --------  ----------------------  --------------------  
adc_clk                                                                                                                                                             2.000        0.000                       0                     1  
  clk_fb                                                                                                                                                            6.751        0.000                       0                     2  
  pll_adc_clk           0.153        0.000                      0                23696        0.051        0.000                      0                23696        2.750        0.000                       0                  8579  
  pll_dac_clk_1x        0.592        0.000                      0                   45        0.140        0.000                      0                   45        3.500        0.000                       0                    47  
  pll_dac_clk_2p                                                                                                                                                    1.845        0.000                       0                     3  
  pll_dac_clk_2x                                                                                                                                                    1.845        0.000                       0                     3  
clk_fpga_0              5.256        0.000                      0                   32        0.262        0.000                      0                   32        3.500        0.000                       0                    33  
clk_fpga_3              0.121        0.000                      0                 1969        0.100        0.000                      0                 1969        1.000        0.000                       0                   965  


------------------------------------------------------------------------------------------------
| Inter Clock Table
| -----------------
------------------------------------------------------------------------------------------------

From Clock      To Clock            WNS(ns)      TNS(ns)  TNS Failing Endpoints  TNS Total Endpoints      WHS(ns)      THS(ns)  THS Failing Endpoints  THS Total Endpoints  
----------      --------            -------      -------  ---------------------  -------------------      -------      -------  ---------------------  -------------------  
adc_clk         pll_adc_clk           3.396        0.000                      0                  112        0.107        0.000                      0                  112  
pll_adc_clk     pll_dac_clk_1x        3.400        0.000                      0                   28        0.485        0.000                      0                   28  


------------------------------------------------------------------------------------------------
| Other Path Groups Table
| -----------------------
------------------------------------------------------------------------------------------------

Path Group         From Clock         To Clock               WNS(ns)      TNS(ns)  TNS Failing Endpoints  TNS Total Endpoints      WHS(ns)      THS(ns)  THS Failing Endpoints  THS Total Endpoints  
----------         ----------         --------               -------      -------  ---------------------  -------------------      -------      -------  ---------------------  -------------------  
**async_default**  pll_adc_clk        pll_adc_clk              1.833        0.000                      0                   14        2.292        0.000                      0                   14  


------------------------------------------------------------------------------------------------
| Timing Details
| --------------
------------------------------------------------------------------------------------------------


---------------------------------------------------------------------------------------------------
From Clock:  adc_clk
  To Clock:  adc_clk

Setup :           NA  Failing Endpoints,  Worst Slack           NA  ,  Total Violation           NA
Hold  :           NA  Failing Endpoints,  Worst Slack           NA  ,  Total Violation           NA
PW    :            0  Failing Endpoints,  Worst Slack        2.000ns,  Total Violation        0.000ns
---------------------------------------------------------------------------------------------------


Pulse Width Checks
--------------------------------------------------------------------------------------
Clock Name:         adc_clk
Waveform(ns):       { 0.000 4.000 }
Period(ns):         8.000
Sources:            { adc_clk_i[1] }

Check Type        Corner  Lib Pin           Reference Pin  Required(ns)  Actual(ns)  Slack(ns)  Location        Pin
Min Period        n/a     PLLE2_ADV/CLKIN1  n/a            1.249         8.000       6.751      PLLE2_ADV_X0Y0  pll/pll/CLKIN1
Max Period        n/a     PLLE2_ADV/CLKIN1  n/a            52.633        8.000       44.633     PLLE2_ADV_X0Y0  pll/pll/CLKIN1
Low Pulse Width   Fast    PLLE2_ADV/CLKIN1  n/a            2.000         4.000       2.000      PLLE2_ADV_X0Y0  pll/pll/CLKIN1
Low Pulse Width   Slow    PLLE2_ADV/CLKIN1  n/a            2.000         4.000       2.000      PLLE2_ADV_X0Y0  pll/pll/CLKIN1
High Pulse Width  Slow    PLLE2_ADV/CLKIN1  n/a            2.000         4.000       2.000      PLLE2_ADV_X0Y0  pll/pll/CLKIN1
High Pulse Width  Fast    PLLE2_ADV/CLKIN1  n/a            2.000         4.000       2.000      PLLE2_ADV_X0Y0  pll/pll/CLKIN1



---------------------------------------------------------------------------------------------------
From Clock:  clk_fb
  To Clock:  clk_fb

Setup :           NA  Failing Endpoints,  Worst Slack           NA  ,  Total Violation           NA
Hold  :           NA  Failing Endpoints,  Worst Slack           NA  ,  Total Violation           NA
PW    :            0  Failing Endpoints,  Worst Slack        6.751ns,  Total Violation        0.000ns
---------------------------------------------------------------------------------------------------


Pulse Width Checks
--------------------------------------------------------------------------------------
Clock Name:         clk_fb
Waveform(ns):       { 0.000 4.000 }
Period(ns):         8.000
Sources:            { pll/pll/CLKFBOUT }

Check Type  Corner  Lib Pin             Reference Pin  Required(ns)  Actual(ns)  Slack(ns)  Location        Pin
Min Period  n/a     PLLE2_ADV/CLKFBOUT  n/a            1.249         8.000       6.751      PLLE2_ADV_X0Y0  pll/pll/CLKFBOUT
Min Period  n/a     PLLE2_ADV/CLKFBIN   n/a            1.249         8.000       6.751      PLLE2_ADV_X0Y0  pll/pll/CLKFBIN
Max Period  n/a     PLLE2_ADV/CLKFBIN   n/a            52.633        8.000       44.633     PLLE2_ADV_X0Y0  pll/pll/CLKFBIN
Max Period  n/a     PLLE2_ADV/CLKFBOUT  n/a            160.000       8.000       152.000    PLLE2_ADV_X0Y0  pll/pll/CLKFBOUT



---------------------------------------------------------------------------------------------------
From Clock:  pll_adc_clk
  To Clock:  pll_adc_clk

Setup :            0  Failing Endpoints,  Worst Slack        0.153ns,  Total Violation        0.000ns
Hold  :            0  Failing Endpoints,  Worst Slack        0.051ns,  Total Violation        0.000ns
PW    :            0  Failing Endpoints,  Worst Slack        2.750ns,  Total Violation        0.000ns
---------------------------------------------------------------------------------------------------


Max Delay Paths
--------------------------------------------------------------------------------------
Slack (MET) :             0.153ns  (required time - arrival time)
  Source:                 adc_rstn_reg/C
                            (rising edge-triggered cell FDRE clocked by pll_adc_clk  {rise@0.000ns fall@4.000ns period=8.000ns})
  Destination:            i_asg/sys_rdata_reg[3]/CE
                            (rising edge-triggered cell FDRE clocked by pll_adc_clk  {rise@0.000ns fall@4.000ns period=8.000ns})
  Path Group:             pll_adc_clk
  Path Type:              Setup (Max at Slow Process Corner)
  Requirement:            8.000ns  (pll_adc_clk rise@8.000ns - pll_adc_clk rise@0.000ns)
  Data Path Delay:        7.331ns  (logic 0.518ns (7.066%)  route 6.813ns (92.934%))
  Logic Levels:           0  
  Clock Path Skew:        -0.242ns (DCD - SCD + CPR)
    Destination Clock Delay (DCD):    5.377ns = ( 13.377 - 8.000 ) 
    Source Clock Delay      (SCD):    5.976ns
    Clock Pessimism Removal (CPR):    0.357ns
  Clock Uncertainty:      0.069ns  ((TSJ^2 + DJ^2)^1/2) / 2 + PE
    Total System Jitter     (TSJ):    0.071ns
    Discrete Jitter          (DJ):    0.118ns
    Phase Error              (PE):    0.000ns

    Location             Delay type                Incr(ns)  Path(ns)    Netlist Resource(s)
  -------------------------------------------------------------------    -------------------
                         (clock pll_adc_clk rise edge)
                                                      0.000     0.000 r  
    U18                                               0.000     0.000 r  adc_clk_i[1] (IN)
                         net (fo=0)                   0.000     0.000    adc_clk_i[1]
    U18                  IBUFDS (Prop_ibufds_I_O)     0.983     0.983 r  i_clk/O
                         net (fo=1, routed)           1.306     2.289    pll/adc_clk_in
    PLLE2_ADV_X0Y0       PLLE2_ADV (Prop_plle2_adv_CLKIN1_CLKOUT0)
                                                      0.089     2.378 r  pll/pll/CLKOUT0
                         net (fo=1, routed)           1.754     4.132    pll_adc_clk
    BUFGCTRL_X0Y0        BUFG (Prop_bufg_I_O)         0.101     4.233 r  bufg_adc_clk/O
                         net (fo=8587, routed)        1.743     5.976    adc_clk
    SLICE_X42Y55         FDRE                                         r  adc_rstn_reg/C
  -------------------------------------------------------------------    -------------------
    SLICE_X42Y55         FDRE (Prop_fdre_C_Q)         0.518     6.494 r  adc_rstn_reg/Q
                         net (fo=407, routed)         6.813    13.307    i_asg/rstn
    SLICE_X17Y61         FDRE                                         r  i_asg/sys_rdata_reg[3]/CE
  -------------------------------------------------------------------    -------------------

                         (clock pll_adc_clk rise edge)
                                                      8.000     8.000 r  
    U18                                               0.000     8.000 r  adc_clk_i[1] (IN)
                         net (fo=0)                   0.000     8.000    adc_clk_i[1]
    U18                  IBUFDS (Prop_ibufds_I_O)     0.940     8.940 r  i_clk/O
                         net (fo=1, routed)           1.181    10.121    pll/adc_clk_in
    PLLE2_ADV_X0Y0       PLLE2_ADV (Prop_plle2_adv_CLKIN1_CLKOUT0)
                                                      0.084    10.205 r  pll/pll/CLKOUT0
                         net (fo=1, routed)           1.594    11.799    pll_adc_clk
    BUFGCTRL_X0Y0        BUFG (Prop_bufg_I_O)         0.091    11.890 r  bufg_adc_clk/O
                         net (fo=8587, routed)        1.487    13.377    i_asg/adc_clk
    SLICE_X17Y61         FDRE                                         r  i_asg/sys_rdata_reg[3]/C
                         clock pessimism              0.357    13.734    
                         clock uncertainty           -0.069    13.665    
    SLICE_X17Y61         FDRE (Setup_fdre_C_CE)      -0.205    13.460    i_asg/sys_rdata_reg[3]
  -------------------------------------------------------------------
                         required time                         13.460    
                         arrival time                         -13.307    
  -------------------------------------------------------------------
                         slack                                  0.153    

Slack (MET) :             0.157ns  (required time - arrival time)
  Source:                 adc_rstn_reg/C
                            (rising edge-triggered cell FDRE clocked by pll_adc_clk  {rise@0.000ns fall@4.000ns period=8.000ns})
  Destination:            i_hk/sys_rdata_reg[8]/CE
                            (rising edge-triggered cell FDRE clocked by pll_adc_clk  {rise@0.000ns fall@4.000ns period=8.000ns})
  Path Group:             pll_adc_clk
  Path Type:              Setup (Max at Slow Process Corner)
  Requirement:            8.000ns  (pll_adc_clk rise@8.000ns - pll_adc_clk rise@0.000ns)
  Data Path Delay:        7.366ns  (logic 0.518ns (7.032%)  route 6.848ns (92.968%))
  Logic Levels:           0  
  Clock Path Skew:        -0.239ns (DCD - SCD + CPR)
    Destination Clock Delay (DCD):    5.380ns = ( 13.380 - 8.000 ) 
    Source Clock Delay      (SCD):    5.976ns
    Clock Pessimism Removal (CPR):    0.357ns
  Clock Uncertainty:      0.069ns  ((TSJ^2 + DJ^2)^1/2) / 2 + PE
    Total System Jitter     (TSJ):    0.071ns
    Discrete Jitter          (DJ):    0.118ns
    Phase Error              (PE):    0.000ns

    Location             Delay type                Incr(ns)  Path(ns)    Netlist Resource(s)
  -------------------------------------------------------------------    -------------------
                         (clock pll_adc_clk rise edge)
                                                      0.000     0.000 r  
    U18                                               0.000     0.000 r  adc_clk_i[1] (IN)
                         net (fo=0)                   0.000     0.000    adc_clk_i[1]
    U18                  IBUFDS (Prop_ibufds_I_O)     0.983     0.983 r  i_clk/O
                         net (fo=1, routed)           1.306     2.289    pll/adc_clk_in
    PLLE2_ADV_X0Y0       PLLE2_ADV (Prop_plle2_adv_CLKIN1_CLKOUT0)
                                                      0.089     2.378 r  pll/pll/CLKOUT0
                         net (fo=1, routed)           1.754     4.132    pll_adc_clk
    BUFGCTRL_X0Y0        BUFG (Prop_bufg_I_O)         0.101     4.233 r  bufg_adc_clk/O
                         net (fo=8587, routed)        1.743     5.976    adc_clk
    SLICE_X42Y55         FDRE                                         r  adc_rstn_reg/C
  -------------------------------------------------------------------    -------------------
    SLICE_X42Y55         FDRE (Prop_fdre_C_Q)         0.518     6.494 r  adc_rstn_reg/Q
                         net (fo=407, routed)         6.848    13.342    i_hk/rstn
    SLICE_X16Y53         FDRE                                         r  i_hk/sys_rdata_reg[8]/CE
  -------------------------------------------------------------------    -------------------

                         (clock pll_adc_clk rise edge)
                                                      8.000     8.000 r  
    U18                                               0.000     8.000 r  adc_clk_i[1] (IN)
                         net (fo=0)                   0.000     8.000    adc_clk_i[1]
    U18                  IBUFDS (Prop_ibufds_I_O)     0.940     8.940 r  i_clk/O
                         net (fo=1, routed)           1.181    10.121    pll/adc_clk_in
    PLLE2_ADV_X0Y0       PLLE2_ADV (Prop_plle2_adv_CLKIN1_CLKOUT0)
                                                      0.084    10.205 r  pll/pll/CLKOUT0
                         net (fo=1, routed)           1.594    11.799    pll_adc_clk
    BUFGCTRL_X0Y0        BUFG (Prop_bufg_I_O)         0.091    11.890 r  bufg_adc_clk/O
                         net (fo=8587, routed)        1.490    13.380    i_hk/adc_clk
    SLICE_X16Y53         FDRE                                         r  i_hk/sys_rdata_reg[8]/C
                         clock pessimism              0.357    13.737    
                         clock uncertainty           -0.069    13.668    
    SLICE_X16Y53         FDRE (Setup_fdre_C_CE)      -0.169    13.499    i_hk/sys_rdata_reg[8]
  -------------------------------------------------------------------
                         required time                         13.499    
                         arrival time                         -13.342    
  -------------------------------------------------------------------
                         slack                                  0.157    

Slack (MET) :             0.267ns  (required time - arrival time)
  Source:                 i_laser_lock_core/i_lpf_core/acc_q_reg[0]/C
                            (rising edge-triggered cell FDRE clocked by pll_adc_clk  {rise@0.000ns fall@4.000ns period=8.000ns})
  Destination:            i_laser_lock_core/i_lpf_core/y_o_reg[10]/D
                            (rising edge-triggered cell FDRE clocked by pll_adc_clk  {rise@0.000ns fall@4.000ns period=8.000ns})
  Path Group:             pll_adc_clk
  Path Type:              Setup (Max at Slow Process Corner)
  Requirement:            8.000ns  (pll_adc_clk rise@8.000ns - pll_adc_clk rise@0.000ns)
  Data Path Delay:        7.756ns  (logic 4.842ns (62.426%)  route 2.914ns (37.574%))
  Logic Levels:           18  (CARRY4=14 LUT1=2 LUT2=1 LUT3=1)
  Clock Path Skew:        0.011ns (DCD - SCD + CPR)
    Destination Clock Delay (DCD):    5.460ns = ( 13.460 - 8.000 ) 
    Source Clock Delay      (SCD):    5.907ns
    Clock Pessimism Removal (CPR):    0.458ns
  Clock Uncertainty:      0.069ns  ((TSJ^2 + DJ^2)^1/2) / 2 + PE
    Total System Jitter     (TSJ):    0.071ns
    Discrete Jitter          (DJ):    0.118ns
    Phase Error              (PE):    0.000ns

    Location             Delay type                Incr(ns)  Path(ns)    Netlist Resource(s)
  -------------------------------------------------------------------    -------------------
                         (clock pll_adc_clk rise edge)
                                                      0.000     0.000 r  
    U18                                               0.000     0.000 r  adc_clk_i[1] (IN)
                         net (fo=0)                   0.000     0.000    adc_clk_i[1]
    U18                  IBUFDS (Prop_ibufds_I_O)     0.983     0.983 r  i_clk/O
                         net (fo=1, routed)           1.306     2.289    pll/adc_clk_in
    PLLE2_ADV_X0Y0       PLLE2_ADV (Prop_plle2_adv_CLKIN1_CLKOUT0)
                                                      0.089     2.378 r  pll/pll/CLKOUT0
                         net (fo=1, routed)           1.754     4.132    pll_adc_clk
    BUFGCTRL_X0Y0        BUFG (Prop_bufg_I_O)         0.101     4.233 r  bufg_adc_clk/O
                         net (fo=8587, routed)        1.674     5.907    i_laser_lock_core/i_lpf_core/adc_clk
    SLICE_X34Y5          FDRE                                         r  i_laser_lock_core/i_lpf_core/acc_q_reg[0]/C
  -------------------------------------------------------------------    -------------------
    SLICE_X34Y5          FDRE (Prop_fdre_C_Q)         0.518     6.425 f  i_laser_lock_core/i_lpf_core/acc_q_reg[0]/Q
                         net (fo=4, routed)           0.327     6.753    i_laser_lock_core/i_lpf_core/acc_q_reg[0]
    SLICE_X34Y4          LUT1 (Prop_lut1_I0_O)        0.124     6.877 r  i_laser_lock_core/i_lpf_core/delta_w_carry_i_1/O
                         net (fo=1, routed)           0.330     7.206    i_laser_lock_core/i_lpf_core/delta_w_carry_i_1_n_0
    SLICE_X35Y5          CARRY4 (Prop_carry4_CYINIT_CO[3])
                                                      0.580     7.786 r  i_laser_lock_core/i_lpf_core/delta_w_carry/CO[3]
                         net (fo=1, routed)           0.000     7.786    i_laser_lock_core/i_lpf_core/delta_w_carry_n_0
    SLICE_X35Y6          CARRY4 (Prop_carry4_CI_CO[3])
                                                      0.114     7.900 r  i_laser_lock_core/i_lpf_core/delta_w_carry__0/CO[3]
                         net (fo=1, routed)           0.000     7.900    i_laser_lock_core/i_lpf_core/delta_w_carry__0_n_0
    SLICE_X35Y7          CARRY4 (Prop_carry4_CI_CO[3])
                                                      0.114     8.014 r  i_laser_lock_core/i_lpf_core/delta_w_carry__1/CO[3]
                         net (fo=1, routed)           0.000     8.014    i_laser_lock_core/i_lpf_core/delta_w_carry__1_n_0
    SLICE_X35Y8          CARRY4 (Prop_carry4_CI_CO[3])
                                                      0.114     8.128 r  i_laser_lock_core/i_lpf_core/delta_w_carry__2/CO[3]
                         net (fo=1, routed)           0.000     8.128    i_laser_lock_core/i_lpf_core/delta_w_carry__2_n_0
    SLICE_X35Y9          CARRY4 (Prop_carry4_CI_O[0])
                                                      0.222     8.350 r  i_laser_lock_core/i_lpf_core/delta_w_carry__3/O[0]
                         net (fo=3, routed)           0.660     9.011    i_laser_lock_core/i_lpf_core/delta_w_carry__3_n_7
    SLICE_X37Y8          LUT2 (Prop_lut2_I1_O)        0.299     9.310 r  i_laser_lock_core/i_lpf_core/acc_next_w_carry__0_i_3/O
                         net (fo=1, routed)           0.000     9.310    i_laser_lock_core/i_lpf_core/acc_next_w_carry__0_i_3_n_0
    SLICE_X37Y8          CARRY4 (Prop_carry4_S[1]_CO[3])
                                                      0.550     9.860 r  i_laser_lock_core/i_lpf_core/acc_next_w_carry__0/CO[3]
                         net (fo=1, routed)           0.000     9.860    i_laser_lock_core/i_lpf_core/acc_next_w_carry__0_n_0
    SLICE_X37Y9          CARRY4 (Prop_carry4_CI_CO[3])
                                                      0.114     9.974 r  i_laser_lock_core/i_lpf_core/acc_next_w_carry__1/CO[3]
                         net (fo=1, routed)           0.000     9.974    i_laser_lock_core/i_lpf_core/acc_next_w_carry__1_n_0
    SLICE_X37Y10         CARRY4 (Prop_carry4_CI_CO[3])
                                                      0.114    10.088 r  i_laser_lock_core/i_lpf_core/acc_next_w_carry__2/CO[3]
                         net (fo=1, routed)           0.000    10.088    i_laser_lock_core/i_lpf_core/acc_next_w_carry__2_n_0
    SLICE_X37Y11         CARRY4 (Prop_carry4_CI_CO[3])
                                                      0.114    10.202 r  i_laser_lock_core/i_lpf_core/acc_next_w_carry__3/CO[3]
                         net (fo=1, routed)           0.000    10.202    i_laser_lock_core/i_lpf_core/acc_next_w_carry__3_n_0
    SLICE_X37Y12         CARRY4 (Prop_carry4_CI_CO[3])
                                                      0.114    10.316 r  i_laser_lock_core/i_lpf_core/acc_next_w_carry__4/CO[3]
                         net (fo=1, routed)           0.000    10.316    i_laser_lock_core/i_lpf_core/acc_next_w_carry__4_n_0
    SLICE_X37Y13         CARRY4 (Prop_carry4_CI_CO[3])
                                                      0.114    10.430 r  i_laser_lock_core/i_lpf_core/acc_next_w_carry__5/CO[3]
                         net (fo=1, routed)           0.000    10.430    i_laser_lock_core/i_lpf_core/acc_next_w_carry__5_n_0
    SLICE_X37Y14         CARRY4 (Prop_carry4_CI_O[3])
                                                      0.313    10.743 f  i_laser_lock_core/i_lpf_core/acc_next_w_carry__6/O[3]
                         net (fo=26, routed)          0.739    11.482    i_laser_lock_core/i_lpf_core/p_0_in0
    SLICE_X35Y14         LUT1 (Prop_lut1_I0_O)        0.306    11.788 r  i_laser_lock_core/i_lpf_core/y_saturated_w1_carry__0_i_4/O
                         net (fo=1, routed)           0.000    11.788    i_laser_lock_core/i_lpf_core/y_saturated_w1_carry__0_i_4_n_0
    SLICE_X35Y14         CARRY4 (Prop_carry4_S[0]_CO[3])
                                                      0.532    12.320 r  i_laser_lock_core/i_lpf_core/y_saturated_w1_carry__0/CO[3]
                         net (fo=1, routed)           0.000    12.320    i_laser_lock_core/i_lpf_core/y_saturated_w1_carry__0_n_0
    SLICE_X35Y15         CARRY4 (Prop_carry4_CI_CO[1])
                                                      0.157    12.477 r  i_laser_lock_core/i_lpf_core/y_saturated_w1_carry__1/CO[1]
                         net (fo=14, routed)          0.858    13.335    i_laser_lock_core/i_lpf_core/y_saturated_w10_in
    SLICE_X38Y14         LUT3 (Prop_lut3_I0_O)        0.329    13.664 r  i_laser_lock_core/i_lpf_core/y_o[10]_i_1/O
                         net (fo=1, routed)           0.000    13.664    i_laser_lock_core/i_lpf_core/y_saturated_w[10]
    SLICE_X38Y14         FDRE                                         r  i_laser_lock_core/i_lpf_core/y_o_reg[10]/D
  -------------------------------------------------------------------    -------------------

                         (clock pll_adc_clk rise edge)
                                                      8.000     8.000 r  
    U18                                               0.000     8.000 r  adc_clk_i[1] (IN)
                         net (fo=0)                   0.000     8.000    adc_clk_i[1]
    U18                  IBUFDS (Prop_ibufds_I_O)     0.940     8.940 r  i_clk/O
                         net (fo=1, routed)           1.181    10.121    pll/adc_clk_in
    PLLE2_ADV_X0Y0       PLLE2_ADV (Prop_plle2_adv_CLKIN1_CLKOUT0)
                                                      0.084    10.205 r  pll/pll/CLKOUT0
                         net (fo=1, routed)           1.594    11.799    pll_adc_clk
    BUFGCTRL_X0Y0        BUFG (Prop_bufg_I_O)         0.091    11.890 r  bufg_adc_clk/O
                         net (fo=8587, routed)        1.570    13.460    i_laser_lock_core/i_lpf_core/adc_clk
    SLICE_X38Y14         FDRE                                         r  i_laser_lock_core/i_lpf_core/y_o_reg[10]/C
                         clock pessimism              0.458    13.918    
                         clock uncertainty           -0.069    13.849    
    SLICE_X38Y14         FDRE (Setup_fdre_C_D)        0.081    13.930    i_laser_lock_core/i_lpf_core/y_o_reg[10]
  -------------------------------------------------------------------
                         required time                         13.930    
                         arrival time                         -13.664    
  -------------------------------------------------------------------
                         slack                                  0.267    

Slack (MET) :             0.298ns  (required time - arrival time)
  Source:                 adc_rstn_reg/C
                            (rising edge-triggered cell FDRE clocked by pll_adc_clk  {rise@0.000ns fall@4.000ns period=8.000ns})
  Destination:            i_hk/sys_rdata_reg[19]/CE
                            (rising edge-triggered cell FDRE clocked by pll_adc_clk  {rise@0.000ns fall@4.000ns period=8.000ns})
  Path Group:             pll_adc_clk
  Path Type:              Setup (Max at Slow Process Corner)
  Requirement:            8.000ns  (pll_adc_clk rise@8.000ns - pll_adc_clk rise@0.000ns)
  Data Path Delay:        7.190ns  (logic 0.518ns (7.204%)  route 6.672ns (92.796%))
  Logic Levels:           0  
  Clock Path Skew:        -0.238ns (DCD - SCD + CPR)
    Destination Clock Delay (DCD):    5.381ns = ( 13.381 - 8.000 ) 
    Source Clock Delay      (SCD):    5.976ns
    Clock Pessimism Removal (CPR):    0.357ns
  Clock Uncertainty:      0.069ns  ((TSJ^2 + DJ^2)^1/2) / 2 + PE
    Total System Jitter     (TSJ):    0.071ns
    Discrete Jitter          (DJ):    0.118ns
    Phase Error              (PE):    0.000ns

    Location             Delay type                Incr(ns)  Path(ns)    Netlist Resource(s)
  -------------------------------------------------------------------    -------------------
                         (clock pll_adc_clk rise edge)
                                                      0.000     0.000 r  
    U18                                               0.000     0.000 r  adc_clk_i[1] (IN)
                         net (fo=0)                   0.000     0.000    adc_clk_i[1]
    U18                  IBUFDS (Prop_ibufds_I_O)     0.983     0.983 r  i_clk/O
                         net (fo=1, routed)           1.306     2.289    pll/adc_clk_in
    PLLE2_ADV_X0Y0       PLLE2_ADV (Prop_plle2_adv_CLKIN1_CLKOUT0)
                                                      0.089     2.378 r  pll/pll/CLKOUT0
                         net (fo=1, routed)           1.754     4.132    pll_adc_clk
    BUFGCTRL_X0Y0        BUFG (Prop_bufg_I_O)         0.101     4.233 r  bufg_adc_clk/O
                         net (fo=8587, routed)        1.743     5.976    adc_clk
    SLICE_X42Y55         FDRE                                         r  adc_rstn_reg/C
  -------------------------------------------------------------------    -------------------
    SLICE_X42Y55         FDRE (Prop_fdre_C_Q)         0.518     6.494 r  adc_rstn_reg/Q
                         net (fo=407, routed)         6.672    13.166    i_hk/rstn
    SLICE_X14Y54         FDRE                                         r  i_hk/sys_rdata_reg[19]/CE
  -------------------------------------------------------------------    -------------------

                         (clock pll_adc_clk rise edge)
                                                      8.000     8.000 r  
    U18                                               0.000     8.000 r  adc_clk_i[1] (IN)
                         net (fo=0)                   0.000     8.000    adc_clk_i[1]
    U18                  IBUFDS (Prop_ibufds_I_O)     0.940     8.940 r  i_clk/O
                         net (fo=1, routed)           1.181    10.121    pll/adc_clk_in
    PLLE2_ADV_X0Y0       PLLE2_ADV (Prop_plle2_adv_CLKIN1_CLKOUT0)
                                                      0.084    10.205 r  pll/pll/CLKOUT0
                         net (fo=1, routed)           1.594    11.799    pll_adc_clk
    BUFGCTRL_X0Y0        BUFG (Prop_bufg_I_O)         0.091    11.890 r  bufg_adc_clk/O
                         net (fo=8587, routed)        1.491    13.381    i_hk/adc_clk
    SLICE_X14Y54         FDRE                                         r  i_hk/sys_rdata_reg[19]/C
                         clock pessimism              0.357    13.738    
                         clock uncertainty           -0.069    13.669    
    SLICE_X14Y54         FDRE (Setup_fdre_C_CE)      -0.205    13.464    i_hk/sys_rdata_reg[19]
  -------------------------------------------------------------------
                         required time                         13.464    
                         arrival time                         -13.166    
  -------------------------------------------------------------------
                         slack                                  0.298    

Slack (MET) :             0.298ns  (required time - arrival time)
  Source:                 adc_rstn_reg/C
                            (rising edge-triggered cell FDRE clocked by pll_adc_clk  {rise@0.000ns fall@4.000ns period=8.000ns})
  Destination:            i_hk/sys_rdata_reg[20]/CE
                            (rising edge-triggered cell FDRE clocked by pll_adc_clk  {rise@0.000ns fall@4.000ns period=8.000ns})
  Path Group:             pll_adc_clk
  Path Type:              Setup (Max at Slow Process Corner)
  Requirement:            8.000ns  (pll_adc_clk rise@8.000ns - pll_adc_clk rise@0.000ns)
  Data Path Delay:        7.190ns  (logic 0.518ns (7.204%)  route 6.672ns (92.796%))
  Logic Levels:           0  
  Clock Path Skew:        -0.238ns (DCD - SCD + CPR)
    Destination Clock Delay (DCD):    5.381ns = ( 13.381 - 8.000 ) 
    Source Clock Delay      (SCD):    5.976ns
    Clock Pessimism Removal (CPR):    0.357ns
  Clock Uncertainty:      0.069ns  ((TSJ^2 + DJ^2)^1/2) / 2 + PE
    Total System Jitter     (TSJ):    0.071ns
    Discrete Jitter          (DJ):    0.118ns
    Phase Error              (PE):    0.000ns

    Location             Delay type                Incr(ns)  Path(ns)    Netlist Resource(s)
  -------------------------------------------------------------------    -------------------
                         (clock pll_adc_clk rise edge)
                                                      0.000     0.000 r  
    U18                                               0.000     0.000 r  adc_clk_i[1] (IN)
                         net (fo=0)                   0.000     0.000    adc_clk_i[1]
    U18                  IBUFDS (Prop_ibufds_I_O)     0.983     0.983 r  i_clk/O
                         net (fo=1, routed)           1.306     2.289    pll/adc_clk_in
    PLLE2_ADV_X0Y0       PLLE2_ADV (Prop_plle2_adv_CLKIN1_CLKOUT0)
                                                      0.089     2.378 r  pll/pll/CLKOUT0
                         net (fo=1, routed)           1.754     4.132    pll_adc_clk
    BUFGCTRL_X0Y0        BUFG (Prop_bufg_I_O)         0.101     4.233 r  bufg_adc_clk/O
                         net (fo=8587, routed)        1.743     5.976    adc_clk
    SLICE_X42Y55         FDRE                                         r  adc_rstn_reg/C
  -------------------------------------------------------------------    -------------------
    SLICE_X42Y55         FDRE (Prop_fdre_C_Q)         0.518     6.494 r  adc_rstn_reg/Q
                         net (fo=407, routed)         6.672    13.166    i_hk/rstn
    SLICE_X14Y54         FDRE                                         r  i_hk/sys_rdata_reg[20]/CE
  -------------------------------------------------------------------    -------------------

                         (clock pll_adc_clk rise edge)
                                                      8.000     8.000 r  
    U18                                               0.000     8.000 r  adc_clk_i[1] (IN)
                         net (fo=0)                   0.000     8.000    adc_clk_i[1]
    U18                  IBUFDS (Prop_ibufds_I_O)     0.940     8.940 r  i_clk/O
                         net (fo=1, routed)           1.181    10.121    pll/adc_clk_in
    PLLE2_ADV_X0Y0       PLLE2_ADV (Prop_plle2_adv_CLKIN1_CLKOUT0)
                                                      0.084    10.205 r  pll/pll/CLKOUT0
                         net (fo=1, routed)           1.594    11.799    pll_adc_clk
    BUFGCTRL_X0Y0        BUFG (Prop_bufg_I_O)         0.091    11.890 r  bufg_adc_clk/O
                         net (fo=8587, routed)        1.491    13.381    i_hk/adc_clk
    SLICE_X14Y54         FDRE                                         r  i_hk/sys_rdata_reg[20]/C
                         clock pessimism              0.357    13.738    
                         clock uncertainty           -0.069    13.669    
    SLICE_X14Y54         FDRE (Setup_fdre_C_CE)      -0.205    13.464    i_hk/sys_rdata_reg[20]
  -------------------------------------------------------------------
                         required time                         13.464    
                         arrival time                         -13.166    
  -------------------------------------------------------------------
                         slack                                  0.298    

Slack (MET) :             0.321ns  (required time - arrival time)
  Source:                 i_laser_lock_core/i_lpf_core/acc_q_reg[0]/C
                            (rising edge-triggered cell FDRE clocked by pll_adc_clk  {rise@0.000ns fall@4.000ns period=8.000ns})
  Destination:            i_laser_lock_core/i_lpf_core/y_o_reg[0]/D
                            (rising edge-triggered cell FDRE clocked by pll_adc_clk  {rise@0.000ns fall@4.000ns period=8.000ns})
  Path Group:             pll_adc_clk
  Path Type:              Setup (Max at Slow Process Corner)
  Requirement:            8.000ns  (pll_adc_clk rise@8.000ns - pll_adc_clk rise@0.000ns)
  Data Path Delay:        7.651ns  (logic 4.842ns (63.283%)  route 2.809ns (36.717%))
  Logic Levels:           18  (CARRY4=14 LUT1=2 LUT2=1 LUT3=1)
  Clock Path Skew:        0.009ns (DCD - SCD + CPR)
    Destination Clock Delay (DCD):    5.458ns = ( 13.458 - 8.000 ) 
    Source Clock Delay      (SCD):    5.907ns
    Clock Pessimism Removal (CPR):    0.458ns
  Clock Uncertainty:      0.069ns  ((TSJ^2 + DJ^2)^1/2) / 2 + PE
    Total System Jitter     (TSJ):    0.071ns
    Discrete Jitter          (DJ):    0.118ns
    Phase Error              (PE):    0.000ns

    Location             Delay type                Incr(ns)  Path(ns)    Netlist Resource(s)
  -------------------------------------------------------------------    -------------------
                         (clock pll_adc_clk rise edge)
                                                      0.000     0.000 r  
    U18                                               0.000     0.000 r  adc_clk_i[1] (IN)
                         net (fo=0)                   0.000     0.000    adc_clk_i[1]
    U18                  IBUFDS (Prop_ibufds_I_O)     0.983     0.983 r  i_clk/O
                         net (fo=1, routed)           1.306     2.289    pll/adc_clk_in
    PLLE2_ADV_X0Y0       PLLE2_ADV (Prop_plle2_adv_CLKIN1_CLKOUT0)
                                                      0.089     2.378 r  pll/pll/CLKOUT0
                         net (fo=1, routed)           1.754     4.132    pll_adc_clk
    BUFGCTRL_X0Y0        BUFG (Prop_bufg_I_O)         0.101     4.233 r  bufg_adc_clk/O
                         net (fo=8587, routed)        1.674     5.907    i_laser_lock_core/i_lpf_core/adc_clk
    SLICE_X34Y5          FDRE                                         r  i_laser_lock_core/i_lpf_core/acc_q_reg[0]/C
  -------------------------------------------------------------------    -------------------
    SLICE_X34Y5          FDRE (Prop_fdre_C_Q)         0.518     6.425 f  i_laser_lock_core/i_lpf_core/acc_q_reg[0]/Q
                         net (fo=4, routed)           0.327     6.753    i_laser_lock_core/i_lpf_core/acc_q_reg[0]
    SLICE_X34Y4          LUT1 (Prop_lut1_I0_O)        0.124     6.877 r  i_laser_lock_core/i_lpf_core/delta_w_carry_i_1/O
                         net (fo=1, routed)           0.330     7.206    i_laser_lock_core/i_lpf_core/delta_w_carry_i_1_n_0
    SLICE_X35Y5          CARRY4 (Prop_carry4_CYINIT_CO[3])
                                                      0.580     7.786 r  i_laser_lock_core/i_lpf_core/delta_w_carry/CO[3]
                         net (fo=1, routed)           0.000     7.786    i_laser_lock_core/i_lpf_core/delta_w_carry_n_0
    SLICE_X35Y6          CARRY4 (Prop_carry4_CI_CO[3])
                                                      0.114     7.900 r  i_laser_lock_core/i_lpf_core/delta_w_carry__0/CO[3]
                         net (fo=1, routed)           0.000     7.900    i_laser_lock_core/i_lpf_core/delta_w_carry__0_n_0
    SLICE_X35Y7          CARRY4 (Prop_carry4_CI_CO[3])
                                                      0.114     8.014 r  i_laser_lock_core/i_lpf_core/delta_w_carry__1/CO[3]
                         net (fo=1, routed)           0.000     8.014    i_laser_lock_core/i_lpf_core/delta_w_carry__1_n_0
    SLICE_X35Y8          CARRY4 (Prop_carry4_CI_CO[3])
                                                      0.114     8.128 r  i_laser_lock_core/i_lpf_core/delta_w_carry__2/CO[3]
                         net (fo=1, routed)           0.000     8.128    i_laser_lock_core/i_lpf_core/delta_w_carry__2_n_0
    SLICE_X35Y9          CARRY4 (Prop_carry4_CI_O[0])
                                                      0.222     8.350 r  i_laser_lock_core/i_lpf_core/delta_w_carry__3/O[0]
                         net (fo=3, routed)           0.660     9.011    i_laser_lock_core/i_lpf_core/delta_w_carry__3_n_7
    SLICE_X37Y8          LUT2 (Prop_lut2_I1_O)        0.299     9.310 r  i_laser_lock_core/i_lpf_core/acc_next_w_carry__0_i_3/O
                         net (fo=1, routed)           0.000     9.310    i_laser_lock_core/i_lpf_core/acc_next_w_carry__0_i_3_n_0
    SLICE_X37Y8          CARRY4 (Prop_carry4_S[1]_CO[3])
                                                      0.550     9.860 r  i_laser_lock_core/i_lpf_core/acc_next_w_carry__0/CO[3]
                         net (fo=1, routed)           0.000     9.860    i_laser_lock_core/i_lpf_core/acc_next_w_carry__0_n_0
    SLICE_X37Y9          CARRY4 (Prop_carry4_CI_CO[3])
                                                      0.114     9.974 r  i_laser_lock_core/i_lpf_core/acc_next_w_carry__1/CO[3]
                         net (fo=1, routed)           0.000     9.974    i_laser_lock_core/i_lpf_core/acc_next_w_carry__1_n_0
    SLICE_X37Y10         CARRY4 (Prop_carry4_CI_CO[3])
                                                      0.114    10.088 r  i_laser_lock_core/i_lpf_core/acc_next_w_carry__2/CO[3]
                         net (fo=1, routed)           0.000    10.088    i_laser_lock_core/i_lpf_core/acc_next_w_carry__2_n_0
    SLICE_X37Y11         CARRY4 (Prop_carry4_CI_CO[3])
                                                      0.114    10.202 r  i_laser_lock_core/i_lpf_core/acc_next_w_carry__3/CO[3]
                         net (fo=1, routed)           0.000    10.202    i_laser_lock_core/i_lpf_core/acc_next_w_carry__3_n_0
    SLICE_X37Y12         CARRY4 (Prop_carry4_CI_CO[3])
                                                      0.114    10.316 r  i_laser_lock_core/i_lpf_core/acc_next_w_carry__4/CO[3]
                         net (fo=1, routed)           0.000    10.316    i_laser_lock_core/i_lpf_core/acc_next_w_carry__4_n_0
    SLICE_X37Y13         CARRY4 (Prop_carry4_CI_CO[3])
                                                      0.114    10.430 r  i_laser_lock_core/i_lpf_core/acc_next_w_carry__5/CO[3]
                         net (fo=1, routed)           0.000    10.430    i_laser_lock_core/i_lpf_core/acc_next_w_carry__5_n_0
    SLICE_X37Y14         CARRY4 (Prop_carry4_CI_O[3])
                                                      0.313    10.743 f  i_laser_lock_core/i_lpf_core/acc_next_w_carry__6/O[3]
                         net (fo=26, routed)          0.739    11.482    i_laser_lock_core/i_lpf_core/p_0_in0
    SLICE_X35Y14         LUT1 (Prop_lut1_I0_O)        0.306    11.788 r  i_laser_lock_core/i_lpf_core/y_saturated_w1_carry__0_i_4/O
                         net (fo=1, routed)           0.000    11.788    i_laser_lock_core/i_lpf_core/y_saturated_w1_carry__0_i_4_n_0
    SLICE_X35Y14         CARRY4 (Prop_carry4_S[0]_CO[3])
                                                      0.532    12.320 r  i_laser_lock_core/i_lpf_core/y_saturated_w1_carry__0/CO[3]
                         net (fo=1, routed)           0.000    12.320    i_laser_lock_core/i_lpf_core/y_saturated_w1_carry__0_n_0
    SLICE_X35Y15         CARRY4 (Prop_carry4_CI_CO[1])
                                                      0.157    12.477 r  i_laser_lock_core/i_lpf_core/y_saturated_w1_carry__1/CO[1]
                         net (fo=14, routed)          0.753    13.229    i_laser_lock_core/i_lpf_core/y_saturated_w10_in
    SLICE_X39Y16         LUT3 (Prop_lut3_I0_O)        0.329    13.558 r  i_laser_lock_core/i_lpf_core/y_o[0]_i_1/O
                         net (fo=1, routed)           0.000    13.558    i_laser_lock_core/i_lpf_core/y_saturated_w[0]
    SLICE_X39Y16         FDRE                                         r  i_laser_lock_core/i_lpf_core/y_o_reg[0]/D
  -------------------------------------------------------------------    -------------------

                         (clock pll_adc_clk rise edge)
                                                      8.000     8.000 r  
    U18                                               0.000     8.000 r  adc_clk_i[1] (IN)
                         net (fo=0)                   0.000     8.000    adc_clk_i[1]
    U18                  IBUFDS (Prop_ibufds_I_O)     0.940     8.940 r  i_clk/O
                         net (fo=1, routed)           1.181    10.121    pll/adc_clk_in
    PLLE2_ADV_X0Y0       PLLE2_ADV (Prop_plle2_adv_CLKIN1_CLKOUT0)
                                                      0.084    10.205 r  pll/pll/CLKOUT0
                         net (fo=1, routed)           1.594    11.799    pll_adc_clk
    BUFGCTRL_X0Y0        BUFG (Prop_bufg_I_O)         0.091    11.890 r  bufg_adc_clk/O
                         net (fo=8587, routed)        1.568    13.458    i_laser_lock_core/i_lpf_core/adc_clk
    SLICE_X39Y16         FDRE                                         r  i_laser_lock_core/i_lpf_core/y_o_reg[0]/C
                         clock pessimism              0.458    13.916    
                         clock uncertainty           -0.069    13.847    
    SLICE_X39Y16         FDRE (Setup_fdre_C_D)        0.032    13.879    i_laser_lock_core/i_lpf_core/y_o_reg[0]
  -------------------------------------------------------------------
                         required time                         13.879    
                         arrival time                         -13.558    
  -------------------------------------------------------------------
                         slack                                  0.321    

Slack (MET) :             0.321ns  (required time - arrival time)
  Source:                 adc_rstn_reg/C
                            (rising edge-triggered cell FDRE clocked by pll_adc_clk  {rise@0.000ns fall@4.000ns period=8.000ns})
  Destination:            i_hk/sys_rdata_reg[3]/CE
                            (rising edge-triggered cell FDRE clocked by pll_adc_clk  {rise@0.000ns fall@4.000ns period=8.000ns})
  Path Group:             pll_adc_clk
  Path Type:              Setup (Max at Slow Process Corner)
  Requirement:            8.000ns  (pll_adc_clk rise@8.000ns - pll_adc_clk rise@0.000ns)
  Data Path Delay:        7.166ns  (logic 0.518ns (7.229%)  route 6.648ns (92.771%))
  Logic Levels:           0  
  Clock Path Skew:        -0.239ns (DCD - SCD + CPR)
    Destination Clock Delay (DCD):    5.380ns = ( 13.380 - 8.000 ) 
    Source Clock Delay      (SCD):    5.976ns
    Clock Pessimism Removal (CPR):    0.357ns
  Clock Uncertainty:      0.069ns  ((TSJ^2 + DJ^2)^1/2) / 2 + PE
    Total System Jitter     (TSJ):    0.071ns
    Discrete Jitter          (DJ):    0.118ns
    Phase Error              (PE):    0.000ns

    Location             Delay type                Incr(ns)  Path(ns)    Netlist Resource(s)
  -------------------------------------------------------------------    -------------------
                         (clock pll_adc_clk rise edge)
                                                      0.000     0.000 r  
    U18                                               0.000     0.000 r  adc_clk_i[1] (IN)
                         net (fo=0)                   0.000     0.000    adc_clk_i[1]
    U18                  IBUFDS (Prop_ibufds_I_O)     0.983     0.983 r  i_clk/O
                         net (fo=1, routed)           1.306     2.289    pll/adc_clk_in
    PLLE2_ADV_X0Y0       PLLE2_ADV (Prop_plle2_adv_CLKIN1_CLKOUT0)
                                                      0.089     2.378 r  pll/pll/CLKOUT0
                         net (fo=1, routed)           1.754     4.132    pll_adc_clk
    BUFGCTRL_X0Y0        BUFG (Prop_bufg_I_O)         0.101     4.233 r  bufg_adc_clk/O
                         net (fo=8587, routed)        1.743     5.976    adc_clk
    SLICE_X42Y55         FDRE                                         r  adc_rstn_reg/C
  -------------------------------------------------------------------    -------------------
    SLICE_X42Y55         FDRE (Prop_fdre_C_Q)         0.518     6.494 r  adc_rstn_reg/Q
                         net (fo=407, routed)         6.648    13.142    i_hk/rstn
    SLICE_X17Y55         FDRE                                         r  i_hk/sys_rdata_reg[3]/CE
  -------------------------------------------------------------------    -------------------

                         (clock pll_adc_clk rise edge)
                                                      8.000     8.000 r  
    U18                                               0.000     8.000 r  adc_clk_i[1] (IN)
                         net (fo=0)                   0.000     8.000    adc_clk_i[1]
    U18                  IBUFDS (Prop_ibufds_I_O)     0.940     8.940 r  i_clk/O
                         net (fo=1, routed)           1.181    10.121    pll/adc_clk_in
    PLLE2_ADV_X0Y0       PLLE2_ADV (Prop_plle2_adv_CLKIN1_CLKOUT0)
                                                      0.084    10.205 r  pll/pll/CLKOUT0
                         net (fo=1, routed)           1.594    11.799    pll_adc_clk
    BUFGCTRL_X0Y0        BUFG (Prop_bufg_I_O)         0.091    11.890 r  bufg_adc_clk/O
                         net (fo=8587, routed)        1.490    13.380    i_hk/adc_clk
    SLICE_X17Y55         FDRE                                         r  i_hk/sys_rdata_reg[3]/C
                         clock pessimism              0.357    13.737    
                         clock uncertainty           -0.069    13.668    
    SLICE_X17Y55         FDRE (Setup_fdre_C_CE)      -0.205    13.463    i_hk/sys_rdata_reg[3]
  -------------------------------------------------------------------
                         required time                         13.463    
                         arrival time                         -13.142    
  -------------------------------------------------------------------
                         slack                                  0.321    

Slack (MET) :             0.327ns  (required time - arrival time)
  Source:                 adc_rstn_reg/C
                            (rising edge-triggered cell FDRE clocked by pll_adc_clk  {rise@0.000ns fall@4.000ns period=8.000ns})
  Destination:            i_asg/sys_rdata_reg[5]/CE
                            (rising edge-triggered cell FDRE clocked by pll_adc_clk  {rise@0.000ns fall@4.000ns period=8.000ns})
  Path Group:             pll_adc_clk
  Path Type:              Setup (Max at Slow Process Corner)
  Requirement:            8.000ns  (pll_adc_clk rise@8.000ns - pll_adc_clk rise@0.000ns)
  Data Path Delay:        7.248ns  (logic 0.518ns (7.147%)  route 6.730ns (92.853%))
  Logic Levels:           0  
  Clock Path Skew:        -0.151ns (DCD - SCD + CPR)
    Destination Clock Delay (DCD):    5.368ns = ( 13.368 - 8.000 ) 
    Source Clock Delay      (SCD):    5.976ns
    Clock Pessimism Removal (CPR):    0.457ns
  Clock Uncertainty:      0.069ns  ((TSJ^2 + DJ^2)^1/2) / 2 + PE
    Total System Jitter     (TSJ):    0.071ns
    Discrete Jitter          (DJ):    0.118ns
    Phase Error              (PE):    0.000ns

    Location             Delay type                Incr(ns)  Path(ns)    Netlist Resource(s)
  -------------------------------------------------------------------    -------------------
                         (clock pll_adc_clk rise edge)
                                                      0.000     0.000 r  
    U18                                               0.000     0.000 r  adc_clk_i[1] (IN)
                         net (fo=0)                   0.000     0.000    adc_clk_i[1]
    U18                  IBUFDS (Prop_ibufds_I_O)     0.983     0.983 r  i_clk/O
                         net (fo=1, routed)           1.306     2.289    pll/adc_clk_in
    PLLE2_ADV_X0Y0       PLLE2_ADV (Prop_plle2_adv_CLKIN1_CLKOUT0)
                                                      0.089     2.378 r  pll/pll/CLKOUT0
                         net (fo=1, routed)           1.754     4.132    pll_adc_clk
    BUFGCTRL_X0Y0        BUFG (Prop_bufg_I_O)         0.101     4.233 r  bufg_adc_clk/O
                         net (fo=8587, routed)        1.743     5.976    adc_clk
    SLICE_X42Y55         FDRE                                         r  adc_rstn_reg/C
  -------------------------------------------------------------------    -------------------
    SLICE_X42Y55         FDRE (Prop_fdre_C_Q)         0.518     6.494 r  adc_rstn_reg/Q
                         net (fo=407, routed)         6.730    13.224    i_asg/rstn
    SLICE_X22Y66         FDRE                                         r  i_asg/sys_rdata_reg[5]/CE
  -------------------------------------------------------------------    -------------------

                         (clock pll_adc_clk rise edge)
                                                      8.000     8.000 r  
    U18                                               0.000     8.000 r  adc_clk_i[1] (IN)
                         net (fo=0)                   0.000     8.000    adc_clk_i[1]
    U18                  IBUFDS (Prop_ibufds_I_O)     0.940     8.940 r  i_clk/O
                         net (fo=1, routed)           1.181    10.121    pll/adc_clk_in
    PLLE2_ADV_X0Y0       PLLE2_ADV (Prop_plle2_adv_CLKIN1_CLKOUT0)
                                                      0.084    10.205 r  pll/pll/CLKOUT0
                         net (fo=1, routed)           1.594    11.799    pll_adc_clk
    BUFGCTRL_X0Y0        BUFG (Prop_bufg_I_O)         0.091    11.890 r  bufg_adc_clk/O
                         net (fo=8587, routed)        1.478    13.368    i_asg/adc_clk
    SLICE_X22Y66         FDRE                                         r  i_asg/sys_rdata_reg[5]/C
                         clock pessimism              0.457    13.825    
                         clock uncertainty           -0.069    13.756    
    SLICE_X22Y66         FDRE (Setup_fdre_C_CE)      -0.205    13.551    i_asg/sys_rdata_reg[5]
  -------------------------------------------------------------------
                         required time                         13.551    
                         arrival time                         -13.224    
  -------------------------------------------------------------------
                         slack                                  0.327    

Slack (MET) :             0.331ns  (required time - arrival time)
  Source:                 adc_rstn_reg/C
                            (rising edge-triggered cell FDRE clocked by pll_adc_clk  {rise@0.000ns fall@4.000ns period=8.000ns})
  Destination:            i_hk/sys_rdata_reg[6]/CE
                            (rising edge-triggered cell FDRE clocked by pll_adc_clk  {rise@0.000ns fall@4.000ns period=8.000ns})
  Path Group:             pll_adc_clk
  Path Type:              Setup (Max at Slow Process Corner)
  Requirement:            8.000ns  (pll_adc_clk rise@8.000ns - pll_adc_clk rise@0.000ns)
  Data Path Delay:        7.156ns  (logic 0.518ns (7.239%)  route 6.638ns (92.761%))
  Logic Levels:           0  
  Clock Path Skew:        -0.239ns (DCD - SCD + CPR)
    Destination Clock Delay (DCD):    5.380ns = ( 13.380 - 8.000 ) 
    Source Clock Delay      (SCD):    5.976ns
    Clock Pessimism Removal (CPR):    0.357ns
  Clock Uncertainty:      0.069ns  ((TSJ^2 + DJ^2)^1/2) / 2 + PE
    Total System Jitter     (TSJ):    0.071ns
    Discrete Jitter          (DJ):    0.118ns
    Phase Error              (PE):    0.000ns

    Location             Delay type                Incr(ns)  Path(ns)    Netlist Resource(s)
  -------------------------------------------------------------------    -------------------
                         (clock pll_adc_clk rise edge)
                                                      0.000     0.000 r  
    U18                                               0.000     0.000 r  adc_clk_i[1] (IN)
                         net (fo=0)                   0.000     0.000    adc_clk_i[1]
    U18                  IBUFDS (Prop_ibufds_I_O)     0.983     0.983 r  i_clk/O
                         net (fo=1, routed)           1.306     2.289    pll/adc_clk_in
    PLLE2_ADV_X0Y0       PLLE2_ADV (Prop_plle2_adv_CLKIN1_CLKOUT0)
                                                      0.089     2.378 r  pll/pll/CLKOUT0
                         net (fo=1, routed)           1.754     4.132    pll_adc_clk
    BUFGCTRL_X0Y0        BUFG (Prop_bufg_I_O)         0.101     4.233 r  bufg_adc_clk/O
                         net (fo=8587, routed)        1.743     5.976    adc_clk
    SLICE_X42Y55         FDRE                                         r  adc_rstn_reg/C
  -------------------------------------------------------------------    -------------------
    SLICE_X42Y55         FDRE (Prop_fdre_C_Q)         0.518     6.494 r  adc_rstn_reg/Q
                         net (fo=407, routed)         6.638    13.132    i_hk/rstn
    SLICE_X19Y54         FDRE                                         r  i_hk/sys_rdata_reg[6]/CE
  -------------------------------------------------------------------    -------------------

                         (clock pll_adc_clk rise edge)
                                                      8.000     8.000 r  
    U18                                               0.000     8.000 r  adc_clk_i[1] (IN)
                         net (fo=0)                   0.000     8.000    adc_clk_i[1]
    U18                  IBUFDS (Prop_ibufds_I_O)     0.940     8.940 r  i_clk/O
                         net (fo=1, routed)           1.181    10.121    pll/adc_clk_in
    PLLE2_ADV_X0Y0       PLLE2_ADV (Prop_plle2_adv_CLKIN1_CLKOUT0)
                                                      0.084    10.205 r  pll/pll/CLKOUT0
                         net (fo=1, routed)           1.594    11.799    pll_adc_clk
    BUFGCTRL_X0Y0        BUFG (Prop_bufg_I_O)         0.091    11.890 r  bufg_adc_clk/O
                         net (fo=8587, routed)        1.490    13.380    i_hk/adc_clk
    SLICE_X19Y54         FDRE                                         r  i_hk/sys_rdata_reg[6]/C
                         clock pessimism              0.357    13.737    
                         clock uncertainty           -0.069    13.668    
    SLICE_X19Y54         FDRE (Setup_fdre_C_CE)      -0.205    13.463    i_hk/sys_rdata_reg[6]
  -------------------------------------------------------------------
                         required time                         13.463    
                         arrival time                         -13.132    
  -------------------------------------------------------------------
                         slack                                  0.331    

Slack (MET) :             0.331ns  (required time - arrival time)
  Source:                 adc_rstn_reg/C
                            (rising edge-triggered cell FDRE clocked by pll_adc_clk  {rise@0.000ns fall@4.000ns period=8.000ns})
  Destination:            i_hk/sys_rdata_reg[7]/CE
                            (rising edge-triggered cell FDRE clocked by pll_adc_clk  {rise@0.000ns fall@4.000ns period=8.000ns})
  Path Group:             pll_adc_clk
  Path Type:              Setup (Max at Slow Process Corner)
  Requirement:            8.000ns  (pll_adc_clk rise@8.000ns - pll_adc_clk rise@0.000ns)
  Data Path Delay:        7.156ns  (logic 0.518ns (7.239%)  route 6.638ns (92.761%))
  Logic Levels:           0  
  Clock Path Skew:        -0.239ns (DCD - SCD + CPR)
    Destination Clock Delay (DCD):    5.380ns = ( 13.380 - 8.000 ) 
    Source Clock Delay      (SCD):    5.976ns
    Clock Pessimism Removal (CPR):    0.357ns
  Clock Uncertainty:      0.069ns  ((TSJ^2 + DJ^2)^1/2) / 2 + PE
    Total System Jitter     (TSJ):    0.071ns
    Discrete Jitter          (DJ):    0.118ns
    Phase Error              (PE):    0.000ns

    Location             Delay type                Incr(ns)  Path(ns)    Netlist Resource(s)
  -------------------------------------------------------------------    -------------------
                         (clock pll_adc_clk rise edge)
                                                      0.000     0.000 r  
    U18                                               0.000     0.000 r  adc_clk_i[1] (IN)
                         net (fo=0)                   0.000     0.000    adc_clk_i[1]
    U18                  IBUFDS (Prop_ibufds_I_O)     0.983     0.983 r  i_clk/O
                         net (fo=1, routed)           1.306     2.289    pll/adc_clk_in
    PLLE2_ADV_X0Y0       PLLE2_ADV (Prop_plle2_adv_CLKIN1_CLKOUT0)
                                                      0.089     2.378 r  pll/pll/CLKOUT0
                         net (fo=1, routed)           1.754     4.132    pll_adc_clk
    BUFGCTRL_X0Y0        BUFG (Prop_bufg_I_O)         0.101     4.233 r  bufg_adc_clk/O
                         net (fo=8587, routed)        1.743     5.976    adc_clk
    SLICE_X42Y55         FDRE                                         r  adc_rstn_reg/C
  -------------------------------------------------------------------    -------------------
    SLICE_X42Y55         FDRE (Prop_fdre_C_Q)         0.518     6.494 r  adc_rstn_reg/Q
                         net (fo=407, routed)         6.638    13.132    i_hk/rstn
    SLICE_X19Y54         FDRE                                         r  i_hk/sys_rdata_reg[7]/CE
  -------------------------------------------------------------------    -------------------

                         (clock pll_adc_clk rise edge)
                                                      8.000     8.000 r  
    U18                                               0.000     8.000 r  adc_clk_i[1] (IN)
                         net (fo=0)                   0.000     8.000    adc_clk_i[1]
    U18                  IBUFDS (Prop_ibufds_I_O)     0.940     8.940 r  i_clk/O
                         net (fo=1, routed)           1.181    10.121    pll/adc_clk_in
    PLLE2_ADV_X0Y0       PLLE2_ADV (Prop_plle2_adv_CLKIN1_CLKOUT0)
                                                      0.084    10.205 r  pll/pll/CLKOUT0
                         net (fo=1, routed)           1.594    11.799    pll_adc_clk
    BUFGCTRL_X0Y0        BUFG (Prop_bufg_I_O)         0.091    11.890 r  bufg_adc_clk/O
                         net (fo=8587, routed)        1.490    13.380    i_hk/adc_clk
    SLICE_X19Y54         FDRE                                         r  i_hk/sys_rdata_reg[7]/C
                         clock pessimism              0.357    13.737    
                         clock uncertainty           -0.069    13.668    
    SLICE_X19Y54         FDRE (Setup_fdre_C_CE)      -0.205    13.463    i_hk/sys_rdata_reg[7]
  -------------------------------------------------------------------
                         required time                         13.463    
                         arrival time                         -13.132    
  -------------------------------------------------------------------
                         slack                                  0.331    





Min Delay Paths
--------------------------------------------------------------------------------------
Slack (MET) :             0.051ns  (arrival time - required time)
  Source:                 i_custom_register_bank/g_lock_acq_simple.i_simple_lock_acquisition/event_snapshot_generation_q_reg[24]/C
                            (rising edge-triggered cell FDRE clocked by pll_adc_clk  {rise@0.000ns fall@4.000ns period=8.000ns})
  Destination:            i_custom_register_bank/g_lock_acq_simple.i_simple_lock_acquisition/i_event_recorder/generation_o_reg[24]/D
                            (rising edge-triggered cell FDRE clocked by pll_adc_clk  {rise@0.000ns fall@4.000ns period=8.000ns})
  Path Group:             pll_adc_clk
  Path Type:              Hold (Min at Fast Process Corner)
  Requirement:            0.000ns  (pll_adc_clk rise@0.000ns - pll_adc_clk rise@0.000ns)
  Data Path Delay:        0.385ns  (logic 0.141ns (36.616%)  route 0.244ns (63.384%))
  Logic Levels:           0  
  Clock Path Skew:        0.264ns (DCD - SCD - CPR)
    Destination Clock Delay (DCD):    2.371ns
    Source Clock Delay      (SCD):    1.976ns
    Clock Pessimism Removal (CPR):    0.130ns

    Location             Delay type                Incr(ns)  Path(ns)    Netlist Resource(s)
  -------------------------------------------------------------------    -------------------
                         (clock pll_adc_clk rise edge)
                                                      0.000     0.000 r  
    U18                                               0.000     0.000 r  adc_clk_i[1] (IN)
                         net (fo=0)                   0.000     0.000    adc_clk_i[1]
    U18                  IBUFDS (Prop_ibufds_I_O)     0.401     0.401 r  i_clk/O
                         net (fo=1, routed)           0.440     0.842    pll/adc_clk_in
    PLLE2_ADV_X0Y0       PLLE2_ADV (Prop_plle2_adv_CLKIN1_CLKOUT0)
                                                      0.051     0.893 r  pll/pll/CLKOUT0
                         net (fo=1, routed)           0.497     1.390    pll_adc_clk
    BUFGCTRL_X0Y0        BUFG (Prop_bufg_I_O)         0.026     1.416 r  bufg_adc_clk/O
                         net (fo=8587, routed)        0.561     1.976    i_custom_register_bank/g_lock_acq_simple.i_simple_lock_acquisition/adc_clk
    SLICE_X22Y47         FDRE                                         r  i_custom_register_bank/g_lock_acq_simple.i_simple_lock_acquisition/event_snapshot_generation_q_reg[24]/C
  -------------------------------------------------------------------    -------------------
    SLICE_X22Y47         FDRE (Prop_fdre_C_Q)         0.141     2.117 r  i_custom_register_bank/g_lock_acq_simple.i_simple_lock_acquisition/event_snapshot_generation_q_reg[24]/Q
                         net (fo=1, routed)           0.244     2.361    i_custom_register_bank/g_lock_acq_simple.i_simple_lock_acquisition/i_event_recorder/generation_o_reg[31]_1[24]
    SLICE_X21Y43         FDRE                                         r  i_custom_register_bank/g_lock_acq_simple.i_simple_lock_acquisition/i_event_recorder/generation_o_reg[24]/D
  -------------------------------------------------------------------    -------------------

                         (clock pll_adc_clk rise edge)
                                                      0.000     0.000 r  
    U18                                               0.000     0.000 r  adc_clk_i[1] (IN)
                         net (fo=0)                   0.000     0.000    adc_clk_i[1]
    U18                  IBUFDS (Prop_ibufds_I_O)     0.433     0.433 r  i_clk/O
                         net (fo=1, routed)           0.481     0.914    pll/adc_clk_in
    PLLE2_ADV_X0Y0       PLLE2_ADV (Prop_plle2_adv_CLKIN1_CLKOUT0)
                                                      0.054     0.968 r  pll/pll/CLKOUT0
                         net (fo=1, routed)           0.544     1.512    pll_adc_clk
    BUFGCTRL_X0Y0        BUFG (Prop_bufg_I_O)         0.029     1.541 r  bufg_adc_clk/O
                         net (fo=8587, routed)        0.830     2.371    i_custom_register_bank/g_lock_acq_simple.i_simple_lock_acquisition/i_event_recorder/adc_clk
    SLICE_X21Y43         FDRE                                         r  i_custom_register_bank/g_lock_acq_simple.i_simple_lock_acquisition/i_event_recorder/generation_o_reg[24]/C
                         clock pessimism             -0.130     2.241    
    SLICE_X21Y43         FDRE (Hold_fdre_C_D)         0.070     2.311    i_custom_register_bank/g_lock_acq_simple.i_simple_lock_acquisition/i_event_recorder/generation_o_reg[24]
  -------------------------------------------------------------------
                         required time                         -2.311    
                         arrival time                           2.361    
  -------------------------------------------------------------------
                         slack                                  0.051    

Slack (MET) :             0.052ns  (arrival time - required time)
  Source:                 i_ams/dac_a_o_reg[3]/C
                            (rising edge-triggered cell FDSE clocked by pll_adc_clk  {rise@0.000ns fall@4.000ns period=8.000ns})
  Destination:            i_ams/sys_rdata_reg[19]/D
                            (rising edge-triggered cell FDRE clocked by pll_adc_clk  {rise@0.000ns fall@4.000ns period=8.000ns})
  Path Group:             pll_adc_clk
  Path Type:              Hold (Min at Fast Process Corner)
  Requirement:            0.000ns  (pll_adc_clk rise@0.000ns - pll_adc_clk rise@0.000ns)
  Data Path Delay:        0.441ns  (logic 0.231ns (52.411%)  route 0.210ns (47.589%))
  Logic Levels:           2  (LUT5=2)
  Clock Path Skew:        0.267ns (DCD - SCD - CPR)
    Destination Clock Delay (DCD):    2.375ns
    Source Clock Delay      (SCD):    1.982ns
    Clock Pessimism Removal (CPR):    0.125ns

    Location             Delay type                Incr(ns)  Path(ns)    Netlist Resource(s)
  -------------------------------------------------------------------    -------------------
                         (clock pll_adc_clk rise edge)
                                                      0.000     0.000 r  
    U18                                               0.000     0.000 r  adc_clk_i[1] (IN)
                         net (fo=0)                   0.000     0.000    adc_clk_i[1]
    U18                  IBUFDS (Prop_ibufds_I_O)     0.401     0.401 r  i_clk/O
                         net (fo=1, routed)           0.440     0.842    pll/adc_clk_in
    PLLE2_ADV_X0Y0       PLLE2_ADV (Prop_plle2_adv_CLKIN1_CLKOUT0)
                                                      0.051     0.893 r  pll/pll/CLKOUT0
                         net (fo=1, routed)           0.497     1.390    pll_adc_clk
    BUFGCTRL_X0Y0        BUFG (Prop_bufg_I_O)         0.026     1.416 r  bufg_adc_clk/O
                         net (fo=8587, routed)        0.567     1.982    i_ams/adc_clk
    SLICE_X7Y49          FDSE                                         r  i_ams/dac_a_o_reg[3]/C
  -------------------------------------------------------------------    -------------------
    SLICE_X7Y49          FDSE (Prop_fdse_C_Q)         0.141     2.123 r  i_ams/dac_a_o_reg[3]/Q
                         net (fo=2, routed)           0.064     2.187    ps/axi_slave_gp0/sys_rdata_reg[23]_4[3]
    SLICE_X6Y49          LUT5 (Prop_lut5_I1_O)        0.045     2.232 r  ps/axi_slave_gp0/sys_rdata[19]_i_2__0/O
                         net (fo=1, routed)           0.145     2.378    ps/axi_slave_gp0/sys_rdata[19]_i_2__0_n_0
    SLICE_X6Y50          LUT5 (Prop_lut5_I4_O)        0.045     2.423 r  ps/axi_slave_gp0/sys_rdata[19]_i_1__1/O
                         net (fo=1, routed)           0.000     2.423    i_ams/D[3]
    SLICE_X6Y50          FDRE                                         r  i_ams/sys_rdata_reg[19]/D
  -------------------------------------------------------------------    -------------------

                         (clock pll_adc_clk rise edge)
                                                      0.000     0.000 r  
    U18                                               0.000     0.000 r  adc_clk_i[1] (IN)
                         net (fo=0)                   0.000     0.000    adc_clk_i[1]
    U18                  IBUFDS (Prop_ibufds_I_O)     0.433     0.433 r  i_clk/O
                         net (fo=1, routed)           0.481     0.914    pll/adc_clk_in
    PLLE2_ADV_X0Y0       PLLE2_ADV (Prop_plle2_adv_CLKIN1_CLKOUT0)
                                                      0.054     0.968 r  pll/pll/CLKOUT0
                         net (fo=1, routed)           0.544     1.512    pll_adc_clk
    BUFGCTRL_X0Y0        BUFG (Prop_bufg_I_O)         0.029     1.541 r  bufg_adc_clk/O
                         net (fo=8587, routed)        0.834     2.375    i_ams/adc_clk
    SLICE_X6Y50          FDRE                                         r  i_ams/sys_rdata_reg[19]/C
                         clock pessimism             -0.125     2.250    
    SLICE_X6Y50          FDRE (Hold_fdre_C_D)         0.121     2.371    i_ams/sys_rdata_reg[19]
  -------------------------------------------------------------------
                         required time                         -2.371    
                         arrival time                           2.423    
  -------------------------------------------------------------------
                         slack                                  0.052    

Slack (MET) :             0.058ns  (arrival time - required time)
  Source:                 i_custom_register_bank/g_lock_acq_simple.i_simple_lock_acquisition/event_snapshot_generation_q_reg[14]/C
                            (rising edge-triggered cell FDRE clocked by pll_adc_clk  {rise@0.000ns fall@4.000ns period=8.000ns})
  Destination:            i_custom_register_bank/g_lock_acq_simple.i_simple_lock_acquisition/i_event_recorder/generation_o_reg[14]/D
                            (rising edge-triggered cell FDRE clocked by pll_adc_clk  {rise@0.000ns fall@4.000ns period=8.000ns})
  Path Group:             pll_adc_clk
  Path Type:              Hold (Min at Fast Process Corner)
  Requirement:            0.000ns  (pll_adc_clk rise@0.000ns - pll_adc_clk rise@0.000ns)
  Data Path Delay:        0.394ns  (logic 0.141ns (35.768%)  route 0.253ns (64.232%))
  Logic Levels:           0  
  Clock Path Skew:        0.270ns (DCD - SCD - CPR)
    Destination Clock Delay (DCD):    2.369ns
    Source Clock Delay      (SCD):    1.973ns
    Clock Pessimism Removal (CPR):    0.125ns

    Location             Delay type                Incr(ns)  Path(ns)    Netlist Resource(s)
  -------------------------------------------------------------------    -------------------
                         (clock pll_adc_clk rise edge)
                                                      0.000     0.000 r  
    U18                                               0.000     0.000 r  adc_clk_i[1] (IN)
                         net (fo=0)                   0.000     0.000    adc_clk_i[1]
    U18                  IBUFDS (Prop_ibufds_I_O)     0.401     0.401 r  i_clk/O
                         net (fo=1, routed)           0.440     0.842    pll/adc_clk_in
    PLLE2_ADV_X0Y0       PLLE2_ADV (Prop_plle2_adv_CLKIN1_CLKOUT0)
                                                      0.051     0.893 r  pll/pll/CLKOUT0
                         net (fo=1, routed)           0.497     1.390    pll_adc_clk
    BUFGCTRL_X0Y0        BUFG (Prop_bufg_I_O)         0.026     1.416 r  bufg_adc_clk/O
                         net (fo=8587, routed)        0.558     1.973    i_custom_register_bank/g_lock_acq_simple.i_simple_lock_acquisition/adc_clk
    SLICE_X23Y54         FDRE                                         r  i_custom_register_bank/g_lock_acq_simple.i_simple_lock_acquisition/event_snapshot_generation_q_reg[14]/C
  -------------------------------------------------------------------    -------------------
    SLICE_X23Y54         FDRE (Prop_fdre_C_Q)         0.141     2.114 r  i_custom_register_bank/g_lock_acq_simple.i_simple_lock_acquisition/event_snapshot_generation_q_reg[14]/Q
                         net (fo=1, routed)           0.253     2.367    i_custom_register_bank/g_lock_acq_simple.i_simple_lock_acquisition/i_event_recorder/generation_o_reg[31]_1[14]
    SLICE_X23Y46         FDRE                                         r  i_custom_register_bank/g_lock_acq_simple.i_simple_lock_acquisition/i_event_recorder/generation_o_reg[14]/D
  -------------------------------------------------------------------    -------------------

                         (clock pll_adc_clk rise edge)
                                                      0.000     0.000 r  
    U18                                               0.000     0.000 r  adc_clk_i[1] (IN)
                         net (fo=0)                   0.000     0.000    adc_clk_i[1]
    U18                  IBUFDS (Prop_ibufds_I_O)     0.433     0.433 r  i_clk/O
                         net (fo=1, routed)           0.481     0.914    pll/adc_clk_in
    PLLE2_ADV_X0Y0       PLLE2_ADV (Prop_plle2_adv_CLKIN1_CLKOUT0)
                                                      0.054     0.968 r  pll/pll/CLKOUT0
                         net (fo=1, routed)           0.544     1.512    pll_adc_clk
    BUFGCTRL_X0Y0        BUFG (Prop_bufg_I_O)         0.029     1.541 r  bufg_adc_clk/O
                         net (fo=8587, routed)        0.828     2.369    i_custom_register_bank/g_lock_acq_simple.i_simple_lock_acquisition/i_event_recorder/adc_clk
    SLICE_X23Y46         FDRE                                         r  i_custom_register_bank/g_lock_acq_simple.i_simple_lock_acquisition/i_event_recorder/generation_o_reg[14]/C
                         clock pessimism             -0.125     2.244    
    SLICE_X23Y46         FDRE (Hold_fdre_C_D)         0.066     2.310    i_custom_register_bank/g_lock_acq_simple.i_simple_lock_acquisition/i_event_recorder/generation_o_reg[14]
  -------------------------------------------------------------------
                         required time                         -2.310    
                         arrival time                           2.367    
  -------------------------------------------------------------------
                         slack                                  0.058    

Slack (MET) :             0.058ns  (arrival time - required time)
  Source:                 i_custom_register_bank/shadow_written_mask_q_reg[6]/C
                            (rising edge-triggered cell FDRE clocked by pll_adc_clk  {rise@0.000ns fall@4.000ns period=8.000ns})
  Destination:            i_custom_register_bank/g_lock_acq_simple.i_simple_lock_acquisition/pending_written_mask_q_reg[6]/D
                            (rising edge-triggered cell FDRE clocked by pll_adc_clk  {rise@0.000ns fall@4.000ns period=8.000ns})
  Path Group:             pll_adc_clk
  Path Type:              Hold (Min at Fast Process Corner)
  Requirement:            0.000ns  (pll_adc_clk rise@0.000ns - pll_adc_clk rise@0.000ns)
  Data Path Delay:        0.380ns  (logic 0.141ns (37.151%)  route 0.239ns (62.849%))
  Logic Levels:           0  
  Clock Path Skew:        0.268ns (DCD - SCD - CPR)
    Destination Clock Delay (DCD):    2.373ns
    Source Clock Delay      (SCD):    1.979ns
    Clock Pessimism Removal (CPR):    0.125ns

    Location             Delay type                Incr(ns)  Path(ns)    Netlist Resource(s)
  -------------------------------------------------------------------    -------------------
                         (clock pll_adc_clk rise edge)
                                                      0.000     0.000 r  
    U18                                               0.000     0.000 r  adc_clk_i[1] (IN)
                         net (fo=0)                   0.000     0.000    adc_clk_i[1]
    U18                  IBUFDS (Prop_ibufds_I_O)     0.401     0.401 r  i_clk/O
                         net (fo=1, routed)           0.440     0.842    pll/adc_clk_in
    PLLE2_ADV_X0Y0       PLLE2_ADV (Prop_plle2_adv_CLKIN1_CLKOUT0)
                                                      0.051     0.893 r  pll/pll/CLKOUT0
                         net (fo=1, routed)           0.497     1.390    pll_adc_clk
    BUFGCTRL_X0Y0        BUFG (Prop_bufg_I_O)         0.026     1.416 r  bufg_adc_clk/O
                         net (fo=8587, routed)        0.564     1.979    i_custom_register_bank/adc_clk
    SLICE_X33Y49         FDRE                                         r  i_custom_register_bank/shadow_written_mask_q_reg[6]/C
  -------------------------------------------------------------------    -------------------
    SLICE_X33Y49         FDRE (Prop_fdre_C_Q)         0.141     2.120 r  i_custom_register_bank/shadow_written_mask_q_reg[6]/Q
                         net (fo=4, routed)           0.239     2.359    i_custom_register_bank/g_lock_acq_simple.i_simple_lock_acquisition/pending_written_mask_q_reg[6]_0[6]
    SLICE_X34Y51         FDRE                                         r  i_custom_register_bank/g_lock_acq_simple.i_simple_lock_acquisition/pending_written_mask_q_reg[6]/D
  -------------------------------------------------------------------    -------------------

                         (clock pll_adc_clk rise edge)
                                                      0.000     0.000 r  
    U18                                               0.000     0.000 r  adc_clk_i[1] (IN)
                         net (fo=0)                   0.000     0.000    adc_clk_i[1]
    U18                  IBUFDS (Prop_ibufds_I_O)     0.433     0.433 r  i_clk/O
                         net (fo=1, routed)           0.481     0.914    pll/adc_clk_in
    PLLE2_ADV_X0Y0       PLLE2_ADV (Prop_plle2_adv_CLKIN1_CLKOUT0)
                                                      0.054     0.968 r  pll/pll/CLKOUT0
                         net (fo=1, routed)           0.544     1.512    pll_adc_clk
    BUFGCTRL_X0Y0        BUFG (Prop_bufg_I_O)         0.029     1.541 r  bufg_adc_clk/O
                         net (fo=8587, routed)        0.832     2.373    i_custom_register_bank/g_lock_acq_simple.i_simple_lock_acquisition/adc_clk
    SLICE_X34Y51         FDRE                                         r  i_custom_register_bank/g_lock_acq_simple.i_simple_lock_acquisition/pending_written_mask_q_reg[6]/C
                         clock pessimism             -0.125     2.248    
    SLICE_X34Y51         FDRE (Hold_fdre_C_D)         0.053     2.301    i_custom_register_bank/g_lock_acq_simple.i_simple_lock_acquisition/pending_written_mask_q_reg[6]
  -------------------------------------------------------------------
                         required time                         -2.301    
                         arrival time                           2.359    
  -------------------------------------------------------------------
                         slack                                  0.058    

Slack (MET) :             0.061ns  (arrival time - required time)
  Source:                 i_custom_register_bank/g_lock_acq_simple.i_simple_lock_acquisition/sample_abs_error_q_reg[7]/C
                            (rising edge-triggered cell FDRE clocked by pll_adc_clk  {rise@0.000ns fall@4.000ns period=8.000ns})
  Destination:            i_custom_register_bank/g_lock_acq_simple.i_simple_lock_acquisition/i_lock_supervisor/abs_sum_snapshot_q_reg[7]/D
                            (rising edge-triggered cell FDSE clocked by pll_adc_clk  {rise@0.000ns fall@4.000ns period=8.000ns})
  Path Group:             pll_adc_clk
  Path Type:              Hold (Min at Fast Process Corner)
  Requirement:            0.000ns  (pll_adc_clk rise@0.000ns - pll_adc_clk rise@0.000ns)
  Data Path Delay:        0.429ns  (logic 0.249ns (58.021%)  route 0.180ns (41.978%))
  Logic Levels:           2  (CARRY4=1 LUT2=1)
  Clock Path Skew:        0.266ns (DCD - SCD - CPR)
    Destination Clock Delay (DCD):    2.371ns
    Source Clock Delay      (SCD):    1.974ns
    Clock Pessimism Removal (CPR):    0.130ns

    Location             Delay type                Incr(ns)  Path(ns)    Netlist Resource(s)
  -------------------------------------------------------------------    -------------------
                         (clock pll_adc_clk rise edge)
                                                      0.000     0.000 r  
    U18                                               0.000     0.000 r  adc_clk_i[1] (IN)
                         net (fo=0)                   0.000     0.000    adc_clk_i[1]
    U18                  IBUFDS (Prop_ibufds_I_O)     0.401     0.401 r  i_clk/O
                         net (fo=1, routed)           0.440     0.842    pll/adc_clk_in
    PLLE2_ADV_X0Y0       PLLE2_ADV (Prop_plle2_adv_CLKIN1_CLKOUT0)
                                                      0.051     0.893 r  pll/pll/CLKOUT0
                         net (fo=1, routed)           0.497     1.390    pll_adc_clk
    BUFGCTRL_X0Y0        BUFG (Prop_bufg_I_O)         0.026     1.416 r  bufg_adc_clk/O
                         net (fo=8587, routed)        0.559     1.974    i_custom_register_bank/g_lock_acq_simple.i_simple_lock_acquisition/adc_clk
    SLICE_X22Y41         FDRE                                         r  i_custom_register_bank/g_lock_acq_simple.i_simple_lock_acquisition/sample_abs_error_q_reg[7]/C
  -------------------------------------------------------------------    -------------------
    SLICE_X22Y41         FDRE (Prop_fdre_C_Q)         0.141     2.115 r  i_custom_register_bank/g_lock_acq_simple.i_simple_lock_acquisition/sample_abs_error_q_reg[7]/Q
                         net (fo=1, routed)           0.180     2.295    i_custom_register_bank/g_lock_acq_simple.i_simple_lock_acquisition/i_lock_supervisor/abs_sum_snapshot_q_reg[15]_0[6]
    SLICE_X18Y41         LUT2 (Prop_lut2_I1_O)        0.045     2.340 r  i_custom_register_bank/g_lock_acq_simple.i_simple_lock_acquisition/i_lock_supervisor/abs_sum_snapshot_q[7]_i_2/O
                         net (fo=1, routed)           0.000     2.340    i_custom_register_bank/g_lock_acq_simple.i_simple_lock_acquisition/i_lock_supervisor/abs_sum_snapshot_q[7]_i_2_n_0
    SLICE_X18Y41         CARRY4 (Prop_carry4_S[3]_O[3])
                                                      0.063     2.403 r  i_custom_register_bank/g_lock_acq_simple.i_simple_lock_acquisition/i_lock_supervisor/abs_sum_snapshot_q_reg[7]_i_1/O[3]
                         net (fo=2, routed)           0.000     2.403    i_custom_register_bank/g_lock_acq_simple.i_simple_lock_acquisition/i_lock_supervisor/abs_sum_snapshot_q_reg[7]_i_1_n_4
    SLICE_X18Y41         FDSE                                         r  i_custom_register_bank/g_lock_acq_simple.i_simple_lock_acquisition/i_lock_supervisor/abs_sum_snapshot_q_reg[7]/D
  -------------------------------------------------------------------    -------------------

                         (clock pll_adc_clk rise edge)
                                                      0.000     0.000 r  
    U18                                               0.000     0.000 r  adc_clk_i[1] (IN)
                         net (fo=0)                   0.000     0.000    adc_clk_i[1]
    U18                  IBUFDS (Prop_ibufds_I_O)     0.433     0.433 r  i_clk/O
                         net (fo=1, routed)           0.481     0.914    pll/adc_clk_in
    PLLE2_ADV_X0Y0       PLLE2_ADV (Prop_plle2_adv_CLKIN1_CLKOUT0)
                                                      0.054     0.968 r  pll/pll/CLKOUT0
                         net (fo=1, routed)           0.544     1.512    pll_adc_clk
    BUFGCTRL_X0Y0        BUFG (Prop_bufg_I_O)         0.029     1.541 r  bufg_adc_clk/O
                         net (fo=8587, routed)        0.830     2.371    i_custom_register_bank/g_lock_acq_simple.i_simple_lock_acquisition/i_lock_supervisor/adc_clk
    SLICE_X18Y41         FDSE                                         r  i_custom_register_bank/g_lock_acq_simple.i_simple_lock_acquisition/i_lock_supervisor/abs_sum_snapshot_q_reg[7]/C
                         clock pessimism             -0.130     2.241    
    SLICE_X18Y41         FDSE (Hold_fdse_C_D)         0.102     2.343    i_custom_register_bank/g_lock_acq_simple.i_simple_lock_acquisition/i_lock_supervisor/abs_sum_snapshot_q_reg[7]
  -------------------------------------------------------------------
                         required time                         -2.343    
                         arrival time                           2.403    
  -------------------------------------------------------------------
                         slack                                  0.061    

Slack (MET) :             0.066ns  (arrival time - required time)
  Source:                 i_scope/a_sum_uns_reg[28]/C
                            (rising edge-triggered cell FDRE clocked by pll_adc_clk  {rise@0.000ns fall@4.000ns period=8.000ns})
  Destination:            i_scope/dec_avg_div_a/reg_X_reg[0][28]/D
                            (rising edge-triggered cell FDRE clocked by pll_adc_clk  {rise@0.000ns fall@4.000ns period=8.000ns})
  Path Group:             pll_adc_clk
  Path Type:              Hold (Min at Fast Process Corner)
  Requirement:            0.000ns  (pll_adc_clk rise@0.000ns - pll_adc_clk rise@0.000ns)
  Data Path Delay:        0.421ns  (logic 0.186ns (44.191%)  route 0.235ns (55.809%))
  Logic Levels:           1  (LUT3=1)
  Clock Path Skew:        0.263ns (DCD - SCD - CPR)
    Destination Clock Delay (DCD):    2.368ns
    Source Clock Delay      (SCD):    1.974ns
    Clock Pessimism Removal (CPR):    0.130ns

    Location             Delay type                Incr(ns)  Path(ns)    Netlist Resource(s)
  -------------------------------------------------------------------    -------------------
                         (clock pll_adc_clk rise edge)
                                                      0.000     0.000 r  
    U18                                               0.000     0.000 r  adc_clk_i[1] (IN)
                         net (fo=0)                   0.000     0.000    adc_clk_i[1]
    U18                  IBUFDS (Prop_ibufds_I_O)     0.401     0.401 r  i_clk/O
                         net (fo=1, routed)           0.440     0.842    pll/adc_clk_in
    PLLE2_ADV_X0Y0       PLLE2_ADV (Prop_plle2_adv_CLKIN1_CLKOUT0)
                                                      0.051     0.893 r  pll/pll/CLKOUT0
                         net (fo=1, routed)           0.497     1.390    pll_adc_clk
    BUFGCTRL_X0Y0        BUFG (Prop_bufg_I_O)         0.026     1.416 r  bufg_adc_clk/O
                         net (fo=8587, routed)        0.559     1.974    i_scope/clk_i
    SLICE_X21Y8          FDRE                                         r  i_scope/a_sum_uns_reg[28]/C
  -------------------------------------------------------------------    -------------------
    SLICE_X21Y8          FDRE (Prop_fdre_C_Q)         0.141     2.115 r  i_scope/a_sum_uns_reg[28]/Q
                         net (fo=1, routed)           0.235     2.350    i_scope/dec_avg_div_a/Q[28]
    SLICE_X22Y7          LUT3 (Prop_lut3_I1_O)        0.045     2.395 r  i_scope/dec_avg_div_a/reg_X[0][28]_i_1/O
                         net (fo=1, routed)           0.000     2.395    i_scope/dec_avg_div_a/reg_X[0][28]_i_1_n_0
    SLICE_X22Y7          FDRE                                         r  i_scope/dec_avg_div_a/reg_X_reg[0][28]/D
  -------------------------------------------------------------------    -------------------

                         (clock pll_adc_clk rise edge)
                                                      0.000     0.000 r  
    U18                                               0.000     0.000 r  adc_clk_i[1] (IN)
                         net (fo=0)                   0.000     0.000    adc_clk_i[1]
    U18                  IBUFDS (Prop_ibufds_I_O)     0.433     0.433 r  i_clk/O
                         net (fo=1, routed)           0.481     0.914    pll/adc_clk_in
    PLLE2_ADV_X0Y0       PLLE2_ADV (Prop_plle2_adv_CLKIN1_CLKOUT0)
                                                      0.054     0.968 r  pll/pll/CLKOUT0
                         net (fo=1, routed)           0.544     1.512    pll_adc_clk
    BUFGCTRL_X0Y0        BUFG (Prop_bufg_I_O)         0.029     1.541 r  bufg_adc_clk/O
                         net (fo=8587, routed)        0.827     2.368    i_scope/dec_avg_div_a/clk_i
    SLICE_X22Y7          FDRE                                         r  i_scope/dec_avg_div_a/reg_X_reg[0][28]/C
                         clock pessimism             -0.130     2.238    
    SLICE_X22Y7          FDRE (Hold_fdre_C_D)         0.092     2.330    i_scope/dec_avg_div_a/reg_X_reg[0][28]
  -------------------------------------------------------------------
                         required time                         -2.330    
                         arrival time                           2.395    
  -------------------------------------------------------------------
                         slack                                  0.066    

Slack (MET) :             0.067ns  (arrival time - required time)
  Source:                 i_scope/axi_a_val_byte_reg[5]/C
                            (rising edge-triggered cell FDRE clocked by pll_adc_clk  {rise@0.000ns fall@4.000ns period=8.000ns})
  Destination:            i_scope/axi_a_dat_fifo_reg[2][71]_srl4/D
                            (rising edge-triggered cell SRL16E clocked by pll_adc_clk  {rise@0.000ns fall@4.000ns period=8.000ns})
  Path Group:             pll_adc_clk
  Path Type:              Hold (Min at Fast Process Corner)
  Requirement:            0.000ns  (pll_adc_clk rise@0.000ns - pll_adc_clk rise@0.000ns)
  Data Path Delay:        0.263ns  (logic 0.141ns (53.584%)  route 0.122ns (46.416%))
  Logic Levels:           0  
  Clock Path Skew:        0.013ns (DCD - SCD - CPR)
    Destination Clock Delay (DCD):    2.375ns
    Source Clock Delay      (SCD):    1.981ns
    Clock Pessimism Removal (CPR):    0.381ns

    Location             Delay type                Incr(ns)  Path(ns)    Netlist Resource(s)
  -------------------------------------------------------------------    -------------------
                         (clock pll_adc_clk rise edge)
                                                      0.000     0.000 r  
    U18                                               0.000     0.000 r  adc_clk_i[1] (IN)
                         net (fo=0)                   0.000     0.000    adc_clk_i[1]
    U18                  IBUFDS (Prop_ibufds_I_O)     0.401     0.401 r  i_clk/O
                         net (fo=1, routed)           0.440     0.842    pll/adc_clk_in
    PLLE2_ADV_X0Y0       PLLE2_ADV (Prop_plle2_adv_CLKIN1_CLKOUT0)
                                                      0.051     0.893 r  pll/pll/CLKOUT0
                         net (fo=1, routed)           0.497     1.390    pll_adc_clk
    BUFGCTRL_X0Y0        BUFG (Prop_bufg_I_O)         0.026     1.416 r  bufg_adc_clk/O
                         net (fo=8587, routed)        0.566     1.981    i_scope/clk_i
    SLICE_X13Y4          FDRE                                         r  i_scope/axi_a_val_byte_reg[5]/C
  -------------------------------------------------------------------    -------------------
    SLICE_X13Y4          FDRE (Prop_fdre_C_Q)         0.141     2.122 r  i_scope/axi_a_val_byte_reg[5]/Q
                         net (fo=3, routed)           0.122     2.244    i_scope/axi_a_val_byte_reg_n_0_[5]
    SLICE_X12Y4          SRL16E                                       r  i_scope/axi_a_dat_fifo_reg[2][71]_srl4/D
  -------------------------------------------------------------------    -------------------

                         (clock pll_adc_clk rise edge)
                                                      0.000     0.000 r  
    U18                                               0.000     0.000 r  adc_clk_i[1] (IN)
                         net (fo=0)                   0.000     0.000    adc_clk_i[1]
    U18                  IBUFDS (Prop_ibufds_I_O)     0.433     0.433 r  i_clk/O
                         net (fo=1, routed)           0.481     0.914    pll/adc_clk_in
    PLLE2_ADV_X0Y0       PLLE2_ADV (Prop_plle2_adv_CLKIN1_CLKOUT0)
                                                      0.054     0.968 r  pll/pll/CLKOUT0
                         net (fo=1, routed)           0.544     1.512    pll_adc_clk
    BUFGCTRL_X0Y0        BUFG (Prop_bufg_I_O)         0.029     1.541 r  bufg_adc_clk/O
                         net (fo=8587, routed)        0.834     2.375    i_scope/clk_i
    SLICE_X12Y4          SRL16E                                       r  i_scope/axi_a_dat_fifo_reg[2][71]_srl4/CLK
                         clock pessimism             -0.381     1.994    
    SLICE_X12Y4          SRL16E (Hold_srl16e_CLK_D)
                                                      0.183     2.177    i_scope/axi_a_dat_fifo_reg[2][71]_srl4
  -------------------------------------------------------------------
                         required time                         -2.177    
                         arrival time                           2.244    
  -------------------------------------------------------------------
                         slack                                  0.067    

Slack (MET) :             0.069ns  (arrival time - required time)
  Source:                 i_custom_register_bank/g_lock_acq_simple.i_simple_lock_acquisition/cycle_counter_q_reg[24]/C
                            (rising edge-triggered cell FDRE clocked by pll_adc_clk  {rise@0.000ns fall@4.000ns period=8.000ns})
  Destination:            i_custom_register_bank/g_lock_acq_simple.i_simple_lock_acquisition/event_snapshot_timestamp_q_reg[24]/D
                            (rising edge-triggered cell FDRE clocked by pll_adc_clk  {rise@0.000ns fall@4.000ns period=8.000ns})
  Path Group:             pll_adc_clk
  Path Type:              Hold (Min at Fast Process Corner)
  Requirement:            0.000ns  (pll_adc_clk rise@0.000ns - pll_adc_clk rise@0.000ns)
  Data Path Delay:        0.413ns  (logic 0.164ns (39.676%)  route 0.249ns (60.324%))
  Logic Levels:           0  
  Clock Path Skew:        0.273ns (DCD - SCD - CPR)
    Destination Clock Delay (DCD):    2.403ns
    Source Clock Delay      (SCD):    2.004ns
    Clock Pessimism Removal (CPR):    0.125ns

    Location             Delay type                Incr(ns)  Path(ns)    Netlist Resource(s)
  -------------------------------------------------------------------    -------------------
                         (clock pll_adc_clk rise edge)
                                                      0.000     0.000 r  
    U18                                               0.000     0.000 r  adc_clk_i[1] (IN)
                         net (fo=0)                   0.000     0.000    adc_clk_i[1]
    U18                  IBUFDS (Prop_ibufds_I_O)     0.401     0.401 r  i_clk/O
                         net (fo=1, routed)           0.440     0.842    pll/adc_clk_in
    PLLE2_ADV_X0Y0       PLLE2_ADV (Prop_plle2_adv_CLKIN1_CLKOUT0)
                                                      0.051     0.893 r  pll/pll/CLKOUT0
                         net (fo=1, routed)           0.497     1.390    pll_adc_clk
    BUFGCTRL_X0Y0        BUFG (Prop_bufg_I_O)         0.026     1.416 r  bufg_adc_clk/O
                         net (fo=8587, routed)        0.589     2.004    i_custom_register_bank/g_lock_acq_simple.i_simple_lock_acquisition/adc_clk
    SLICE_X38Y52         FDRE                                         r  i_custom_register_bank/g_lock_acq_simple.i_simple_lock_acquisition/cycle_counter_q_reg[24]/C
  -------------------------------------------------------------------    -------------------
    SLICE_X38Y52         FDRE (Prop_fdre_C_Q)         0.164     2.168 r  i_custom_register_bank/g_lock_acq_simple.i_simple_lock_acquisition/cycle_counter_q_reg[24]/Q
                         net (fo=2, routed)           0.249     2.418    i_custom_register_bank/g_lock_acq_simple.i_simple_lock_acquisition/cycle_counter_q_reg[24]
    SLICE_X40Y49         FDRE                                         r  i_custom_register_bank/g_lock_acq_simple.i_simple_lock_acquisition/event_snapshot_timestamp_q_reg[24]/D
  -------------------------------------------------------------------    -------------------

                         (clock pll_adc_clk rise edge)
                                                      0.000     0.000 r  
    U18                                               0.000     0.000 r  adc_clk_i[1] (IN)
                         net (fo=0)                   0.000     0.000    adc_clk_i[1]
    U18                  IBUFDS (Prop_ibufds_I_O)     0.433     0.433 r  i_clk/O
                         net (fo=1, routed)           0.481     0.914    pll/adc_clk_in
    PLLE2_ADV_X0Y0       PLLE2_ADV (Prop_plle2_adv_CLKIN1_CLKOUT0)
                                                      0.054     0.968 r  pll/pll/CLKOUT0
                         net (fo=1, routed)           0.544     1.512    pll_adc_clk
    BUFGCTRL_X0Y0        BUFG (Prop_bufg_I_O)         0.029     1.541 r  bufg_adc_clk/O
                         net (fo=8587, routed)        0.862     2.403    i_custom_register_bank/g_lock_acq_simple.i_simple_lock_acquisition/adc_clk
    SLICE_X40Y49         FDRE                                         r  i_custom_register_bank/g_lock_acq_simple.i_simple_lock_acquisition/event_snapshot_timestamp_q_reg[24]/C
                         clock pessimism             -0.125     2.278    
    SLICE_X40Y49         FDRE (Hold_fdre_C_D)         0.071     2.349    i_custom_register_bank/g_lock_acq_simple.i_simple_lock_acquisition/event_snapshot_timestamp_q_reg[24]
  -------------------------------------------------------------------
                         required time                         -2.349    
                         arrival time                           2.418    
  -------------------------------------------------------------------
                         slack                                  0.069    

Slack (MET) :             0.070ns  (arrival time - required time)
  Source:                 i_scope/a_sum_uns_reg[29]/C
                            (rising edge-triggered cell FDRE clocked by pll_adc_clk  {rise@0.000ns fall@4.000ns period=8.000ns})
  Destination:            i_scope/dec_avg_div_a/reg_X_reg[0][29]/D
                            (rising edge-triggered cell FDRE clocked by pll_adc_clk  {rise@0.000ns fall@4.000ns period=8.000ns})
  Path Group:             pll_adc_clk
  Path Type:              Hold (Min at Fast Process Corner)
  Requirement:            0.000ns  (pll_adc_clk rise@0.000ns - pll_adc_clk rise@0.000ns)
  Data Path Delay:        0.440ns  (logic 0.190ns (43.177%)  route 0.250ns (56.823%))
  Logic Levels:           1  (LUT3=1)
  Clock Path Skew:        0.263ns (DCD - SCD - CPR)
    Destination Clock Delay (DCD):    2.368ns
    Source Clock Delay      (SCD):    1.974ns
    Clock Pessimism Removal (CPR):    0.130ns

    Location             Delay type                Incr(ns)  Path(ns)    Netlist Resource(s)
  -------------------------------------------------------------------    -------------------
                         (clock pll_adc_clk rise edge)
                                                      0.000     0.000 r  
    U18                                               0.000     0.000 r  adc_clk_i[1] (IN)
                         net (fo=0)                   0.000     0.000    adc_clk_i[1]
    U18                  IBUFDS (Prop_ibufds_I_O)     0.401     0.401 r  i_clk/O
                         net (fo=1, routed)           0.440     0.842    pll/adc_clk_in
    PLLE2_ADV_X0Y0       PLLE2_ADV (Prop_plle2_adv_CLKIN1_CLKOUT0)
                                                      0.051     0.893 r  pll/pll/CLKOUT0
                         net (fo=1, routed)           0.497     1.390    pll_adc_clk
    BUFGCTRL_X0Y0        BUFG (Prop_bufg_I_O)         0.026     1.416 r  bufg_adc_clk/O
                         net (fo=8587, routed)        0.559     1.974    i_scope/clk_i
    SLICE_X21Y8          FDRE                                         r  i_scope/a_sum_uns_reg[29]/C
  -------------------------------------------------------------------    -------------------
    SLICE_X21Y8          FDRE (Prop_fdre_C_Q)         0.141     2.115 r  i_scope/a_sum_uns_reg[29]/Q
                         net (fo=1, routed)           0.250     2.365    i_scope/dec_avg_div_a/Q[29]
    SLICE_X22Y7          LUT3 (Prop_lut3_I1_O)        0.049     2.414 r  i_scope/dec_avg_div_a/reg_X[0][29]_i_1/O
                         net (fo=1, routed)           0.000     2.414    i_scope/dec_avg_div_a/reg_X[0][29]_i_1_n_0
    SLICE_X22Y7          FDRE                                         r  i_scope/dec_avg_div_a/reg_X_reg[0][29]/D
  -------------------------------------------------------------------    -------------------

                         (clock pll_adc_clk rise edge)
                                                      0.000     0.000 r  
    U18                                               0.000     0.000 r  adc_clk_i[1] (IN)
                         net (fo=0)                   0.000     0.000    adc_clk_i[1]
    U18                  IBUFDS (Prop_ibufds_I_O)     0.433     0.433 r  i_clk/O
                         net (fo=1, routed)           0.481     0.914    pll/adc_clk_in
    PLLE2_ADV_X0Y0       PLLE2_ADV (Prop_plle2_adv_CLKIN1_CLKOUT0)
                                                      0.054     0.968 r  pll/pll/CLKOUT0
                         net (fo=1, routed)           0.544     1.512    pll_adc_clk
    BUFGCTRL_X0Y0        BUFG (Prop_bufg_I_O)         0.029     1.541 r  bufg_adc_clk/O
                         net (fo=8587, routed)        0.827     2.368    i_scope/dec_avg_div_a/clk_i
    SLICE_X22Y7          FDRE                                         r  i_scope/dec_avg_div_a/reg_X_reg[0][29]/C
                         clock pessimism             -0.130     2.238    
    SLICE_X22Y7          FDRE (Hold_fdre_C_D)         0.107     2.345    i_scope/dec_avg_div_a/reg_X_reg[0][29]
  -------------------------------------------------------------------
                         required time                         -2.345    
                         arrival time                           2.414    
  -------------------------------------------------------------------
                         slack                                  0.070    

Slack (MET) :             0.070ns  (arrival time - required time)
  Source:                 i_scope/a_sum_uns_reg[9]/C
                            (rising edge-triggered cell FDRE clocked by pll_adc_clk  {rise@0.000ns fall@4.000ns period=8.000ns})
  Destination:            i_scope/dec_avg_div_a/reg_X_reg[0][9]/D
                            (rising edge-triggered cell FDRE clocked by pll_adc_clk  {rise@0.000ns fall@4.000ns period=8.000ns})
  Path Group:             pll_adc_clk
  Path Type:              Hold (Min at Fast Process Corner)
  Requirement:            0.000ns  (pll_adc_clk rise@0.000ns - pll_adc_clk rise@0.000ns)
  Data Path Delay:        0.442ns  (logic 0.183ns (41.427%)  route 0.259ns (58.573%))
  Logic Levels:           1  (LUT3=1)
  Clock Path Skew:        0.264ns (DCD - SCD - CPR)
    Destination Clock Delay (DCD):    2.370ns
    Source Clock Delay      (SCD):    1.975ns
    Clock Pessimism Removal (CPR):    0.130ns

    Location             Delay type                Incr(ns)  Path(ns)    Netlist Resource(s)
  -------------------------------------------------------------------    -------------------
                         (clock pll_adc_clk rise edge)
                                                      0.000     0.000 r  
    U18                                               0.000     0.000 r  adc_clk_i[1] (IN)
                         net (fo=0)                   0.000     0.000    adc_clk_i[1]
    U18                  IBUFDS (Prop_ibufds_I_O)     0.401     0.401 r  i_clk/O
                         net (fo=1, routed)           0.440     0.842    pll/adc_clk_in
    PLLE2_ADV_X0Y0       PLLE2_ADV (Prop_plle2_adv_CLKIN1_CLKOUT0)
                                                      0.051     0.893 r  pll/pll/CLKOUT0
                         net (fo=1, routed)           0.497     1.390    pll_adc_clk
    BUFGCTRL_X0Y0        BUFG (Prop_bufg_I_O)         0.026     1.416 r  bufg_adc_clk/O
                         net (fo=8587, routed)        0.560     1.975    i_scope/clk_i
    SLICE_X21Y3          FDRE                                         r  i_scope/a_sum_uns_reg[9]/C
  -------------------------------------------------------------------    -------------------
    SLICE_X21Y3          FDRE (Prop_fdre_C_Q)         0.141     2.116 r  i_scope/a_sum_uns_reg[9]/Q
                         net (fo=1, routed)           0.259     2.375    i_scope/dec_avg_div_a/Q[9]
    SLICE_X22Y2          LUT3 (Prop_lut3_I0_O)        0.042     2.417 r  i_scope/dec_avg_div_a/reg_X[0][9]_i_1/O
                         net (fo=1, routed)           0.000     2.417    i_scope/dec_avg_div_a/reg_X[0][9]_i_1_n_0
    SLICE_X22Y2          FDRE                                         r  i_scope/dec_avg_div_a/reg_X_reg[0][9]/D
  -------------------------------------------------------------------    -------------------

                         (clock pll_adc_clk rise edge)
                                                      0.000     0.000 r  
    U18                                               0.000     0.000 r  adc_clk_i[1] (IN)
                         net (fo=0)                   0.000     0.000    adc_clk_i[1]
    U18                  IBUFDS (Prop_ibufds_I_O)     0.433     0.433 r  i_clk/O
                         net (fo=1, routed)           0.481     0.914    pll/adc_clk_in
    PLLE2_ADV_X0Y0       PLLE2_ADV (Prop_plle2_adv_CLKIN1_CLKOUT0)
                                                      0.054     0.968 r  pll/pll/CLKOUT0
                         net (fo=1, routed)           0.544     1.512    pll_adc_clk
    BUFGCTRL_X0Y0        BUFG (Prop_bufg_I_O)         0.029     1.541 r  bufg_adc_clk/O
                         net (fo=8587, routed)        0.829     2.370    i_scope/dec_avg_div_a/clk_i
    SLICE_X22Y2          FDRE                                         r  i_scope/dec_avg_div_a/reg_X_reg[0][9]/C
                         clock pessimism             -0.130     2.240    
    SLICE_X22Y2          FDRE (Hold_fdre_C_D)         0.107     2.347    i_scope/dec_avg_div_a/reg_X_reg[0][9]
  -------------------------------------------------------------------
                         required time                         -2.347    
                         arrival time                           2.417    
  -------------------------------------------------------------------
                         slack                                  0.070    





Pulse Width Checks
--------------------------------------------------------------------------------------
Clock Name:         pll_adc_clk
Waveform(ns):       { 0.000 4.000 }
Period(ns):         8.000
Sources:            { pll/pll/CLKOUT0 }

Check Type        Corner  Lib Pin             Reference Pin  Required(ns)  Actual(ns)  Slack(ns)  Location        Pin
Min Period        n/a     DSP48E1/CLK         n/a            3.884         8.000       4.116      DSP48_X1Y8      i_scope/i_dfilt1_chb/bb_mult/CLK
Min Period        n/a     DSP48E1/CLK         n/a            3.884         8.000       4.116      DSP48_X1Y7      i_laser_lock_core/i_mixer_core/product_q_reg/CLK
Min Period        n/a     DSP48E1/CLK         n/a            3.884         8.000       4.116      DSP48_X1Y4      i_scope/i_dfilt1_cha/bb_mult/CLK
Min Period        n/a     DSP48E1/CLK         n/a            3.687         8.000       4.313      DSP48_X1Y3      i_scope/i_dfilt1_cha/kk_mult_reg/CLK
Min Period        n/a     DSP48E1/CLK         n/a            3.687         8.000       4.313      DSP48_X0Y7      i_scope/i_dfilt1_chb/kk_mult_reg/CLK
Min Period        n/a     RAMB36E1/CLKARDCLK  n/a            2.944         8.000       5.056      RAMB36_X1Y8     i_custom_debug_capture/mem_ch4_reg_1/CLKARDCLK
Min Period        n/a     RAMB36E1/CLKARDCLK  n/a            2.944         8.000       5.056      RAMB36_X1Y11    i_asg/ch[0]/dac_buf_reg_0/CLKARDCLK
Min Period        n/a     RAMB36E1/CLKARDCLK  n/a            2.944         8.000       5.056      RAMB36_X0Y11    i_asg/ch[0]/dac_buf_reg_1/CLKARDCLK
Min Period        n/a     RAMB36E1/CLKARDCLK  n/a            2.944         8.000       5.056      RAMB36_X0Y0     i_scope/i_wr0/fifo_reg/CLKARDCLK
Min Period        n/a     RAMB36E1/CLKBWRCLK  n/a            2.944         8.000       5.056      RAMB36_X0Y0     i_scope/i_wr0/fifo_reg/CLKBWRCLK
Max Period        n/a     PLLE2_ADV/CLKOUT0   n/a            160.000       8.000       152.000    PLLE2_ADV_X0Y0  pll/pll/CLKOUT0
Low Pulse Width   Slow    RAMD32/CLK          n/a            1.250         4.000       2.750      SLICE_X0Y8      ps/axi_master_0/axi_awfifo_reg_0_15_18_23/RAMA/CLK
Low Pulse Width   Slow    RAMD32/CLK          n/a            1.250         4.000       2.750      SLICE_X0Y8      ps/axi_master_0/axi_awfifo_reg_0_15_18_23/RAMA_D1/CLK
Low Pulse Width   Slow    RAMD32/CLK          n/a            1.250         4.000       2.750      SLICE_X0Y8      ps/axi_master_0/axi_awfifo_reg_0_15_18_23/RAMB/CLK
Low Pulse Width   Slow    RAMD32/CLK          n/a            1.250         4.000       2.750      SLICE_X0Y8      ps/axi_master_0/axi_awfifo_reg_0_15_18_23/RAMB_D1/CLK
Low Pulse Width   Slow    RAMD32/CLK          n/a            1.250         4.000       2.750      SLICE_X0Y8      ps/axi_master_0/axi_awfifo_reg_0_15_18_23/RAMC/CLK
Low Pulse Width   Slow    RAMD32/CLK          n/a            1.250         4.000       2.750      SLICE_X0Y8      ps/axi_master_0/axi_awfifo_reg_0_15_18_23/RAMC_D1/CLK
Low Pulse Width   Slow    RAMS32/CLK          n/a            1.250         4.000       2.750      SLICE_X0Y8      ps/axi_master_0/axi_awfifo_reg_0_15_18_23/RAMD/CLK
Low Pulse Width   Slow    RAMS32/CLK          n/a            1.250         4.000       2.750      SLICE_X0Y8      ps/axi_master_0/axi_awfifo_reg_0_15_18_23/RAMD_D1/CLK
Low Pulse Width   Slow    RAMD32/CLK          n/a            1.250         4.000       2.750      SLICE_X0Y7      ps/axi_master_0/axi_awfifo_reg_0_15_36_36/RAMA/CLK
Low Pulse Width   Slow    RAMD32/CLK          n/a            1.250         4.000       2.750      SLICE_X0Y7      ps/axi_master_0/axi_awfifo_reg_0_15_36_36/RAMA_D1/CLK
High Pulse Width  Slow    RAMD32/CLK          n/a            1.250         4.000       2.750      SLICE_X0Y0      ps/axi_master_0/axi_wfifo_reg_0_15_0_5/RAMA/CLK
High Pulse Width  Slow    RAMD32/CLK          n/a            1.250         4.000       2.750      SLICE_X0Y0      ps/axi_master_0/axi_wfifo_reg_0_15_0_5/RAMA_D1/CLK
High Pulse Width  Slow    RAMD32/CLK          n/a            1.250         4.000       2.750      SLICE_X0Y0      ps/axi_master_0/axi_wfifo_reg_0_15_0_5/RAMB/CLK
High Pulse Width  Slow    RAMD32/CLK          n/a            1.250         4.000       2.750      SLICE_X0Y0      ps/axi_master_0/axi_wfifo_reg_0_15_0_5/RAMB_D1/CLK
High Pulse Width  Slow    RAMD32/CLK          n/a            1.250         4.000       2.750      SLICE_X0Y0      ps/axi_master_0/axi_wfifo_reg_0_15_0_5/RAMC/CLK
High Pulse Width  Slow    RAMD32/CLK          n/a            1.250         4.000       2.750      SLICE_X0Y0      ps/axi_master_0/axi_wfifo_reg_0_15_0_5/RAMC_D1/CLK
High Pulse Width  Slow    RAMS32/CLK          n/a            1.250         4.000       2.750      SLICE_X0Y0      ps/axi_master_0/axi_wfifo_reg_0_15_0_5/RAMD/CLK
High Pulse Width  Slow    RAMS32/CLK          n/a            1.250         4.000       2.750      SLICE_X0Y0      ps/axi_master_0/axi_wfifo_reg_0_15_0_5/RAMD_D1/CLK
High Pulse Width  Slow    RAMD32/CLK          n/a            1.250         4.000       2.750      SLICE_X0Y1      ps/axi_master_0/axi_wfifo_reg_0_15_6_11/RAMA/CLK
High Pulse Width  Slow    RAMD32/CLK          n/a            1.250         4.000       2.750      SLICE_X0Y1      ps/axi_master_0/axi_wfifo_reg_0_15_6_11/RAMA_D1/CLK



---------------------------------------------------------------------------------------------------
From Clock:  pll_dac_clk_1x
  To Clock:  pll_dac_clk_1x

Setup :            0  Failing Endpoints,  Worst Slack        0.592ns,  Total Violation        0.000ns
Hold  :            0  Failing Endpoints,  Worst Slack        0.140ns,  Total Violation        0.000ns
PW    :            0  Failing Endpoints,  Worst Slack        3.500ns,  Total Violation        0.000ns
---------------------------------------------------------------------------------------------------


Max Delay Paths
--------------------------------------------------------------------------------------
Slack (MET) :             0.592ns  (required time - arrival time)
  Source:                 dac_rst_reg/C
                            (rising edge-triggered cell FDRE clocked by pll_dac_clk_1x  {rise@0.000ns fall@4.000ns period=8.000ns})
  Destination:            oddr_dac_dat[1]/R
                            (falling edge-triggered cell ODDR clocked by pll_dac_clk_1x  {rise@0.000ns fall@4.000ns period=8.000ns})
  Path Group:             pll_dac_clk_1x
  Path Type:              Setup (Max at Slow Process Corner)
  Requirement:            4.000ns  (pll_dac_clk_1x fall@4.000ns - pll_dac_clk_1x rise@0.000ns)
  Data Path Delay:        2.453ns  (logic 0.518ns (21.118%)  route 1.935ns (78.882%))
  Logic Levels:           0  
  Clock Path Skew:        -0.089ns (DCD - SCD + CPR)
    Destination Clock Delay (DCD):    5.430ns = ( 9.430 - 4.000 ) 
    Source Clock Delay      (SCD):    5.976ns
    Clock Pessimism Removal (CPR):    0.457ns
  Clock Uncertainty:      0.069ns  ((TSJ^2 + DJ^2)^1/2) / 2 + PE
    Total System Jitter     (TSJ):    0.071ns
    Discrete Jitter          (DJ):    0.118ns
    Phase Error              (PE):    0.000ns

    Location             Delay type                Incr(ns)  Path(ns)    Netlist Resource(s)
  -------------------------------------------------------------------    -------------------
                         (clock pll_dac_clk_1x rise edge)
                                                      0.000     0.000 r  
    U18                                               0.000     0.000 r  adc_clk_i[1] (IN)
                         net (fo=0)                   0.000     0.000    adc_clk_i[1]
    U18                  IBUFDS (Prop_ibufds_I_O)     0.983     0.983 r  i_clk/O
                         net (fo=1, routed)           1.306     2.289    pll/adc_clk_in
    PLLE2_ADV_X0Y0       PLLE2_ADV (Prop_plle2_adv_CLKIN1_CLKOUT1)
                                                      0.089     2.378 r  pll/pll/CLKOUT1
                         net (fo=1, routed)           1.754     4.132    pll_dac_clk_1x
    BUFGCTRL_X0Y2        BUFG (Prop_bufg_I_O)         0.101     4.233 r  bufg_dac_clk_1x/O
                         net (fo=45, routed)          1.743     5.976    dac_clk_1x
    SLICE_X42Y56         FDRE                                         r  dac_rst_reg/C
  -------------------------------------------------------------------    -------------------
    SLICE_X42Y56         FDRE (Prop_fdre_C_Q)         0.518     6.494 r  dac_rst_reg/Q
                         net (fo=17, routed)          1.935     8.429    dac_rst
    OLOGIC_X0Y85         ODDR                                         r  oddr_dac_dat[1]/R
  -------------------------------------------------------------------    -------------------

                         (clock pll_dac_clk_1x fall edge)
                                                      4.000     4.000 f  
    U18                                               0.000     4.000 f  adc_clk_i[1] (IN)
                         net (fo=0)                   0.000     4.000    adc_clk_i[1]
    U18                  IBUFDS (Prop_ibufds_I_O)     0.940     4.940 f  i_clk/O
                         net (fo=1, routed)           1.181     6.121    pll/adc_clk_in
    PLLE2_ADV_X0Y0       PLLE2_ADV (Prop_plle2_adv_CLKIN1_CLKOUT1)
                                                      0.084     6.205 f  pll/pll/CLKOUT1
                         net (fo=1, routed)           1.594     7.799    pll_dac_clk_1x
    BUFGCTRL_X0Y2        BUFG (Prop_bufg_I_O)         0.091     7.890 f  bufg_dac_clk_1x/O
                         net (fo=45, routed)          1.540     9.430    dac_clk_1x
    OLOGIC_X0Y85         ODDR                                         f  oddr_dac_dat[1]/C
                         clock pessimism              0.457     9.888    
                         clock uncertainty           -0.069     9.819    
    OLOGIC_X0Y85         ODDR (Setup_oddr_C_R)       -0.798     9.021    oddr_dac_dat[1]
  -------------------------------------------------------------------
                         required time                          9.021    
                         arrival time                          -8.429    
  -------------------------------------------------------------------
                         slack                                  0.592    

Slack (MET) :             0.654ns  (required time - arrival time)
  Source:                 dac_rst_reg/C
                            (rising edge-triggered cell FDRE clocked by pll_dac_clk_1x  {rise@0.000ns fall@4.000ns period=8.000ns})
  Destination:            oddr_dac_dat[4]/R
                            (falling edge-triggered cell ODDR clocked by pll_dac_clk_1x  {rise@0.000ns fall@4.000ns period=8.000ns})
  Path Group:             pll_dac_clk_1x
  Path Type:              Setup (Max at Slow Process Corner)
  Requirement:            4.000ns  (pll_dac_clk_1x fall@4.000ns - pll_dac_clk_1x rise@0.000ns)
  Data Path Delay:        2.385ns  (logic 0.518ns (21.717%)  route 1.867ns (78.283%))
  Logic Levels:           0  
  Clock Path Skew:        -0.094ns (DCD - SCD + CPR)
    Destination Clock Delay (DCD):    5.425ns = ( 9.425 - 4.000 ) 
    Source Clock Delay      (SCD):    5.976ns
    Clock Pessimism Removal (CPR):    0.457ns
  Clock Uncertainty:      0.069ns  ((TSJ^2 + DJ^2)^1/2) / 2 + PE
    Total System Jitter     (TSJ):    0.071ns
    Discrete Jitter          (DJ):    0.118ns
    Phase Error              (PE):    0.000ns

    Location             Delay type                Incr(ns)  Path(ns)    Netlist Resource(s)
  -------------------------------------------------------------------    -------------------
                         (clock pll_dac_clk_1x rise edge)
                                                      0.000     0.000 r  
    U18                                               0.000     0.000 r  adc_clk_i[1] (IN)
                         net (fo=0)                   0.000     0.000    adc_clk_i[1]
    U18                  IBUFDS (Prop_ibufds_I_O)     0.983     0.983 r  i_clk/O
                         net (fo=1, routed)           1.306     2.289    pll/adc_clk_in
    PLLE2_ADV_X0Y0       PLLE2_ADV (Prop_plle2_adv_CLKIN1_CLKOUT1)
                                                      0.089     2.378 r  pll/pll/CLKOUT1
                         net (fo=1, routed)           1.754     4.132    pll_dac_clk_1x
    BUFGCTRL_X0Y2        BUFG (Prop_bufg_I_O)         0.101     4.233 r  bufg_dac_clk_1x/O
                         net (fo=45, routed)          1.743     5.976    dac_clk_1x
    SLICE_X42Y56         FDRE                                         r  dac_rst_reg/C
  -------------------------------------------------------------------    -------------------
    SLICE_X42Y56         FDRE (Prop_fdre_C_Q)         0.518     6.494 r  dac_rst_reg/Q
                         net (fo=17, routed)          1.867     8.361    dac_rst
    OLOGIC_X0Y80         ODDR                                         r  oddr_dac_dat[4]/R
  -------------------------------------------------------------------    -------------------

                         (clock pll_dac_clk_1x fall edge)
                                                      4.000     4.000 f  
    U18                                               0.000     4.000 f  adc_clk_i[1] (IN)
                         net (fo=0)                   0.000     4.000    adc_clk_i[1]
    U18                  IBUFDS (Prop_ibufds_I_O)     0.940     4.940 f  i_clk/O
                         net (fo=1, routed)           1.181     6.121    pll/adc_clk_in
    PLLE2_ADV_X0Y0       PLLE2_ADV (Prop_plle2_adv_CLKIN1_CLKOUT1)
                                                      0.084     6.205 f  pll/pll/CLKOUT1
                         net (fo=1, routed)           1.594     7.799    pll_dac_clk_1x
    BUFGCTRL_X0Y2        BUFG (Prop_bufg_I_O)         0.091     7.890 f  bufg_dac_clk_1x/O
                         net (fo=45, routed)          1.535     9.425    dac_clk_1x
    OLOGIC_X0Y80         ODDR                                         f  oddr_dac_dat[4]/C
                         clock pessimism              0.457     9.883    
                         clock uncertainty           -0.069     9.814    
    OLOGIC_X0Y80         ODDR (Setup_oddr_C_R)       -0.798     9.016    oddr_dac_dat[4]
  -------------------------------------------------------------------
                         required time                          9.016    
                         arrival time                          -8.361    
  -------------------------------------------------------------------
                         slack                                  0.654    

Slack (MET) :             0.680ns  (required time - arrival time)
  Source:                 dac_rst_reg/C
                            (rising edge-triggered cell FDRE clocked by pll_dac_clk_1x  {rise@0.000ns fall@4.000ns period=8.000ns})
  Destination:            oddr_dac_dat[13]/R
                            (falling edge-triggered cell ODDR clocked by pll_dac_clk_1x  {rise@0.000ns fall@4.000ns period=8.000ns})
  Path Group:             pll_dac_clk_1x
  Path Type:              Setup (Max at Slow Process Corner)
  Requirement:            4.000ns  (pll_dac_clk_1x fall@4.000ns - pll_dac_clk_1x rise@0.000ns)
  Data Path Delay:        2.368ns  (logic 0.518ns (21.875%)  route 1.850ns (78.125%))
  Logic Levels:           0  
  Clock Path Skew:        -0.085ns (DCD - SCD + CPR)
    Destination Clock Delay (DCD):    5.434ns = ( 9.434 - 4.000 ) 
    Source Clock Delay      (SCD):    5.976ns
    Clock Pessimism Removal (CPR):    0.457ns
  Clock Uncertainty:      0.069ns  ((TSJ^2 + DJ^2)^1/2) / 2 + PE
    Total System Jitter     (TSJ):    0.071ns
    Discrete Jitter          (DJ):    0.118ns
    Phase Error              (PE):    0.000ns

    Location             Delay type                Incr(ns)  Path(ns)    Netlist Resource(s)
  -------------------------------------------------------------------    -------------------
                         (clock pll_dac_clk_1x rise edge)
                                                      0.000     0.000 r  
    U18                                               0.000     0.000 r  adc_clk_i[1] (IN)
                         net (fo=0)                   0.000     0.000    adc_clk_i[1]
    U18                  IBUFDS (Prop_ibufds_I_O)     0.983     0.983 r  i_clk/O
                         net (fo=1, routed)           1.306     2.289    pll/adc_clk_in
    PLLE2_ADV_X0Y0       PLLE2_ADV (Prop_plle2_adv_CLKIN1_CLKOUT1)
                                                      0.089     2.378 r  pll/pll/CLKOUT1
                         net (fo=1, routed)           1.754     4.132    pll_dac_clk_1x
    BUFGCTRL_X0Y2        BUFG (Prop_bufg_I_O)         0.101     4.233 r  bufg_dac_clk_1x/O
                         net (fo=45, routed)          1.743     5.976    dac_clk_1x
    SLICE_X42Y56         FDRE                                         r  dac_rst_reg/C
  -------------------------------------------------------------------    -------------------
    SLICE_X42Y56         FDRE (Prop_fdre_C_Q)         0.518     6.494 r  dac_rst_reg/Q
                         net (fo=17, routed)          1.850     8.344    dac_rst
    OLOGIC_X0Y92         ODDR                                         r  oddr_dac_dat[13]/R
  -------------------------------------------------------------------    -------------------

                         (clock pll_dac_clk_1x fall edge)
                                                      4.000     4.000 f  
    U18                                               0.000     4.000 f  adc_clk_i[1] (IN)
                         net (fo=0)                   0.000     4.000    adc_clk_i[1]
    U18                  IBUFDS (Prop_ibufds_I_O)     0.940     4.940 f  i_clk/O
                         net (fo=1, routed)           1.181     6.121    pll/adc_clk_in
    PLLE2_ADV_X0Y0       PLLE2_ADV (Prop_plle2_adv_CLKIN1_CLKOUT1)
                                                      0.084     6.205 f  pll/pll/CLKOUT1
                         net (fo=1, routed)           1.594     7.799    pll_dac_clk_1x
    BUFGCTRL_X0Y2        BUFG (Prop_bufg_I_O)         0.091     7.890 f  bufg_dac_clk_1x/O
                         net (fo=45, routed)          1.544     9.434    dac_clk_1x
    OLOGIC_X0Y92         ODDR                                         f  oddr_dac_dat[13]/C
                         clock pessimism              0.457     9.892    
                         clock uncertainty           -0.069     9.823    
    OLOGIC_X0Y92         ODDR (Setup_oddr_C_R)       -0.798     9.025    oddr_dac_dat[13]
  -------------------------------------------------------------------
                         required time                          9.025    
                         arrival time                          -8.344    
  -------------------------------------------------------------------
                         slack                                  0.680    

Slack (MET) :             0.685ns  (required time - arrival time)
  Source:                 dac_rst_reg/C
                            (rising edge-triggered cell FDRE clocked by pll_dac_clk_1x  {rise@0.000ns fall@4.000ns period=8.000ns})
  Destination:            oddr_dac_dat[2]/R
                            (falling edge-triggered cell ODDR clocked by pll_dac_clk_1x  {rise@0.000ns fall@4.000ns period=8.000ns})
  Path Group:             pll_dac_clk_1x
  Path Type:              Setup (Max at Slow Process Corner)
  Requirement:            4.000ns  (pll_dac_clk_1x fall@4.000ns - pll_dac_clk_1x rise@0.000ns)
  Data Path Delay:        2.358ns  (logic 0.518ns (21.970%)  route 1.840ns (78.030%))
  Logic Levels:           0  
  Clock Path Skew:        -0.091ns (DCD - SCD + CPR)
    Destination Clock Delay (DCD):    5.428ns = ( 9.428 - 4.000 ) 
    Source Clock Delay      (SCD):    5.976ns
    Clock Pessimism Removal (CPR):    0.457ns
  Clock Uncertainty:      0.069ns  ((TSJ^2 + DJ^2)^1/2) / 2 + PE
    Total System Jitter     (TSJ):    0.071ns
    Discrete Jitter          (DJ):    0.118ns
    Phase Error              (PE):    0.000ns

    Location             Delay type                Incr(ns)  Path(ns)    Netlist Resource(s)
  -------------------------------------------------------------------    -------------------
                         (clock pll_dac_clk_1x rise edge)
                                                      0.000     0.000 r  
    U18                                               0.000     0.000 r  adc_clk_i[1] (IN)
                         net (fo=0)                   0.000     0.000    adc_clk_i[1]
    U18                  IBUFDS (Prop_ibufds_I_O)     0.983     0.983 r  i_clk/O
                         net (fo=1, routed)           1.306     2.289    pll/adc_clk_in
    PLLE2_ADV_X0Y0       PLLE2_ADV (Prop_plle2_adv_CLKIN1_CLKOUT1)
                                                      0.089     2.378 r  pll/pll/CLKOUT1
                         net (fo=1, routed)           1.754     4.132    pll_dac_clk_1x
    BUFGCTRL_X0Y2        BUFG (Prop_bufg_I_O)         0.101     4.233 r  bufg_dac_clk_1x/O
                         net (fo=45, routed)          1.743     5.976    dac_clk_1x
    SLICE_X42Y56         FDRE                                         r  dac_rst_reg/C
  -------------------------------------------------------------------    -------------------
    SLICE_X42Y56         FDRE (Prop_fdre_C_Q)         0.518     6.494 r  dac_rst_reg/Q
                         net (fo=17, routed)          1.840     8.334    dac_rst
    OLOGIC_X0Y82         ODDR                                         r  oddr_dac_dat[2]/R
  -------------------------------------------------------------------    -------------------

                         (clock pll_dac_clk_1x fall edge)
                                                      4.000     4.000 f  
    U18                                               0.000     4.000 f  adc_clk_i[1] (IN)
                         net (fo=0)                   0.000     4.000    adc_clk_i[1]
    U18                  IBUFDS (Prop_ibufds_I_O)     0.940     4.940 f  i_clk/O
                         net (fo=1, routed)           1.181     6.121    pll/adc_clk_in
    PLLE2_ADV_X0Y0       PLLE2_ADV (Prop_plle2_adv_CLKIN1_CLKOUT1)
                                                      0.084     6.205 f  pll/pll/CLKOUT1
                         net (fo=1, routed)           1.594     7.799    pll_dac_clk_1x
    BUFGCTRL_X0Y2        BUFG (Prop_bufg_I_O)         0.091     7.890 f  bufg_dac_clk_1x/O
                         net (fo=45, routed)          1.538     9.428    dac_clk_1x
    OLOGIC_X0Y82         ODDR                                         f  oddr_dac_dat[2]/C
                         clock pessimism              0.457     9.886    
                         clock uncertainty           -0.069     9.817    
    OLOGIC_X0Y82         ODDR (Setup_oddr_C_R)       -0.798     9.019    oddr_dac_dat[2]
  -------------------------------------------------------------------
                         required time                          9.019    
                         arrival time                          -8.334    
  -------------------------------------------------------------------
                         slack                                  0.685    

Slack (MET) :             0.687ns  (required time - arrival time)
  Source:                 dac_rst_reg/C
                            (rising edge-triggered cell FDRE clocked by pll_dac_clk_1x  {rise@0.000ns fall@4.000ns period=8.000ns})
  Destination:            oddr_dac_dat[3]/R
                            (falling edge-triggered cell ODDR clocked by pll_dac_clk_1x  {rise@0.000ns fall@4.000ns period=8.000ns})
  Path Group:             pll_dac_clk_1x
  Path Type:              Setup (Max at Slow Process Corner)
  Requirement:            4.000ns  (pll_dac_clk_1x fall@4.000ns - pll_dac_clk_1x rise@0.000ns)
  Data Path Delay:        2.355ns  (logic 0.518ns (21.993%)  route 1.837ns (78.007%))
  Logic Levels:           0  
  Clock Path Skew:        -0.091ns (DCD - SCD + CPR)
    Destination Clock Delay (DCD):    5.428ns = ( 9.428 - 4.000 ) 
    Source Clock Delay      (SCD):    5.976ns
    Clock Pessimism Removal (CPR):    0.457ns
  Clock Uncertainty:      0.069ns  ((TSJ^2 + DJ^2)^1/2) / 2 + PE
    Total System Jitter     (TSJ):    0.071ns
    Discrete Jitter          (DJ):    0.118ns
    Phase Error              (PE):    0.000ns

    Location             Delay type                Incr(ns)  Path(ns)    Netlist Resource(s)
  -------------------------------------------------------------------    -------------------
                         (clock pll_dac_clk_1x rise edge)
                                                      0.000     0.000 r  
    U18                                               0.000     0.000 r  adc_clk_i[1] (IN)
                         net (fo=0)                   0.000     0.000    adc_clk_i[1]
    U18                  IBUFDS (Prop_ibufds_I_O)     0.983     0.983 r  i_clk/O
                         net (fo=1, routed)           1.306     2.289    pll/adc_clk_in
    PLLE2_ADV_X0Y0       PLLE2_ADV (Prop_plle2_adv_CLKIN1_CLKOUT1)
                                                      0.089     2.378 r  pll/pll/CLKOUT1
                         net (fo=1, routed)           1.754     4.132    pll_dac_clk_1x
    BUFGCTRL_X0Y2        BUFG (Prop_bufg_I_O)         0.101     4.233 r  bufg_dac_clk_1x/O
                         net (fo=45, routed)          1.743     5.976    dac_clk_1x
    SLICE_X42Y56         FDRE                                         r  dac_rst_reg/C
  -------------------------------------------------------------------    -------------------
    SLICE_X42Y56         FDRE (Prop_fdre_C_Q)         0.518     6.494 r  dac_rst_reg/Q
                         net (fo=17, routed)          1.837     8.331    dac_rst
    OLOGIC_X0Y81         ODDR                                         r  oddr_dac_dat[3]/R
  -------------------------------------------------------------------    -------------------

                         (clock pll_dac_clk_1x fall edge)
                                                      4.000     4.000 f  
    U18                                               0.000     4.000 f  adc_clk_i[1] (IN)
                         net (fo=0)                   0.000     4.000    adc_clk_i[1]
    U18                  IBUFDS (Prop_ibufds_I_O)     0.940     4.940 f  i_clk/O
                         net (fo=1, routed)           1.181     6.121    pll/adc_clk_in
    PLLE2_ADV_X0Y0       PLLE2_ADV (Prop_plle2_adv_CLKIN1_CLKOUT1)
                                                      0.084     6.205 f  pll/pll/CLKOUT1
                         net (fo=1, routed)           1.594     7.799    pll_dac_clk_1x
    BUFGCTRL_X0Y2        BUFG (Prop_bufg_I_O)         0.091     7.890 f  bufg_dac_clk_1x/O
                         net (fo=45, routed)          1.538     9.428    dac_clk_1x
    OLOGIC_X0Y81         ODDR                                         f  oddr_dac_dat[3]/C
                         clock pessimism              0.457     9.886    
                         clock uncertainty           -0.069     9.817    
    OLOGIC_X0Y81         ODDR (Setup_oddr_C_R)       -0.798     9.019    oddr_dac_dat[3]
  -------------------------------------------------------------------
                         required time                          9.019    
                         arrival time                          -8.331    
  -------------------------------------------------------------------
                         slack                                  0.687    

Slack (MET) :             0.691ns  (required time - arrival time)
  Source:                 dac_rst_reg/C
                            (rising edge-triggered cell FDRE clocked by pll_dac_clk_1x  {rise@0.000ns fall@4.000ns period=8.000ns})
  Destination:            oddr_dac_dat[5]/R
                            (falling edge-triggered cell ODDR clocked by pll_dac_clk_1x  {rise@0.000ns fall@4.000ns period=8.000ns})
  Path Group:             pll_dac_clk_1x
  Path Type:              Setup (Max at Slow Process Corner)
  Requirement:            4.000ns  (pll_dac_clk_1x fall@4.000ns - pll_dac_clk_1x rise@0.000ns)
  Data Path Delay:        2.348ns  (logic 0.518ns (22.060%)  route 1.830ns (77.940%))
  Logic Levels:           0  
  Clock Path Skew:        -0.094ns (DCD - SCD + CPR)
    Destination Clock Delay (DCD):    5.425ns = ( 9.425 - 4.000 ) 
    Source Clock Delay      (SCD):    5.976ns
    Clock Pessimism Removal (CPR):    0.457ns
  Clock Uncertainty:      0.069ns  ((TSJ^2 + DJ^2)^1/2) / 2 + PE
    Total System Jitter     (TSJ):    0.071ns
    Discrete Jitter          (DJ):    0.118ns
    Phase Error              (PE):    0.000ns

    Location             Delay type                Incr(ns)  Path(ns)    Netlist Resource(s)
  -------------------------------------------------------------------    -------------------
                         (clock pll_dac_clk_1x rise edge)
                                                      0.000     0.000 r  
    U18                                               0.000     0.000 r  adc_clk_i[1] (IN)
                         net (fo=0)                   0.000     0.000    adc_clk_i[1]
    U18                  IBUFDS (Prop_ibufds_I_O)     0.983     0.983 r  i_clk/O
                         net (fo=1, routed)           1.306     2.289    pll/adc_clk_in
    PLLE2_ADV_X0Y0       PLLE2_ADV (Prop_plle2_adv_CLKIN1_CLKOUT1)
                                                      0.089     2.378 r  pll/pll/CLKOUT1
                         net (fo=1, routed)           1.754     4.132    pll_dac_clk_1x
    BUFGCTRL_X0Y2        BUFG (Prop_bufg_I_O)         0.101     4.233 r  bufg_dac_clk_1x/O
                         net (fo=45, routed)          1.743     5.976    dac_clk_1x
    SLICE_X42Y56         FDRE                                         r  dac_rst_reg/C
  -------------------------------------------------------------------    -------------------
    SLICE_X42Y56         FDRE (Prop_fdre_C_Q)         0.518     6.494 r  dac_rst_reg/Q
                         net (fo=17, routed)          1.830     8.324    dac_rst
    OLOGIC_X0Y79         ODDR                                         r  oddr_dac_dat[5]/R
  -------------------------------------------------------------------    -------------------

                         (clock pll_dac_clk_1x fall edge)
                                                      4.000     4.000 f  
    U18                                               0.000     4.000 f  adc_clk_i[1] (IN)
                         net (fo=0)                   0.000     4.000    adc_clk_i[1]
    U18                  IBUFDS (Prop_ibufds_I_O)     0.940     4.940 f  i_clk/O
                         net (fo=1, routed)           1.181     6.121    pll/adc_clk_in
    PLLE2_ADV_X0Y0       PLLE2_ADV (Prop_plle2_adv_CLKIN1_CLKOUT1)
                                                      0.084     6.205 f  pll/pll/CLKOUT1
                         net (fo=1, routed)           1.594     7.799    pll_dac_clk_1x
    BUFGCTRL_X0Y2        BUFG (Prop_bufg_I_O)         0.091     7.890 f  bufg_dac_clk_1x/O
                         net (fo=45, routed)          1.535     9.425    dac_clk_1x
    OLOGIC_X0Y79         ODDR                                         f  oddr_dac_dat[5]/C
                         clock pessimism              0.457     9.883    
                         clock uncertainty           -0.069     9.814    
    OLOGIC_X0Y79         ODDR (Setup_oddr_C_R)       -0.798     9.016    oddr_dac_dat[5]
  -------------------------------------------------------------------
                         required time                          9.016    
                         arrival time                          -8.324    
  -------------------------------------------------------------------
                         slack                                  0.691    

Slack (MET) :             0.758ns  (required time - arrival time)
  Source:                 dac_rst_reg/C
                            (rising edge-triggered cell FDRE clocked by pll_dac_clk_1x  {rise@0.000ns fall@4.000ns period=8.000ns})
  Destination:            oddr_dac_dat[12]/R
                            (falling edge-triggered cell ODDR clocked by pll_dac_clk_1x  {rise@0.000ns fall@4.000ns period=8.000ns})
  Path Group:             pll_dac_clk_1x
  Path Type:              Setup (Max at Slow Process Corner)
  Requirement:            4.000ns  (pll_dac_clk_1x fall@4.000ns - pll_dac_clk_1x rise@0.000ns)
  Data Path Delay:        2.290ns  (logic 0.518ns (22.619%)  route 1.772ns (77.381%))
  Logic Levels:           0  
  Clock Path Skew:        -0.085ns (DCD - SCD + CPR)
    Destination Clock Delay (DCD):    5.434ns = ( 9.434 - 4.000 ) 
    Source Clock Delay      (SCD):    5.976ns
    Clock Pessimism Removal (CPR):    0.457ns
  Clock Uncertainty:      0.069ns  ((TSJ^2 + DJ^2)^1/2) / 2 + PE
    Total System Jitter     (TSJ):    0.071ns
    Discrete Jitter          (DJ):    0.118ns
    Phase Error              (PE):    0.000ns

    Location             Delay type                Incr(ns)  Path(ns)    Netlist Resource(s)
  -------------------------------------------------------------------    -------------------
                         (clock pll_dac_clk_1x rise edge)
                                                      0.000     0.000 r  
    U18                                               0.000     0.000 r  adc_clk_i[1] (IN)
                         net (fo=0)                   0.000     0.000    adc_clk_i[1]
    U18                  IBUFDS (Prop_ibufds_I_O)     0.983     0.983 r  i_clk/O
                         net (fo=1, routed)           1.306     2.289    pll/adc_clk_in
    PLLE2_ADV_X0Y0       PLLE2_ADV (Prop_plle2_adv_CLKIN1_CLKOUT1)
                                                      0.089     2.378 r  pll/pll/CLKOUT1
                         net (fo=1, routed)           1.754     4.132    pll_dac_clk_1x
    BUFGCTRL_X0Y2        BUFG (Prop_bufg_I_O)         0.101     4.233 r  bufg_dac_clk_1x/O
                         net (fo=45, routed)          1.743     5.976    dac_clk_1x
    SLICE_X42Y56         FDRE                                         r  dac_rst_reg/C
  -------------------------------------------------------------------    -------------------
    SLICE_X42Y56         FDRE (Prop_fdre_C_Q)         0.518     6.494 r  dac_rst_reg/Q
                         net (fo=17, routed)          1.772     8.266    dac_rst
    OLOGIC_X0Y91         ODDR                                         r  oddr_dac_dat[12]/R
  -------------------------------------------------------------------    -------------------

                         (clock pll_dac_clk_1x fall edge)
                                                      4.000     4.000 f  
    U18                                               0.000     4.000 f  adc_clk_i[1] (IN)
                         net (fo=0)                   0.000     4.000    adc_clk_i[1]
    U18                  IBUFDS (Prop_ibufds_I_O)     0.940     4.940 f  i_clk/O
                         net (fo=1, routed)           1.181     6.121    pll/adc_clk_in
    PLLE2_ADV_X0Y0       PLLE2_ADV (Prop_plle2_adv_CLKIN1_CLKOUT1)
                                                      0.084     6.205 f  pll/pll/CLKOUT1
                         net (fo=1, routed)           1.594     7.799    pll_dac_clk_1x
    BUFGCTRL_X0Y2        BUFG (Prop_bufg_I_O)         0.091     7.890 f  bufg_dac_clk_1x/O
                         net (fo=45, routed)          1.544     9.434    dac_clk_1x
    OLOGIC_X0Y91         ODDR                                         f  oddr_dac_dat[12]/C
                         clock pessimism              0.457     9.892    
                         clock uncertainty           -0.069     9.823    
    OLOGIC_X0Y91         ODDR (Setup_oddr_C_R)       -0.798     9.025    oddr_dac_dat[12]
  -------------------------------------------------------------------
                         required time                          9.025    
                         arrival time                          -8.266    
  -------------------------------------------------------------------
                         slack                                  0.758    

Slack (MET) :             0.764ns  (required time - arrival time)
  Source:                 dac_rst_reg/C
                            (rising edge-triggered cell FDRE clocked by pll_dac_clk_1x  {rise@0.000ns fall@4.000ns period=8.000ns})
  Destination:            oddr_dac_dat[6]/R
                            (falling edge-triggered cell ODDR clocked by pll_dac_clk_1x  {rise@0.000ns fall@4.000ns period=8.000ns})
  Path Group:             pll_dac_clk_1x
  Path Type:              Setup (Max at Slow Process Corner)
  Requirement:            4.000ns  (pll_dac_clk_1x fall@4.000ns - pll_dac_clk_1x rise@0.000ns)
  Data Path Delay:        2.279ns  (logic 0.518ns (22.725%)  route 1.761ns (77.275%))
  Logic Levels:           0  
  Clock Path Skew:        -0.090ns (DCD - SCD + CPR)
    Destination Clock Delay (DCD):    5.429ns = ( 9.429 - 4.000 ) 
    Source Clock Delay      (SCD):    5.976ns
    Clock Pessimism Removal (CPR):    0.457ns
  Clock Uncertainty:      0.069ns  ((TSJ^2 + DJ^2)^1/2) / 2 + PE
    Total System Jitter     (TSJ):    0.071ns
    Discrete Jitter          (DJ):    0.118ns
    Phase Error              (PE):    0.000ns

    Location             Delay type                Incr(ns)  Path(ns)    Netlist Resource(s)
  -------------------------------------------------------------------    -------------------
                         (clock pll_dac_clk_1x rise edge)
                                                      0.000     0.000 r  
    U18                                               0.000     0.000 r  adc_clk_i[1] (IN)
                         net (fo=0)                   0.000     0.000    adc_clk_i[1]
    U18                  IBUFDS (Prop_ibufds_I_O)     0.983     0.983 r  i_clk/O
                         net (fo=1, routed)           1.306     2.289    pll/adc_clk_in
    PLLE2_ADV_X0Y0       PLLE2_ADV (Prop_plle2_adv_CLKIN1_CLKOUT1)
                                                      0.089     2.378 r  pll/pll/CLKOUT1
                         net (fo=1, routed)           1.754     4.132    pll_dac_clk_1x
    BUFGCTRL_X0Y2        BUFG (Prop_bufg_I_O)         0.101     4.233 r  bufg_dac_clk_1x/O
                         net (fo=45, routed)          1.743     5.976    dac_clk_1x
    SLICE_X42Y56         FDRE                                         r  dac_rst_reg/C
  -------------------------------------------------------------------    -------------------
    SLICE_X42Y56         FDRE (Prop_fdre_C_Q)         0.518     6.494 r  dac_rst_reg/Q
                         net (fo=17, routed)          1.761     8.256    dac_rst
    OLOGIC_X0Y66         ODDR                                         r  oddr_dac_dat[6]/R
  -------------------------------------------------------------------    -------------------

                         (clock pll_dac_clk_1x fall edge)
                                                      4.000     4.000 f  
    U18                                               0.000     4.000 f  adc_clk_i[1] (IN)
                         net (fo=0)                   0.000     4.000    adc_clk_i[1]
    U18                  IBUFDS (Prop_ibufds_I_O)     0.940     4.940 f  i_clk/O
                         net (fo=1, routed)           1.181     6.121    pll/adc_clk_in
    PLLE2_ADV_X0Y0       PLLE2_ADV (Prop_plle2_adv_CLKIN1_CLKOUT1)
                                                      0.084     6.205 f  pll/pll/CLKOUT1
                         net (fo=1, routed)           1.594     7.799    pll_dac_clk_1x
    BUFGCTRL_X0Y2        BUFG (Prop_bufg_I_O)         0.091     7.890 f  bufg_dac_clk_1x/O
                         net (fo=45, routed)          1.539     9.429    dac_clk_1x
    OLOGIC_X0Y66         ODDR                                         f  oddr_dac_dat[6]/C
                         clock pessimism              0.457     9.887    
                         clock uncertainty           -0.069     9.818    
    OLOGIC_X0Y66         ODDR (Setup_oddr_C_R)       -0.798     9.020    oddr_dac_dat[6]
  -------------------------------------------------------------------
                         required time                          9.020    
                         arrival time                          -8.256    
  -------------------------------------------------------------------
                         slack                                  0.764    

Slack (MET) :             0.869ns  (required time - arrival time)
  Source:                 dac_rst_reg/C
                            (rising edge-triggered cell FDRE clocked by pll_dac_clk_1x  {rise@0.000ns fall@4.000ns period=8.000ns})
  Destination:            oddr_dac_dat[11]/R
                            (falling edge-triggered cell ODDR clocked by pll_dac_clk_1x  {rise@0.000ns fall@4.000ns period=8.000ns})
  Path Group:             pll_dac_clk_1x
  Path Type:              Setup (Max at Slow Process Corner)
  Requirement:            4.000ns  (pll_dac_clk_1x fall@4.000ns - pll_dac_clk_1x rise@0.000ns)
  Data Path Delay:        2.170ns  (logic 0.518ns (23.871%)  route 1.652ns (76.129%))
  Logic Levels:           0  
  Clock Path Skew:        -0.094ns (DCD - SCD + CPR)
    Destination Clock Delay (DCD):    5.425ns = ( 9.425 - 4.000 ) 
    Source Clock Delay      (SCD):    5.976ns
    Clock Pessimism Removal (CPR):    0.457ns
  Clock Uncertainty:      0.069ns  ((TSJ^2 + DJ^2)^1/2) / 2 + PE
    Total System Jitter     (TSJ):    0.071ns
    Discrete Jitter          (DJ):    0.118ns
    Phase Error              (PE):    0.000ns

    Location             Delay type                Incr(ns)  Path(ns)    Netlist Resource(s)
  -------------------------------------------------------------------    -------------------
                         (clock pll_dac_clk_1x rise edge)
                                                      0.000     0.000 r  
    U18                                               0.000     0.000 r  adc_clk_i[1] (IN)
                         net (fo=0)                   0.000     0.000    adc_clk_i[1]
    U18                  IBUFDS (Prop_ibufds_I_O)     0.983     0.983 r  i_clk/O
                         net (fo=1, routed)           1.306     2.289    pll/adc_clk_in
    PLLE2_ADV_X0Y0       PLLE2_ADV (Prop_plle2_adv_CLKIN1_CLKOUT1)
                                                      0.089     2.378 r  pll/pll/CLKOUT1
                         net (fo=1, routed)           1.754     4.132    pll_dac_clk_1x
    BUFGCTRL_X0Y2        BUFG (Prop_bufg_I_O)         0.101     4.233 r  bufg_dac_clk_1x/O
                         net (fo=45, routed)          1.743     5.976    dac_clk_1x
    SLICE_X42Y56         FDRE                                         r  dac_rst_reg/C
  -------------------------------------------------------------------    -------------------
    SLICE_X42Y56         FDRE (Prop_fdre_C_Q)         0.518     6.494 r  dac_rst_reg/Q
                         net (fo=17, routed)          1.652     8.146    dac_rst
    OLOGIC_X0Y69         ODDR                                         r  oddr_dac_dat[11]/R
  -------------------------------------------------------------------    -------------------

                         (clock pll_dac_clk_1x fall edge)
                                                      4.000     4.000 f  
    U18                                               0.000     4.000 f  adc_clk_i[1] (IN)
                         net (fo=0)                   0.000     4.000    adc_clk_i[1]
    U18                  IBUFDS (Prop_ibufds_I_O)     0.940     4.940 f  i_clk/O
                         net (fo=1, routed)           1.181     6.121    pll/adc_clk_in
    PLLE2_ADV_X0Y0       PLLE2_ADV (Prop_plle2_adv_CLKIN1_CLKOUT1)
                                                      0.084     6.205 f  pll/pll/CLKOUT1
                         net (fo=1, routed)           1.594     7.799    pll_dac_clk_1x
    BUFGCTRL_X0Y2        BUFG (Prop_bufg_I_O)         0.091     7.890 f  bufg_dac_clk_1x/O
                         net (fo=45, routed)          1.535     9.425    dac_clk_1x
    OLOGIC_X0Y69         ODDR                                         f  oddr_dac_dat[11]/C
                         clock pessimism              0.457     9.883    
                         clock uncertainty           -0.069     9.814    
    OLOGIC_X0Y69         ODDR (Setup_oddr_C_R)       -0.798     9.016    oddr_dac_dat[11]
  -------------------------------------------------------------------
                         required time                          9.016    
                         arrival time                          -8.146    
  -------------------------------------------------------------------
                         slack                                  0.869    

Slack (MET) :             0.882ns  (required time - arrival time)
  Source:                 dac_rst_reg/C
                            (rising edge-triggered cell FDRE clocked by pll_dac_clk_1x  {rise@0.000ns fall@4.000ns period=8.000ns})
  Destination:            oddr_dac_dat[10]/R
                            (falling edge-triggered cell ODDR clocked by pll_dac_clk_1x  {rise@0.000ns fall@4.000ns period=8.000ns})
  Path Group:             pll_dac_clk_1x
  Path Type:              Setup (Max at Slow Process Corner)
  Requirement:            4.000ns  (pll_dac_clk_1x fall@4.000ns - pll_dac_clk_1x rise@0.000ns)
  Data Path Delay:        2.157ns  (logic 0.518ns (24.009%)  route 1.639ns (75.991%))
  Logic Levels:           0  
  Clock Path Skew:        -0.094ns (DCD - SCD + CPR)
    Destination Clock Delay (DCD):    5.425ns = ( 9.425 - 4.000 ) 
    Source Clock Delay      (SCD):    5.976ns
    Clock Pessimism Removal (CPR):    0.457ns
  Clock Uncertainty:      0.069ns  ((TSJ^2 + DJ^2)^1/2) / 2 + PE
    Total System Jitter     (TSJ):    0.071ns
    Discrete Jitter          (DJ):    0.118ns
    Phase Error              (PE):    0.000ns

    Location             Delay type                Incr(ns)  Path(ns)    Netlist Resource(s)
  -------------------------------------------------------------------    -------------------
                         (clock pll_dac_clk_1x rise edge)
                                                      0.000     0.000 r  
    U18                                               0.000     0.000 r  adc_clk_i[1] (IN)
                         net (fo=0)                   0.000     0.000    adc_clk_i[1]
    U18                  IBUFDS (Prop_ibufds_I_O)     0.983     0.983 r  i_clk/O
                         net (fo=1, routed)           1.306     2.289    pll/adc_clk_in
    PLLE2_ADV_X0Y0       PLLE2_ADV (Prop_plle2_adv_CLKIN1_CLKOUT1)
                                                      0.089     2.378 r  pll/pll/CLKOUT1
                         net (fo=1, routed)           1.754     4.132    pll_dac_clk_1x
    BUFGCTRL_X0Y2        BUFG (Prop_bufg_I_O)         0.101     4.233 r  bufg_dac_clk_1x/O
                         net (fo=45, routed)          1.743     5.976    dac_clk_1x
    SLICE_X42Y56         FDRE                                         r  dac_rst_reg/C
  -------------------------------------------------------------------    -------------------
    SLICE_X42Y56         FDRE (Prop_fdre_C_Q)         0.518     6.494 r  dac_rst_reg/Q
                         net (fo=17, routed)          1.639     8.134    dac_rst
    OLOGIC_X0Y70         ODDR                                         r  oddr_dac_dat[10]/R
  -------------------------------------------------------------------    -------------------

                         (clock pll_dac_clk_1x fall edge)
                                                      4.000     4.000 f  
    U18                                               0.000     4.000 f  adc_clk_i[1] (IN)
                         net (fo=0)                   0.000     4.000    adc_clk_i[1]
    U18                  IBUFDS (Prop_ibufds_I_O)     0.940     4.940 f  i_clk/O
                         net (fo=1, routed)           1.181     6.121    pll/adc_clk_in
    PLLE2_ADV_X0Y0       PLLE2_ADV (Prop_plle2_adv_CLKIN1_CLKOUT1)
                                                      0.084     6.205 f  pll/pll/CLKOUT1
                         net (fo=1, routed)           1.594     7.799    pll_dac_clk_1x
    BUFGCTRL_X0Y2        BUFG (Prop_bufg_I_O)         0.091     7.890 f  bufg_dac_clk_1x/O
                         net (fo=45, routed)          1.535     9.425    dac_clk_1x
    OLOGIC_X0Y70         ODDR                                         f  oddr_dac_dat[10]/C
                         clock pessimism              0.457     9.883    
                         clock uncertainty           -0.069     9.814    
    OLOGIC_X0Y70         ODDR (Setup_oddr_C_R)       -0.798     9.016    oddr_dac_dat[10]
  -------------------------------------------------------------------
                         required time                          9.016    
                         arrival time                          -8.134    
  -------------------------------------------------------------------
                         slack                                  0.882    





Min Delay Paths
--------------------------------------------------------------------------------------
Slack (MET) :             0.140ns  (arrival time - required time)
  Source:                 dac_rst_reg/C
                            (rising edge-triggered cell FDRE clocked by pll_dac_clk_1x  {rise@0.000ns fall@4.000ns period=8.000ns})
  Destination:            oddr_dac_sel/R
                            (rising edge-triggered cell ODDR clocked by pll_dac_clk_1x  {rise@0.000ns fall@4.000ns period=8.000ns})
  Path Group:             pll_dac_clk_1x
  Path Type:              Hold (Min at Fast Process Corner)
  Requirement:            0.000ns  (pll_dac_clk_1x rise@0.000ns - pll_dac_clk_1x rise@0.000ns)
  Data Path Delay:        0.645ns  (logic 0.164ns (25.408%)  route 0.481ns (74.592%))
  Logic Levels:           0  
  Clock Path Skew:        0.029ns (DCD - SCD - CPR)
    Destination Clock Delay (DCD):    2.394ns
    Source Clock Delay      (SCD):    2.005ns
    Clock Pessimism Removal (CPR):    0.360ns

    Location             Delay type                Incr(ns)  Path(ns)    Netlist Resource(s)
  -------------------------------------------------------------------    -------------------
                         (clock pll_dac_clk_1x rise edge)
                                                      0.000     0.000 r  
    U18                                               0.000     0.000 r  adc_clk_i[1] (IN)
                         net (fo=0)                   0.000     0.000    adc_clk_i[1]
    U18                  IBUFDS (Prop_ibufds_I_O)     0.401     0.401 r  i_clk/O
                         net (fo=1, routed)           0.440     0.842    pll/adc_clk_in
    PLLE2_ADV_X0Y0       PLLE2_ADV (Prop_plle2_adv_CLKIN1_CLKOUT1)
                                                      0.051     0.893 r  pll/pll/CLKOUT1
                         net (fo=1, routed)           0.497     1.390    pll_dac_clk_1x
    BUFGCTRL_X0Y2        BUFG (Prop_bufg_I_O)         0.026     1.416 r  bufg_dac_clk_1x/O
                         net (fo=45, routed)          0.590     2.005    dac_clk_1x
    SLICE_X42Y56         FDRE                                         r  dac_rst_reg/C
  -------------------------------------------------------------------    -------------------
    SLICE_X42Y56         FDRE (Prop_fdre_C_Q)         0.164     2.169 r  dac_rst_reg/Q
                         net (fo=17, routed)          0.481     2.651    dac_rst
    OLOGIC_X0Y57         ODDR                                         r  oddr_dac_sel/R
  -------------------------------------------------------------------    -------------------

                         (clock pll_dac_clk_1x rise edge)
                                                      0.000     0.000 r  
    U18                                               0.000     0.000 r  adc_clk_i[1] (IN)
                         net (fo=0)                   0.000     0.000    adc_clk_i[1]
    U18                  IBUFDS (Prop_ibufds_I_O)     0.433     0.433 r  i_clk/O
                         net (fo=1, routed)           0.481     0.914    pll/adc_clk_in
    PLLE2_ADV_X0Y0       PLLE2_ADV (Prop_plle2_adv_CLKIN1_CLKOUT1)
                                                      0.054     0.968 r  pll/pll/CLKOUT1
                         net (fo=1, routed)           0.544     1.512    pll_dac_clk_1x
    BUFGCTRL_X0Y2        BUFG (Prop_bufg_I_O)         0.029     1.541 r  bufg_dac_clk_1x/O
                         net (fo=45, routed)          0.853     2.394    dac_clk_1x
    OLOGIC_X0Y57         ODDR                                         r  oddr_dac_sel/C
                         clock pessimism             -0.360     2.034    
    OLOGIC_X0Y57         ODDR (Hold_oddr_C_R)         0.476     2.510    oddr_dac_sel
  -------------------------------------------------------------------
                         required time                         -2.510    
                         arrival time                           2.651    
  -------------------------------------------------------------------
                         slack                                  0.140    

Slack (MET) :             0.237ns  (arrival time - required time)
  Source:                 dac_rst_reg/C
                            (rising edge-triggered cell FDRE clocked by pll_dac_clk_1x  {rise@0.000ns fall@4.000ns period=8.000ns})
  Destination:            oddr_dac_dat[0]/R
                            (rising edge-triggered cell ODDR clocked by pll_dac_clk_1x  {rise@0.000ns fall@4.000ns period=8.000ns})
  Path Group:             pll_dac_clk_1x
  Path Type:              Hold (Min at Fast Process Corner)
  Requirement:            0.000ns  (pll_dac_clk_1x rise@0.000ns - pll_dac_clk_1x rise@0.000ns)
  Data Path Delay:        0.740ns  (logic 0.164ns (22.148%)  route 0.576ns (77.852%))
  Logic Levels:           0  
  Clock Path Skew:        0.027ns (DCD - SCD - CPR)
    Destination Clock Delay (DCD):    2.392ns
    Source Clock Delay      (SCD):    2.005ns
    Clock Pessimism Removal (CPR):    0.360ns

    Location             Delay type                Incr(ns)  Path(ns)    Netlist Resource(s)
  -------------------------------------------------------------------    -------------------
                         (clock pll_dac_clk_1x rise edge)
                                                      0.000     0.000 r  
    U18                                               0.000     0.000 r  adc_clk_i[1] (IN)
                         net (fo=0)                   0.000     0.000    adc_clk_i[1]
    U18                  IBUFDS (Prop_ibufds_I_O)     0.401     0.401 r  i_clk/O
                         net (fo=1, routed)           0.440     0.842    pll/adc_clk_in
    PLLE2_ADV_X0Y0       PLLE2_ADV (Prop_plle2_adv_CLKIN1_CLKOUT1)
                                                      0.051     0.893 r  pll/pll/CLKOUT1
                         net (fo=1, routed)           0.497     1.390    pll_dac_clk_1x
    BUFGCTRL_X0Y2        BUFG (Prop_bufg_I_O)         0.026     1.416 r  bufg_dac_clk_1x/O
                         net (fo=45, routed)          0.590     2.005    dac_clk_1x
    SLICE_X42Y56         FDRE                                         r  dac_rst_reg/C
  -------------------------------------------------------------------    -------------------
    SLICE_X42Y56         FDRE (Prop_fdre_C_Q)         0.164     2.169 r  dac_rst_reg/Q
                         net (fo=17, routed)          0.576     2.746    dac_rst
    OLOGIC_X0Y86         ODDR                                         r  oddr_dac_dat[0]/R
  -------------------------------------------------------------------    -------------------

                         (clock pll_dac_clk_1x rise edge)
                                                      0.000     0.000 r  
    U18                                               0.000     0.000 r  adc_clk_i[1] (IN)
                         net (fo=0)                   0.000     0.000    adc_clk_i[1]
    U18                  IBUFDS (Prop_ibufds_I_O)     0.433     0.433 r  i_clk/O
                         net (fo=1, routed)           0.481     0.914    pll/adc_clk_in
    PLLE2_ADV_X0Y0       PLLE2_ADV (Prop_plle2_adv_CLKIN1_CLKOUT1)
                                                      0.054     0.968 r  pll/pll/CLKOUT1
                         net (fo=1, routed)           0.544     1.512    pll_dac_clk_1x
    BUFGCTRL_X0Y2        BUFG (Prop_bufg_I_O)         0.029     1.541 r  bufg_dac_clk_1x/O
                         net (fo=45, routed)          0.851     2.392    dac_clk_1x
    OLOGIC_X0Y86         ODDR                                         r  oddr_dac_dat[0]/C
                         clock pessimism             -0.360     2.032    
    OLOGIC_X0Y86         ODDR (Hold_oddr_C_R)         0.476     2.508    oddr_dac_dat[0]
  -------------------------------------------------------------------
                         required time                         -2.508    
                         arrival time                           2.746    
  -------------------------------------------------------------------
                         slack                                  0.237    

Slack (MET) :             0.309ns  (arrival time - required time)
  Source:                 dac_rst_reg/C
                            (rising edge-triggered cell FDRE clocked by pll_dac_clk_1x  {rise@0.000ns fall@4.000ns period=8.000ns})
  Destination:            oddr_dac_dat[8]/R
                            (rising edge-triggered cell ODDR clocked by pll_dac_clk_1x  {rise@0.000ns fall@4.000ns period=8.000ns})
  Path Group:             pll_dac_clk_1x
  Path Type:              Hold (Min at Fast Process Corner)
  Requirement:            0.000ns  (pll_dac_clk_1x rise@0.000ns - pll_dac_clk_1x rise@0.000ns)
  Data Path Delay:        0.812ns  (logic 0.164ns (20.203%)  route 0.648ns (79.797%))
  Logic Levels:           0  
  Clock Path Skew:        0.027ns (DCD - SCD - CPR)
    Destination Clock Delay (DCD):    2.392ns
    Source Clock Delay      (SCD):    2.005ns
    Clock Pessimism Removal (CPR):    0.360ns

    Location             Delay type                Incr(ns)  Path(ns)    Netlist Resource(s)
  -------------------------------------------------------------------    -------------------
                         (clock pll_dac_clk_1x rise edge)
                                                      0.000     0.000 r  
    U18                                               0.000     0.000 r  adc_clk_i[1] (IN)
                         net (fo=0)                   0.000     0.000    adc_clk_i[1]
    U18                  IBUFDS (Prop_ibufds_I_O)     0.401     0.401 r  i_clk/O
                         net (fo=1, routed)           0.440     0.842    pll/adc_clk_in
    PLLE2_ADV_X0Y0       PLLE2_ADV (Prop_plle2_adv_CLKIN1_CLKOUT1)
                                                      0.051     0.893 r  pll/pll/CLKOUT1
                         net (fo=1, routed)           0.497     1.390    pll_dac_clk_1x
    BUFGCTRL_X0Y2        BUFG (Prop_bufg_I_O)         0.026     1.416 r  bufg_dac_clk_1x/O
                         net (fo=45, routed)          0.590     2.005    dac_clk_1x
    SLICE_X42Y56         FDRE                                         r  dac_rst_reg/C
  -------------------------------------------------------------------    -------------------
    SLICE_X42Y56         FDRE (Prop_fdre_C_Q)         0.164     2.169 r  dac_rst_reg/Q
                         net (fo=17, routed)          0.648     2.817    dac_rst
    OLOGIC_X0Y64         ODDR                                         r  oddr_dac_dat[8]/R
  -------------------------------------------------------------------    -------------------

                         (clock pll_dac_clk_1x rise edge)
                                                      0.000     0.000 r  
    U18                                               0.000     0.000 r  adc_clk_i[1] (IN)
                         net (fo=0)                   0.000     0.000    adc_clk_i[1]
    U18                  IBUFDS (Prop_ibufds_I_O)     0.433     0.433 r  i_clk/O
                         net (fo=1, routed)           0.481     0.914    pll/adc_clk_in
    PLLE2_ADV_X0Y0       PLLE2_ADV (Prop_plle2_adv_CLKIN1_CLKOUT1)
                                                      0.054     0.968 r  pll/pll/CLKOUT1
                         net (fo=1, routed)           0.544     1.512    pll_dac_clk_1x
    BUFGCTRL_X0Y2        BUFG (Prop_bufg_I_O)         0.029     1.541 r  bufg_dac_clk_1x/O
                         net (fo=45, routed)          0.851     2.392    dac_clk_1x
    OLOGIC_X0Y64         ODDR                                         r  oddr_dac_dat[8]/C
                         clock pessimism             -0.360     2.032    
    OLOGIC_X0Y64         ODDR (Hold_oddr_C_R)         0.476     2.508    oddr_dac_dat[8]
  -------------------------------------------------------------------
                         required time                         -2.508    
                         arrival time                           2.817    
  -------------------------------------------------------------------
                         slack                                  0.309    

Slack (MET) :             0.363ns  (arrival time - required time)
  Source:                 dac_rst_reg/C
                            (rising edge-triggered cell FDRE clocked by pll_dac_clk_1x  {rise@0.000ns fall@4.000ns period=8.000ns})
  Destination:            oddr_dac_dat[9]/R
                            (rising edge-triggered cell ODDR clocked by pll_dac_clk_1x  {rise@0.000ns fall@4.000ns period=8.000ns})
  Path Group:             pll_dac_clk_1x
  Path Type:              Hold (Min at Fast Process Corner)
  Requirement:            0.000ns  (pll_dac_clk_1x rise@0.000ns - pll_dac_clk_1x rise@0.000ns)
  Data Path Delay:        0.866ns  (logic 0.164ns (18.934%)  route 0.702ns (81.066%))
  Logic Levels:           0  
  Clock Path Skew:        0.027ns (DCD - SCD - CPR)
    Destination Clock Delay (DCD):    2.392ns
    Source Clock Delay      (SCD):    2.005ns
    Clock Pessimism Removal (CPR):    0.360ns

    Location             Delay type                Incr(ns)  Path(ns)    Netlist Resource(s)
  -------------------------------------------------------------------    -------------------
                         (clock pll_dac_clk_1x rise edge)
                                                      0.000     0.000 r  
    U18                                               0.000     0.000 r  adc_clk_i[1] (IN)
                         net (fo=0)                   0.000     0.000    adc_clk_i[1]
    U18                  IBUFDS (Prop_ibufds_I_O)     0.401     0.401 r  i_clk/O
                         net (fo=1, routed)           0.440     0.842    pll/adc_clk_in
    PLLE2_ADV_X0Y0       PLLE2_ADV (Prop_plle2_adv_CLKIN1_CLKOUT1)
                                                      0.051     0.893 r  pll/pll/CLKOUT1
                         net (fo=1, routed)           0.497     1.390    pll_dac_clk_1x
    BUFGCTRL_X0Y2        BUFG (Prop_bufg_I_O)         0.026     1.416 r  bufg_dac_clk_1x/O
                         net (fo=45, routed)          0.590     2.005    dac_clk_1x
    SLICE_X42Y56         FDRE                                         r  dac_rst_reg/C
  -------------------------------------------------------------------    -------------------
    SLICE_X42Y56         FDRE (Prop_fdre_C_Q)         0.164     2.169 r  dac_rst_reg/Q
                         net (fo=17, routed)          0.702     2.871    dac_rst
    OLOGIC_X0Y63         ODDR                                         r  oddr_dac_dat[9]/R
  -------------------------------------------------------------------    -------------------

                         (clock pll_dac_clk_1x rise edge)
                                                      0.000     0.000 r  
    U18                                               0.000     0.000 r  adc_clk_i[1] (IN)
                         net (fo=0)                   0.000     0.000    adc_clk_i[1]
    U18                  IBUFDS (Prop_ibufds_I_O)     0.433     0.433 r  i_clk/O
                         net (fo=1, routed)           0.481     0.914    pll/adc_clk_in
    PLLE2_ADV_X0Y0       PLLE2_ADV (Prop_plle2_adv_CLKIN1_CLKOUT1)
                                                      0.054     0.968 r  pll/pll/CLKOUT1
                         net (fo=1, routed)           0.544     1.512    pll_dac_clk_1x
    BUFGCTRL_X0Y2        BUFG (Prop_bufg_I_O)         0.029     1.541 r  bufg_dac_clk_1x/O
                         net (fo=45, routed)          0.851     2.392    dac_clk_1x
    OLOGIC_X0Y63         ODDR                                         r  oddr_dac_dat[9]/C
                         clock pessimism             -0.360     2.032    
    OLOGIC_X0Y63         ODDR (Hold_oddr_C_R)         0.476     2.508    oddr_dac_dat[9]
  -------------------------------------------------------------------
                         required time                         -2.508    
                         arrival time                           2.871    
  -------------------------------------------------------------------
                         slack                                  0.363    

Slack (MET) :             0.384ns  (arrival time - required time)
  Source:                 dac_rst_reg/C
                            (rising edge-triggered cell FDRE clocked by pll_dac_clk_1x  {rise@0.000ns fall@4.000ns period=8.000ns})
  Destination:            oddr_dac_dat[7]/R
                            (rising edge-triggered cell ODDR clocked by pll_dac_clk_1x  {rise@0.000ns fall@4.000ns period=8.000ns})
  Path Group:             pll_dac_clk_1x
  Path Type:              Hold (Min at Fast Process Corner)
  Requirement:            0.000ns  (pll_dac_clk_1x rise@0.000ns - pll_dac_clk_1x rise@0.000ns)
  Data Path Delay:        0.887ns  (logic 0.164ns (18.497%)  route 0.723ns (81.503%))
  Logic Levels:           0  
  Clock Path Skew:        0.027ns (DCD - SCD - CPR)
    Destination Clock Delay (DCD):    2.392ns
    Source Clock Delay      (SCD):    2.005ns
    Clock Pessimism Removal (CPR):    0.360ns

    Location             Delay type                Incr(ns)  Path(ns)    Netlist Resource(s)
  -------------------------------------------------------------------    -------------------
                         (clock pll_dac_clk_1x rise edge)
                                                      0.000     0.000 r  
    U18                                               0.000     0.000 r  adc_clk_i[1] (IN)
                         net (fo=0)                   0.000     0.000    adc_clk_i[1]
    U18                  IBUFDS (Prop_ibufds_I_O)     0.401     0.401 r  i_clk/O
                         net (fo=1, routed)           0.440     0.842    pll/adc_clk_in
    PLLE2_ADV_X0Y0       PLLE2_ADV (Prop_plle2_adv_CLKIN1_CLKOUT1)
                                                      0.051     0.893 r  pll/pll/CLKOUT1
                         net (fo=1, routed)           0.497     1.390    pll_dac_clk_1x
    BUFGCTRL_X0Y2        BUFG (Prop_bufg_I_O)         0.026     1.416 r  bufg_dac_clk_1x/O
                         net (fo=45, routed)          0.590     2.005    dac_clk_1x
    SLICE_X42Y56         FDRE                                         r  dac_rst_reg/C
  -------------------------------------------------------------------    -------------------
    SLICE_X42Y56         FDRE (Prop_fdre_C_Q)         0.164     2.169 r  dac_rst_reg/Q
                         net (fo=17, routed)          0.723     2.892    dac_rst
    OLOGIC_X0Y65         ODDR                                         r  oddr_dac_dat[7]/R
  -------------------------------------------------------------------    -------------------

                         (clock pll_dac_clk_1x rise edge)
                                                      0.000     0.000 r  
    U18                                               0.000     0.000 r  adc_clk_i[1] (IN)
                         net (fo=0)                   0.000     0.000    adc_clk_i[1]
    U18                  IBUFDS (Prop_ibufds_I_O)     0.433     0.433 r  i_clk/O
                         net (fo=1, routed)           0.481     0.914    pll/adc_clk_in
    PLLE2_ADV_X0Y0       PLLE2_ADV (Prop_plle2_adv_CLKIN1_CLKOUT1)
                                                      0.054     0.968 r  pll/pll/CLKOUT1
                         net (fo=1, routed)           0.544     1.512    pll_dac_clk_1x
    BUFGCTRL_X0Y2        BUFG (Prop_bufg_I_O)         0.029     1.541 r  bufg_dac_clk_1x/O
                         net (fo=45, routed)          0.851     2.392    dac_clk_1x
    OLOGIC_X0Y65         ODDR                                         r  oddr_dac_dat[7]/C
                         clock pessimism             -0.360     2.032    
    OLOGIC_X0Y65         ODDR (Hold_oddr_C_R)         0.476     2.508    oddr_dac_dat[7]
  -------------------------------------------------------------------
                         required time                         -2.508    
                         arrival time                           2.892    
  -------------------------------------------------------------------
                         slack                                  0.384    

Slack (MET) :             0.403ns  (arrival time - required time)
  Source:                 dac_rst_reg/C
                            (rising edge-triggered cell FDRE clocked by pll_dac_clk_1x  {rise@0.000ns fall@4.000ns period=8.000ns})
  Destination:            oddr_dac_dat[10]/R
                            (rising edge-triggered cell ODDR clocked by pll_dac_clk_1x  {rise@0.000ns fall@4.000ns period=8.000ns})
  Path Group:             pll_dac_clk_1x
  Path Type:              Hold (Min at Fast Process Corner)
  Requirement:            0.000ns  (pll_dac_clk_1x rise@0.000ns - pll_dac_clk_1x rise@0.000ns)
  Data Path Delay:        0.902ns  (logic 0.164ns (18.172%)  route 0.738ns (81.828%))
  Logic Levels:           0  
  Clock Path Skew:        0.023ns (DCD - SCD - CPR)
    Destination Clock Delay (DCD):    2.388ns
    Source Clock Delay      (SCD):    2.005ns
    Clock Pessimism Removal (CPR):    0.360ns

    Location             Delay type                Incr(ns)  Path(ns)    Netlist Resource(s)
  -------------------------------------------------------------------    -------------------
                         (clock pll_dac_clk_1x rise edge)
                                                      0.000     0.000 r  
    U18                                               0.000     0.000 r  adc_clk_i[1] (IN)
                         net (fo=0)                   0.000     0.000    adc_clk_i[1]
    U18                  IBUFDS (Prop_ibufds_I_O)     0.401     0.401 r  i_clk/O
                         net (fo=1, routed)           0.440     0.842    pll/adc_clk_in
    PLLE2_ADV_X0Y0       PLLE2_ADV (Prop_plle2_adv_CLKIN1_CLKOUT1)
                                                      0.051     0.893 r  pll/pll/CLKOUT1
                         net (fo=1, routed)           0.497     1.390    pll_dac_clk_1x
    BUFGCTRL_X0Y2        BUFG (Prop_bufg_I_O)         0.026     1.416 r  bufg_dac_clk_1x/O
                         net (fo=45, routed)          0.590     2.005    dac_clk_1x
    SLICE_X42Y56         FDRE                                         r  dac_rst_reg/C
  -------------------------------------------------------------------    -------------------
    SLICE_X42Y56         FDRE (Prop_fdre_C_Q)         0.164     2.169 r  dac_rst_reg/Q
                         net (fo=17, routed)          0.738     2.908    dac_rst
    OLOGIC_X0Y70         ODDR                                         r  oddr_dac_dat[10]/R
  -------------------------------------------------------------------    -------------------

                         (clock pll_dac_clk_1x rise edge)
                                                      0.000     0.000 r  
    U18                                               0.000     0.000 r  adc_clk_i[1] (IN)
                         net (fo=0)                   0.000     0.000    adc_clk_i[1]
    U18                  IBUFDS (Prop_ibufds_I_O)     0.433     0.433 r  i_clk/O
                         net (fo=1, routed)           0.481     0.914    pll/adc_clk_in
    PLLE2_ADV_X0Y0       PLLE2_ADV (Prop_plle2_adv_CLKIN1_CLKOUT1)
                                                      0.054     0.968 r  pll/pll/CLKOUT1
                         net (fo=1, routed)           0.544     1.512    pll_dac_clk_1x
    BUFGCTRL_X0Y2        BUFG (Prop_bufg_I_O)         0.029     1.541 r  bufg_dac_clk_1x/O
                         net (fo=45, routed)          0.847     2.388    dac_clk_1x
    OLOGIC_X0Y70         ODDR                                         r  oddr_dac_dat[10]/C
                         clock pessimism             -0.360     2.028    
    OLOGIC_X0Y70         ODDR (Hold_oddr_C_R)         0.476     2.504    oddr_dac_dat[10]
  -------------------------------------------------------------------
                         required time                         -2.504    
                         arrival time                           2.908    
  -------------------------------------------------------------------
                         slack                                  0.403    

Slack (MET) :             0.409ns  (arrival time - required time)
  Source:                 dac_rst_reg/C
                            (rising edge-triggered cell FDRE clocked by pll_dac_clk_1x  {rise@0.000ns fall@4.000ns period=8.000ns})
  Destination:            oddr_dac_dat[11]/R
                            (rising edge-triggered cell ODDR clocked by pll_dac_clk_1x  {rise@0.000ns fall@4.000ns period=8.000ns})
  Path Group:             pll_dac_clk_1x
  Path Type:              Hold (Min at Fast Process Corner)
  Requirement:            0.000ns  (pll_dac_clk_1x rise@0.000ns - pll_dac_clk_1x rise@0.000ns)
  Data Path Delay:        0.908ns  (logic 0.164ns (18.061%)  route 0.744ns (81.939%))
  Logic Levels:           0  
  Clock Path Skew:        0.023ns (DCD - SCD - CPR)
    Destination Clock Delay (DCD):    2.388ns
    Source Clock Delay      (SCD):    2.005ns
    Clock Pessimism Removal (CPR):    0.360ns

    Location             Delay type                Incr(ns)  Path(ns)    Netlist Resource(s)
  -------------------------------------------------------------------    -------------------
                         (clock pll_dac_clk_1x rise edge)
                                                      0.000     0.000 r  
    U18                                               0.000     0.000 r  adc_clk_i[1] (IN)
                         net (fo=0)                   0.000     0.000    adc_clk_i[1]
    U18                  IBUFDS (Prop_ibufds_I_O)     0.401     0.401 r  i_clk/O
                         net (fo=1, routed)           0.440     0.842    pll/adc_clk_in
    PLLE2_ADV_X0Y0       PLLE2_ADV (Prop_plle2_adv_CLKIN1_CLKOUT1)
                                                      0.051     0.893 r  pll/pll/CLKOUT1
                         net (fo=1, routed)           0.497     1.390    pll_dac_clk_1x
    BUFGCTRL_X0Y2        BUFG (Prop_bufg_I_O)         0.026     1.416 r  bufg_dac_clk_1x/O
                         net (fo=45, routed)          0.590     2.005    dac_clk_1x
    SLICE_X42Y56         FDRE                                         r  dac_rst_reg/C
  -------------------------------------------------------------------    -------------------
    SLICE_X42Y56         FDRE (Prop_fdre_C_Q)         0.164     2.169 r  dac_rst_reg/Q
                         net (fo=17, routed)          0.744     2.913    dac_rst
    OLOGIC_X0Y69         ODDR                                         r  oddr_dac_dat[11]/R
  -------------------------------------------------------------------    -------------------

                         (clock pll_dac_clk_1x rise edge)
                                                      0.000     0.000 r  
    U18                                               0.000     0.000 r  adc_clk_i[1] (IN)
                         net (fo=0)                   0.000     0.000    adc_clk_i[1]
    U18                  IBUFDS (Prop_ibufds_I_O)     0.433     0.433 r  i_clk/O
                         net (fo=1, routed)           0.481     0.914    pll/adc_clk_in
    PLLE2_ADV_X0Y0       PLLE2_ADV (Prop_plle2_adv_CLKIN1_CLKOUT1)
                                                      0.054     0.968 r  pll/pll/CLKOUT1
                         net (fo=1, routed)           0.544     1.512    pll_dac_clk_1x
    BUFGCTRL_X0Y2        BUFG (Prop_bufg_I_O)         0.029     1.541 r  bufg_dac_clk_1x/O
                         net (fo=45, routed)          0.847     2.388    dac_clk_1x
    OLOGIC_X0Y69         ODDR                                         r  oddr_dac_dat[11]/C
                         clock pessimism             -0.360     2.028    
    OLOGIC_X0Y69         ODDR (Hold_oddr_C_R)         0.476     2.504    oddr_dac_dat[11]
  -------------------------------------------------------------------
                         required time                         -2.504    
                         arrival time                           2.913    
  -------------------------------------------------------------------
                         slack                                  0.409    

Slack (MET) :             0.409ns  (arrival time - required time)
  Source:                 dac_rst_reg/C
                            (rising edge-triggered cell FDRE clocked by pll_dac_clk_1x  {rise@0.000ns fall@4.000ns period=8.000ns})
  Destination:            oddr_dac_dat[12]/R
                            (rising edge-triggered cell ODDR clocked by pll_dac_clk_1x  {rise@0.000ns fall@4.000ns period=8.000ns})
  Path Group:             pll_dac_clk_1x
  Path Type:              Hold (Min at Fast Process Corner)
  Requirement:            0.000ns  (pll_dac_clk_1x rise@0.000ns - pll_dac_clk_1x rise@0.000ns)
  Data Path Delay:        0.914ns  (logic 0.164ns (17.942%)  route 0.750ns (82.058%))
  Logic Levels:           0  
  Clock Path Skew:        0.029ns (DCD - SCD - CPR)
    Destination Clock Delay (DCD):    2.394ns
    Source Clock Delay      (SCD):    2.005ns
    Clock Pessimism Removal (CPR):    0.360ns

    Location             Delay type                Incr(ns)  Path(ns)    Netlist Resource(s)
  -------------------------------------------------------------------    -------------------
                         (clock pll_dac_clk_1x rise edge)
                                                      0.000     0.000 r  
    U18                                               0.000     0.000 r  adc_clk_i[1] (IN)
                         net (fo=0)                   0.000     0.000    adc_clk_i[1]
    U18                  IBUFDS (Prop_ibufds_I_O)     0.401     0.401 r  i_clk/O
                         net (fo=1, routed)           0.440     0.842    pll/adc_clk_in
    PLLE2_ADV_X0Y0       PLLE2_ADV (Prop_plle2_adv_CLKIN1_CLKOUT1)
                                                      0.051     0.893 r  pll/pll/CLKOUT1
                         net (fo=1, routed)           0.497     1.390    pll_dac_clk_1x
    BUFGCTRL_X0Y2        BUFG (Prop_bufg_I_O)         0.026     1.416 r  bufg_dac_clk_1x/O
                         net (fo=45, routed)          0.590     2.005    dac_clk_1x
    SLICE_X42Y56         FDRE                                         r  dac_rst_reg/C
  -------------------------------------------------------------------    -------------------
    SLICE_X42Y56         FDRE (Prop_fdre_C_Q)         0.164     2.169 r  dac_rst_reg/Q
                         net (fo=17, routed)          0.750     2.919    dac_rst
    OLOGIC_X0Y91         ODDR                                         r  oddr_dac_dat[12]/R
  -------------------------------------------------------------------    -------------------

                         (clock pll_dac_clk_1x rise edge)
                                                      0.000     0.000 r  
    U18                                               0.000     0.000 r  adc_clk_i[1] (IN)
                         net (fo=0)                   0.000     0.000    adc_clk_i[1]
    U18                  IBUFDS (Prop_ibufds_I_O)     0.433     0.433 r  i_clk/O
                         net (fo=1, routed)           0.481     0.914    pll/adc_clk_in
    PLLE2_ADV_X0Y0       PLLE2_ADV (Prop_plle2_adv_CLKIN1_CLKOUT1)
                                                      0.054     0.968 r  pll/pll/CLKOUT1
                         net (fo=1, routed)           0.544     1.512    pll_dac_clk_1x
    BUFGCTRL_X0Y2        BUFG (Prop_bufg_I_O)         0.029     1.541 r  bufg_dac_clk_1x/O
                         net (fo=45, routed)          0.853     2.394    dac_clk_1x
    OLOGIC_X0Y91         ODDR                                         r  oddr_dac_dat[12]/C
                         clock pessimism             -0.360     2.034    
    OLOGIC_X0Y91         ODDR (Hold_oddr_C_R)         0.476     2.510    oddr_dac_dat[12]
  -------------------------------------------------------------------
                         required time                         -2.510    
                         arrival time                           2.919    
  -------------------------------------------------------------------
                         slack                                  0.409    

Slack (MET) :             0.424ns  (arrival time - required time)
  Source:                 dac_rst_reg/C
                            (rising edge-triggered cell FDRE clocked by pll_dac_clk_1x  {rise@0.000ns fall@4.000ns period=8.000ns})
  Destination:            oddr_dac_dat[13]/R
                            (rising edge-triggered cell ODDR clocked by pll_dac_clk_1x  {rise@0.000ns fall@4.000ns period=8.000ns})
  Path Group:             pll_dac_clk_1x
  Path Type:              Hold (Min at Fast Process Corner)
  Requirement:            0.000ns  (pll_dac_clk_1x rise@0.000ns - pll_dac_clk_1x rise@0.000ns)
  Data Path Delay:        0.929ns  (logic 0.164ns (17.653%)  route 0.765ns (82.347%))
  Logic Levels:           0  
  Clock Path Skew:        0.029ns (DCD - SCD - CPR)
    Destination Clock Delay (DCD):    2.394ns
    Source Clock Delay      (SCD):    2.005ns
    Clock Pessimism Removal (CPR):    0.360ns

    Location             Delay type                Incr(ns)  Path(ns)    Netlist Resource(s)
  -------------------------------------------------------------------    -------------------
                         (clock pll_dac_clk_1x rise edge)
                                                      0.000     0.000 r  
    U18                                               0.000     0.000 r  adc_clk_i[1] (IN)
                         net (fo=0)                   0.000     0.000    adc_clk_i[1]
    U18                  IBUFDS (Prop_ibufds_I_O)     0.401     0.401 r  i_clk/O
                         net (fo=1, routed)           0.440     0.842    pll/adc_clk_in
    PLLE2_ADV_X0Y0       PLLE2_ADV (Prop_plle2_adv_CLKIN1_CLKOUT1)
                                                      0.051     0.893 r  pll/pll/CLKOUT1
                         net (fo=1, routed)           0.497     1.390    pll_dac_clk_1x
    BUFGCTRL_X0Y2        BUFG (Prop_bufg_I_O)         0.026     1.416 r  bufg_dac_clk_1x/O
                         net (fo=45, routed)          0.590     2.005    dac_clk_1x
    SLICE_X42Y56         FDRE                                         r  dac_rst_reg/C
  -------------------------------------------------------------------    -------------------
    SLICE_X42Y56         FDRE (Prop_fdre_C_Q)         0.164     2.169 r  dac_rst_reg/Q
                         net (fo=17, routed)          0.765     2.934    dac_rst
    OLOGIC_X0Y92         ODDR                                         r  oddr_dac_dat[13]/R
  -------------------------------------------------------------------    -------------------

                         (clock pll_dac_clk_1x rise edge)
                                                      0.000     0.000 r  
    U18                                               0.000     0.000 r  adc_clk_i[1] (IN)
                         net (fo=0)                   0.000     0.000    adc_clk_i[1]
    U18                  IBUFDS (Prop_ibufds_I_O)     0.433     0.433 r  i_clk/O
                         net (fo=1, routed)           0.481     0.914    pll/adc_clk_in
    PLLE2_ADV_X0Y0       PLLE2_ADV (Prop_plle2_adv_CLKIN1_CLKOUT1)
                                                      0.054     0.968 r  pll/pll/CLKOUT1
                         net (fo=1, routed)           0.544     1.512    pll_dac_clk_1x
    BUFGCTRL_X0Y2        BUFG (Prop_bufg_I_O)         0.029     1.541 r  bufg_dac_clk_1x/O
                         net (fo=45, routed)          0.853     2.394    dac_clk_1x
    OLOGIC_X0Y92         ODDR                                         r  oddr_dac_dat[13]/C
                         clock pessimism             -0.360     2.034    
    OLOGIC_X0Y92         ODDR (Hold_oddr_C_R)         0.476     2.510    oddr_dac_dat[13]
  -------------------------------------------------------------------
                         required time                         -2.510    
                         arrival time                           2.934    
  -------------------------------------------------------------------
                         slack                                  0.424    

Slack (MET) :             0.436ns  (arrival time - required time)
  Source:                 dac_rst_reg/C
                            (rising edge-triggered cell FDRE clocked by pll_dac_clk_1x  {rise@0.000ns fall@4.000ns period=8.000ns})
  Destination:            oddr_dac_dat[3]/R
                            (rising edge-triggered cell ODDR clocked by pll_dac_clk_1x  {rise@0.000ns fall@4.000ns period=8.000ns})
  Path Group:             pll_dac_clk_1x
  Path Type:              Hold (Min at Fast Process Corner)
  Requirement:            0.000ns  (pll_dac_clk_1x rise@0.000ns - pll_dac_clk_1x rise@0.000ns)
  Data Path Delay:        0.937ns  (logic 0.164ns (17.496%)  route 0.773ns (82.504%))
  Logic Levels:           0  
  Clock Path Skew:        0.025ns (DCD - SCD - CPR)
    Destination Clock Delay (DCD):    2.390ns
    Source Clock Delay      (SCD):    2.005ns
    Clock Pessimism Removal (CPR):    0.360ns

    Location             Delay type                Incr(ns)  Path(ns)    Netlist Resource(s)
  -------------------------------------------------------------------    -------------------
                         (clock pll_dac_clk_1x rise edge)
                                                      0.000     0.000 r  
    U18                                               0.000     0.000 r  adc_clk_i[1] (IN)
                         net (fo=0)                   0.000     0.000    adc_clk_i[1]
    U18                  IBUFDS (Prop_ibufds_I_O)     0.401     0.401 r  i_clk/O
                         net (fo=1, routed)           0.440     0.842    pll/adc_clk_in
    PLLE2_ADV_X0Y0       PLLE2_ADV (Prop_plle2_adv_CLKIN1_CLKOUT1)
                                                      0.051     0.893 r  pll/pll/CLKOUT1
                         net (fo=1, routed)           0.497     1.390    pll_dac_clk_1x
    BUFGCTRL_X0Y2        BUFG (Prop_bufg_I_O)         0.026     1.416 r  bufg_dac_clk_1x/O
                         net (fo=45, routed)          0.590     2.005    dac_clk_1x
    SLICE_X42Y56         FDRE                                         r  dac_rst_reg/C
  -------------------------------------------------------------------    -------------------
    SLICE_X42Y56         FDRE (Prop_fdre_C_Q)         0.164     2.169 r  dac_rst_reg/Q
                         net (fo=17, routed)          0.773     2.943    dac_rst
    OLOGIC_X0Y81         ODDR                                         r  oddr_dac_dat[3]/R
  -------------------------------------------------------------------    -------------------

                         (clock pll_dac_clk_1x rise edge)
                                                      0.000     0.000 r  
    U18                                               0.000     0.000 r  adc_clk_i[1] (IN)
                         net (fo=0)                   0.000     0.000    adc_clk_i[1]
    U18                  IBUFDS (Prop_ibufds_I_O)     0.433     0.433 r  i_clk/O
                         net (fo=1, routed)           0.481     0.914    pll/adc_clk_in
    PLLE2_ADV_X0Y0       PLLE2_ADV (Prop_plle2_adv_CLKIN1_CLKOUT1)
                                                      0.054     0.968 r  pll/pll/CLKOUT1
                         net (fo=1, routed)           0.544     1.512    pll_dac_clk_1x
    BUFGCTRL_X0Y2        BUFG (Prop_bufg_I_O)         0.029     1.541 r  bufg_dac_clk_1x/O
                         net (fo=45, routed)          0.849     2.390    dac_clk_1x
    OLOGIC_X0Y81         ODDR                                         r  oddr_dac_dat[3]/C
                         clock pessimism             -0.360     2.030    
    OLOGIC_X0Y81         ODDR (Hold_oddr_C_R)         0.476     2.506    oddr_dac_dat[3]
  -------------------------------------------------------------------
                         required time                         -2.506    
                         arrival time                           2.943    
  -------------------------------------------------------------------
                         slack                                  0.436    





Pulse Width Checks
--------------------------------------------------------------------------------------
Clock Name:         pll_dac_clk_1x
Waveform(ns):       { 0.000 4.000 }
Period(ns):         8.000
Sources:            { pll/pll/CLKOUT1 }

Check Type        Corner  Lib Pin            Reference Pin  Required(ns)  Actual(ns)  Slack(ns)  Location        Pin
Min Period        n/a     BUFG/I             n/a            2.155         8.000       5.845      BUFGCTRL_X0Y2   bufg_dac_clk_1x/I
Min Period        n/a     ODDR/C             n/a            1.474         8.000       6.526      OLOGIC_X0Y86    oddr_dac_dat[0]/C
Min Period        n/a     ODDR/C             n/a            1.474         8.000       6.526      OLOGIC_X0Y70    oddr_dac_dat[10]/C
Min Period        n/a     ODDR/C             n/a            1.474         8.000       6.526      OLOGIC_X0Y69    oddr_dac_dat[11]/C
Min Period        n/a     ODDR/C             n/a            1.474         8.000       6.526      OLOGIC_X0Y91    oddr_dac_dat[12]/C
Min Period        n/a     ODDR/C             n/a            1.474         8.000       6.526      OLOGIC_X0Y92    oddr_dac_dat[13]/C
Min Period        n/a     ODDR/C             n/a            1.474         8.000       6.526      OLOGIC_X0Y85    oddr_dac_dat[1]/C
Min Period        n/a     ODDR/C             n/a            1.474         8.000       6.526      OLOGIC_X0Y82    oddr_dac_dat[2]/C
Min Period        n/a     ODDR/C             n/a            1.474         8.000       6.526      OLOGIC_X0Y81    oddr_dac_dat[3]/C
Min Period        n/a     ODDR/C             n/a            1.474         8.000       6.526      OLOGIC_X0Y80    oddr_dac_dat[4]/C
Max Period        n/a     PLLE2_ADV/CLKOUT1  n/a            160.000       8.000       152.000    PLLE2_ADV_X0Y0  pll/pll/CLKOUT1
Low Pulse Width   Slow    FDRE/C             n/a            0.500         4.000       3.500      SLICE_X42Y57    dac_dat_a_reg[11]/C
Low Pulse Width   Slow    FDRE/C             n/a            0.500         4.000       3.500      SLICE_X42Y57    dac_dat_a_reg[7]/C
Low Pulse Width   Slow    FDRE/C             n/a            0.500         4.000       3.500      SLICE_X43Y68    dac_dat_a_reg[10]/C
Low Pulse Width   Slow    FDRE/C             n/a            0.500         4.000       3.500      SLICE_X42Y74    dac_dat_a_reg[5]/C
Low Pulse Width   Slow    FDRE/C             n/a            0.500         4.000       3.500      SLICE_X42Y59    dac_dat_a_reg[9]/C
Low Pulse Width   Slow    FDRE/C             n/a            0.500         4.000       3.500      SLICE_X43Y59    dac_dat_b_reg[11]/C
Low Pulse Width   Slow    FDRE/C             n/a            0.500         4.000       3.500      SLICE_X43Y74    dac_dat_b_reg[3]/C
Low Pulse Width   Slow    FDRE/C             n/a            0.500         4.000       3.500      SLICE_X43Y74    dac_dat_b_reg[4]/C
Low Pulse Width   Slow    FDRE/C             n/a            0.500         4.000       3.500      SLICE_X43Y74    dac_dat_b_reg[5]/C
Low Pulse Width   Slow    FDRE/C             n/a            0.500         4.000       3.500      SLICE_X43Y53    dac_dat_b_reg[7]/C
High Pulse Width  Slow    FDRE/C             n/a            0.500         4.000       3.500      SLICE_X42Y82    dac_dat_a_reg[0]/C
High Pulse Width  Slow    FDRE/C             n/a            0.500         4.000       3.500      SLICE_X42Y82    dac_dat_a_reg[13]/C
High Pulse Width  Slow    FDRE/C             n/a            0.500         4.000       3.500      SLICE_X42Y82    dac_dat_a_reg[1]/C
High Pulse Width  Slow    FDRE/C             n/a            0.500         4.000       3.500      SLICE_X42Y82    dac_dat_a_reg[2]/C
High Pulse Width  Slow    FDRE/C             n/a            0.500         4.000       3.500      SLICE_X43Y82    dac_dat_b_reg[12]/C
High Pulse Width  Fast    FDRE/C             n/a            0.500         4.000       3.500      SLICE_X42Y82    dac_dat_a_reg[0]/C
High Pulse Width  Fast    FDRE/C             n/a            0.500         4.000       3.500      SLICE_X43Y68    dac_dat_a_reg[10]/C
High Pulse Width  Fast    FDRE/C             n/a            0.500         4.000       3.500      SLICE_X42Y57    dac_dat_a_reg[11]/C
High Pulse Width  Slow    FDRE/C             n/a            0.500         4.000       3.500      SLICE_X42Y84    dac_dat_a_reg[12]/C
High Pulse Width  Fast    FDRE/C             n/a            0.500         4.000       3.500      SLICE_X42Y84    dac_dat_a_reg[12]/C



---------------------------------------------------------------------------------------------------
From Clock:  pll_dac_clk_2p
  To Clock:  pll_dac_clk_2p

Setup :           NA  Failing Endpoints,  Worst Slack           NA  ,  Total Violation           NA
Hold  :           NA  Failing Endpoints,  Worst Slack           NA  ,  Total Violation           NA
PW    :            0  Failing Endpoints,  Worst Slack        1.845ns,  Total Violation        0.000ns
---------------------------------------------------------------------------------------------------


Pulse Width Checks
--------------------------------------------------------------------------------------
Clock Name:         pll_dac_clk_2p
Waveform(ns):       { -0.500 1.500 }
Period(ns):         4.000
Sources:            { pll/pll/CLKOUT3 }

Check Type  Corner  Lib Pin            Reference Pin  Required(ns)  Actual(ns)  Slack(ns)  Location        Pin
Min Period  n/a     BUFG/I             n/a            2.155         4.000       1.845      BUFGCTRL_X0Y3   bufg_dac_clk_2p/I
Min Period  n/a     ODDR/C             n/a            1.474         4.000       2.526      OLOGIC_X0Y83    oddr_dac_clk/C
Min Period  n/a     PLLE2_ADV/CLKOUT3  n/a            1.249         4.000       2.751      PLLE2_ADV_X0Y0  pll/pll/CLKOUT3
Max Period  n/a     PLLE2_ADV/CLKOUT3  n/a            160.000       4.000       156.000    PLLE2_ADV_X0Y0  pll/pll/CLKOUT3



---------------------------------------------------------------------------------------------------
From Clock:  pll_dac_clk_2x
  To Clock:  pll_dac_clk_2x

Setup :           NA  Failing Endpoints,  Worst Slack           NA  ,  Total Violation           NA
Hold  :           NA  Failing Endpoints,  Worst Slack           NA  ,  Total Violation           NA
PW    :            0  Failing Endpoints,  Worst Slack        1.845ns,  Total Violation        0.000ns
---------------------------------------------------------------------------------------------------


Pulse Width Checks
--------------------------------------------------------------------------------------
Clock Name:         pll_dac_clk_2x
Waveform(ns):       { 0.000 2.000 }
Period(ns):         4.000
Sources:            { pll/pll/CLKOUT2 }

Check Type  Corner  Lib Pin            Reference Pin  Required(ns)  Actual(ns)  Slack(ns)  Location        Pin
Min Period  n/a     BUFG/I             n/a            2.155         4.000       1.845      BUFGCTRL_X0Y4   bufg_dac_clk_2x/I
Min Period  n/a     ODDR/C             n/a            1.474         4.000       2.526      OLOGIC_X0Y84    oddr_dac_wrt/C
Min Period  n/a     PLLE2_ADV/CLKOUT2  n/a            1.249         4.000       2.751      PLLE2_ADV_X0Y0  pll/pll/CLKOUT2
Max Period  n/a     PLLE2_ADV/CLKOUT2  n/a            160.000       4.000       156.000    PLLE2_ADV_X0Y0  pll/pll/CLKOUT2



---------------------------------------------------------------------------------------------------
From Clock:  clk_fpga_0
  To Clock:  clk_fpga_0

Setup :            0  Failing Endpoints,  Worst Slack        5.256ns,  Total Violation        0.000ns
Hold  :            0  Failing Endpoints,  Worst Slack        0.262ns,  Total Violation        0.000ns
PW    :            0  Failing Endpoints,  Worst Slack        3.500ns,  Total Violation        0.000ns
---------------------------------------------------------------------------------------------------


Max Delay Paths
--------------------------------------------------------------------------------------
Slack (MET) :             5.256ns  (required time - arrival time)
  Source:                 locked_pll_cnt_reg[5]/C
                            (rising edge-triggered cell FDRE clocked by clk_fpga_0  {rise@0.000ns fall@4.000ns period=8.000ns})
  Destination:            locked_pll_cnt_reg[29]/D
                            (rising edge-triggered cell FDRE clocked by clk_fpga_0  {rise@0.000ns fall@4.000ns period=8.000ns})
  Path Group:             clk_fpga_0
  Path Type:              Setup (Max at Slow Process Corner)
  Requirement:            8.000ns  (clk_fpga_0 rise@8.000ns - clk_fpga_0 rise@0.000ns)
  Data Path Delay:        2.654ns  (logic 2.034ns (76.637%)  route 0.620ns (23.363%))
  Logic Levels:           7  (CARRY4=7)
  Clock Path Skew:        -0.027ns (DCD - SCD + CPR)
    Destination Clock Delay (DCD):    2.687ns = ( 10.687 - 8.000 ) 
    Source Clock Delay      (SCD):    2.978ns
    Clock Pessimism Removal (CPR):    0.264ns
  Clock Uncertainty:      0.125ns  ((TSJ^2 + TIJ^2)^1/2 + DJ) / 2 + PE
    Total System Jitter     (TSJ):    0.071ns
    Total Input Jitter      (TIJ):    0.240ns
    Discrete Jitter          (DJ):    0.000ns
    Phase Error              (PE):    0.000ns

    Location             Delay type                Incr(ns)  Path(ns)    Netlist Resource(s)
  -------------------------------------------------------------------    -------------------
                         (clock clk_fpga_0 rise edge)
                                                      0.000     0.000 r  
    PS7_X0Y0             PS7                          0.000     0.000 r  ps/system_i/processing_system7/inst/PS7_i/FCLKCLK[0]
                         net (fo=1, routed)           1.207     1.207    ps/lopt
    BUFGCTRL_X0Y5        BUFG (Prop_bufg_I_O)         0.101     1.308 r  ps/fclk_buf[0]/O
                         net (fo=32, routed)          1.670     2.978    fclk
    SLICE_X13Y53         FDRE                                         r  locked_pll_cnt_reg[5]/C
  -------------------------------------------------------------------    -------------------
    SLICE_X13Y53         FDRE (Prop_fdre_C_Q)         0.456     3.434 r  locked_pll_cnt_reg[5]/Q
                         net (fo=2, routed)           0.620     4.054    locked_pll_cnt_reg[5]
    SLICE_X13Y53         CARRY4 (Prop_carry4_S[1]_CO[3])
                                                      0.674     4.728 r  locked_pll_cnt_reg[4]_i_1/CO[3]
                         net (fo=1, routed)           0.000     4.728    locked_pll_cnt_reg[4]_i_1_n_0
    SLICE_X13Y54         CARRY4 (Prop_carry4_CI_CO[3])
                                                      0.114     4.842 r  locked_pll_cnt_reg[8]_i_1/CO[3]
                         net (fo=1, routed)           0.000     4.842    locked_pll_cnt_reg[8]_i_1_n_0
    SLICE_X13Y55         CARRY4 (Prop_carry4_CI_CO[3])
                                                      0.114     4.956 r  locked_pll_cnt_reg[12]_i_1/CO[3]
                         net (fo=1, routed)           0.000     4.956    locked_pll_cnt_reg[12]_i_1_n_0
    SLICE_X13Y56         CARRY4 (Prop_carry4_CI_CO[3])
                                                      0.114     5.070 r  locked_pll_cnt_reg[16]_i_1/CO[3]
                         net (fo=1, routed)           0.000     5.070    locked_pll_cnt_reg[16]_i_1_n_0
    SLICE_X13Y57         CARRY4 (Prop_carry4_CI_CO[3])
                                                      0.114     5.184 r  locked_pll_cnt_reg[20]_i_1/CO[3]
                         net (fo=1, routed)           0.000     5.184    locked_pll_cnt_reg[20]_i_1_n_0
    SLICE_X13Y58         CARRY4 (Prop_carry4_CI_CO[3])
                                                      0.114     5.298 r  locked_pll_cnt_reg[24]_i_1/CO[3]
                         net (fo=1, routed)           0.000     5.298    locked_pll_cnt_reg[24]_i_1_n_0
    SLICE_X13Y59         CARRY4 (Prop_carry4_CI_O[1])
                                                      0.334     5.632 r  locked_pll_cnt_reg[28]_i_1/O[1]
                         net (fo=1, routed)           0.000     5.632    locked_pll_cnt_reg[28]_i_1_n_6
    SLICE_X13Y59         FDRE                                         r  locked_pll_cnt_reg[29]/D
  -------------------------------------------------------------------    -------------------

                         (clock clk_fpga_0 rise edge)
                                                      8.000     8.000 r  
    PS7_X0Y0             PS7                          0.000     8.000 r  ps/system_i/processing_system7/inst/PS7_i/FCLKCLK[0]
                         net (fo=1, routed)           1.101     9.101    ps/lopt
    BUFGCTRL_X0Y5        BUFG (Prop_bufg_I_O)         0.091     9.192 r  ps/fclk_buf[0]/O
                         net (fo=32, routed)          1.495    10.687    fclk
    SLICE_X13Y59         FDRE                                         r  locked_pll_cnt_reg[29]/C
                         clock pessimism              0.264    10.951    
                         clock uncertainty           -0.125    10.826    
    SLICE_X13Y59         FDRE (Setup_fdre_C_D)        0.062    10.888    locked_pll_cnt_reg[29]
  -------------------------------------------------------------------
                         required time                         10.888    
                         arrival time                          -5.632    
  -------------------------------------------------------------------
                         slack                                  5.256    

Slack (MET) :             5.277ns  (required time - arrival time)
  Source:                 locked_pll_cnt_reg[5]/C
                            (rising edge-triggered cell FDRE clocked by clk_fpga_0  {rise@0.000ns fall@4.000ns period=8.000ns})
  Destination:            locked_pll_cnt_reg[31]/D
                            (rising edge-triggered cell FDRE clocked by clk_fpga_0  {rise@0.000ns fall@4.000ns period=8.000ns})
  Path Group:             clk_fpga_0
  Path Type:              Setup (Max at Slow Process Corner)
  Requirement:            8.000ns  (clk_fpga_0 rise@8.000ns - clk_fpga_0 rise@0.000ns)
  Data Path Delay:        2.633ns  (logic 2.013ns (76.450%)  route 0.620ns (23.550%))
  Logic Levels:           7  (CARRY4=7)
  Clock Path Skew:        -0.027ns (DCD - SCD + CPR)
    Destination Clock Delay (DCD):    2.687ns = ( 10.687 - 8.000 ) 
    Source Clock Delay      (SCD):    2.978ns
    Clock Pessimism Removal (CPR):    0.264ns
  Clock Uncertainty:      0.125ns  ((TSJ^2 + TIJ^2)^1/2 + DJ) / 2 + PE
    Total System Jitter     (TSJ):    0.071ns
    Total Input Jitter      (TIJ):    0.240ns
    Discrete Jitter          (DJ):    0.000ns
    Phase Error              (PE):    0.000ns

    Location             Delay type                Incr(ns)  Path(ns)    Netlist Resource(s)
  -------------------------------------------------------------------    -------------------
                         (clock clk_fpga_0 rise edge)
                                                      0.000     0.000 r  
    PS7_X0Y0             PS7                          0.000     0.000 r  ps/system_i/processing_system7/inst/PS7_i/FCLKCLK[0]
                         net (fo=1, routed)           1.207     1.207    ps/lopt
    BUFGCTRL_X0Y5        BUFG (Prop_bufg_I_O)         0.101     1.308 r  ps/fclk_buf[0]/O
                         net (fo=32, routed)          1.670     2.978    fclk
    SLICE_X13Y53         FDRE                                         r  locked_pll_cnt_reg[5]/C
  -------------------------------------------------------------------    -------------------
    SLICE_X13Y53         FDRE (Prop_fdre_C_Q)         0.456     3.434 r  locked_pll_cnt_reg[5]/Q
                         net (fo=2, routed)           0.620     4.054    locked_pll_cnt_reg[5]
    SLICE_X13Y53         CARRY4 (Prop_carry4_S[1]_CO[3])
                                                      0.674     4.728 r  locked_pll_cnt_reg[4]_i_1/CO[3]
                         net (fo=1, routed)           0.000     4.728    locked_pll_cnt_reg[4]_i_1_n_0
    SLICE_X13Y54         CARRY4 (Prop_carry4_CI_CO[3])
                                                      0.114     4.842 r  locked_pll_cnt_reg[8]_i_1/CO[3]
                         net (fo=1, routed)           0.000     4.842    locked_pll_cnt_reg[8]_i_1_n_0
    SLICE_X13Y55         CARRY4 (Prop_carry4_CI_CO[3])
                                                      0.114     4.956 r  locked_pll_cnt_reg[12]_i_1/CO[3]
                         net (fo=1, routed)           0.000     4.956    locked_pll_cnt_reg[12]_i_1_n_0
    SLICE_X13Y56         CARRY4 (Prop_carry4_CI_CO[3])
                                                      0.114     5.070 r  locked_pll_cnt_reg[16]_i_1/CO[3]
                         net (fo=1, routed)           0.000     5.070    locked_pll_cnt_reg[16]_i_1_n_0
    SLICE_X13Y57         CARRY4 (Prop_carry4_CI_CO[3])
                                                      0.114     5.184 r  locked_pll_cnt_reg[20]_i_1/CO[3]
                         net (fo=1, routed)           0.000     5.184    locked_pll_cnt_reg[20]_i_1_n_0
    SLICE_X13Y58         CARRY4 (Prop_carry4_CI_CO[3])
                                                      0.114     5.298 r  locked_pll_cnt_reg[24]_i_1/CO[3]
                         net (fo=1, routed)           0.000     5.298    locked_pll_cnt_reg[24]_i_1_n_0
    SLICE_X13Y59         CARRY4 (Prop_carry4_CI_O[3])
                                                      0.313     5.611 r  locked_pll_cnt_reg[28]_i_1/O[3]
                         net (fo=1, routed)           0.000     5.611    locked_pll_cnt_reg[28]_i_1_n_4
    SLICE_X13Y59         FDRE                                         r  locked_pll_cnt_reg[31]/D
  -------------------------------------------------------------------    -------------------

                         (clock clk_fpga_0 rise edge)
                                                      8.000     8.000 r  
    PS7_X0Y0             PS7                          0.000     8.000 r  ps/system_i/processing_system7/inst/PS7_i/FCLKCLK[0]
                         net (fo=1, routed)           1.101     9.101    ps/lopt
    BUFGCTRL_X0Y5        BUFG (Prop_bufg_I_O)         0.091     9.192 r  ps/fclk_buf[0]/O
                         net (fo=32, routed)          1.495    10.687    fclk
    SLICE_X13Y59         FDRE                                         r  locked_pll_cnt_reg[31]/C
                         clock pessimism              0.264    10.951    
                         clock uncertainty           -0.125    10.826    
    SLICE_X13Y59         FDRE (Setup_fdre_C_D)        0.062    10.888    locked_pll_cnt_reg[31]
  -------------------------------------------------------------------
                         required time                         10.888    
                         arrival time                          -5.611    
  -------------------------------------------------------------------
                         slack                                  5.277    

Slack (MET) :             5.351ns  (required time - arrival time)
  Source:                 locked_pll_cnt_reg[5]/C
                            (rising edge-triggered cell FDRE clocked by clk_fpga_0  {rise@0.000ns fall@4.000ns period=8.000ns})
  Destination:            locked_pll_cnt_reg[30]/D
                            (rising edge-triggered cell FDRE clocked by clk_fpga_0  {rise@0.000ns fall@4.000ns period=8.000ns})
  Path Group:             clk_fpga_0
  Path Type:              Setup (Max at Slow Process Corner)
  Requirement:            8.000ns  (clk_fpga_0 rise@8.000ns - clk_fpga_0 rise@0.000ns)
  Data Path Delay:        2.559ns  (logic 1.939ns (75.769%)  route 0.620ns (24.231%))
  Logic Levels:           7  (CARRY4=7)
  Clock Path Skew:        -0.027ns (DCD - SCD + CPR)
    Destination Clock Delay (DCD):    2.687ns = ( 10.687 - 8.000 ) 
    Source Clock Delay      (SCD):    2.978ns
    Clock Pessimism Removal (CPR):    0.264ns
  Clock Uncertainty:      0.125ns  ((TSJ^2 + TIJ^2)^1/2 + DJ) / 2 + PE
    Total System Jitter     (TSJ):    0.071ns
    Total Input Jitter      (TIJ):    0.240ns
    Discrete Jitter          (DJ):    0.000ns
    Phase Error              (PE):    0.000ns

    Location             Delay type                Incr(ns)  Path(ns)    Netlist Resource(s)
  -------------------------------------------------------------------    -------------------
                         (clock clk_fpga_0 rise edge)
                                                      0.000     0.000 r  
    PS7_X0Y0             PS7                          0.000     0.000 r  ps/system_i/processing_system7/inst/PS7_i/FCLKCLK[0]
                         net (fo=1, routed)           1.207     1.207    ps/lopt
    BUFGCTRL_X0Y5        BUFG (Prop_bufg_I_O)         0.101     1.308 r  ps/fclk_buf[0]/O
                         net (fo=32, routed)          1.670     2.978    fclk
    SLICE_X13Y53         FDRE                                         r  locked_pll_cnt_reg[5]/C
  -------------------------------------------------------------------    -------------------
    SLICE_X13Y53         FDRE (Prop_fdre_C_Q)         0.456     3.434 r  locked_pll_cnt_reg[5]/Q
                         net (fo=2, routed)           0.620     4.054    locked_pll_cnt_reg[5]
    SLICE_X13Y53         CARRY4 (Prop_carry4_S[1]_CO[3])
                                                      0.674     4.728 r  locked_pll_cnt_reg[4]_i_1/CO[3]
                         net (fo=1, routed)           0.000     4.728    locked_pll_cnt_reg[4]_i_1_n_0
    SLICE_X13Y54         CARRY4 (Prop_carry4_CI_CO[3])
                                                      0.114     4.842 r  locked_pll_cnt_reg[8]_i_1/CO[3]
                         net (fo=1, routed)           0.000     4.842    locked_pll_cnt_reg[8]_i_1_n_0
    SLICE_X13Y55         CARRY4 (Prop_carry4_CI_CO[3])
                                                      0.114     4.956 r  locked_pll_cnt_reg[12]_i_1/CO[3]
                         net (fo=1, routed)           0.000     4.956    locked_pll_cnt_reg[12]_i_1_n_0
    SLICE_X13Y56         CARRY4 (Prop_carry4_CI_CO[3])
                                                      0.114     5.070 r  locked_pll_cnt_reg[16]_i_1/CO[3]
                         net (fo=1, routed)           0.000     5.070    locked_pll_cnt_reg[16]_i_1_n_0
    SLICE_X13Y57         CARRY4 (Prop_carry4_CI_CO[3])
                                                      0.114     5.184 r  locked_pll_cnt_reg[20]_i_1/CO[3]
                         net (fo=1, routed)           0.000     5.184    locked_pll_cnt_reg[20]_i_1_n_0
    SLICE_X13Y58         CARRY4 (Prop_carry4_CI_CO[3])
                                                      0.114     5.298 r  locked_pll_cnt_reg[24]_i_1/CO[3]
                         net (fo=1, routed)           0.000     5.298    locked_pll_cnt_reg[24]_i_1_n_0
    SLICE_X13Y59         CARRY4 (Prop_carry4_CI_O[2])
                                                      0.239     5.537 r  locked_pll_cnt_reg[28]_i_1/O[2]
                         net (fo=1, routed)           0.000     5.537    locked_pll_cnt_reg[28]_i_1_n_5
    SLICE_X13Y59         FDRE                                         r  locked_pll_cnt_reg[30]/D
  -------------------------------------------------------------------    -------------------

                         (clock clk_fpga_0 rise edge)
                                                      8.000     8.000 r  
    PS7_X0Y0             PS7                          0.000     8.000 r  ps/system_i/processing_system7/inst/PS7_i/FCLKCLK[0]
                         net (fo=1, routed)           1.101     9.101    ps/lopt
    BUFGCTRL_X0Y5        BUFG (Prop_bufg_I_O)         0.091     9.192 r  ps/fclk_buf[0]/O
                         net (fo=32, routed)          1.495    10.687    fclk
    SLICE_X13Y59         FDRE                                         r  locked_pll_cnt_reg[30]/C
                         clock pessimism              0.264    10.951    
                         clock uncertainty           -0.125    10.826    
    SLICE_X13Y59         FDRE (Setup_fdre_C_D)        0.062    10.888    locked_pll_cnt_reg[30]
  -------------------------------------------------------------------
                         required time                         10.888    
                         arrival time                          -5.537    
  -------------------------------------------------------------------
                         slack                                  5.351    

Slack (MET) :             5.367ns  (required time - arrival time)
  Source:                 locked_pll_cnt_reg[5]/C
                            (rising edge-triggered cell FDRE clocked by clk_fpga_0  {rise@0.000ns fall@4.000ns period=8.000ns})
  Destination:            locked_pll_cnt_reg[28]/D
                            (rising edge-triggered cell FDRE clocked by clk_fpga_0  {rise@0.000ns fall@4.000ns period=8.000ns})
  Path Group:             clk_fpga_0
  Path Type:              Setup (Max at Slow Process Corner)
  Requirement:            8.000ns  (clk_fpga_0 rise@8.000ns - clk_fpga_0 rise@0.000ns)
  Data Path Delay:        2.543ns  (logic 1.923ns (75.617%)  route 0.620ns (24.383%))
  Logic Levels:           7  (CARRY4=7)
  Clock Path Skew:        -0.027ns (DCD - SCD + CPR)
    Destination Clock Delay (DCD):    2.687ns = ( 10.687 - 8.000 ) 
    Source Clock Delay      (SCD):    2.978ns
    Clock Pessimism Removal (CPR):    0.264ns
  Clock Uncertainty:      0.125ns  ((TSJ^2 + TIJ^2)^1/2 + DJ) / 2 + PE
    Total System Jitter     (TSJ):    0.071ns
    Total Input Jitter      (TIJ):    0.240ns
    Discrete Jitter          (DJ):    0.000ns
    Phase Error              (PE):    0.000ns

    Location             Delay type                Incr(ns)  Path(ns)    Netlist Resource(s)
  -------------------------------------------------------------------    -------------------
                         (clock clk_fpga_0 rise edge)
                                                      0.000     0.000 r  
    PS7_X0Y0             PS7                          0.000     0.000 r  ps/system_i/processing_system7/inst/PS7_i/FCLKCLK[0]
                         net (fo=1, routed)           1.207     1.207    ps/lopt
    BUFGCTRL_X0Y5        BUFG (Prop_bufg_I_O)         0.101     1.308 r  ps/fclk_buf[0]/O
                         net (fo=32, routed)          1.670     2.978    fclk
    SLICE_X13Y53         FDRE                                         r  locked_pll_cnt_reg[5]/C
  -------------------------------------------------------------------    -------------------
    SLICE_X13Y53         FDRE (Prop_fdre_C_Q)         0.456     3.434 r  locked_pll_cnt_reg[5]/Q
                         net (fo=2, routed)           0.620     4.054    locked_pll_cnt_reg[5]
    SLICE_X13Y53         CARRY4 (Prop_carry4_S[1]_CO[3])
                                                      0.674     4.728 r  locked_pll_cnt_reg[4]_i_1/CO[3]
                         net (fo=1, routed)           0.000     4.728    locked_pll_cnt_reg[4]_i_1_n_0
    SLICE_X13Y54         CARRY4 (Prop_carry4_CI_CO[3])
                                                      0.114     4.842 r  locked_pll_cnt_reg[8]_i_1/CO[3]
                         net (fo=1, routed)           0.000     4.842    locked_pll_cnt_reg[8]_i_1_n_0
    SLICE_X13Y55         CARRY4 (Prop_carry4_CI_CO[3])
                                                      0.114     4.956 r  locked_pll_cnt_reg[12]_i_1/CO[3]
                         net (fo=1, routed)           0.000     4.956    locked_pll_cnt_reg[12]_i_1_n_0
    SLICE_X13Y56         CARRY4 (Prop_carry4_CI_CO[3])
                                                      0.114     5.070 r  locked_pll_cnt_reg[16]_i_1/CO[3]
                         net (fo=1, routed)           0.000     5.070    locked_pll_cnt_reg[16]_i_1_n_0
    SLICE_X13Y57         CARRY4 (Prop_carry4_CI_CO[3])
                                                      0.114     5.184 r  locked_pll_cnt_reg[20]_i_1/CO[3]
                         net (fo=1, routed)           0.000     5.184    locked_pll_cnt_reg[20]_i_1_n_0
    SLICE_X13Y58         CARRY4 (Prop_carry4_CI_CO[3])
                                                      0.114     5.298 r  locked_pll_cnt_reg[24]_i_1/CO[3]
                         net (fo=1, routed)           0.000     5.298    locked_pll_cnt_reg[24]_i_1_n_0
    SLICE_X13Y59         CARRY4 (Prop_carry4_CI_O[0])
                                                      0.223     5.521 r  locked_pll_cnt_reg[28]_i_1/O[0]
                         net (fo=1, routed)           0.000     5.521    locked_pll_cnt_reg[28]_i_1_n_7
    SLICE_X13Y59         FDRE                                         r  locked_pll_cnt_reg[28]/D
  -------------------------------------------------------------------    -------------------

                         (clock clk_fpga_0 rise edge)
                                                      8.000     8.000 r  
    PS7_X0Y0             PS7                          0.000     8.000 r  ps/system_i/processing_system7/inst/PS7_i/FCLKCLK[0]
                         net (fo=1, routed)           1.101     9.101    ps/lopt
    BUFGCTRL_X0Y5        BUFG (Prop_bufg_I_O)         0.091     9.192 r  ps/fclk_buf[0]/O
                         net (fo=32, routed)          1.495    10.687    fclk
    SLICE_X13Y59         FDRE                                         r  locked_pll_cnt_reg[28]/C
                         clock pessimism              0.264    10.951    
                         clock uncertainty           -0.125    10.826    
    SLICE_X13Y59         FDRE (Setup_fdre_C_D)        0.062    10.888    locked_pll_cnt_reg[28]
  -------------------------------------------------------------------
                         required time                         10.888    
                         arrival time                          -5.521    
  -------------------------------------------------------------------
                         slack                                  5.367    

Slack (MET) :             5.371ns  (required time - arrival time)
  Source:                 locked_pll_cnt_reg[5]/C
                            (rising edge-triggered cell FDRE clocked by clk_fpga_0  {rise@0.000ns fall@4.000ns period=8.000ns})
  Destination:            locked_pll_cnt_reg[25]/D
                            (rising edge-triggered cell FDRE clocked by clk_fpga_0  {rise@0.000ns fall@4.000ns period=8.000ns})
  Path Group:             clk_fpga_0
  Path Type:              Setup (Max at Slow Process Corner)
  Requirement:            8.000ns  (clk_fpga_0 rise@8.000ns - clk_fpga_0 rise@0.000ns)
  Data Path Delay:        2.540ns  (logic 1.920ns (75.588%)  route 0.620ns (24.412%))
  Logic Levels:           6  (CARRY4=6)
  Clock Path Skew:        -0.026ns (DCD - SCD + CPR)
    Destination Clock Delay (DCD):    2.688ns = ( 10.688 - 8.000 ) 
    Source Clock Delay      (SCD):    2.978ns
    Clock Pessimism Removal (CPR):    0.264ns
  Clock Uncertainty:      0.125ns  ((TSJ^2 + TIJ^2)^1/2 + DJ) / 2 + PE
    Total System Jitter     (TSJ):    0.071ns
    Total Input Jitter      (TIJ):    0.240ns
    Discrete Jitter          (DJ):    0.000ns
    Phase Error              (PE):    0.000ns

    Location             Delay type                Incr(ns)  Path(ns)    Netlist Resource(s)
  -------------------------------------------------------------------    -------------------
                         (clock clk_fpga_0 rise edge)
                                                      0.000     0.000 r  
    PS7_X0Y0             PS7                          0.000     0.000 r  ps/system_i/processing_system7/inst/PS7_i/FCLKCLK[0]
                         net (fo=1, routed)           1.207     1.207    ps/lopt
    BUFGCTRL_X0Y5        BUFG (Prop_bufg_I_O)         0.101     1.308 r  ps/fclk_buf[0]/O
                         net (fo=32, routed)          1.670     2.978    fclk
    SLICE_X13Y53         FDRE                                         r  locked_pll_cnt_reg[5]/C
  -------------------------------------------------------------------    -------------------
    SLICE_X13Y53         FDRE (Prop_fdre_C_Q)         0.456     3.434 r  locked_pll_cnt_reg[5]/Q
                         net (fo=2, routed)           0.620     4.054    locked_pll_cnt_reg[5]
    SLICE_X13Y53         CARRY4 (Prop_carry4_S[1]_CO[3])
                                                      0.674     4.728 r  locked_pll_cnt_reg[4]_i_1/CO[3]
                         net (fo=1, routed)           0.000     4.728    locked_pll_cnt_reg[4]_i_1_n_0
    SLICE_X13Y54         CARRY4 (Prop_carry4_CI_CO[3])
                                                      0.114     4.842 r  locked_pll_cnt_reg[8]_i_1/CO[3]
                         net (fo=1, routed)           0.000     4.842    locked_pll_cnt_reg[8]_i_1_n_0
    SLICE_X13Y55         CARRY4 (Prop_carry4_CI_CO[3])
                                                      0.114     4.956 r  locked_pll_cnt_reg[12]_i_1/CO[3]
                         net (fo=1, routed)           0.000     4.956    locked_pll_cnt_reg[12]_i_1_n_0
    SLICE_X13Y56         CARRY4 (Prop_carry4_CI_CO[3])
                                                      0.114     5.070 r  locked_pll_cnt_reg[16]_i_1/CO[3]
                         net (fo=1, routed)           0.000     5.070    locked_pll_cnt_reg[16]_i_1_n_0
    SLICE_X13Y57         CARRY4 (Prop_carry4_CI_CO[3])
                                                      0.114     5.184 r  locked_pll_cnt_reg[20]_i_1/CO[3]
                         net (fo=1, routed)           0.000     5.184    locked_pll_cnt_reg[20]_i_1_n_0
    SLICE_X13Y58         CARRY4 (Prop_carry4_CI_O[1])
                                                      0.334     5.518 r  locked_pll_cnt_reg[24]_i_1/O[1]
                         net (fo=1, routed)           0.000     5.518    locked_pll_cnt_reg[24]_i_1_n_6
    SLICE_X13Y58         FDRE                                         r  locked_pll_cnt_reg[25]/D
  -------------------------------------------------------------------    -------------------

                         (clock clk_fpga_0 rise edge)
                                                      8.000     8.000 r  
    PS7_X0Y0             PS7                          0.000     8.000 r  ps/system_i/processing_system7/inst/PS7_i/FCLKCLK[0]
                         net (fo=1, routed)           1.101     9.101    ps/lopt
    BUFGCTRL_X0Y5        BUFG (Prop_bufg_I_O)         0.091     9.192 r  ps/fclk_buf[0]/O
                         net (fo=32, routed)          1.496    10.688    fclk
    SLICE_X13Y58         FDRE                                         r  locked_pll_cnt_reg[25]/C
                         clock pessimism              0.264    10.952    
                         clock uncertainty           -0.125    10.827    
    SLICE_X13Y58         FDRE (Setup_fdre_C_D)        0.062    10.889    locked_pll_cnt_reg[25]
  -------------------------------------------------------------------
                         required time                         10.889    
                         arrival time                          -5.518    
  -------------------------------------------------------------------
                         slack                                  5.371    

Slack (MET) :             5.392ns  (required time - arrival time)
  Source:                 locked_pll_cnt_reg[5]/C
                            (rising edge-triggered cell FDRE clocked by clk_fpga_0  {rise@0.000ns fall@4.000ns period=8.000ns})
  Destination:            locked_pll_cnt_reg[27]/D
                            (rising edge-triggered cell FDRE clocked by clk_fpga_0  {rise@0.000ns fall@4.000ns period=8.000ns})
  Path Group:             clk_fpga_0
  Path Type:              Setup (Max at Slow Process Corner)
  Requirement:            8.000ns  (clk_fpga_0 rise@8.000ns - clk_fpga_0 rise@0.000ns)
  Data Path Delay:        2.519ns  (logic 1.899ns (75.385%)  route 0.620ns (24.615%))
  Logic Levels:           6  (CARRY4=6)
  Clock Path Skew:        -0.026ns (DCD - SCD + CPR)
    Destination Clock Delay (DCD):    2.688ns = ( 10.688 - 8.000 ) 
    Source Clock Delay      (SCD):    2.978ns
    Clock Pessimism Removal (CPR):    0.264ns
  Clock Uncertainty:      0.125ns  ((TSJ^2 + TIJ^2)^1/2 + DJ) / 2 + PE
    Total System Jitter     (TSJ):    0.071ns
    Total Input Jitter      (TIJ):    0.240ns
    Discrete Jitter          (DJ):    0.000ns
    Phase Error              (PE):    0.000ns

    Location             Delay type                Incr(ns)  Path(ns)    Netlist Resource(s)
  -------------------------------------------------------------------    -------------------
                         (clock clk_fpga_0 rise edge)
                                                      0.000     0.000 r  
    PS7_X0Y0             PS7                          0.000     0.000 r  ps/system_i/processing_system7/inst/PS7_i/FCLKCLK[0]
                         net (fo=1, routed)           1.207     1.207    ps/lopt
    BUFGCTRL_X0Y5        BUFG (Prop_bufg_I_O)         0.101     1.308 r  ps/fclk_buf[0]/O
                         net (fo=32, routed)          1.670     2.978    fclk
    SLICE_X13Y53         FDRE                                         r  locked_pll_cnt_reg[5]/C
  -------------------------------------------------------------------    -------------------
    SLICE_X13Y53         FDRE (Prop_fdre_C_Q)         0.456     3.434 r  locked_pll_cnt_reg[5]/Q
                         net (fo=2, routed)           0.620     4.054    locked_pll_cnt_reg[5]
    SLICE_X13Y53         CARRY4 (Prop_carry4_S[1]_CO[3])
                                                      0.674     4.728 r  locked_pll_cnt_reg[4]_i_1/CO[3]
                         net (fo=1, routed)           0.000     4.728    locked_pll_cnt_reg[4]_i_1_n_0
    SLICE_X13Y54         CARRY4 (Prop_carry4_CI_CO[3])
                                                      0.114     4.842 r  locked_pll_cnt_reg[8]_i_1/CO[3]
                         net (fo=1, routed)           0.000     4.842    locked_pll_cnt_reg[8]_i_1_n_0
    SLICE_X13Y55         CARRY4 (Prop_carry4_CI_CO[3])
                                                      0.114     4.956 r  locked_pll_cnt_reg[12]_i_1/CO[3]
                         net (fo=1, routed)           0.000     4.956    locked_pll_cnt_reg[12]_i_1_n_0
    SLICE_X13Y56         CARRY4 (Prop_carry4_CI_CO[3])
                                                      0.114     5.070 r  locked_pll_cnt_reg[16]_i_1/CO[3]
                         net (fo=1, routed)           0.000     5.070    locked_pll_cnt_reg[16]_i_1_n_0
    SLICE_X13Y57         CARRY4 (Prop_carry4_CI_CO[3])
                                                      0.114     5.184 r  locked_pll_cnt_reg[20]_i_1/CO[3]
                         net (fo=1, routed)           0.000     5.184    locked_pll_cnt_reg[20]_i_1_n_0
    SLICE_X13Y58         CARRY4 (Prop_carry4_CI_O[3])
                                                      0.313     5.497 r  locked_pll_cnt_reg[24]_i_1/O[3]
                         net (fo=1, routed)           0.000     5.497    locked_pll_cnt_reg[24]_i_1_n_4
    SLICE_X13Y58         FDRE                                         r  locked_pll_cnt_reg[27]/D
  -------------------------------------------------------------------    -------------------

                         (clock clk_fpga_0 rise edge)
                                                      8.000     8.000 r  
    PS7_X0Y0             PS7                          0.000     8.000 r  ps/system_i/processing_system7/inst/PS7_i/FCLKCLK[0]
                         net (fo=1, routed)           1.101     9.101    ps/lopt
    BUFGCTRL_X0Y5        BUFG (Prop_bufg_I_O)         0.091     9.192 r  ps/fclk_buf[0]/O
                         net (fo=32, routed)          1.496    10.688    fclk
    SLICE_X13Y58         FDRE                                         r  locked_pll_cnt_reg[27]/C
                         clock pessimism              0.264    10.952    
                         clock uncertainty           -0.125    10.827    
    SLICE_X13Y58         FDRE (Setup_fdre_C_D)        0.062    10.889    locked_pll_cnt_reg[27]
  -------------------------------------------------------------------
                         required time                         10.889    
                         arrival time                          -5.497    
  -------------------------------------------------------------------
                         slack                                  5.392    

Slack (MET) :             5.466ns  (required time - arrival time)
  Source:                 locked_pll_cnt_reg[5]/C
                            (rising edge-triggered cell FDRE clocked by clk_fpga_0  {rise@0.000ns fall@4.000ns period=8.000ns})
  Destination:            locked_pll_cnt_reg[26]/D
                            (rising edge-triggered cell FDRE clocked by clk_fpga_0  {rise@0.000ns fall@4.000ns period=8.000ns})
  Path Group:             clk_fpga_0
  Path Type:              Setup (Max at Slow Process Corner)
  Requirement:            8.000ns  (clk_fpga_0 rise@8.000ns - clk_fpga_0 rise@0.000ns)
  Data Path Delay:        2.445ns  (logic 1.825ns (74.640%)  route 0.620ns (25.360%))
  Logic Levels:           6  (CARRY4=6)
  Clock Path Skew:        -0.026ns (DCD - SCD + CPR)
    Destination Clock Delay (DCD):    2.688ns = ( 10.688 - 8.000 ) 
    Source Clock Delay      (SCD):    2.978ns
    Clock Pessimism Removal (CPR):    0.264ns
  Clock Uncertainty:      0.125ns  ((TSJ^2 + TIJ^2)^1/2 + DJ) / 2 + PE
    Total System Jitter     (TSJ):    0.071ns
    Total Input Jitter      (TIJ):    0.240ns
    Discrete Jitter          (DJ):    0.000ns
    Phase Error              (PE):    0.000ns

    Location             Delay type                Incr(ns)  Path(ns)    Netlist Resource(s)
  -------------------------------------------------------------------    -------------------
                         (clock clk_fpga_0 rise edge)
                                                      0.000     0.000 r  
    PS7_X0Y0             PS7                          0.000     0.000 r  ps/system_i/processing_system7/inst/PS7_i/FCLKCLK[0]
                         net (fo=1, routed)           1.207     1.207    ps/lopt
    BUFGCTRL_X0Y5        BUFG (Prop_bufg_I_O)         0.101     1.308 r  ps/fclk_buf[0]/O
                         net (fo=32, routed)          1.670     2.978    fclk
    SLICE_X13Y53         FDRE                                         r  locked_pll_cnt_reg[5]/C
  -------------------------------------------------------------------    -------------------
    SLICE_X13Y53         FDRE (Prop_fdre_C_Q)         0.456     3.434 r  locked_pll_cnt_reg[5]/Q
                         net (fo=2, routed)           0.620     4.054    locked_pll_cnt_reg[5]
    SLICE_X13Y53         CARRY4 (Prop_carry4_S[1]_CO[3])
                                                      0.674     4.728 r  locked_pll_cnt_reg[4]_i_1/CO[3]
                         net (fo=1, routed)           0.000     4.728    locked_pll_cnt_reg[4]_i_1_n_0
    SLICE_X13Y54         CARRY4 (Prop_carry4_CI_CO[3])
                                                      0.114     4.842 r  locked_pll_cnt_reg[8]_i_1/CO[3]
                         net (fo=1, routed)           0.000     4.842    locked_pll_cnt_reg[8]_i_1_n_0
    SLICE_X13Y55         CARRY4 (Prop_carry4_CI_CO[3])
                                                      0.114     4.956 r  locked_pll_cnt_reg[12]_i_1/CO[3]
                         net (fo=1, routed)           0.000     4.956    locked_pll_cnt_reg[12]_i_1_n_0
    SLICE_X13Y56         CARRY4 (Prop_carry4_CI_CO[3])
                                                      0.114     5.070 r  locked_pll_cnt_reg[16]_i_1/CO[3]
                         net (fo=1, routed)           0.000     5.070    locked_pll_cnt_reg[16]_i_1_n_0
    SLICE_X13Y57         CARRY4 (Prop_carry4_CI_CO[3])
                                                      0.114     5.184 r  locked_pll_cnt_reg[20]_i_1/CO[3]
                         net (fo=1, routed)           0.000     5.184    locked_pll_cnt_reg[20]_i_1_n_0
    SLICE_X13Y58         CARRY4 (Prop_carry4_CI_O[2])
                                                      0.239     5.423 r  locked_pll_cnt_reg[24]_i_1/O[2]
                         net (fo=1, routed)           0.000     5.423    locked_pll_cnt_reg[24]_i_1_n_5
    SLICE_X13Y58         FDRE                                         r  locked_pll_cnt_reg[26]/D
  -------------------------------------------------------------------    -------------------

                         (clock clk_fpga_0 rise edge)
                                                      8.000     8.000 r  
    PS7_X0Y0             PS7                          0.000     8.000 r  ps/system_i/processing_system7/inst/PS7_i/FCLKCLK[0]
                         net (fo=1, routed)           1.101     9.101    ps/lopt
    BUFGCTRL_X0Y5        BUFG (Prop_bufg_I_O)         0.091     9.192 r  ps/fclk_buf[0]/O
                         net (fo=32, routed)          1.496    10.688    fclk
    SLICE_X13Y58         FDRE                                         r  locked_pll_cnt_reg[26]/C
                         clock pessimism              0.264    10.952    
                         clock uncertainty           -0.125    10.827    
    SLICE_X13Y58         FDRE (Setup_fdre_C_D)        0.062    10.889    locked_pll_cnt_reg[26]
  -------------------------------------------------------------------
                         required time                         10.889    
                         arrival time                          -5.423    
  -------------------------------------------------------------------
                         slack                                  5.466    

Slack (MET) :             5.482ns  (required time - arrival time)
  Source:                 locked_pll_cnt_reg[5]/C
                            (rising edge-triggered cell FDRE clocked by clk_fpga_0  {rise@0.000ns fall@4.000ns period=8.000ns})
  Destination:            locked_pll_cnt_reg[24]/D
                            (rising edge-triggered cell FDRE clocked by clk_fpga_0  {rise@0.000ns fall@4.000ns period=8.000ns})
  Path Group:             clk_fpga_0
  Path Type:              Setup (Max at Slow Process Corner)
  Requirement:            8.000ns  (clk_fpga_0 rise@8.000ns - clk_fpga_0 rise@0.000ns)
  Data Path Delay:        2.429ns  (logic 1.809ns (74.473%)  route 0.620ns (25.527%))
  Logic Levels:           6  (CARRY4=6)
  Clock Path Skew:        -0.026ns (DCD - SCD + CPR)
    Destination Clock Delay (DCD):    2.688ns = ( 10.688 - 8.000 ) 
    Source Clock Delay      (SCD):    2.978ns
    Clock Pessimism Removal (CPR):    0.264ns
  Clock Uncertainty:      0.125ns  ((TSJ^2 + TIJ^2)^1/2 + DJ) / 2 + PE
    Total System Jitter     (TSJ):    0.071ns
    Total Input Jitter      (TIJ):    0.240ns
    Discrete Jitter          (DJ):    0.000ns
    Phase Error              (PE):    0.000ns

    Location             Delay type                Incr(ns)  Path(ns)    Netlist Resource(s)
  -------------------------------------------------------------------    -------------------
                         (clock clk_fpga_0 rise edge)
                                                      0.000     0.000 r  
    PS7_X0Y0             PS7                          0.000     0.000 r  ps/system_i/processing_system7/inst/PS7_i/FCLKCLK[0]
                         net (fo=1, routed)           1.207     1.207    ps/lopt
    BUFGCTRL_X0Y5        BUFG (Prop_bufg_I_O)         0.101     1.308 r  ps/fclk_buf[0]/O
                         net (fo=32, routed)          1.670     2.978    fclk
    SLICE_X13Y53         FDRE                                         r  locked_pll_cnt_reg[5]/C
  -------------------------------------------------------------------    -------------------
    SLICE_X13Y53         FDRE (Prop_fdre_C_Q)         0.456     3.434 r  locked_pll_cnt_reg[5]/Q
                         net (fo=2, routed)           0.620     4.054    locked_pll_cnt_reg[5]
    SLICE_X13Y53         CARRY4 (Prop_carry4_S[1]_CO[3])
                                                      0.674     4.728 r  locked_pll_cnt_reg[4]_i_1/CO[3]
                         net (fo=1, routed)           0.000     4.728    locked_pll_cnt_reg[4]_i_1_n_0
    SLICE_X13Y54         CARRY4 (Prop_carry4_CI_CO[3])
                                                      0.114     4.842 r  locked_pll_cnt_reg[8]_i_1/CO[3]
                         net (fo=1, routed)           0.000     4.842    locked_pll_cnt_reg[8]_i_1_n_0
    SLICE_X13Y55         CARRY4 (Prop_carry4_CI_CO[3])
                                                      0.114     4.956 r  locked_pll_cnt_reg[12]_i_1/CO[3]
                         net (fo=1, routed)           0.000     4.956    locked_pll_cnt_reg[12]_i_1_n_0
    SLICE_X13Y56         CARRY4 (Prop_carry4_CI_CO[3])
                                                      0.114     5.070 r  locked_pll_cnt_reg[16]_i_1/CO[3]
                         net (fo=1, routed)           0.000     5.070    locked_pll_cnt_reg[16]_i_1_n_0
    SLICE_X13Y57         CARRY4 (Prop_carry4_CI_CO[3])
                                                      0.114     5.184 r  locked_pll_cnt_reg[20]_i_1/CO[3]
                         net (fo=1, routed)           0.000     5.184    locked_pll_cnt_reg[20]_i_1_n_0
    SLICE_X13Y58         CARRY4 (Prop_carry4_CI_O[0])
                                                      0.223     5.407 r  locked_pll_cnt_reg[24]_i_1/O[0]
                         net (fo=1, routed)           0.000     5.407    locked_pll_cnt_reg[24]_i_1_n_7
    SLICE_X13Y58         FDRE                                         r  locked_pll_cnt_reg[24]/D
  -------------------------------------------------------------------    -------------------

                         (clock clk_fpga_0 rise edge)
                                                      8.000     8.000 r  
    PS7_X0Y0             PS7                          0.000     8.000 r  ps/system_i/processing_system7/inst/PS7_i/FCLKCLK[0]
                         net (fo=1, routed)           1.101     9.101    ps/lopt
    BUFGCTRL_X0Y5        BUFG (Prop_bufg_I_O)         0.091     9.192 r  ps/fclk_buf[0]/O
                         net (fo=32, routed)          1.496    10.688    fclk
    SLICE_X13Y58         FDRE                                         r  locked_pll_cnt_reg[24]/C
                         clock pessimism              0.264    10.952    
                         clock uncertainty           -0.125    10.827    
    SLICE_X13Y58         FDRE (Setup_fdre_C_D)        0.062    10.889    locked_pll_cnt_reg[24]
  -------------------------------------------------------------------
                         required time                         10.889    
                         arrival time                          -5.407    
  -------------------------------------------------------------------
                         slack                                  5.482    

Slack (MET) :             5.485ns  (required time - arrival time)
  Source:                 locked_pll_cnt_reg[5]/C
                            (rising edge-triggered cell FDRE clocked by clk_fpga_0  {rise@0.000ns fall@4.000ns period=8.000ns})
  Destination:            locked_pll_cnt_reg[21]/D
                            (rising edge-triggered cell FDRE clocked by clk_fpga_0  {rise@0.000ns fall@4.000ns period=8.000ns})
  Path Group:             clk_fpga_0
  Path Type:              Setup (Max at Slow Process Corner)
  Requirement:            8.000ns  (clk_fpga_0 rise@8.000ns - clk_fpga_0 rise@0.000ns)
  Data Path Delay:        2.426ns  (logic 1.806ns (74.441%)  route 0.620ns (25.559%))
  Logic Levels:           5  (CARRY4=5)
  Clock Path Skew:        -0.026ns (DCD - SCD + CPR)
    Destination Clock Delay (DCD):    2.688ns = ( 10.688 - 8.000 ) 
    Source Clock Delay      (SCD):    2.978ns
    Clock Pessimism Removal (CPR):    0.264ns
  Clock Uncertainty:      0.125ns  ((TSJ^2 + TIJ^2)^1/2 + DJ) / 2 + PE
    Total System Jitter     (TSJ):    0.071ns
    Total Input Jitter      (TIJ):    0.240ns
    Discrete Jitter          (DJ):    0.000ns
    Phase Error              (PE):    0.000ns

    Location             Delay type                Incr(ns)  Path(ns)    Netlist Resource(s)
  -------------------------------------------------------------------    -------------------
                         (clock clk_fpga_0 rise edge)
                                                      0.000     0.000 r  
    PS7_X0Y0             PS7                          0.000     0.000 r  ps/system_i/processing_system7/inst/PS7_i/FCLKCLK[0]
                         net (fo=1, routed)           1.207     1.207    ps/lopt
    BUFGCTRL_X0Y5        BUFG (Prop_bufg_I_O)         0.101     1.308 r  ps/fclk_buf[0]/O
                         net (fo=32, routed)          1.670     2.978    fclk
    SLICE_X13Y53         FDRE                                         r  locked_pll_cnt_reg[5]/C
  -------------------------------------------------------------------    -------------------
    SLICE_X13Y53         FDRE (Prop_fdre_C_Q)         0.456     3.434 r  locked_pll_cnt_reg[5]/Q
                         net (fo=2, routed)           0.620     4.054    locked_pll_cnt_reg[5]
    SLICE_X13Y53         CARRY4 (Prop_carry4_S[1]_CO[3])
                                                      0.674     4.728 r  locked_pll_cnt_reg[4]_i_1/CO[3]
                         net (fo=1, routed)           0.000     4.728    locked_pll_cnt_reg[4]_i_1_n_0
    SLICE_X13Y54         CARRY4 (Prop_carry4_CI_CO[3])
                                                      0.114     4.842 r  locked_pll_cnt_reg[8]_i_1/CO[3]
                         net (fo=1, routed)           0.000     4.842    locked_pll_cnt_reg[8]_i_1_n_0
    SLICE_X13Y55         CARRY4 (Prop_carry4_CI_CO[3])
                                                      0.114     4.956 r  locked_pll_cnt_reg[12]_i_1/CO[3]
                         net (fo=1, routed)           0.000     4.956    locked_pll_cnt_reg[12]_i_1_n_0
    SLICE_X13Y56         CARRY4 (Prop_carry4_CI_CO[3])
                                                      0.114     5.070 r  locked_pll_cnt_reg[16]_i_1/CO[3]
                         net (fo=1, routed)           0.000     5.070    locked_pll_cnt_reg[16]_i_1_n_0
    SLICE_X13Y57         CARRY4 (Prop_carry4_CI_O[1])
                                                      0.334     5.404 r  locked_pll_cnt_reg[20]_i_1/O[1]
                         net (fo=1, routed)           0.000     5.404    locked_pll_cnt_reg[20]_i_1_n_6
    SLICE_X13Y57         FDRE                                         r  locked_pll_cnt_reg[21]/D
  -------------------------------------------------------------------    -------------------

                         (clock clk_fpga_0 rise edge)
                                                      8.000     8.000 r  
    PS7_X0Y0             PS7                          0.000     8.000 r  ps/system_i/processing_system7/inst/PS7_i/FCLKCLK[0]
                         net (fo=1, routed)           1.101     9.101    ps/lopt
    BUFGCTRL_X0Y5        BUFG (Prop_bufg_I_O)         0.091     9.192 r  ps/fclk_buf[0]/O
                         net (fo=32, routed)          1.496    10.688    fclk
    SLICE_X13Y57         FDRE                                         r  locked_pll_cnt_reg[21]/C
                         clock pessimism              0.264    10.952    
                         clock uncertainty           -0.125    10.827    
    SLICE_X13Y57         FDRE (Setup_fdre_C_D)        0.062    10.889    locked_pll_cnt_reg[21]
  -------------------------------------------------------------------
                         required time                         10.889    
                         arrival time                          -5.404    
  -------------------------------------------------------------------
                         slack                                  5.485    

Slack (MET) :             5.506ns  (required time - arrival time)
  Source:                 locked_pll_cnt_reg[5]/C
                            (rising edge-triggered cell FDRE clocked by clk_fpga_0  {rise@0.000ns fall@4.000ns period=8.000ns})
  Destination:            locked_pll_cnt_reg[23]/D
                            (rising edge-triggered cell FDRE clocked by clk_fpga_0  {rise@0.000ns fall@4.000ns period=8.000ns})
  Path Group:             clk_fpga_0
  Path Type:              Setup (Max at Slow Process Corner)
  Requirement:            8.000ns  (clk_fpga_0 rise@8.000ns - clk_fpga_0 rise@0.000ns)
  Data Path Delay:        2.405ns  (logic 1.785ns (74.218%)  route 0.620ns (25.782%))
  Logic Levels:           5  (CARRY4=5)
  Clock Path Skew:        -0.026ns (DCD - SCD + CPR)
    Destination Clock Delay (DCD):    2.688ns = ( 10.688 - 8.000 ) 
    Source Clock Delay      (SCD):    2.978ns
    Clock Pessimism Removal (CPR):    0.264ns
  Clock Uncertainty:      0.125ns  ((TSJ^2 + TIJ^2)^1/2 + DJ) / 2 + PE
    Total System Jitter     (TSJ):    0.071ns
    Total Input Jitter      (TIJ):    0.240ns
    Discrete Jitter          (DJ):    0.000ns
    Phase Error              (PE):    0.000ns

    Location             Delay type                Incr(ns)  Path(ns)    Netlist Resource(s)
  -------------------------------------------------------------------    -------------------
                         (clock clk_fpga_0 rise edge)
                                                      0.000     0.000 r  
    PS7_X0Y0             PS7                          0.000     0.000 r  ps/system_i/processing_system7/inst/PS7_i/FCLKCLK[0]
                         net (fo=1, routed)           1.207     1.207    ps/lopt
    BUFGCTRL_X0Y5        BUFG (Prop_bufg_I_O)         0.101     1.308 r  ps/fclk_buf[0]/O
                         net (fo=32, routed)          1.670     2.978    fclk
    SLICE_X13Y53         FDRE                                         r  locked_pll_cnt_reg[5]/C
  -------------------------------------------------------------------    -------------------
    SLICE_X13Y53         FDRE (Prop_fdre_C_Q)         0.456     3.434 r  locked_pll_cnt_reg[5]/Q
                         net (fo=2, routed)           0.620     4.054    locked_pll_cnt_reg[5]
    SLICE_X13Y53         CARRY4 (Prop_carry4_S[1]_CO[3])
                                                      0.674     4.728 r  locked_pll_cnt_reg[4]_i_1/CO[3]
                         net (fo=1, routed)           0.000     4.728    locked_pll_cnt_reg[4]_i_1_n_0
    SLICE_X13Y54         CARRY4 (Prop_carry4_CI_CO[3])
                                                      0.114     4.842 r  locked_pll_cnt_reg[8]_i_1/CO[3]
                         net (fo=1, routed)           0.000     4.842    locked_pll_cnt_reg[8]_i_1_n_0
    SLICE_X13Y55         CARRY4 (Prop_carry4_CI_CO[3])
                                                      0.114     4.956 r  locked_pll_cnt_reg[12]_i_1/CO[3]
                         net (fo=1, routed)           0.000     4.956    locked_pll_cnt_reg[12]_i_1_n_0
    SLICE_X13Y56         CARRY4 (Prop_carry4_CI_CO[3])
                                                      0.114     5.070 r  locked_pll_cnt_reg[16]_i_1/CO[3]
                         net (fo=1, routed)           0.000     5.070    locked_pll_cnt_reg[16]_i_1_n_0
    SLICE_X13Y57         CARRY4 (Prop_carry4_CI_O[3])
                                                      0.313     5.383 r  locked_pll_cnt_reg[20]_i_1/O[3]
                         net (fo=1, routed)           0.000     5.383    locked_pll_cnt_reg[20]_i_1_n_4
    SLICE_X13Y57         FDRE                                         r  locked_pll_cnt_reg[23]/D
  -------------------------------------------------------------------    -------------------

                         (clock clk_fpga_0 rise edge)
                                                      8.000     8.000 r  
    PS7_X0Y0             PS7                          0.000     8.000 r  ps/system_i/processing_system7/inst/PS7_i/FCLKCLK[0]
                         net (fo=1, routed)           1.101     9.101    ps/lopt
    BUFGCTRL_X0Y5        BUFG (Prop_bufg_I_O)         0.091     9.192 r  ps/fclk_buf[0]/O
                         net (fo=32, routed)          1.496    10.688    fclk
    SLICE_X13Y57         FDRE                                         r  locked_pll_cnt_reg[23]/C
                         clock pessimism              0.264    10.952    
                         clock uncertainty           -0.125    10.827    
    SLICE_X13Y57         FDRE (Setup_fdre_C_D)        0.062    10.889    locked_pll_cnt_reg[23]
  -------------------------------------------------------------------
                         required time                         10.889    
                         arrival time                          -5.383    
  -------------------------------------------------------------------
                         slack                                  5.506    





Min Delay Paths
--------------------------------------------------------------------------------------
Slack (MET) :             0.262ns  (arrival time - required time)
  Source:                 locked_pll_cnt_reg[11]/C
                            (rising edge-triggered cell FDRE clocked by clk_fpga_0  {rise@0.000ns fall@4.000ns period=8.000ns})
  Destination:            locked_pll_cnt_reg[11]/D
                            (rising edge-triggered cell FDRE clocked by clk_fpga_0  {rise@0.000ns fall@4.000ns period=8.000ns})
  Path Group:             clk_fpga_0
  Path Type:              Hold (Min at Fast Process Corner)
  Requirement:            0.000ns  (clk_fpga_0 rise@0.000ns - clk_fpga_0 rise@0.000ns)
  Data Path Delay:        0.367ns  (logic 0.249ns (67.838%)  route 0.118ns (32.162%))
  Logic Levels:           1  (CARRY4=1)
  Clock Path Skew:        0.000ns (DCD - SCD - CPR)
    Destination Clock Delay (DCD):    1.203ns
    Source Clock Delay      (SCD):    0.905ns
    Clock Pessimism Removal (CPR):    0.298ns

    Location             Delay type                Incr(ns)  Path(ns)    Netlist Resource(s)
  -------------------------------------------------------------------    -------------------
                         (clock clk_fpga_0 rise edge)
                                                      0.000     0.000 r  
    PS7_X0Y0             PS7                          0.000     0.000 r  ps/system_i/processing_system7/inst/PS7_i/FCLKCLK[0]
                         net (fo=1, routed)           0.315     0.315    ps/lopt
    BUFGCTRL_X0Y5        BUFG (Prop_bufg_I_O)         0.026     0.341 r  ps/fclk_buf[0]/O
                         net (fo=32, routed)          0.564     0.905    fclk
    SLICE_X13Y54         FDRE                                         r  locked_pll_cnt_reg[11]/C
  -------------------------------------------------------------------    -------------------
    SLICE_X13Y54         FDRE (Prop_fdre_C_Q)         0.141     1.046 r  locked_pll_cnt_reg[11]/Q
                         net (fo=2, routed)           0.118     1.164    locked_pll_cnt_reg[11]
    SLICE_X13Y54         CARRY4 (Prop_carry4_S[3]_O[3])
                                                      0.108     1.272 r  locked_pll_cnt_reg[8]_i_1/O[3]
                         net (fo=1, routed)           0.000     1.272    locked_pll_cnt_reg[8]_i_1_n_4
    SLICE_X13Y54         FDRE                                         r  locked_pll_cnt_reg[11]/D
  -------------------------------------------------------------------    -------------------

                         (clock clk_fpga_0 rise edge)
                                                      0.000     0.000 r  
    PS7_X0Y0             PS7                          0.000     0.000 r  ps/system_i/processing_system7/inst/PS7_i/FCLKCLK[0]
                         net (fo=1, routed)           0.341     0.341    ps/lopt
    BUFGCTRL_X0Y5        BUFG (Prop_bufg_I_O)         0.029     0.370 r  ps/fclk_buf[0]/O
                         net (fo=32, routed)          0.833     1.203    fclk
    SLICE_X13Y54         FDRE                                         r  locked_pll_cnt_reg[11]/C
                         clock pessimism             -0.298     0.905    
    SLICE_X13Y54         FDRE (Hold_fdre_C_D)         0.105     1.010    locked_pll_cnt_reg[11]
  -------------------------------------------------------------------
                         required time                         -1.010    
                         arrival time                           1.272    
  -------------------------------------------------------------------
                         slack                                  0.262    

Slack (MET) :             0.262ns  (arrival time - required time)
  Source:                 locked_pll_cnt_reg[3]/C
                            (rising edge-triggered cell FDRE clocked by clk_fpga_0  {rise@0.000ns fall@4.000ns period=8.000ns})
  Destination:            locked_pll_cnt_reg[3]/D
                            (rising edge-triggered cell FDRE clocked by clk_fpga_0  {rise@0.000ns fall@4.000ns period=8.000ns})
  Path Group:             clk_fpga_0
  Path Type:              Hold (Min at Fast Process Corner)
  Requirement:            0.000ns  (clk_fpga_0 rise@0.000ns - clk_fpga_0 rise@0.000ns)
  Data Path Delay:        0.367ns  (logic 0.249ns (67.838%)  route 0.118ns (32.162%))
  Logic Levels:           1  (CARRY4=1)
  Clock Path Skew:        0.000ns (DCD - SCD - CPR)
    Destination Clock Delay (DCD):    1.204ns
    Source Clock Delay      (SCD):    0.906ns
    Clock Pessimism Removal (CPR):    0.298ns

    Location             Delay type                Incr(ns)  Path(ns)    Netlist Resource(s)
  -------------------------------------------------------------------    -------------------
                         (clock clk_fpga_0 rise edge)
                                                      0.000     0.000 r  
    PS7_X0Y0             PS7                          0.000     0.000 r  ps/system_i/processing_system7/inst/PS7_i/FCLKCLK[0]
                         net (fo=1, routed)           0.315     0.315    ps/lopt
    BUFGCTRL_X0Y5        BUFG (Prop_bufg_I_O)         0.026     0.341 r  ps/fclk_buf[0]/O
                         net (fo=32, routed)          0.565     0.906    fclk
    SLICE_X13Y52         FDRE                                         r  locked_pll_cnt_reg[3]/C
  -------------------------------------------------------------------    -------------------
    SLICE_X13Y52         FDRE (Prop_fdre_C_Q)         0.141     1.047 r  locked_pll_cnt_reg[3]/Q
                         net (fo=2, routed)           0.118     1.165    locked_pll_cnt_reg[3]
    SLICE_X13Y52         CARRY4 (Prop_carry4_S[3]_O[3])
                                                      0.108     1.273 r  locked_pll_cnt_reg[0]_i_2/O[3]
                         net (fo=1, routed)           0.000     1.273    locked_pll_cnt_reg[0]_i_2_n_4
    SLICE_X13Y52         FDRE                                         r  locked_pll_cnt_reg[3]/D
  -------------------------------------------------------------------    -------------------

                         (clock clk_fpga_0 rise edge)
                                                      0.000     0.000 r  
    PS7_X0Y0             PS7                          0.000     0.000 r  ps/system_i/processing_system7/inst/PS7_i/FCLKCLK[0]
                         net (fo=1, routed)           0.341     0.341    ps/lopt
    BUFGCTRL_X0Y5        BUFG (Prop_bufg_I_O)         0.029     0.370 r  ps/fclk_buf[0]/O
                         net (fo=32, routed)          0.834     1.204    fclk
    SLICE_X13Y52         FDRE                                         r  locked_pll_cnt_reg[3]/C
                         clock pessimism             -0.298     0.906    
    SLICE_X13Y52         FDRE (Hold_fdre_C_D)         0.105     1.011    locked_pll_cnt_reg[3]
  -------------------------------------------------------------------
                         required time                         -1.011    
                         arrival time                           1.273    
  -------------------------------------------------------------------
                         slack                                  0.262    

Slack (MET) :             0.262ns  (arrival time - required time)
  Source:                 locked_pll_cnt_reg[19]/C
                            (rising edge-triggered cell FDRE clocked by clk_fpga_0  {rise@0.000ns fall@4.000ns period=8.000ns})
  Destination:            locked_pll_cnt_reg[19]/D
                            (rising edge-triggered cell FDRE clocked by clk_fpga_0  {rise@0.000ns fall@4.000ns period=8.000ns})
  Path Group:             clk_fpga_0
  Path Type:              Hold (Min at Fast Process Corner)
  Requirement:            0.000ns  (clk_fpga_0 rise@0.000ns - clk_fpga_0 rise@0.000ns)
  Data Path Delay:        0.367ns  (logic 0.249ns (67.829%)  route 0.118ns (32.171%))
  Logic Levels:           1  (CARRY4=1)
  Clock Path Skew:        0.000ns (DCD - SCD - CPR)
    Destination Clock Delay (DCD):    1.203ns
    Source Clock Delay      (SCD):    0.905ns
    Clock Pessimism Removal (CPR):    0.298ns

    Location             Delay type                Incr(ns)  Path(ns)    Netlist Resource(s)
  -------------------------------------------------------------------    -------------------
                         (clock clk_fpga_0 rise edge)
                                                      0.000     0.000 r  
    PS7_X0Y0             PS7                          0.000     0.000 r  ps/system_i/processing_system7/inst/PS7_i/FCLKCLK[0]
                         net (fo=1, routed)           0.315     0.315    ps/lopt
    BUFGCTRL_X0Y5        BUFG (Prop_bufg_I_O)         0.026     0.341 r  ps/fclk_buf[0]/O
                         net (fo=32, routed)          0.564     0.905    fclk
    SLICE_X13Y56         FDRE                                         r  locked_pll_cnt_reg[19]/C
  -------------------------------------------------------------------    -------------------
    SLICE_X13Y56         FDRE (Prop_fdre_C_Q)         0.141     1.046 r  locked_pll_cnt_reg[19]/Q
                         net (fo=2, routed)           0.118     1.164    locked_pll_cnt_reg[19]
    SLICE_X13Y56         CARRY4 (Prop_carry4_S[3]_O[3])
                                                      0.108     1.272 r  locked_pll_cnt_reg[16]_i_1/O[3]
                         net (fo=1, routed)           0.000     1.272    locked_pll_cnt_reg[16]_i_1_n_4
    SLICE_X13Y56         FDRE                                         r  locked_pll_cnt_reg[19]/D
  -------------------------------------------------------------------    -------------------

                         (clock clk_fpga_0 rise edge)
                                                      0.000     0.000 r  
    PS7_X0Y0             PS7                          0.000     0.000 r  ps/system_i/processing_system7/inst/PS7_i/FCLKCLK[0]
                         net (fo=1, routed)           0.341     0.341    ps/lopt
    BUFGCTRL_X0Y5        BUFG (Prop_bufg_I_O)         0.029     0.370 r  ps/fclk_buf[0]/O
                         net (fo=32, routed)          0.833     1.203    fclk
    SLICE_X13Y56         FDRE                                         r  locked_pll_cnt_reg[19]/C
                         clock pessimism             -0.298     0.905    
    SLICE_X13Y56         FDRE (Hold_fdre_C_D)         0.105     1.010    locked_pll_cnt_reg[19]
  -------------------------------------------------------------------
                         required time                         -1.010    
                         arrival time                           1.272    
  -------------------------------------------------------------------
                         slack                                  0.262    

Slack (MET) :             0.264ns  (arrival time - required time)
  Source:                 locked_pll_cnt_reg[31]/C
                            (rising edge-triggered cell FDRE clocked by clk_fpga_0  {rise@0.000ns fall@4.000ns period=8.000ns})
  Destination:            locked_pll_cnt_reg[31]/D
                            (rising edge-triggered cell FDRE clocked by clk_fpga_0  {rise@0.000ns fall@4.000ns period=8.000ns})
  Path Group:             clk_fpga_0
  Path Type:              Hold (Min at Fast Process Corner)
  Requirement:            0.000ns  (clk_fpga_0 rise@0.000ns - clk_fpga_0 rise@0.000ns)
  Data Path Delay:        0.369ns  (logic 0.249ns (67.412%)  route 0.120ns (32.588%))
  Logic Levels:           1  (CARRY4=1)
  Clock Path Skew:        0.000ns (DCD - SCD - CPR)
    Destination Clock Delay (DCD):    1.202ns
    Source Clock Delay      (SCD):    0.904ns
    Clock Pessimism Removal (CPR):    0.298ns

    Location             Delay type                Incr(ns)  Path(ns)    Netlist Resource(s)
  -------------------------------------------------------------------    -------------------
                         (clock clk_fpga_0 rise edge)
                                                      0.000     0.000 r  
    PS7_X0Y0             PS7                          0.000     0.000 r  ps/system_i/processing_system7/inst/PS7_i/FCLKCLK[0]
                         net (fo=1, routed)           0.315     0.315    ps/lopt
    BUFGCTRL_X0Y5        BUFG (Prop_bufg_I_O)         0.026     0.341 r  ps/fclk_buf[0]/O
                         net (fo=32, routed)          0.563     0.904    fclk
    SLICE_X13Y59         FDRE                                         r  locked_pll_cnt_reg[31]/C
  -------------------------------------------------------------------    -------------------
    SLICE_X13Y59         FDRE (Prop_fdre_C_Q)         0.141     1.045 r  locked_pll_cnt_reg[31]/Q
                         net (fo=2, routed)           0.120     1.165    locked_pll_cnt_reg[31]
    SLICE_X13Y59         CARRY4 (Prop_carry4_S[3]_O[3])
                                                      0.108     1.273 r  locked_pll_cnt_reg[28]_i_1/O[3]
                         net (fo=1, routed)           0.000     1.273    locked_pll_cnt_reg[28]_i_1_n_4
    SLICE_X13Y59         FDRE                                         r  locked_pll_cnt_reg[31]/D
  -------------------------------------------------------------------    -------------------

                         (clock clk_fpga_0 rise edge)
                                                      0.000     0.000 r  
    PS7_X0Y0             PS7                          0.000     0.000 r  ps/system_i/processing_system7/inst/PS7_i/FCLKCLK[0]
                         net (fo=1, routed)           0.341     0.341    ps/lopt
    BUFGCTRL_X0Y5        BUFG (Prop_bufg_I_O)         0.029     0.370 r  ps/fclk_buf[0]/O
                         net (fo=32, routed)          0.832     1.202    fclk
    SLICE_X13Y59         FDRE                                         r  locked_pll_cnt_reg[31]/C
                         clock pessimism             -0.298     0.904    
    SLICE_X13Y59         FDRE (Hold_fdre_C_D)         0.105     1.009    locked_pll_cnt_reg[31]
  -------------------------------------------------------------------
                         required time                         -1.009    
                         arrival time                           1.273    
  -------------------------------------------------------------------
                         slack                                  0.264    

Slack (MET) :             0.264ns  (arrival time - required time)
  Source:                 locked_pll_cnt_reg[15]/C
                            (rising edge-triggered cell FDRE clocked by clk_fpga_0  {rise@0.000ns fall@4.000ns period=8.000ns})
  Destination:            locked_pll_cnt_reg[15]/D
                            (rising edge-triggered cell FDRE clocked by clk_fpga_0  {rise@0.000ns fall@4.000ns period=8.000ns})
  Path Group:             clk_fpga_0
  Path Type:              Hold (Min at Fast Process Corner)
  Requirement:            0.000ns  (clk_fpga_0 rise@0.000ns - clk_fpga_0 rise@0.000ns)
  Data Path Delay:        0.369ns  (logic 0.249ns (67.412%)  route 0.120ns (32.588%))
  Logic Levels:           1  (CARRY4=1)
  Clock Path Skew:        0.000ns (DCD - SCD - CPR)
    Destination Clock Delay (DCD):    1.203ns
    Source Clock Delay      (SCD):    0.905ns
    Clock Pessimism Removal (CPR):    0.298ns

    Location             Delay type                Incr(ns)  Path(ns)    Netlist Resource(s)
  -------------------------------------------------------------------    -------------------
                         (clock clk_fpga_0 rise edge)
                                                      0.000     0.000 r  
    PS7_X0Y0             PS7                          0.000     0.000 r  ps/system_i/processing_system7/inst/PS7_i/FCLKCLK[0]
                         net (fo=1, routed)           0.315     0.315    ps/lopt
    BUFGCTRL_X0Y5        BUFG (Prop_bufg_I_O)         0.026     0.341 r  ps/fclk_buf[0]/O
                         net (fo=32, routed)          0.564     0.905    fclk
    SLICE_X13Y55         FDRE                                         r  locked_pll_cnt_reg[15]/C
  -------------------------------------------------------------------    -------------------
    SLICE_X13Y55         FDRE (Prop_fdre_C_Q)         0.141     1.046 r  locked_pll_cnt_reg[15]/Q
                         net (fo=2, routed)           0.120     1.166    locked_pll_cnt_reg[15]
    SLICE_X13Y55         CARRY4 (Prop_carry4_S[3]_O[3])
                                                      0.108     1.274 r  locked_pll_cnt_reg[12]_i_1/O[3]
                         net (fo=1, routed)           0.000     1.274    locked_pll_cnt_reg[12]_i_1_n_4
    SLICE_X13Y55         FDRE                                         r  locked_pll_cnt_reg[15]/D
  -------------------------------------------------------------------    -------------------

                         (clock clk_fpga_0 rise edge)
                                                      0.000     0.000 r  
    PS7_X0Y0             PS7                          0.000     0.000 r  ps/system_i/processing_system7/inst/PS7_i/FCLKCLK[0]
                         net (fo=1, routed)           0.341     0.341    ps/lopt
    BUFGCTRL_X0Y5        BUFG (Prop_bufg_I_O)         0.029     0.370 r  ps/fclk_buf[0]/O
                         net (fo=32, routed)          0.833     1.203    fclk
    SLICE_X13Y55         FDRE                                         r  locked_pll_cnt_reg[15]/C
                         clock pessimism             -0.298     0.905    
    SLICE_X13Y55         FDRE (Hold_fdre_C_D)         0.105     1.010    locked_pll_cnt_reg[15]
  -------------------------------------------------------------------
                         required time                         -1.010    
                         arrival time                           1.274    
  -------------------------------------------------------------------
                         slack                                  0.264    

Slack (MET) :             0.264ns  (arrival time - required time)
  Source:                 locked_pll_cnt_reg[7]/C
                            (rising edge-triggered cell FDRE clocked by clk_fpga_0  {rise@0.000ns fall@4.000ns period=8.000ns})
  Destination:            locked_pll_cnt_reg[7]/D
                            (rising edge-triggered cell FDRE clocked by clk_fpga_0  {rise@0.000ns fall@4.000ns period=8.000ns})
  Path Group:             clk_fpga_0
  Path Type:              Hold (Min at Fast Process Corner)
  Requirement:            0.000ns  (clk_fpga_0 rise@0.000ns - clk_fpga_0 rise@0.000ns)
  Data Path Delay:        0.369ns  (logic 0.249ns (67.412%)  route 0.120ns (32.588%))
  Logic Levels:           1  (CARRY4=1)
  Clock Path Skew:        0.000ns (DCD - SCD - CPR)
    Destination Clock Delay (DCD):    1.203ns
    Source Clock Delay      (SCD):    0.905ns
    Clock Pessimism Removal (CPR):    0.298ns

    Location             Delay type                Incr(ns)  Path(ns)    Netlist Resource(s)
  -------------------------------------------------------------------    -------------------
                         (clock clk_fpga_0 rise edge)
                                                      0.000     0.000 r  
    PS7_X0Y0             PS7                          0.000     0.000 r  ps/system_i/processing_system7/inst/PS7_i/FCLKCLK[0]
                         net (fo=1, routed)           0.315     0.315    ps/lopt
    BUFGCTRL_X0Y5        BUFG (Prop_bufg_I_O)         0.026     0.341 r  ps/fclk_buf[0]/O
                         net (fo=32, routed)          0.564     0.905    fclk
    SLICE_X13Y53         FDRE                                         r  locked_pll_cnt_reg[7]/C
  -------------------------------------------------------------------    -------------------
    SLICE_X13Y53         FDRE (Prop_fdre_C_Q)         0.141     1.046 r  locked_pll_cnt_reg[7]/Q
                         net (fo=2, routed)           0.120     1.166    locked_pll_cnt_reg[7]
    SLICE_X13Y53         CARRY4 (Prop_carry4_S[3]_O[3])
                                                      0.108     1.274 r  locked_pll_cnt_reg[4]_i_1/O[3]
                         net (fo=1, routed)           0.000     1.274    locked_pll_cnt_reg[4]_i_1_n_4
    SLICE_X13Y53         FDRE                                         r  locked_pll_cnt_reg[7]/D
  -------------------------------------------------------------------    -------------------

                         (clock clk_fpga_0 rise edge)
                                                      0.000     0.000 r  
    PS7_X0Y0             PS7                          0.000     0.000 r  ps/system_i/processing_system7/inst/PS7_i/FCLKCLK[0]
                         net (fo=1, routed)           0.341     0.341    ps/lopt
    BUFGCTRL_X0Y5        BUFG (Prop_bufg_I_O)         0.029     0.370 r  ps/fclk_buf[0]/O
                         net (fo=32, routed)          0.833     1.203    fclk
    SLICE_X13Y53         FDRE                                         r  locked_pll_cnt_reg[7]/C
                         clock pessimism             -0.298     0.905    
    SLICE_X13Y53         FDRE (Hold_fdre_C_D)         0.105     1.010    locked_pll_cnt_reg[7]
  -------------------------------------------------------------------
                         required time                         -1.010    
                         arrival time                           1.274    
  -------------------------------------------------------------------
                         slack                                  0.264    

Slack (MET) :             0.266ns  (arrival time - required time)
  Source:                 locked_pll_cnt_reg[4]/C
                            (rising edge-triggered cell FDRE clocked by clk_fpga_0  {rise@0.000ns fall@4.000ns period=8.000ns})
  Destination:            locked_pll_cnt_reg[4]/D
                            (rising edge-triggered cell FDRE clocked by clk_fpga_0  {rise@0.000ns fall@4.000ns period=8.000ns})
  Path Group:             clk_fpga_0
  Path Type:              Hold (Min at Fast Process Corner)
  Requirement:            0.000ns  (clk_fpga_0 rise@0.000ns - clk_fpga_0 rise@0.000ns)
  Data Path Delay:        0.371ns  (logic 0.256ns (68.984%)  route 0.115ns (31.016%))
  Logic Levels:           1  (CARRY4=1)
  Clock Path Skew:        0.000ns (DCD - SCD - CPR)
    Destination Clock Delay (DCD):    1.203ns
    Source Clock Delay      (SCD):    0.905ns
    Clock Pessimism Removal (CPR):    0.298ns

    Location             Delay type                Incr(ns)  Path(ns)    Netlist Resource(s)
  -------------------------------------------------------------------    -------------------
                         (clock clk_fpga_0 rise edge)
                                                      0.000     0.000 r  
    PS7_X0Y0             PS7                          0.000     0.000 r  ps/system_i/processing_system7/inst/PS7_i/FCLKCLK[0]
                         net (fo=1, routed)           0.315     0.315    ps/lopt
    BUFGCTRL_X0Y5        BUFG (Prop_bufg_I_O)         0.026     0.341 r  ps/fclk_buf[0]/O
                         net (fo=32, routed)          0.564     0.905    fclk
    SLICE_X13Y53         FDRE                                         r  locked_pll_cnt_reg[4]/C
  -------------------------------------------------------------------    -------------------
    SLICE_X13Y53         FDRE (Prop_fdre_C_Q)         0.141     1.046 r  locked_pll_cnt_reg[4]/Q
                         net (fo=2, routed)           0.115     1.161    locked_pll_cnt_reg[4]
    SLICE_X13Y53         CARRY4 (Prop_carry4_S[0]_O[0])
                                                      0.115     1.276 r  locked_pll_cnt_reg[4]_i_1/O[0]
                         net (fo=1, routed)           0.000     1.276    locked_pll_cnt_reg[4]_i_1_n_7
    SLICE_X13Y53         FDRE                                         r  locked_pll_cnt_reg[4]/D
  -------------------------------------------------------------------    -------------------

                         (clock clk_fpga_0 rise edge)
                                                      0.000     0.000 r  
    PS7_X0Y0             PS7                          0.000     0.000 r  ps/system_i/processing_system7/inst/PS7_i/FCLKCLK[0]
                         net (fo=1, routed)           0.341     0.341    ps/lopt
    BUFGCTRL_X0Y5        BUFG (Prop_bufg_I_O)         0.029     0.370 r  ps/fclk_buf[0]/O
                         net (fo=32, routed)          0.833     1.203    fclk
    SLICE_X13Y53         FDRE                                         r  locked_pll_cnt_reg[4]/C
                         clock pessimism             -0.298     0.905    
    SLICE_X13Y53         FDRE (Hold_fdre_C_D)         0.105     1.010    locked_pll_cnt_reg[4]
  -------------------------------------------------------------------
                         required time                         -1.010    
                         arrival time                           1.276    
  -------------------------------------------------------------------
                         slack                                  0.266    

Slack (MET) :             0.266ns  (arrival time - required time)
  Source:                 locked_pll_cnt_reg[8]/C
                            (rising edge-triggered cell FDRE clocked by clk_fpga_0  {rise@0.000ns fall@4.000ns period=8.000ns})
  Destination:            locked_pll_cnt_reg[8]/D
                            (rising edge-triggered cell FDRE clocked by clk_fpga_0  {rise@0.000ns fall@4.000ns period=8.000ns})
  Path Group:             clk_fpga_0
  Path Type:              Hold (Min at Fast Process Corner)
  Requirement:            0.000ns  (clk_fpga_0 rise@0.000ns - clk_fpga_0 rise@0.000ns)
  Data Path Delay:        0.371ns  (logic 0.256ns (68.984%)  route 0.115ns (31.016%))
  Logic Levels:           1  (CARRY4=1)
  Clock Path Skew:        0.000ns (DCD - SCD - CPR)
    Destination Clock Delay (DCD):    1.203ns
    Source Clock Delay      (SCD):    0.905ns
    Clock Pessimism Removal (CPR):    0.298ns

    Location             Delay type                Incr(ns)  Path(ns)    Netlist Resource(s)
  -------------------------------------------------------------------    -------------------
                         (clock clk_fpga_0 rise edge)
                                                      0.000     0.000 r  
    PS7_X0Y0             PS7                          0.000     0.000 r  ps/system_i/processing_system7/inst/PS7_i/FCLKCLK[0]
                         net (fo=1, routed)           0.315     0.315    ps/lopt
    BUFGCTRL_X0Y5        BUFG (Prop_bufg_I_O)         0.026     0.341 r  ps/fclk_buf[0]/O
                         net (fo=32, routed)          0.564     0.905    fclk
    SLICE_X13Y54         FDRE                                         r  locked_pll_cnt_reg[8]/C
  -------------------------------------------------------------------    -------------------
    SLICE_X13Y54         FDRE (Prop_fdre_C_Q)         0.141     1.046 r  locked_pll_cnt_reg[8]/Q
                         net (fo=2, routed)           0.115     1.161    locked_pll_cnt_reg[8]
    SLICE_X13Y54         CARRY4 (Prop_carry4_S[0]_O[0])
                                                      0.115     1.276 r  locked_pll_cnt_reg[8]_i_1/O[0]
                         net (fo=1, routed)           0.000     1.276    locked_pll_cnt_reg[8]_i_1_n_7
    SLICE_X13Y54         FDRE                                         r  locked_pll_cnt_reg[8]/D
  -------------------------------------------------------------------    -------------------

                         (clock clk_fpga_0 rise edge)
                                                      0.000     0.000 r  
    PS7_X0Y0             PS7                          0.000     0.000 r  ps/system_i/processing_system7/inst/PS7_i/FCLKCLK[0]
                         net (fo=1, routed)           0.341     0.341    ps/lopt
    BUFGCTRL_X0Y5        BUFG (Prop_bufg_I_O)         0.029     0.370 r  ps/fclk_buf[0]/O
                         net (fo=32, routed)          0.833     1.203    fclk
    SLICE_X13Y54         FDRE                                         r  locked_pll_cnt_reg[8]/C
                         clock pessimism             -0.298     0.905    
    SLICE_X13Y54         FDRE (Hold_fdre_C_D)         0.105     1.010    locked_pll_cnt_reg[8]
  -------------------------------------------------------------------
                         required time                         -1.010    
                         arrival time                           1.276    
  -------------------------------------------------------------------
                         slack                                  0.266    

Slack (MET) :             0.267ns  (arrival time - required time)
  Source:                 locked_pll_cnt_reg[23]/C
                            (rising edge-triggered cell FDRE clocked by clk_fpga_0  {rise@0.000ns fall@4.000ns period=8.000ns})
  Destination:            locked_pll_cnt_reg[23]/D
                            (rising edge-triggered cell FDRE clocked by clk_fpga_0  {rise@0.000ns fall@4.000ns period=8.000ns})
  Path Group:             clk_fpga_0
  Path Type:              Hold (Min at Fast Process Corner)
  Requirement:            0.000ns  (clk_fpga_0 rise@0.000ns - clk_fpga_0 rise@0.000ns)
  Data Path Delay:        0.372ns  (logic 0.249ns (67.019%)  route 0.123ns (32.981%))
  Logic Levels:           1  (CARRY4=1)
  Clock Path Skew:        0.000ns (DCD - SCD - CPR)
    Destination Clock Delay (DCD):    1.202ns
    Source Clock Delay      (SCD):    0.904ns
    Clock Pessimism Removal (CPR):    0.298ns

    Location             Delay type                Incr(ns)  Path(ns)    Netlist Resource(s)
  -------------------------------------------------------------------    -------------------
                         (clock clk_fpga_0 rise edge)
                                                      0.000     0.000 r  
    PS7_X0Y0             PS7                          0.000     0.000 r  ps/system_i/processing_system7/inst/PS7_i/FCLKCLK[0]
                         net (fo=1, routed)           0.315     0.315    ps/lopt
    BUFGCTRL_X0Y5        BUFG (Prop_bufg_I_O)         0.026     0.341 r  ps/fclk_buf[0]/O
                         net (fo=32, routed)          0.563     0.904    fclk
    SLICE_X13Y57         FDRE                                         r  locked_pll_cnt_reg[23]/C
  -------------------------------------------------------------------    -------------------
    SLICE_X13Y57         FDRE (Prop_fdre_C_Q)         0.141     1.045 r  locked_pll_cnt_reg[23]/Q
                         net (fo=2, routed)           0.123     1.167    locked_pll_cnt_reg[23]
    SLICE_X13Y57         CARRY4 (Prop_carry4_S[3]_O[3])
                                                      0.108     1.275 r  locked_pll_cnt_reg[20]_i_1/O[3]
                         net (fo=1, routed)           0.000     1.275    locked_pll_cnt_reg[20]_i_1_n_4
    SLICE_X13Y57         FDRE                                         r  locked_pll_cnt_reg[23]/D
  -------------------------------------------------------------------    -------------------

                         (clock clk_fpga_0 rise edge)
                                                      0.000     0.000 r  
    PS7_X0Y0             PS7                          0.000     0.000 r  ps/system_i/processing_system7/inst/PS7_i/FCLKCLK[0]
                         net (fo=1, routed)           0.341     0.341    ps/lopt
    BUFGCTRL_X0Y5        BUFG (Prop_bufg_I_O)         0.029     0.370 r  ps/fclk_buf[0]/O
                         net (fo=32, routed)          0.832     1.202    fclk
    SLICE_X13Y57         FDRE                                         r  locked_pll_cnt_reg[23]/C
                         clock pessimism             -0.298     0.904    
    SLICE_X13Y57         FDRE (Hold_fdre_C_D)         0.105     1.009    locked_pll_cnt_reg[23]
  -------------------------------------------------------------------
                         required time                         -1.009    
                         arrival time                           1.275    
  -------------------------------------------------------------------
                         slack                                  0.267    

Slack (MET) :             0.268ns  (arrival time - required time)
  Source:                 locked_pll_cnt_reg[20]/C
                            (rising edge-triggered cell FDRE clocked by clk_fpga_0  {rise@0.000ns fall@4.000ns period=8.000ns})
  Destination:            locked_pll_cnt_reg[20]/D
                            (rising edge-triggered cell FDRE clocked by clk_fpga_0  {rise@0.000ns fall@4.000ns period=8.000ns})
  Path Group:             clk_fpga_0
  Path Type:              Hold (Min at Fast Process Corner)
  Requirement:            0.000ns  (clk_fpga_0 rise@0.000ns - clk_fpga_0 rise@0.000ns)
  Data Path Delay:        0.373ns  (logic 0.256ns (68.576%)  route 0.117ns (31.424%))
  Logic Levels:           1  (CARRY4=1)
  Clock Path Skew:        0.000ns (DCD - SCD - CPR)
    Destination Clock Delay (DCD):    1.202ns
    Source Clock Delay      (SCD):    0.904ns
    Clock Pessimism Removal (CPR):    0.298ns

    Location             Delay type                Incr(ns)  Path(ns)    Netlist Resource(s)
  -------------------------------------------------------------------    -------------------
                         (clock clk_fpga_0 rise edge)
                                                      0.000     0.000 r  
    PS7_X0Y0             PS7                          0.000     0.000 r  ps/system_i/processing_system7/inst/PS7_i/FCLKCLK[0]
                         net (fo=1, routed)           0.315     0.315    ps/lopt
    BUFGCTRL_X0Y5        BUFG (Prop_bufg_I_O)         0.026     0.341 r  ps/fclk_buf[0]/O
                         net (fo=32, routed)          0.563     0.904    fclk
    SLICE_X13Y57         FDRE                                         r  locked_pll_cnt_reg[20]/C
  -------------------------------------------------------------------    -------------------
    SLICE_X13Y57         FDRE (Prop_fdre_C_Q)         0.141     1.045 r  locked_pll_cnt_reg[20]/Q
                         net (fo=2, routed)           0.117     1.162    locked_pll_cnt_reg[20]
    SLICE_X13Y57         CARRY4 (Prop_carry4_S[0]_O[0])
                                                      0.115     1.277 r  locked_pll_cnt_reg[20]_i_1/O[0]
                         net (fo=1, routed)           0.000     1.277    locked_pll_cnt_reg[20]_i_1_n_7
    SLICE_X13Y57         FDRE                                         r  locked_pll_cnt_reg[20]/D
  -------------------------------------------------------------------    -------------------

                         (clock clk_fpga_0 rise edge)
                                                      0.000     0.000 r  
    PS7_X0Y0             PS7                          0.000     0.000 r  ps/system_i/processing_system7/inst/PS7_i/FCLKCLK[0]
                         net (fo=1, routed)           0.341     0.341    ps/lopt
    BUFGCTRL_X0Y5        BUFG (Prop_bufg_I_O)         0.029     0.370 r  ps/fclk_buf[0]/O
                         net (fo=32, routed)          0.832     1.202    fclk
    SLICE_X13Y57         FDRE                                         r  locked_pll_cnt_reg[20]/C
                         clock pessimism             -0.298     0.904    
    SLICE_X13Y57         FDRE (Hold_fdre_C_D)         0.105     1.009    locked_pll_cnt_reg[20]
  -------------------------------------------------------------------
                         required time                         -1.009    
                         arrival time                           1.277    
  -------------------------------------------------------------------
                         slack                                  0.268    





Pulse Width Checks
--------------------------------------------------------------------------------------
Clock Name:         clk_fpga_0
Waveform(ns):       { 0.000 4.000 }
Period(ns):         8.000
Sources:            { ps/system_i/processing_system7/inst/PS7_i/FCLKCLK[0] }

Check Type        Corner  Lib Pin  Reference Pin  Required(ns)  Actual(ns)  Slack(ns)  Location       Pin
Min Period        n/a     BUFG/I   n/a            2.155         8.000       5.845      BUFGCTRL_X0Y5  ps/fclk_buf[0]/I
Min Period        n/a     FDRE/C   n/a            1.000         8.000       7.000      SLICE_X13Y52   locked_pll_cnt_reg[0]/C
Min Period        n/a     FDRE/C   n/a            1.000         8.000       7.000      SLICE_X13Y54   locked_pll_cnt_reg[10]/C
Min Period        n/a     FDRE/C   n/a            1.000         8.000       7.000      SLICE_X13Y54   locked_pll_cnt_reg[11]/C
Min Period        n/a     FDRE/C   n/a            1.000         8.000       7.000      SLICE_X13Y55   locked_pll_cnt_reg[12]/C
Min Period        n/a     FDRE/C   n/a            1.000         8.000       7.000      SLICE_X13Y55   locked_pll_cnt_reg[13]/C
Min Period        n/a     FDRE/C   n/a            1.000         8.000       7.000      SLICE_X13Y55   locked_pll_cnt_reg[14]/C
Min Period        n/a     FDRE/C   n/a            1.000         8.000       7.000      SLICE_X13Y55   locked_pll_cnt_reg[15]/C
Min Period        n/a     FDRE/C   n/a            1.000         8.000       7.000      SLICE_X13Y56   locked_pll_cnt_reg[16]/C
Min Period        n/a     FDRE/C   n/a            1.000         8.000       7.000      SLICE_X13Y56   locked_pll_cnt_reg[17]/C
Low Pulse Width   Slow    FDRE/C   n/a            0.500         4.000       3.500      SLICE_X13Y52   locked_pll_cnt_reg[0]/C
Low Pulse Width   Slow    FDRE/C   n/a            0.500         4.000       3.500      SLICE_X13Y54   locked_pll_cnt_reg[10]/C
Low Pulse Width   Slow    FDRE/C   n/a            0.500         4.000       3.500      SLICE_X13Y54   locked_pll_cnt_reg[11]/C
Low Pulse Width   Slow    FDRE/C   n/a            0.500         4.000       3.500      SLICE_X13Y55   locked_pll_cnt_reg[12]/C
Low Pulse Width   Slow    FDRE/C   n/a            0.500         4.000       3.500      SLICE_X13Y55   locked_pll_cnt_reg[13]/C
Low Pulse Width   Slow    FDRE/C   n/a            0.500         4.000       3.500      SLICE_X13Y55   locked_pll_cnt_reg[14]/C
Low Pulse Width   Slow    FDRE/C   n/a            0.500         4.000       3.500      SLICE_X13Y55   locked_pll_cnt_reg[15]/C
Low Pulse Width   Slow    FDRE/C   n/a            0.500         4.000       3.500      SLICE_X13Y56   locked_pll_cnt_reg[16]/C
Low Pulse Width   Slow    FDRE/C   n/a            0.500         4.000       3.500      SLICE_X13Y56   locked_pll_cnt_reg[17]/C
Low Pulse Width   Slow    FDRE/C   n/a            0.500         4.000       3.500      SLICE_X13Y56   locked_pll_cnt_reg[18]/C
High Pulse Width  Slow    FDRE/C   n/a            0.500         4.000       3.500      SLICE_X13Y54   locked_pll_cnt_reg[10]/C
High Pulse Width  Slow    FDRE/C   n/a            0.500         4.000       3.500      SLICE_X13Y54   locked_pll_cnt_reg[11]/C
High Pulse Width  Slow    FDRE/C   n/a            0.500         4.000       3.500      SLICE_X13Y55   locked_pll_cnt_reg[12]/C
High Pulse Width  Slow    FDRE/C   n/a            0.500         4.000       3.500      SLICE_X13Y55   locked_pll_cnt_reg[13]/C
High Pulse Width  Slow    FDRE/C   n/a            0.500         4.000       3.500      SLICE_X13Y55   locked_pll_cnt_reg[14]/C
High Pulse Width  Slow    FDRE/C   n/a            0.500         4.000       3.500      SLICE_X13Y55   locked_pll_cnt_reg[15]/C
High Pulse Width  Slow    FDRE/C   n/a            0.500         4.000       3.500      SLICE_X13Y56   locked_pll_cnt_reg[16]/C
High Pulse Width  Slow    FDRE/C   n/a            0.500         4.000       3.500      SLICE_X13Y56   locked_pll_cnt_reg[17]/C
High Pulse Width  Slow    FDRE/C   n/a            0.500         4.000       3.500      SLICE_X13Y56   locked_pll_cnt_reg[18]/C
High Pulse Width  Slow    FDRE/C   n/a            0.500         4.000       3.500      SLICE_X13Y56   locked_pll_cnt_reg[19]/C



---------------------------------------------------------------------------------------------------
From Clock:  clk_fpga_3
  To Clock:  clk_fpga_3

Setup :            0  Failing Endpoints,  Worst Slack        0.121ns,  Total Violation        0.000ns
Hold  :            0  Failing Endpoints,  Worst Slack        0.100ns,  Total Violation        0.000ns
PW    :            0  Failing Endpoints,  Worst Slack        1.000ns,  Total Violation        0.000ns
---------------------------------------------------------------------------------------------------


Max Delay Paths
--------------------------------------------------------------------------------------
Slack (MET) :             0.121ns  (required time - arrival time)
  Source:                 ps/system_i/axi_protocol_converter_0/inst/gen_axilite.gen_b2s_conv.axilite_b2s/WR.aw_channel_0/cmd_translator_0/s_axburst_eq0_reg/C
                            (rising edge-triggered cell FDRE clocked by clk_fpga_3  {rise@0.000ns fall@2.500ns period=5.000ns})
  Destination:            ps/system_i/axi_protocol_converter_0/inst/gen_axilite.gen_b2s_conv.axilite_b2s/WR.aw_channel_0/cmd_translator_0/incr_cmd_0/axaddr_incr_reg[9]/D
                            (rising edge-triggered cell FDRE clocked by clk_fpga_3  {rise@0.000ns fall@2.500ns period=5.000ns})
  Path Group:             clk_fpga_3
  Path Type:              Setup (Max at Slow Process Corner)
  Requirement:            5.000ns  (clk_fpga_3 rise@5.000ns - clk_fpga_3 rise@0.000ns)
  Data Path Delay:        4.820ns  (logic 2.207ns (45.793%)  route 2.613ns (54.207%))
  Logic Levels:           7  (CARRY4=3 LUT3=1 LUT4=1 LUT5=1 LUT6=1)
  Clock Path Skew:        -0.058ns (DCD - SCD + CPR)
    Destination Clock Delay (DCD):    2.676ns = ( 7.676 - 5.000 ) 
    Source Clock Delay      (SCD):    2.964ns
    Clock Pessimism Removal (CPR):    0.230ns
  Clock Uncertainty:      0.083ns  ((TSJ^2 + TIJ^2)^1/2 + DJ) / 2 + PE
    Total System Jitter     (TSJ):    0.071ns
    Total Input Jitter      (TIJ):    0.150ns
    Discrete Jitter          (DJ):    0.000ns
    Phase Error              (PE):    0.000ns

    Location             Delay type                Incr(ns)  Path(ns)    Netlist Resource(s)
  -------------------------------------------------------------------    -------------------
                         (clock clk_fpga_3 rise edge)
                                                      0.000     0.000 r  
    PS7_X0Y0             PS7                          0.000     0.000 r  ps/system_i/processing_system7/inst/PS7_i/FCLKCLK[3]
                         net (fo=1, routed)           1.207     1.207    ps/system_i/processing_system7/inst/FCLK_CLK_unbuffered[3]
    BUFGCTRL_X0Y1        BUFG (Prop_bufg_I_O)         0.101     1.308 r  ps/system_i/processing_system7/inst/buffer_fclk_clk_3.FCLK_CLK_3_BUFG/O
                         net (fo=965, routed)         1.656     2.964    ps/system_i/axi_protocol_converter_0/inst/gen_axilite.gen_b2s_conv.axilite_b2s/WR.aw_channel_0/cmd_translator_0/aclk
    SLICE_X9Y71          FDRE                                         r  ps/system_i/axi_protocol_converter_0/inst/gen_axilite.gen_b2s_conv.axilite_b2s/WR.aw_channel_0/cmd_translator_0/s_axburst_eq0_reg/C
  -------------------------------------------------------------------    -------------------
    SLICE_X9Y71          FDRE (Prop_fdre_C_Q)         0.456     3.420 r  ps/system_i/axi_protocol_converter_0/inst/gen_axilite.gen_b2s_conv.axilite_b2s/WR.aw_channel_0/cmd_translator_0/s_axburst_eq0_reg/Q
                         net (fo=2, routed)           1.004     4.424    ps/system_i/axi_protocol_converter_0/inst/gen_axilite.gen_b2s_conv.axilite_b2s/WR.b_channel_0/bid_fifo_0/s_axburst_eq0
    SLICE_X9Y70          LUT5 (Prop_lut5_I2_O)        0.152     4.576 f  ps/system_i/axi_protocol_converter_0/inst/gen_axilite.gen_b2s_conv.axilite_b2s/WR.b_channel_0/bid_fifo_0/FSM_sequential_state[0]_i_2/O
                         net (fo=3, routed)           0.473     5.050    ps/system_i/axi_protocol_converter_0/inst/gen_axilite.gen_b2s_conv.axilite_b2s/WR.b_channel_0/bid_fifo_0/FSM_sequential_state[0]_i_2_n_0
    SLICE_X9Y70          LUT6 (Prop_lut6_I1_O)        0.326     5.376 r  ps/system_i/axi_protocol_converter_0/inst/gen_axilite.gen_b2s_conv.axilite_b2s/WR.b_channel_0/bid_fifo_0/next_pending_r_i_3/O
                         net (fo=23, routed)          0.638     6.014    ps/system_i/axi_protocol_converter_0/inst/gen_axilite.gen_b2s_conv.axilite_b2s/WR.aw_channel_0/cmd_translator_0/incr_cmd_0/next_pending_r_reg_0
    SLICE_X7Y70          LUT4 (Prop_lut4_I1_O)        0.124     6.138 r  ps/system_i/axi_protocol_converter_0/inst/gen_axilite.gen_b2s_conv.axilite_b2s/WR.aw_channel_0/cmd_translator_0/incr_cmd_0/axaddr_incr[3]_i_8/O
                         net (fo=1, routed)           0.000     6.138    ps/system_i/axi_protocol_converter_0/inst/gen_axilite.gen_b2s_conv.axilite_b2s/SI_REG/aw.aw_pipe/S[2]
    SLICE_X7Y70          CARRY4 (Prop_carry4_S[2]_CO[3])
                                                      0.398     6.536 r  ps/system_i/axi_protocol_converter_0/inst/gen_axilite.gen_b2s_conv.axilite_b2s/SI_REG/aw.aw_pipe/axaddr_incr_reg[3]_i_2/CO[3]
                         net (fo=1, routed)           0.000     6.536    ps/system_i/axi_protocol_converter_0/inst/gen_axilite.gen_b2s_conv.axilite_b2s/SI_REG/aw.aw_pipe/axaddr_incr_reg[3]_i_2_n_0
    SLICE_X7Y71          CARRY4 (Prop_carry4_CI_CO[3])
                                                      0.114     6.650 r  ps/system_i/axi_protocol_converter_0/inst/gen_axilite.gen_b2s_conv.axilite_b2s/SI_REG/aw.aw_pipe/axaddr_incr_reg[7]_i_2/CO[3]
                         net (fo=1, routed)           0.000     6.650    ps/system_i/axi_protocol_converter_0/inst/gen_axilite.gen_b2s_conv.axilite_b2s/SI_REG/aw.aw_pipe/axaddr_incr_reg[7]_i_2_n_0
    SLICE_X7Y72          CARRY4 (Prop_carry4_CI_O[1])
                                                      0.334     6.984 r  ps/system_i/axi_protocol_converter_0/inst/gen_axilite.gen_b2s_conv.axilite_b2s/SI_REG/aw.aw_pipe/axaddr_incr_reg[11]_i_3/O[1]
                         net (fo=1, routed)           0.496     7.481    ps/system_i/axi_protocol_converter_0/inst/gen_axilite.gen_b2s_conv.axilite_b2s/WR.aw_channel_0/cmd_translator_0/incr_cmd_0/axaddr_incr[9]
    SLICE_X6Y71          LUT3 (Prop_lut3_I0_O)        0.303     7.784 r  ps/system_i/axi_protocol_converter_0/inst/gen_axilite.gen_b2s_conv.axilite_b2s/WR.aw_channel_0/cmd_translator_0/incr_cmd_0/axaddr_incr[9]_i_1/O
                         net (fo=1, routed)           0.000     7.784    ps/system_i/axi_protocol_converter_0/inst/gen_axilite.gen_b2s_conv.axilite_b2s/WR.aw_channel_0/cmd_translator_0/incr_cmd_0/p_1_in[9]
    SLICE_X6Y71          FDRE                                         r  ps/system_i/axi_protocol_converter_0/inst/gen_axilite.gen_b2s_conv.axilite_b2s/WR.aw_channel_0/cmd_translator_0/incr_cmd_0/axaddr_incr_reg[9]/D
  -------------------------------------------------------------------    -------------------

                         (clock clk_fpga_3 rise edge)
                                                      5.000     5.000 r  
    PS7_X0Y0             PS7                          0.000     5.000 r  ps/system_i/processing_system7/inst/PS7_i/FCLKCLK[3]
                         net (fo=1, routed)           1.101     6.101    ps/system_i/processing_system7/inst/FCLK_CLK_unbuffered[3]
    BUFGCTRL_X0Y1        BUFG (Prop_bufg_I_O)         0.091     6.192 r  ps/system_i/processing_system7/inst/buffer_fclk_clk_3.FCLK_CLK_3_BUFG/O
                         net (fo=965, routed)         1.484     7.676    ps/system_i/axi_protocol_converter_0/inst/gen_axilite.gen_b2s_conv.axilite_b2s/WR.aw_channel_0/cmd_translator_0/incr_cmd_0/aclk
    SLICE_X6Y71          FDRE                                         r  ps/system_i/axi_protocol_converter_0/inst/gen_axilite.gen_b2s_conv.axilite_b2s/WR.aw_channel_0/cmd_translator_0/incr_cmd_0/axaddr_incr_reg[9]/C
                         clock pessimism              0.230     7.906    
                         clock uncertainty           -0.083     7.823    
    SLICE_X6Y71          FDRE (Setup_fdre_C_D)        0.081     7.904    ps/system_i/axi_protocol_converter_0/inst/gen_axilite.gen_b2s_conv.axilite_b2s/WR.aw_channel_0/cmd_translator_0/incr_cmd_0/axaddr_incr_reg[9]
  -------------------------------------------------------------------
                         required time                          7.904    
                         arrival time                          -7.784    
  -------------------------------------------------------------------
                         slack                                  0.121    

Slack (MET) :             0.247ns  (required time - arrival time)
  Source:                 ps/system_i/axi_protocol_converter_0/inst/gen_axilite.gen_b2s_conv.axilite_b2s/WR.aw_channel_0/cmd_translator_0/incr_cmd_0/sel_first_reg/C
                            (rising edge-triggered cell FDRE clocked by clk_fpga_3  {rise@0.000ns fall@2.500ns period=5.000ns})
  Destination:            ps/system_i/xadc/inst/AXI_LITE_IPIF_I/I_SLAVE_ATTACHMENT/I_DECODER/GEN_BKEND_CE_REGISTERS[23].ce_out_i_reg[23]/D
                            (rising edge-triggered cell FDRE clocked by clk_fpga_3  {rise@0.000ns fall@2.500ns period=5.000ns})
  Path Group:             clk_fpga_3
  Path Type:              Setup (Max at Slow Process Corner)
  Requirement:            5.000ns  (clk_fpga_3 rise@5.000ns - clk_fpga_3 rise@0.000ns)
  Data Path Delay:        4.689ns  (logic 1.188ns (25.337%)  route 3.501ns (74.663%))
  Logic Levels:           4  (LUT2=1 LUT6=3)
  Clock Path Skew:        -0.060ns (DCD - SCD + CPR)
    Destination Clock Delay (DCD):    2.674ns = ( 7.674 - 5.000 ) 
    Source Clock Delay      (SCD):    2.964ns
    Clock Pessimism Removal (CPR):    0.230ns
  Clock Uncertainty:      0.083ns  ((TSJ^2 + TIJ^2)^1/2 + DJ) / 2 + PE
    Total System Jitter     (TSJ):    0.071ns
    Total Input Jitter      (TIJ):    0.150ns
    Discrete Jitter          (DJ):    0.000ns
    Phase Error              (PE):    0.000ns

    Location             Delay type                Incr(ns)  Path(ns)    Netlist Resource(s)
  -------------------------------------------------------------------    -------------------
                         (clock clk_fpga_3 rise edge)
                                                      0.000     0.000 r  
    PS7_X0Y0             PS7                          0.000     0.000 r  ps/system_i/processing_system7/inst/PS7_i/FCLKCLK[3]
                         net (fo=1, routed)           1.207     1.207    ps/system_i/processing_system7/inst/FCLK_CLK_unbuffered[3]
    BUFGCTRL_X0Y1        BUFG (Prop_bufg_I_O)         0.101     1.308 r  ps/system_i/processing_system7/inst/buffer_fclk_clk_3.FCLK_CLK_3_BUFG/O
                         net (fo=965, routed)         1.656     2.964    ps/system_i/axi_protocol_converter_0/inst/gen_axilite.gen_b2s_conv.axilite_b2s/WR.aw_channel_0/cmd_translator_0/incr_cmd_0/aclk
    SLICE_X9Y71          FDRE                                         r  ps/system_i/axi_protocol_converter_0/inst/gen_axilite.gen_b2s_conv.axilite_b2s/WR.aw_channel_0/cmd_translator_0/incr_cmd_0/sel_first_reg/C
  -------------------------------------------------------------------    -------------------
    SLICE_X9Y71          FDRE (Prop_fdre_C_Q)         0.456     3.420 r  ps/system_i/axi_protocol_converter_0/inst/gen_axilite.gen_b2s_conv.axilite_b2s/WR.aw_channel_0/cmd_translator_0/incr_cmd_0/sel_first_reg/Q
                         net (fo=15, routed)          0.861     4.281    ps/system_i/axi_protocol_converter_0/inst/gen_axilite.gen_b2s_conv.axilite_b2s/WR.aw_channel_0/cmd_translator_0/incr_cmd_0/sel_first_reg_0
    SLICE_X6Y71          LUT2 (Prop_lut2_I0_O)        0.153     4.434 r  ps/system_i/axi_protocol_converter_0/inst/gen_axilite.gen_b2s_conv.axilite_b2s/WR.aw_channel_0/cmd_translator_0/incr_cmd_0/m_axi_awaddr[11]_INST_0_i_1/O
                         net (fo=8, routed)           0.659     5.093    ps/system_i/axi_protocol_converter_0/inst/gen_axilite.gen_b2s_conv.axilite_b2s/WR.aw_channel_0/cmd_translator_0/incr_cmd_0/m_axi_awaddr[11]_INST_0_i_1_n_0
    SLICE_X9Y73          LUT6 (Prop_lut6_I1_O)        0.331     5.424 f  ps/system_i/axi_protocol_converter_0/inst/gen_axilite.gen_b2s_conv.axilite_b2s/WR.aw_channel_0/cmd_translator_0/incr_cmd_0/m_axi_awaddr[8]_INST_0/O
                         net (fo=2, routed)           0.993     6.417    ps/system_i/xadc/inst/AXI_LITE_IPIF_I/I_SLAVE_ATTACHMENT/I_DECODER/s_axi_awaddr[6]
    SLICE_X12Y75         LUT6 (Prop_lut6_I5_O)        0.124     6.541 r  ps/system_i/xadc/inst/AXI_LITE_IPIF_I/I_SLAVE_ATTACHMENT/I_DECODER/GEN_BKEND_CE_REGISTERS[23].ce_out_i[23]_i_2/O
                         net (fo=24, routed)          0.988     7.529    ps/system_i/xadc/inst/AXI_LITE_IPIF_I/I_SLAVE_ATTACHMENT/I_DECODER/GEN_BKEND_CE_REGISTERS[23].ce_out_i[23]_i_2_n_0
    SLICE_X10Y76         LUT6 (Prop_lut6_I0_O)        0.124     7.653 r  ps/system_i/xadc/inst/AXI_LITE_IPIF_I/I_SLAVE_ATTACHMENT/I_DECODER/GEN_BKEND_CE_REGISTERS[23].ce_out_i[23]_i_1/O
                         net (fo=1, routed)           0.000     7.653    ps/system_i/xadc/inst/AXI_LITE_IPIF_I/I_SLAVE_ATTACHMENT/I_DECODER/GEN_BKEND_CE_REGISTERS[23].ce_out_i[23]_i_1_n_0
    SLICE_X10Y76         FDRE                                         r  ps/system_i/xadc/inst/AXI_LITE_IPIF_I/I_SLAVE_ATTACHMENT/I_DECODER/GEN_BKEND_CE_REGISTERS[23].ce_out_i_reg[23]/D
  -------------------------------------------------------------------    -------------------

                         (clock clk_fpga_3 rise edge)
                                                      5.000     5.000 r  
    PS7_X0Y0             PS7                          0.000     5.000 r  ps/system_i/processing_system7/inst/PS7_i/FCLKCLK[3]
                         net (fo=1, routed)           1.101     6.101    ps/system_i/processing_system7/inst/FCLK_CLK_unbuffered[3]
    BUFGCTRL_X0Y1        BUFG (Prop_bufg_I_O)         0.091     6.192 r  ps/system_i/processing_system7/inst/buffer_fclk_clk_3.FCLK_CLK_3_BUFG/O
                         net (fo=965, routed)         1.482     7.674    ps/system_i/xadc/inst/AXI_LITE_IPIF_I/I_SLAVE_ATTACHMENT/I_DECODER/s_axi_aclk
    SLICE_X10Y76         FDRE                                         r  ps/system_i/xadc/inst/AXI_LITE_IPIF_I/I_SLAVE_ATTACHMENT/I_DECODER/GEN_BKEND_CE_REGISTERS[23].ce_out_i_reg[23]/C
                         clock pessimism              0.230     7.904    
                         clock uncertainty           -0.083     7.821    
    SLICE_X10Y76         FDRE (Setup_fdre_C_D)        0.079     7.900    ps/system_i/xadc/inst/AXI_LITE_IPIF_I/I_SLAVE_ATTACHMENT/I_DECODER/GEN_BKEND_CE_REGISTERS[23].ce_out_i_reg[23]
  -------------------------------------------------------------------
                         required time                          7.900    
                         arrival time                          -7.653    
  -------------------------------------------------------------------
                         slack                                  0.247    

Slack (MET) :             0.256ns  (required time - arrival time)
  Source:                 ps/system_i/axi_protocol_converter_0/inst/gen_axilite.gen_b2s_conv.axilite_b2s/WR.aw_channel_0/cmd_translator_0/incr_cmd_0/sel_first_reg/C
                            (rising edge-triggered cell FDRE clocked by clk_fpga_3  {rise@0.000ns fall@2.500ns period=5.000ns})
  Destination:            ps/system_i/xadc/inst/AXI_LITE_IPIF_I/I_SLAVE_ATTACHMENT/I_DECODER/GEN_BKEND_CE_REGISTERS[6].ce_out_i_reg[6]/D
                            (rising edge-triggered cell FDRE clocked by clk_fpga_3  {rise@0.000ns fall@2.500ns period=5.000ns})
  Path Group:             clk_fpga_3
  Path Type:              Setup (Max at Slow Process Corner)
  Requirement:            5.000ns  (clk_fpga_3 rise@5.000ns - clk_fpga_3 rise@0.000ns)
  Data Path Delay:        4.680ns  (logic 1.188ns (25.385%)  route 3.492ns (74.615%))
  Logic Levels:           4  (LUT2=1 LUT3=1 LUT6=2)
  Clock Path Skew:        -0.060ns (DCD - SCD + CPR)
    Destination Clock Delay (DCD):    2.674ns = ( 7.674 - 5.000 ) 
    Source Clock Delay      (SCD):    2.964ns
    Clock Pessimism Removal (CPR):    0.230ns
  Clock Uncertainty:      0.083ns  ((TSJ^2 + TIJ^2)^1/2 + DJ) / 2 + PE
    Total System Jitter     (TSJ):    0.071ns
    Total Input Jitter      (TIJ):    0.150ns
    Discrete Jitter          (DJ):    0.000ns
    Phase Error              (PE):    0.000ns

    Location             Delay type                Incr(ns)  Path(ns)    Netlist Resource(s)
  -------------------------------------------------------------------    -------------------
                         (clock clk_fpga_3 rise edge)
                                                      0.000     0.000 r  
    PS7_X0Y0             PS7                          0.000     0.000 r  ps/system_i/processing_system7/inst/PS7_i/FCLKCLK[3]
                         net (fo=1, routed)           1.207     1.207    ps/system_i/processing_system7/inst/FCLK_CLK_unbuffered[3]
    BUFGCTRL_X0Y1        BUFG (Prop_bufg_I_O)         0.101     1.308 r  ps/system_i/processing_system7/inst/buffer_fclk_clk_3.FCLK_CLK_3_BUFG/O
                         net (fo=965, routed)         1.656     2.964    ps/system_i/axi_protocol_converter_0/inst/gen_axilite.gen_b2s_conv.axilite_b2s/WR.aw_channel_0/cmd_translator_0/incr_cmd_0/aclk
    SLICE_X9Y71          FDRE                                         r  ps/system_i/axi_protocol_converter_0/inst/gen_axilite.gen_b2s_conv.axilite_b2s/WR.aw_channel_0/cmd_translator_0/incr_cmd_0/sel_first_reg/C
  -------------------------------------------------------------------    -------------------
    SLICE_X9Y71          FDRE (Prop_fdre_C_Q)         0.456     3.420 r  ps/system_i/axi_protocol_converter_0/inst/gen_axilite.gen_b2s_conv.axilite_b2s/WR.aw_channel_0/cmd_translator_0/incr_cmd_0/sel_first_reg/Q
                         net (fo=15, routed)          0.861     4.281    ps/system_i/axi_protocol_converter_0/inst/gen_axilite.gen_b2s_conv.axilite_b2s/WR.aw_channel_0/cmd_translator_0/incr_cmd_0/sel_first_reg_0
    SLICE_X6Y71          LUT2 (Prop_lut2_I0_O)        0.153     4.434 r  ps/system_i/axi_protocol_converter_0/inst/gen_axilite.gen_b2s_conv.axilite_b2s/WR.aw_channel_0/cmd_translator_0/incr_cmd_0/m_axi_awaddr[11]_INST_0_i_1/O
                         net (fo=8, routed)           0.647     5.081    ps/system_i/axi_protocol_converter_0/inst/gen_axilite.gen_b2s_conv.axilite_b2s/WR.aw_channel_0/cmd_translator_0/incr_cmd_0/m_axi_awaddr[11]_INST_0_i_1_n_0
    SLICE_X7Y74          LUT6 (Prop_lut6_I1_O)        0.331     5.412 f  ps/system_i/axi_protocol_converter_0/inst/gen_axilite.gen_b2s_conv.axilite_b2s/WR.aw_channel_0/cmd_translator_0/incr_cmd_0/m_axi_awaddr[9]_INST_0/O
                         net (fo=2, routed)           0.789     6.200    ps/system_i/xadc/inst/AXI_LITE_IPIF_I/I_SLAVE_ATTACHMENT/I_DECODER/s_axi_awaddr[7]
    SLICE_X7Y75          LUT3 (Prop_lut3_I2_O)        0.124     6.324 f  ps/system_i/xadc/inst/AXI_LITE_IPIF_I/I_SLAVE_ATTACHMENT/I_DECODER/GEN_BKEND_CE_REGISTERS[23].ce_out_i[23]_i_3/O
                         net (fo=24, routed)          1.196     7.520    ps/system_i/xadc/inst/AXI_LITE_IPIF_I/I_SLAVE_ATTACHMENT/I_DECODER/GEN_BKEND_CE_REGISTERS[23].ce_out_i[23]_i_3_n_0
    SLICE_X12Y76         LUT6 (Prop_lut6_I4_O)        0.124     7.644 r  ps/system_i/xadc/inst/AXI_LITE_IPIF_I/I_SLAVE_ATTACHMENT/I_DECODER/GEN_BKEND_CE_REGISTERS[6].ce_out_i[6]_i_1/O
                         net (fo=1, routed)           0.000     7.644    ps/system_i/xadc/inst/AXI_LITE_IPIF_I/I_SLAVE_ATTACHMENT/I_DECODER/ce_expnd_i_18
    SLICE_X12Y76         FDRE                                         r  ps/system_i/xadc/inst/AXI_LITE_IPIF_I/I_SLAVE_ATTACHMENT/I_DECODER/GEN_BKEND_CE_REGISTERS[6].ce_out_i_reg[6]/D
  -------------------------------------------------------------------    -------------------

                         (clock clk_fpga_3 rise edge)
                                                      5.000     5.000 r  
    PS7_X0Y0             PS7                          0.000     5.000 r  ps/system_i/processing_system7/inst/PS7_i/FCLKCLK[3]
                         net (fo=1, routed)           1.101     6.101    ps/system_i/processing_system7/inst/FCLK_CLK_unbuffered[3]
    BUFGCTRL_X0Y1        BUFG (Prop_bufg_I_O)         0.091     6.192 r  ps/system_i/processing_system7/inst/buffer_fclk_clk_3.FCLK_CLK_3_BUFG/O
                         net (fo=965, routed)         1.482     7.674    ps/system_i/xadc/inst/AXI_LITE_IPIF_I/I_SLAVE_ATTACHMENT/I_DECODER/s_axi_aclk
    SLICE_X12Y76         FDRE                                         r  ps/system_i/xadc/inst/AXI_LITE_IPIF_I/I_SLAVE_ATTACHMENT/I_DECODER/GEN_BKEND_CE_REGISTERS[6].ce_out_i_reg[6]/C
                         clock pessimism              0.230     7.904    
                         clock uncertainty           -0.083     7.821    
    SLICE_X12Y76         FDRE (Setup_fdre_C_D)        0.079     7.900    ps/system_i/xadc/inst/AXI_LITE_IPIF_I/I_SLAVE_ATTACHMENT/I_DECODER/GEN_BKEND_CE_REGISTERS[6].ce_out_i_reg[6]
  -------------------------------------------------------------------
                         required time                          7.900    
                         arrival time                          -7.644    
  -------------------------------------------------------------------
                         slack                                  0.256    

Slack (MET) :             0.256ns  (required time - arrival time)
  Source:                 ps/system_i/axi_protocol_converter_0/inst/gen_axilite.gen_b2s_conv.axilite_b2s/WR.aw_channel_0/cmd_translator_0/incr_cmd_0/sel_first_reg/C
                            (rising edge-triggered cell FDRE clocked by clk_fpga_3  {rise@0.000ns fall@2.500ns period=5.000ns})
  Destination:            ps/system_i/xadc/inst/AXI_LITE_IPIF_I/I_SLAVE_ATTACHMENT/I_DECODER/GEN_BKEND_CE_REGISTERS[22].ce_out_i_reg[22]/D
                            (rising edge-triggered cell FDRE clocked by clk_fpga_3  {rise@0.000ns fall@2.500ns period=5.000ns})
  Path Group:             clk_fpga_3
  Path Type:              Setup (Max at Slow Process Corner)
  Requirement:            5.000ns  (clk_fpga_3 rise@5.000ns - clk_fpga_3 rise@0.000ns)
  Data Path Delay:        4.680ns  (logic 1.188ns (25.386%)  route 3.492ns (74.614%))
  Logic Levels:           4  (LUT2=1 LUT6=3)
  Clock Path Skew:        -0.060ns (DCD - SCD + CPR)
    Destination Clock Delay (DCD):    2.674ns = ( 7.674 - 5.000 ) 
    Source Clock Delay      (SCD):    2.964ns
    Clock Pessimism Removal (CPR):    0.230ns
  Clock Uncertainty:      0.083ns  ((TSJ^2 + TIJ^2)^1/2 + DJ) / 2 + PE
    Total System Jitter     (TSJ):    0.071ns
    Total Input Jitter      (TIJ):    0.150ns
    Discrete Jitter          (DJ):    0.000ns
    Phase Error              (PE):    0.000ns

    Location             Delay type                Incr(ns)  Path(ns)    Netlist Resource(s)
  -------------------------------------------------------------------    -------------------
                         (clock clk_fpga_3 rise edge)
                                                      0.000     0.000 r  
    PS7_X0Y0             PS7                          0.000     0.000 r  ps/system_i/processing_system7/inst/PS7_i/FCLKCLK[3]
                         net (fo=1, routed)           1.207     1.207    ps/system_i/processing_system7/inst/FCLK_CLK_unbuffered[3]
    BUFGCTRL_X0Y1        BUFG (Prop_bufg_I_O)         0.101     1.308 r  ps/system_i/processing_system7/inst/buffer_fclk_clk_3.FCLK_CLK_3_BUFG/O
                         net (fo=965, routed)         1.656     2.964    ps/system_i/axi_protocol_converter_0/inst/gen_axilite.gen_b2s_conv.axilite_b2s/WR.aw_channel_0/cmd_translator_0/incr_cmd_0/aclk
    SLICE_X9Y71          FDRE                                         r  ps/system_i/axi_protocol_converter_0/inst/gen_axilite.gen_b2s_conv.axilite_b2s/WR.aw_channel_0/cmd_translator_0/incr_cmd_0/sel_first_reg/C
  -------------------------------------------------------------------    -------------------
    SLICE_X9Y71          FDRE (Prop_fdre_C_Q)         0.456     3.420 r  ps/system_i/axi_protocol_converter_0/inst/gen_axilite.gen_b2s_conv.axilite_b2s/WR.aw_channel_0/cmd_translator_0/incr_cmd_0/sel_first_reg/Q
                         net (fo=15, routed)          0.861     4.281    ps/system_i/axi_protocol_converter_0/inst/gen_axilite.gen_b2s_conv.axilite_b2s/WR.aw_channel_0/cmd_translator_0/incr_cmd_0/sel_first_reg_0
    SLICE_X6Y71          LUT2 (Prop_lut2_I0_O)        0.153     4.434 r  ps/system_i/axi_protocol_converter_0/inst/gen_axilite.gen_b2s_conv.axilite_b2s/WR.aw_channel_0/cmd_translator_0/incr_cmd_0/m_axi_awaddr[11]_INST_0_i_1/O
                         net (fo=8, routed)           0.659     5.093    ps/system_i/axi_protocol_converter_0/inst/gen_axilite.gen_b2s_conv.axilite_b2s/WR.aw_channel_0/cmd_translator_0/incr_cmd_0/m_axi_awaddr[11]_INST_0_i_1_n_0
    SLICE_X9Y73          LUT6 (Prop_lut6_I1_O)        0.331     5.424 f  ps/system_i/axi_protocol_converter_0/inst/gen_axilite.gen_b2s_conv.axilite_b2s/WR.aw_channel_0/cmd_translator_0/incr_cmd_0/m_axi_awaddr[8]_INST_0/O
                         net (fo=2, routed)           0.993     6.417    ps/system_i/xadc/inst/AXI_LITE_IPIF_I/I_SLAVE_ATTACHMENT/I_DECODER/s_axi_awaddr[6]
    SLICE_X12Y75         LUT6 (Prop_lut6_I5_O)        0.124     6.541 r  ps/system_i/xadc/inst/AXI_LITE_IPIF_I/I_SLAVE_ATTACHMENT/I_DECODER/GEN_BKEND_CE_REGISTERS[23].ce_out_i[23]_i_2/O
                         net (fo=24, routed)          0.979     7.520    ps/system_i/xadc/inst/AXI_LITE_IPIF_I/I_SLAVE_ATTACHMENT/I_DECODER/GEN_BKEND_CE_REGISTERS[23].ce_out_i[23]_i_2_n_0
    SLICE_X10Y76         LUT6 (Prop_lut6_I0_O)        0.124     7.644 r  ps/system_i/xadc/inst/AXI_LITE_IPIF_I/I_SLAVE_ATTACHMENT/I_DECODER/GEN_BKEND_CE_REGISTERS[22].ce_out_i[22]_i_1/O
                         net (fo=1, routed)           0.000     7.644    ps/system_i/xadc/inst/AXI_LITE_IPIF_I/I_SLAVE_ATTACHMENT/I_DECODER/GEN_BKEND_CE_REGISTERS[22].ce_out_i[22]_i_1_n_0
    SLICE_X10Y76         FDRE                                         r  ps/system_i/xadc/inst/AXI_LITE_IPIF_I/I_SLAVE_ATTACHMENT/I_DECODER/GEN_BKEND_CE_REGISTERS[22].ce_out_i_reg[22]/D
  -------------------------------------------------------------------    -------------------

                         (clock clk_fpga_3 rise edge)
                                                      5.000     5.000 r  
    PS7_X0Y0             PS7                          0.000     5.000 r  ps/system_i/processing_system7/inst/PS7_i/FCLKCLK[3]
                         net (fo=1, routed)           1.101     6.101    ps/system_i/processing_system7/inst/FCLK_CLK_unbuffered[3]
    BUFGCTRL_X0Y1        BUFG (Prop_bufg_I_O)         0.091     6.192 r  ps/system_i/processing_system7/inst/buffer_fclk_clk_3.FCLK_CLK_3_BUFG/O
                         net (fo=965, routed)         1.482     7.674    ps/system_i/xadc/inst/AXI_LITE_IPIF_I/I_SLAVE_ATTACHMENT/I_DECODER/s_axi_aclk
    SLICE_X10Y76         FDRE                                         r  ps/system_i/xadc/inst/AXI_LITE_IPIF_I/I_SLAVE_ATTACHMENT/I_DECODER/GEN_BKEND_CE_REGISTERS[22].ce_out_i_reg[22]/C
                         clock pessimism              0.230     7.904    
                         clock uncertainty           -0.083     7.821    
    SLICE_X10Y76         FDRE (Setup_fdre_C_D)        0.079     7.900    ps/system_i/xadc/inst/AXI_LITE_IPIF_I/I_SLAVE_ATTACHMENT/I_DECODER/GEN_BKEND_CE_REGISTERS[22].ce_out_i_reg[22]
  -------------------------------------------------------------------
                         required time                          7.900    
                         arrival time                          -7.644    
  -------------------------------------------------------------------
                         slack                                  0.256    

Slack (MET) :             0.259ns  (required time - arrival time)
  Source:                 ps/system_i/axi_protocol_converter_0/inst/gen_axilite.gen_b2s_conv.axilite_b2s/WR.aw_channel_0/cmd_translator_0/incr_cmd_0/sel_first_reg/C
                            (rising edge-triggered cell FDRE clocked by clk_fpga_3  {rise@0.000ns fall@2.500ns period=5.000ns})
  Destination:            ps/system_i/xadc/inst/AXI_LITE_IPIF_I/I_SLAVE_ATTACHMENT/I_DECODER/GEN_BKEND_CE_REGISTERS[16].ce_out_i_reg[16]/D
                            (rising edge-triggered cell FDRE clocked by clk_fpga_3  {rise@0.000ns fall@2.500ns period=5.000ns})
  Path Group:             clk_fpga_3
  Path Type:              Setup (Max at Slow Process Corner)
  Requirement:            5.000ns  (clk_fpga_3 rise@5.000ns - clk_fpga_3 rise@0.000ns)
  Data Path Delay:        4.627ns  (logic 1.188ns (25.674%)  route 3.439ns (74.326%))
  Logic Levels:           4  (LUT2=1 LUT3=1 LUT6=2)
  Clock Path Skew:        -0.060ns (DCD - SCD + CPR)
    Destination Clock Delay (DCD):    2.674ns = ( 7.674 - 5.000 ) 
    Source Clock Delay      (SCD):    2.964ns
    Clock Pessimism Removal (CPR):    0.230ns
  Clock Uncertainty:      0.083ns  ((TSJ^2 + TIJ^2)^1/2 + DJ) / 2 + PE
    Total System Jitter     (TSJ):    0.071ns
    Total Input Jitter      (TIJ):    0.150ns
    Discrete Jitter          (DJ):    0.000ns
    Phase Error              (PE):    0.000ns

    Location             Delay type                Incr(ns)  Path(ns)    Netlist Resource(s)
  -------------------------------------------------------------------    -------------------
                         (clock clk_fpga_3 rise edge)
                                                      0.000     0.000 r  
    PS7_X0Y0             PS7                          0.000     0.000 r  ps/system_i/processing_system7/inst/PS7_i/FCLKCLK[3]
                         net (fo=1, routed)           1.207     1.207    ps/system_i/processing_system7/inst/FCLK_CLK_unbuffered[3]
    BUFGCTRL_X0Y1        BUFG (Prop_bufg_I_O)         0.101     1.308 r  ps/system_i/processing_system7/inst/buffer_fclk_clk_3.FCLK_CLK_3_BUFG/O
                         net (fo=965, routed)         1.656     2.964    ps/system_i/axi_protocol_converter_0/inst/gen_axilite.gen_b2s_conv.axilite_b2s/WR.aw_channel_0/cmd_translator_0/incr_cmd_0/aclk
    SLICE_X9Y71          FDRE                                         r  ps/system_i/axi_protocol_converter_0/inst/gen_axilite.gen_b2s_conv.axilite_b2s/WR.aw_channel_0/cmd_translator_0/incr_cmd_0/sel_first_reg/C
  -------------------------------------------------------------------    -------------------
    SLICE_X9Y71          FDRE (Prop_fdre_C_Q)         0.456     3.420 r  ps/system_i/axi_protocol_converter_0/inst/gen_axilite.gen_b2s_conv.axilite_b2s/WR.aw_channel_0/cmd_translator_0/incr_cmd_0/sel_first_reg/Q
                         net (fo=15, routed)          0.861     4.281    ps/system_i/axi_protocol_converter_0/inst/gen_axilite.gen_b2s_conv.axilite_b2s/WR.aw_channel_0/cmd_translator_0/incr_cmd_0/sel_first_reg_0
    SLICE_X6Y71          LUT2 (Prop_lut2_I0_O)        0.153     4.434 r  ps/system_i/axi_protocol_converter_0/inst/gen_axilite.gen_b2s_conv.axilite_b2s/WR.aw_channel_0/cmd_translator_0/incr_cmd_0/m_axi_awaddr[11]_INST_0_i_1/O
                         net (fo=8, routed)           0.647     5.081    ps/system_i/axi_protocol_converter_0/inst/gen_axilite.gen_b2s_conv.axilite_b2s/WR.aw_channel_0/cmd_translator_0/incr_cmd_0/m_axi_awaddr[11]_INST_0_i_1_n_0
    SLICE_X7Y74          LUT6 (Prop_lut6_I1_O)        0.331     5.412 f  ps/system_i/axi_protocol_converter_0/inst/gen_axilite.gen_b2s_conv.axilite_b2s/WR.aw_channel_0/cmd_translator_0/incr_cmd_0/m_axi_awaddr[9]_INST_0/O
                         net (fo=2, routed)           0.789     6.200    ps/system_i/xadc/inst/AXI_LITE_IPIF_I/I_SLAVE_ATTACHMENT/I_DECODER/s_axi_awaddr[7]
    SLICE_X7Y75          LUT3 (Prop_lut3_I2_O)        0.124     6.324 f  ps/system_i/xadc/inst/AXI_LITE_IPIF_I/I_SLAVE_ATTACHMENT/I_DECODER/GEN_BKEND_CE_REGISTERS[23].ce_out_i[23]_i_3/O
                         net (fo=24, routed)          1.143     7.467    ps/system_i/xadc/inst/AXI_LITE_IPIF_I/I_SLAVE_ATTACHMENT/I_DECODER/GEN_BKEND_CE_REGISTERS[23].ce_out_i[23]_i_3_n_0
    SLICE_X13Y76         LUT6 (Prop_lut6_I3_O)        0.124     7.591 r  ps/system_i/xadc/inst/AXI_LITE_IPIF_I/I_SLAVE_ATTACHMENT/I_DECODER/GEN_BKEND_CE_REGISTERS[16].ce_out_i[16]_i_1/O
                         net (fo=1, routed)           0.000     7.591    ps/system_i/xadc/inst/AXI_LITE_IPIF_I/I_SLAVE_ATTACHMENT/I_DECODER/ce_expnd_i_8
    SLICE_X13Y76         FDRE                                         r  ps/system_i/xadc/inst/AXI_LITE_IPIF_I/I_SLAVE_ATTACHMENT/I_DECODER/GEN_BKEND_CE_REGISTERS[16].ce_out_i_reg[16]/D
  -------------------------------------------------------------------    -------------------

                         (clock clk_fpga_3 rise edge)
                                                      5.000     5.000 r  
    PS7_X0Y0             PS7                          0.000     5.000 r  ps/system_i/processing_system7/inst/PS7_i/FCLKCLK[3]
                         net (fo=1, routed)           1.101     6.101    ps/system_i/processing_system7/inst/FCLK_CLK_unbuffered[3]
    BUFGCTRL_X0Y1        BUFG (Prop_bufg_I_O)         0.091     6.192 r  ps/system_i/processing_system7/inst/buffer_fclk_clk_3.FCLK_CLK_3_BUFG/O
                         net (fo=965, routed)         1.482     7.674    ps/system_i/xadc/inst/AXI_LITE_IPIF_I/I_SLAVE_ATTACHMENT/I_DECODER/s_axi_aclk
    SLICE_X13Y76         FDRE                                         r  ps/system_i/xadc/inst/AXI_LITE_IPIF_I/I_SLAVE_ATTACHMENT/I_DECODER/GEN_BKEND_CE_REGISTERS[16].ce_out_i_reg[16]/C
                         clock pessimism              0.230     7.904    
                         clock uncertainty           -0.083     7.821    
    SLICE_X13Y76         FDRE (Setup_fdre_C_D)        0.029     7.850    ps/system_i/xadc/inst/AXI_LITE_IPIF_I/I_SLAVE_ATTACHMENT/I_DECODER/GEN_BKEND_CE_REGISTERS[16].ce_out_i_reg[16]
  -------------------------------------------------------------------
                         required time                          7.850    
                         arrival time                          -7.591    
  -------------------------------------------------------------------
                         slack                                  0.259    

Slack (MET) :             0.278ns  (required time - arrival time)
  Source:                 ps/system_i/axi_protocol_converter_0/inst/gen_axilite.gen_b2s_conv.axilite_b2s/WR.aw_channel_0/cmd_translator_0/s_axburst_eq0_reg/C
                            (rising edge-triggered cell FDRE clocked by clk_fpga_3  {rise@0.000ns fall@2.500ns period=5.000ns})
  Destination:            ps/system_i/axi_protocol_converter_0/inst/gen_axilite.gen_b2s_conv.axilite_b2s/WR.aw_channel_0/cmd_translator_0/incr_cmd_0/axaddr_incr_reg[11]/D
                            (rising edge-triggered cell FDRE clocked by clk_fpga_3  {rise@0.000ns fall@2.500ns period=5.000ns})
  Path Group:             clk_fpga_3
  Path Type:              Setup (Max at Slow Process Corner)
  Requirement:            5.000ns  (clk_fpga_3 rise@5.000ns - clk_fpga_3 rise@0.000ns)
  Data Path Delay:        4.660ns  (logic 2.189ns (46.977%)  route 2.471ns (53.023%))
  Logic Levels:           7  (CARRY4=3 LUT3=1 LUT4=1 LUT5=1 LUT6=1)
  Clock Path Skew:        -0.060ns (DCD - SCD + CPR)
    Destination Clock Delay (DCD):    2.674ns = ( 7.674 - 5.000 ) 
    Source Clock Delay      (SCD):    2.964ns
    Clock Pessimism Removal (CPR):    0.230ns
  Clock Uncertainty:      0.083ns  ((TSJ^2 + TIJ^2)^1/2 + DJ) / 2 + PE
    Total System Jitter     (TSJ):    0.071ns
    Total Input Jitter      (TIJ):    0.150ns
    Discrete Jitter          (DJ):    0.000ns
    Phase Error              (PE):    0.000ns

    Location             Delay type                Incr(ns)  Path(ns)    Netlist Resource(s)
  -------------------------------------------------------------------    -------------------
                         (clock clk_fpga_3 rise edge)
                                                      0.000     0.000 r  
    PS7_X0Y0             PS7                          0.000     0.000 r  ps/system_i/processing_system7/inst/PS7_i/FCLKCLK[3]
                         net (fo=1, routed)           1.207     1.207    ps/system_i/processing_system7/inst/FCLK_CLK_unbuffered[3]
    BUFGCTRL_X0Y1        BUFG (Prop_bufg_I_O)         0.101     1.308 r  ps/system_i/processing_system7/inst/buffer_fclk_clk_3.FCLK_CLK_3_BUFG/O
                         net (fo=965, routed)         1.656     2.964    ps/system_i/axi_protocol_converter_0/inst/gen_axilite.gen_b2s_conv.axilite_b2s/WR.aw_channel_0/cmd_translator_0/aclk
    SLICE_X9Y71          FDRE                                         r  ps/system_i/axi_protocol_converter_0/inst/gen_axilite.gen_b2s_conv.axilite_b2s/WR.aw_channel_0/cmd_translator_0/s_axburst_eq0_reg/C
  -------------------------------------------------------------------    -------------------
    SLICE_X9Y71          FDRE (Prop_fdre_C_Q)         0.456     3.420 r  ps/system_i/axi_protocol_converter_0/inst/gen_axilite.gen_b2s_conv.axilite_b2s/WR.aw_channel_0/cmd_translator_0/s_axburst_eq0_reg/Q
                         net (fo=2, routed)           1.004     4.424    ps/system_i/axi_protocol_converter_0/inst/gen_axilite.gen_b2s_conv.axilite_b2s/WR.b_channel_0/bid_fifo_0/s_axburst_eq0
    SLICE_X9Y70          LUT5 (Prop_lut5_I2_O)        0.152     4.576 f  ps/system_i/axi_protocol_converter_0/inst/gen_axilite.gen_b2s_conv.axilite_b2s/WR.b_channel_0/bid_fifo_0/FSM_sequential_state[0]_i_2/O
                         net (fo=3, routed)           0.473     5.050    ps/system_i/axi_protocol_converter_0/inst/gen_axilite.gen_b2s_conv.axilite_b2s/WR.b_channel_0/bid_fifo_0/FSM_sequential_state[0]_i_2_n_0
    SLICE_X9Y70          LUT6 (Prop_lut6_I1_O)        0.326     5.376 r  ps/system_i/axi_protocol_converter_0/inst/gen_axilite.gen_b2s_conv.axilite_b2s/WR.b_channel_0/bid_fifo_0/next_pending_r_i_3/O
                         net (fo=23, routed)          0.638     6.014    ps/system_i/axi_protocol_converter_0/inst/gen_axilite.gen_b2s_conv.axilite_b2s/WR.aw_channel_0/cmd_translator_0/incr_cmd_0/next_pending_r_reg_0
    SLICE_X7Y70          LUT4 (Prop_lut4_I1_O)        0.124     6.138 r  ps/system_i/axi_protocol_converter_0/inst/gen_axilite.gen_b2s_conv.axilite_b2s/WR.aw_channel_0/cmd_translator_0/incr_cmd_0/axaddr_incr[3]_i_8/O
                         net (fo=1, routed)           0.000     6.138    ps/system_i/axi_protocol_converter_0/inst/gen_axilite.gen_b2s_conv.axilite_b2s/SI_REG/aw.aw_pipe/S[2]
    SLICE_X7Y70          CARRY4 (Prop_carry4_S[2]_CO[3])
                                                      0.398     6.536 r  ps/system_i/axi_protocol_converter_0/inst/gen_axilite.gen_b2s_conv.axilite_b2s/SI_REG/aw.aw_pipe/axaddr_incr_reg[3]_i_2/CO[3]
                         net (fo=1, routed)           0.000     6.536    ps/system_i/axi_protocol_converter_0/inst/gen_axilite.gen_b2s_conv.axilite_b2s/SI_REG/aw.aw_pipe/axaddr_incr_reg[3]_i_2_n_0
    SLICE_X7Y71          CARRY4 (Prop_carry4_CI_CO[3])
                                                      0.114     6.650 r  ps/system_i/axi_protocol_converter_0/inst/gen_axilite.gen_b2s_conv.axilite_b2s/SI_REG/aw.aw_pipe/axaddr_incr_reg[7]_i_2/CO[3]
                         net (fo=1, routed)           0.000     6.650    ps/system_i/axi_protocol_converter_0/inst/gen_axilite.gen_b2s_conv.axilite_b2s/SI_REG/aw.aw_pipe/axaddr_incr_reg[7]_i_2_n_0
    SLICE_X7Y72          CARRY4 (Prop_carry4_CI_O[3])
                                                      0.313     6.963 r  ps/system_i/axi_protocol_converter_0/inst/gen_axilite.gen_b2s_conv.axilite_b2s/SI_REG/aw.aw_pipe/axaddr_incr_reg[11]_i_3/O[3]
                         net (fo=1, routed)           0.354     7.318    ps/system_i/axi_protocol_converter_0/inst/gen_axilite.gen_b2s_conv.axilite_b2s/WR.aw_channel_0/cmd_translator_0/incr_cmd_0/axaddr_incr[11]
    SLICE_X6Y72          LUT3 (Prop_lut3_I0_O)        0.306     7.624 r  ps/system_i/axi_protocol_converter_0/inst/gen_axilite.gen_b2s_conv.axilite_b2s/WR.aw_channel_0/cmd_translator_0/incr_cmd_0/axaddr_incr[11]_i_2/O
                         net (fo=1, routed)           0.000     7.624    ps/system_i/axi_protocol_converter_0/inst/gen_axilite.gen_b2s_conv.axilite_b2s/WR.aw_channel_0/cmd_translator_0/incr_cmd_0/p_1_in[11]
    SLICE_X6Y72          FDRE                                         r  ps/system_i/axi_protocol_converter_0/inst/gen_axilite.gen_b2s_conv.axilite_b2s/WR.aw_channel_0/cmd_translator_0/incr_cmd_0/axaddr_incr_reg[11]/D
  -------------------------------------------------------------------    -------------------

                         (clock clk_fpga_3 rise edge)
                                                      5.000     5.000 r  
    PS7_X0Y0             PS7                          0.000     5.000 r  ps/system_i/processing_system7/inst/PS7_i/FCLKCLK[3]
                         net (fo=1, routed)           1.101     6.101    ps/system_i/processing_system7/inst/FCLK_CLK_unbuffered[3]
    BUFGCTRL_X0Y1        BUFG (Prop_bufg_I_O)         0.091     6.192 r  ps/system_i/processing_system7/inst/buffer_fclk_clk_3.FCLK_CLK_3_BUFG/O
                         net (fo=965, routed)         1.482     7.674    ps/system_i/axi_protocol_converter_0/inst/gen_axilite.gen_b2s_conv.axilite_b2s/WR.aw_channel_0/cmd_translator_0/incr_cmd_0/aclk
    SLICE_X6Y72          FDRE                                         r  ps/system_i/axi_protocol_converter_0/inst/gen_axilite.gen_b2s_conv.axilite_b2s/WR.aw_channel_0/cmd_translator_0/incr_cmd_0/axaddr_incr_reg[11]/C
                         clock pessimism              0.230     7.904    
                         clock uncertainty           -0.083     7.821    
    SLICE_X6Y72          FDRE (Setup_fdre_C_D)        0.081     7.902    ps/system_i/axi_protocol_converter_0/inst/gen_axilite.gen_b2s_conv.axilite_b2s/WR.aw_channel_0/cmd_translator_0/incr_cmd_0/axaddr_incr_reg[11]
  -------------------------------------------------------------------
                         required time                          7.902    
                         arrival time                          -7.624    
  -------------------------------------------------------------------
                         slack                                  0.278    

Slack (MET) :             0.317ns  (required time - arrival time)
  Source:                 ps/system_i/axi_protocol_converter_0/inst/gen_axilite.gen_b2s_conv.axilite_b2s/WR.aw_channel_0/cmd_translator_0/s_axburst_eq0_reg/C
                            (rising edge-triggered cell FDRE clocked by clk_fpga_3  {rise@0.000ns fall@2.500ns period=5.000ns})
  Destination:            ps/system_i/axi_protocol_converter_0/inst/gen_axilite.gen_b2s_conv.axilite_b2s/WR.aw_channel_0/cmd_translator_0/incr_cmd_0/axaddr_incr_reg[7]/D
                            (rising edge-triggered cell FDRE clocked by clk_fpga_3  {rise@0.000ns fall@2.500ns period=5.000ns})
  Path Group:             clk_fpga_3
  Path Type:              Setup (Max at Slow Process Corner)
  Requirement:            5.000ns  (clk_fpga_3 rise@5.000ns - clk_fpga_3 rise@0.000ns)
  Data Path Delay:        4.621ns  (logic 2.075ns (44.905%)  route 2.546ns (55.095%))
  Logic Levels:           6  (CARRY4=2 LUT3=1 LUT4=1 LUT5=1 LUT6=1)
  Clock Path Skew:        -0.058ns (DCD - SCD + CPR)
    Destination Clock Delay (DCD):    2.676ns = ( 7.676 - 5.000 ) 
    Source Clock Delay      (SCD):    2.964ns
    Clock Pessimism Removal (CPR):    0.230ns
  Clock Uncertainty:      0.083ns  ((TSJ^2 + TIJ^2)^1/2 + DJ) / 2 + PE
    Total System Jitter     (TSJ):    0.071ns
    Total Input Jitter      (TIJ):    0.150ns
    Discrete Jitter          (DJ):    0.000ns
    Phase Error              (PE):    0.000ns

    Location             Delay type                Incr(ns)  Path(ns)    Netlist Resource(s)
  -------------------------------------------------------------------    -------------------
                         (clock clk_fpga_3 rise edge)
                                                      0.000     0.000 r  
    PS7_X0Y0             PS7                          0.000     0.000 r  ps/system_i/processing_system7/inst/PS7_i/FCLKCLK[3]
                         net (fo=1, routed)           1.207     1.207    ps/system_i/processing_system7/inst/FCLK_CLK_unbuffered[3]
    BUFGCTRL_X0Y1        BUFG (Prop_bufg_I_O)         0.101     1.308 r  ps/system_i/processing_system7/inst/buffer_fclk_clk_3.FCLK_CLK_3_BUFG/O
                         net (fo=965, routed)         1.656     2.964    ps/system_i/axi_protocol_converter_0/inst/gen_axilite.gen_b2s_conv.axilite_b2s/WR.aw_channel_0/cmd_translator_0/aclk
    SLICE_X9Y71          FDRE                                         r  ps/system_i/axi_protocol_converter_0/inst/gen_axilite.gen_b2s_conv.axilite_b2s/WR.aw_channel_0/cmd_translator_0/s_axburst_eq0_reg/C
  -------------------------------------------------------------------    -------------------
    SLICE_X9Y71          FDRE (Prop_fdre_C_Q)         0.456     3.420 r  ps/system_i/axi_protocol_converter_0/inst/gen_axilite.gen_b2s_conv.axilite_b2s/WR.aw_channel_0/cmd_translator_0/s_axburst_eq0_reg/Q
                         net (fo=2, routed)           1.004     4.424    ps/system_i/axi_protocol_converter_0/inst/gen_axilite.gen_b2s_conv.axilite_b2s/WR.b_channel_0/bid_fifo_0/s_axburst_eq0
    SLICE_X9Y70          LUT5 (Prop_lut5_I2_O)        0.152     4.576 f  ps/system_i/axi_protocol_converter_0/inst/gen_axilite.gen_b2s_conv.axilite_b2s/WR.b_channel_0/bid_fifo_0/FSM_sequential_state[0]_i_2/O
                         net (fo=3, routed)           0.473     5.050    ps/system_i/axi_protocol_converter_0/inst/gen_axilite.gen_b2s_conv.axilite_b2s/WR.b_channel_0/bid_fifo_0/FSM_sequential_state[0]_i_2_n_0
    SLICE_X9Y70          LUT6 (Prop_lut6_I1_O)        0.326     5.376 r  ps/system_i/axi_protocol_converter_0/inst/gen_axilite.gen_b2s_conv.axilite_b2s/WR.b_channel_0/bid_fifo_0/next_pending_r_i_3/O
                         net (fo=23, routed)          0.638     6.014    ps/system_i/axi_protocol_converter_0/inst/gen_axilite.gen_b2s_conv.axilite_b2s/WR.aw_channel_0/cmd_translator_0/incr_cmd_0/next_pending_r_reg_0
    SLICE_X7Y70          LUT4 (Prop_lut4_I1_O)        0.124     6.138 r  ps/system_i/axi_protocol_converter_0/inst/gen_axilite.gen_b2s_conv.axilite_b2s/WR.aw_channel_0/cmd_translator_0/incr_cmd_0/axaddr_incr[3]_i_8/O
                         net (fo=1, routed)           0.000     6.138    ps/system_i/axi_protocol_converter_0/inst/gen_axilite.gen_b2s_conv.axilite_b2s/SI_REG/aw.aw_pipe/S[2]
    SLICE_X7Y70          CARRY4 (Prop_carry4_S[2]_CO[3])
                                                      0.398     6.536 r  ps/system_i/axi_protocol_converter_0/inst/gen_axilite.gen_b2s_conv.axilite_b2s/SI_REG/aw.aw_pipe/axaddr_incr_reg[3]_i_2/CO[3]
                         net (fo=1, routed)           0.000     6.536    ps/system_i/axi_protocol_converter_0/inst/gen_axilite.gen_b2s_conv.axilite_b2s/SI_REG/aw.aw_pipe/axaddr_incr_reg[3]_i_2_n_0
    SLICE_X7Y71          CARRY4 (Prop_carry4_CI_O[3])
                                                      0.313     6.849 r  ps/system_i/axi_protocol_converter_0/inst/gen_axilite.gen_b2s_conv.axilite_b2s/SI_REG/aw.aw_pipe/axaddr_incr_reg[7]_i_2/O[3]
                         net (fo=1, routed)           0.430     7.279    ps/system_i/axi_protocol_converter_0/inst/gen_axilite.gen_b2s_conv.axilite_b2s/WR.aw_channel_0/cmd_translator_0/incr_cmd_0/axaddr_incr[7]
    SLICE_X6Y71          LUT3 (Prop_lut3_I0_O)        0.306     7.585 r  ps/system_i/axi_protocol_converter_0/inst/gen_axilite.gen_b2s_conv.axilite_b2s/WR.aw_channel_0/cmd_translator_0/incr_cmd_0/axaddr_incr[7]_i_1/O
                         net (fo=1, routed)           0.000     7.585    ps/system_i/axi_protocol_converter_0/inst/gen_axilite.gen_b2s_conv.axilite_b2s/WR.aw_channel_0/cmd_translator_0/incr_cmd_0/p_1_in[7]
    SLICE_X6Y71          FDRE                                         r  ps/system_i/axi_protocol_converter_0/inst/gen_axilite.gen_b2s_conv.axilite_b2s/WR.aw_channel_0/cmd_translator_0/incr_cmd_0/axaddr_incr_reg[7]/D
  -------------------------------------------------------------------    -------------------

                         (clock clk_fpga_3 rise edge)
                                                      5.000     5.000 r  
    PS7_X0Y0             PS7                          0.000     5.000 r  ps/system_i/processing_system7/inst/PS7_i/FCLKCLK[3]
                         net (fo=1, routed)           1.101     6.101    ps/system_i/processing_system7/inst/FCLK_CLK_unbuffered[3]
    BUFGCTRL_X0Y1        BUFG (Prop_bufg_I_O)         0.091     6.192 r  ps/system_i/processing_system7/inst/buffer_fclk_clk_3.FCLK_CLK_3_BUFG/O
                         net (fo=965, routed)         1.484     7.676    ps/system_i/axi_protocol_converter_0/inst/gen_axilite.gen_b2s_conv.axilite_b2s/WR.aw_channel_0/cmd_translator_0/incr_cmd_0/aclk
    SLICE_X6Y71          FDRE                                         r  ps/system_i/axi_protocol_converter_0/inst/gen_axilite.gen_b2s_conv.axilite_b2s/WR.aw_channel_0/cmd_translator_0/incr_cmd_0/axaddr_incr_reg[7]/C
                         clock pessimism              0.230     7.906    
                         clock uncertainty           -0.083     7.823    
    SLICE_X6Y71          FDRE (Setup_fdre_C_D)        0.079     7.902    ps/system_i/axi_protocol_converter_0/inst/gen_axilite.gen_b2s_conv.axilite_b2s/WR.aw_channel_0/cmd_translator_0/incr_cmd_0/axaddr_incr_reg[7]
  -------------------------------------------------------------------
                         required time                          7.902    
                         arrival time                          -7.585    
  -------------------------------------------------------------------
                         slack                                  0.317    

Slack (MET) :             0.323ns  (required time - arrival time)
  Source:                 ps/system_i/axi_protocol_converter_0/inst/gen_axilite.gen_b2s_conv.axilite_b2s/WR.aw_channel_0/cmd_translator_0/incr_cmd_0/sel_first_reg/C
                            (rising edge-triggered cell FDRE clocked by clk_fpga_3  {rise@0.000ns fall@2.500ns period=5.000ns})
  Destination:            ps/system_i/xadc/inst/AXI_LITE_IPIF_I/I_SLAVE_ATTACHMENT/I_DECODER/GEN_BKEND_CE_REGISTERS[9].ce_out_i_reg[9]/D
                            (rising edge-triggered cell FDRE clocked by clk_fpga_3  {rise@0.000ns fall@2.500ns period=5.000ns})
  Path Group:             clk_fpga_3
  Path Type:              Setup (Max at Slow Process Corner)
  Requirement:            5.000ns  (clk_fpga_3 rise@5.000ns - clk_fpga_3 rise@0.000ns)
  Data Path Delay:        4.569ns  (logic 1.188ns (26.001%)  route 3.381ns (73.999%))
  Logic Levels:           4  (LUT2=1 LUT3=1 LUT6=2)
  Clock Path Skew:        -0.056ns (DCD - SCD + CPR)
    Destination Clock Delay (DCD):    2.678ns = ( 7.678 - 5.000 ) 
    Source Clock Delay      (SCD):    2.964ns
    Clock Pessimism Removal (CPR):    0.230ns
  Clock Uncertainty:      0.083ns  ((TSJ^2 + TIJ^2)^1/2 + DJ) / 2 + PE
    Total System Jitter     (TSJ):    0.071ns
    Total Input Jitter      (TIJ):    0.150ns
    Discrete Jitter          (DJ):    0.000ns
    Phase Error              (PE):    0.000ns

    Location             Delay type                Incr(ns)  Path(ns)    Netlist Resource(s)
  -------------------------------------------------------------------    -------------------
                         (clock clk_fpga_3 rise edge)
                                                      0.000     0.000 r  
    PS7_X0Y0             PS7                          0.000     0.000 r  ps/system_i/processing_system7/inst/PS7_i/FCLKCLK[3]
                         net (fo=1, routed)           1.207     1.207    ps/system_i/processing_system7/inst/FCLK_CLK_unbuffered[3]
    BUFGCTRL_X0Y1        BUFG (Prop_bufg_I_O)         0.101     1.308 r  ps/system_i/processing_system7/inst/buffer_fclk_clk_3.FCLK_CLK_3_BUFG/O
                         net (fo=965, routed)         1.656     2.964    ps/system_i/axi_protocol_converter_0/inst/gen_axilite.gen_b2s_conv.axilite_b2s/WR.aw_channel_0/cmd_translator_0/incr_cmd_0/aclk
    SLICE_X9Y71          FDRE                                         r  ps/system_i/axi_protocol_converter_0/inst/gen_axilite.gen_b2s_conv.axilite_b2s/WR.aw_channel_0/cmd_translator_0/incr_cmd_0/sel_first_reg/C
  -------------------------------------------------------------------    -------------------
    SLICE_X9Y71          FDRE (Prop_fdre_C_Q)         0.456     3.420 r  ps/system_i/axi_protocol_converter_0/inst/gen_axilite.gen_b2s_conv.axilite_b2s/WR.aw_channel_0/cmd_translator_0/incr_cmd_0/sel_first_reg/Q
                         net (fo=15, routed)          0.861     4.281    ps/system_i/axi_protocol_converter_0/inst/gen_axilite.gen_b2s_conv.axilite_b2s/WR.aw_channel_0/cmd_translator_0/incr_cmd_0/sel_first_reg_0
    SLICE_X6Y71          LUT2 (Prop_lut2_I0_O)        0.153     4.434 r  ps/system_i/axi_protocol_converter_0/inst/gen_axilite.gen_b2s_conv.axilite_b2s/WR.aw_channel_0/cmd_translator_0/incr_cmd_0/m_axi_awaddr[11]_INST_0_i_1/O
                         net (fo=8, routed)           0.647     5.081    ps/system_i/axi_protocol_converter_0/inst/gen_axilite.gen_b2s_conv.axilite_b2s/WR.aw_channel_0/cmd_translator_0/incr_cmd_0/m_axi_awaddr[11]_INST_0_i_1_n_0
    SLICE_X7Y74          LUT6 (Prop_lut6_I1_O)        0.331     5.412 f  ps/system_i/axi_protocol_converter_0/inst/gen_axilite.gen_b2s_conv.axilite_b2s/WR.aw_channel_0/cmd_translator_0/incr_cmd_0/m_axi_awaddr[9]_INST_0/O
                         net (fo=2, routed)           0.789     6.200    ps/system_i/xadc/inst/AXI_LITE_IPIF_I/I_SLAVE_ATTACHMENT/I_DECODER/s_axi_awaddr[7]
    SLICE_X7Y75          LUT3 (Prop_lut3_I2_O)        0.124     6.324 f  ps/system_i/xadc/inst/AXI_LITE_IPIF_I/I_SLAVE_ATTACHMENT/I_DECODER/GEN_BKEND_CE_REGISTERS[23].ce_out_i[23]_i_3/O
                         net (fo=24, routed)          1.085     7.409    ps/system_i/xadc/inst/AXI_LITE_IPIF_I/I_SLAVE_ATTACHMENT/I_DECODER/GEN_BKEND_CE_REGISTERS[23].ce_out_i[23]_i_3_n_0
    SLICE_X13Y79         LUT6 (Prop_lut6_I3_O)        0.124     7.533 r  ps/system_i/xadc/inst/AXI_LITE_IPIF_I/I_SLAVE_ATTACHMENT/I_DECODER/GEN_BKEND_CE_REGISTERS[9].ce_out_i[9]_i_1/O
                         net (fo=1, routed)           0.000     7.533    ps/system_i/xadc/inst/AXI_LITE_IPIF_I/I_SLAVE_ATTACHMENT/I_DECODER/ce_expnd_i_15
    SLICE_X13Y79         FDRE                                         r  ps/system_i/xadc/inst/AXI_LITE_IPIF_I/I_SLAVE_ATTACHMENT/I_DECODER/GEN_BKEND_CE_REGISTERS[9].ce_out_i_reg[9]/D
  -------------------------------------------------------------------    -------------------

                         (clock clk_fpga_3 rise edge)
                                                      5.000     5.000 r  
    PS7_X0Y0             PS7                          0.000     5.000 r  ps/system_i/processing_system7/inst/PS7_i/FCLKCLK[3]
                         net (fo=1, routed)           1.101     6.101    ps/system_i/processing_system7/inst/FCLK_CLK_unbuffered[3]
    BUFGCTRL_X0Y1        BUFG (Prop_bufg_I_O)         0.091     6.192 r  ps/system_i/processing_system7/inst/buffer_fclk_clk_3.FCLK_CLK_3_BUFG/O
                         net (fo=965, routed)         1.486     7.678    ps/system_i/xadc/inst/AXI_LITE_IPIF_I/I_SLAVE_ATTACHMENT/I_DECODER/s_axi_aclk
    SLICE_X13Y79         FDRE                                         r  ps/system_i/xadc/inst/AXI_LITE_IPIF_I/I_SLAVE_ATTACHMENT/I_DECODER/GEN_BKEND_CE_REGISTERS[9].ce_out_i_reg[9]/C
                         clock pessimism              0.230     7.908    
                         clock uncertainty           -0.083     7.825    
    SLICE_X13Y79         FDRE (Setup_fdre_C_D)        0.031     7.856    ps/system_i/xadc/inst/AXI_LITE_IPIF_I/I_SLAVE_ATTACHMENT/I_DECODER/GEN_BKEND_CE_REGISTERS[9].ce_out_i_reg[9]
  -------------------------------------------------------------------
                         required time                          7.856    
                         arrival time                          -7.533    
  -------------------------------------------------------------------
                         slack                                  0.323    

Slack (MET) :             0.326ns  (required time - arrival time)
  Source:                 ps/system_i/axi_protocol_converter_0/inst/gen_axilite.gen_b2s_conv.axilite_b2s/WR.aw_channel_0/cmd_translator_0/incr_cmd_0/sel_first_reg/C
                            (rising edge-triggered cell FDRE clocked by clk_fpga_3  {rise@0.000ns fall@2.500ns period=5.000ns})
  Destination:            ps/system_i/xadc/inst/AXI_LITE_IPIF_I/I_SLAVE_ATTACHMENT/I_DECODER/GEN_BKEND_CE_REGISTERS[0].ce_out_i_reg[0]/D
                            (rising edge-triggered cell FDRE clocked by clk_fpga_3  {rise@0.000ns fall@2.500ns period=5.000ns})
  Path Group:             clk_fpga_3
  Path Type:              Setup (Max at Slow Process Corner)
  Requirement:            5.000ns  (clk_fpga_3 rise@5.000ns - clk_fpga_3 rise@0.000ns)
  Data Path Delay:        4.564ns  (logic 1.188ns (26.030%)  route 3.376ns (73.970%))
  Logic Levels:           4  (LUT2=1 LUT5=1 LUT6=2)
  Clock Path Skew:        -0.059ns (DCD - SCD + CPR)
    Destination Clock Delay (DCD):    2.675ns = ( 7.675 - 5.000 ) 
    Source Clock Delay      (SCD):    2.964ns
    Clock Pessimism Removal (CPR):    0.230ns
  Clock Uncertainty:      0.083ns  ((TSJ^2 + TIJ^2)^1/2 + DJ) / 2 + PE
    Total System Jitter     (TSJ):    0.071ns
    Total Input Jitter      (TIJ):    0.150ns
    Discrete Jitter          (DJ):    0.000ns
    Phase Error              (PE):    0.000ns

    Location             Delay type                Incr(ns)  Path(ns)    Netlist Resource(s)
  -------------------------------------------------------------------    -------------------
                         (clock clk_fpga_3 rise edge)
                                                      0.000     0.000 r  
    PS7_X0Y0             PS7                          0.000     0.000 r  ps/system_i/processing_system7/inst/PS7_i/FCLKCLK[3]
                         net (fo=1, routed)           1.207     1.207    ps/system_i/processing_system7/inst/FCLK_CLK_unbuffered[3]
    BUFGCTRL_X0Y1        BUFG (Prop_bufg_I_O)         0.101     1.308 r  ps/system_i/processing_system7/inst/buffer_fclk_clk_3.FCLK_CLK_3_BUFG/O
                         net (fo=965, routed)         1.656     2.964    ps/system_i/axi_protocol_converter_0/inst/gen_axilite.gen_b2s_conv.axilite_b2s/WR.aw_channel_0/cmd_translator_0/incr_cmd_0/aclk
    SLICE_X9Y71          FDRE                                         r  ps/system_i/axi_protocol_converter_0/inst/gen_axilite.gen_b2s_conv.axilite_b2s/WR.aw_channel_0/cmd_translator_0/incr_cmd_0/sel_first_reg/C
  -------------------------------------------------------------------    -------------------
    SLICE_X9Y71          FDRE (Prop_fdre_C_Q)         0.456     3.420 r  ps/system_i/axi_protocol_converter_0/inst/gen_axilite.gen_b2s_conv.axilite_b2s/WR.aw_channel_0/cmd_translator_0/incr_cmd_0/sel_first_reg/Q
                         net (fo=15, routed)          0.861     4.281    ps/system_i/axi_protocol_converter_0/inst/gen_axilite.gen_b2s_conv.axilite_b2s/WR.aw_channel_0/cmd_translator_0/incr_cmd_0/sel_first_reg_0
    SLICE_X6Y71          LUT2 (Prop_lut2_I0_O)        0.153     4.434 r  ps/system_i/axi_protocol_converter_0/inst/gen_axilite.gen_b2s_conv.axilite_b2s/WR.aw_channel_0/cmd_translator_0/incr_cmd_0/m_axi_awaddr[11]_INST_0_i_1/O
                         net (fo=8, routed)           0.791     5.225    ps/system_i/axi_protocol_converter_0/inst/gen_axilite.gen_b2s_conv.axilite_b2s/WR.aw_channel_0/cmd_translator_0/incr_cmd_0/m_axi_awaddr[11]_INST_0_i_1_n_0
    SLICE_X8Y74          LUT6 (Prop_lut6_I1_O)        0.331     5.556 f  ps/system_i/axi_protocol_converter_0/inst/gen_axilite.gen_b2s_conv.axilite_b2s/WR.aw_channel_0/cmd_translator_0/incr_cmd_0/m_axi_awaddr[2]_INST_0/O
                         net (fo=5, routed)           0.609     6.165    ps/system_i/xadc/inst/AXI_LITE_IPIF_I/I_SLAVE_ATTACHMENT/I_DECODER/s_axi_awaddr[0]
    SLICE_X8Y75          LUT5 (Prop_lut5_I2_O)        0.124     6.289 r  ps/system_i/xadc/inst/AXI_LITE_IPIF_I/I_SLAVE_ATTACHMENT/I_DECODER/GEN_BKEND_CE_REGISTERS[20].ce_out_i[20]_i_2/O
                         net (fo=6, routed)           1.115     7.404    ps/system_i/xadc/inst/AXI_LITE_IPIF_I/I_SLAVE_ATTACHMENT/I_DECODER/GEN_BKEND_CE_REGISTERS[20].ce_out_i[20]_i_2_n_0
    SLICE_X13Y72         LUT6 (Prop_lut6_I0_O)        0.124     7.528 r  ps/system_i/xadc/inst/AXI_LITE_IPIF_I/I_SLAVE_ATTACHMENT/I_DECODER/GEN_BKEND_CE_REGISTERS[0].ce_out_i[0]_i_1/O
                         net (fo=1, routed)           0.000     7.528    ps/system_i/xadc/inst/AXI_LITE_IPIF_I/I_SLAVE_ATTACHMENT/I_DECODER/ce_expnd_i_24
    SLICE_X13Y72         FDRE                                         r  ps/system_i/xadc/inst/AXI_LITE_IPIF_I/I_SLAVE_ATTACHMENT/I_DECODER/GEN_BKEND_CE_REGISTERS[0].ce_out_i_reg[0]/D
  -------------------------------------------------------------------    -------------------

                         (clock clk_fpga_3 rise edge)
                                                      5.000     5.000 r  
    PS7_X0Y0             PS7                          0.000     5.000 r  ps/system_i/processing_system7/inst/PS7_i/FCLKCLK[3]
                         net (fo=1, routed)           1.101     6.101    ps/system_i/processing_system7/inst/FCLK_CLK_unbuffered[3]
    BUFGCTRL_X0Y1        BUFG (Prop_bufg_I_O)         0.091     6.192 r  ps/system_i/processing_system7/inst/buffer_fclk_clk_3.FCLK_CLK_3_BUFG/O
                         net (fo=965, routed)         1.483     7.675    ps/system_i/xadc/inst/AXI_LITE_IPIF_I/I_SLAVE_ATTACHMENT/I_DECODER/s_axi_aclk
    SLICE_X13Y72         FDRE                                         r  ps/system_i/xadc/inst/AXI_LITE_IPIF_I/I_SLAVE_ATTACHMENT/I_DECODER/GEN_BKEND_CE_REGISTERS[0].ce_out_i_reg[0]/C
                         clock pessimism              0.230     7.905    
                         clock uncertainty           -0.083     7.822    
    SLICE_X13Y72         FDRE (Setup_fdre_C_D)        0.032     7.854    ps/system_i/xadc/inst/AXI_LITE_IPIF_I/I_SLAVE_ATTACHMENT/I_DECODER/GEN_BKEND_CE_REGISTERS[0].ce_out_i_reg[0]
  -------------------------------------------------------------------
                         required time                          7.854    
                         arrival time                          -7.528    
  -------------------------------------------------------------------
                         slack                                  0.326    

Slack (MET) :             0.337ns  (required time - arrival time)
  Source:                 ps/system_i/axi_protocol_converter_0/inst/gen_axilite.gen_b2s_conv.axilite_b2s/WR.aw_channel_0/cmd_translator_0/incr_cmd_0/sel_first_reg/C
                            (rising edge-triggered cell FDRE clocked by clk_fpga_3  {rise@0.000ns fall@2.500ns period=5.000ns})
  Destination:            ps/system_i/xadc/inst/AXI_LITE_IPIF_I/I_SLAVE_ATTACHMENT/I_DECODER/GEN_BKEND_CE_REGISTERS[7].ce_out_i_reg[7]/D
                            (rising edge-triggered cell FDRE clocked by clk_fpga_3  {rise@0.000ns fall@2.500ns period=5.000ns})
  Path Group:             clk_fpga_3
  Path Type:              Setup (Max at Slow Process Corner)
  Requirement:            5.000ns  (clk_fpga_3 rise@5.000ns - clk_fpga_3 rise@0.000ns)
  Data Path Delay:        4.583ns  (logic 1.416ns (30.897%)  route 3.167ns (69.103%))
  Logic Levels:           4  (LUT2=1 LUT5=1 LUT6=2)
  Clock Path Skew:        -0.028ns (DCD - SCD + CPR)
    Destination Clock Delay (DCD):    2.672ns = ( 7.672 - 5.000 ) 
    Source Clock Delay      (SCD):    2.964ns
    Clock Pessimism Removal (CPR):    0.264ns
  Clock Uncertainty:      0.083ns  ((TSJ^2 + TIJ^2)^1/2 + DJ) / 2 + PE
    Total System Jitter     (TSJ):    0.071ns
    Total Input Jitter      (TIJ):    0.150ns
    Discrete Jitter          (DJ):    0.000ns
    Phase Error              (PE):    0.000ns

    Location             Delay type                Incr(ns)  Path(ns)    Netlist Resource(s)
  -------------------------------------------------------------------    -------------------
                         (clock clk_fpga_3 rise edge)
                                                      0.000     0.000 r  
    PS7_X0Y0             PS7                          0.000     0.000 r  ps/system_i/processing_system7/inst/PS7_i/FCLKCLK[3]
                         net (fo=1, routed)           1.207     1.207    ps/system_i/processing_system7/inst/FCLK_CLK_unbuffered[3]
    BUFGCTRL_X0Y1        BUFG (Prop_bufg_I_O)         0.101     1.308 r  ps/system_i/processing_system7/inst/buffer_fclk_clk_3.FCLK_CLK_3_BUFG/O
                         net (fo=965, routed)         1.656     2.964    ps/system_i/axi_protocol_converter_0/inst/gen_axilite.gen_b2s_conv.axilite_b2s/WR.aw_channel_0/cmd_translator_0/incr_cmd_0/aclk
    SLICE_X9Y71          FDRE                                         r  ps/system_i/axi_protocol_converter_0/inst/gen_axilite.gen_b2s_conv.axilite_b2s/WR.aw_channel_0/cmd_translator_0/incr_cmd_0/sel_first_reg/C
  -------------------------------------------------------------------    -------------------
    SLICE_X9Y71          FDRE (Prop_fdre_C_Q)         0.456     3.420 r  ps/system_i/axi_protocol_converter_0/inst/gen_axilite.gen_b2s_conv.axilite_b2s/WR.aw_channel_0/cmd_translator_0/incr_cmd_0/sel_first_reg/Q
                         net (fo=15, routed)          0.861     4.281    ps/system_i/axi_protocol_converter_0/inst/gen_axilite.gen_b2s_conv.axilite_b2s/WR.aw_channel_0/cmd_translator_0/incr_cmd_0/sel_first_reg_0
    SLICE_X6Y71          LUT2 (Prop_lut2_I0_O)        0.153     4.434 r  ps/system_i/axi_protocol_converter_0/inst/gen_axilite.gen_b2s_conv.axilite_b2s/WR.aw_channel_0/cmd_translator_0/incr_cmd_0/m_axi_awaddr[11]_INST_0_i_1/O
                         net (fo=8, routed)           0.791     5.225    ps/system_i/axi_protocol_converter_0/inst/gen_axilite.gen_b2s_conv.axilite_b2s/WR.aw_channel_0/cmd_translator_0/incr_cmd_0/m_axi_awaddr[11]_INST_0_i_1_n_0
    SLICE_X8Y74          LUT6 (Prop_lut6_I1_O)        0.331     5.556 r  ps/system_i/axi_protocol_converter_0/inst/gen_axilite.gen_b2s_conv.axilite_b2s/WR.aw_channel_0/cmd_translator_0/incr_cmd_0/m_axi_awaddr[2]_INST_0/O
                         net (fo=5, routed)           0.621     6.177    ps/system_i/xadc/inst/AXI_LITE_IPIF_I/I_SLAVE_ATTACHMENT/I_DECODER/s_axi_awaddr[0]
    SLICE_X9Y75          LUT5 (Prop_lut5_I2_O)        0.150     6.327 r  ps/system_i/xadc/inst/AXI_LITE_IPIF_I/I_SLAVE_ATTACHMENT/I_DECODER/GEN_BKEND_CE_REGISTERS[23].ce_out_i[23]_i_4/O
                         net (fo=6, routed)           0.894     7.221    ps/system_i/xadc/inst/AXI_LITE_IPIF_I/I_SLAVE_ATTACHMENT/I_DECODER/GEN_BKEND_CE_REGISTERS[23].ce_out_i[23]_i_4_n_0
    SLICE_X9Y74          LUT6 (Prop_lut6_I0_O)        0.326     7.547 r  ps/system_i/xadc/inst/AXI_LITE_IPIF_I/I_SLAVE_ATTACHMENT/I_DECODER/GEN_BKEND_CE_REGISTERS[7].ce_out_i[7]_i_1/O
                         net (fo=1, routed)           0.000     7.547    ps/system_i/xadc/inst/AXI_LITE_IPIF_I/I_SLAVE_ATTACHMENT/I_DECODER/ce_expnd_i_17
    SLICE_X9Y74          FDRE                                         r  ps/system_i/xadc/inst/AXI_LITE_IPIF_I/I_SLAVE_ATTACHMENT/I_DECODER/GEN_BKEND_CE_REGISTERS[7].ce_out_i_reg[7]/D
  -------------------------------------------------------------------    -------------------

                         (clock clk_fpga_3 rise edge)
                                                      5.000     5.000 r  
    PS7_X0Y0             PS7                          0.000     5.000 r  ps/system_i/processing_system7/inst/PS7_i/FCLKCLK[3]
                         net (fo=1, routed)           1.101     6.101    ps/system_i/processing_system7/inst/FCLK_CLK_unbuffered[3]
    BUFGCTRL_X0Y1        BUFG (Prop_bufg_I_O)         0.091     6.192 r  ps/system_i/processing_system7/inst/buffer_fclk_clk_3.FCLK_CLK_3_BUFG/O
                         net (fo=965, routed)         1.480     7.672    ps/system_i/xadc/inst/AXI_LITE_IPIF_I/I_SLAVE_ATTACHMENT/I_DECODER/s_axi_aclk
    SLICE_X9Y74          FDRE                                         r  ps/system_i/xadc/inst/AXI_LITE_IPIF_I/I_SLAVE_ATTACHMENT/I_DECODER/GEN_BKEND_CE_REGISTERS[7].ce_out_i_reg[7]/C
                         clock pessimism              0.264     7.936    
                         clock uncertainty           -0.083     7.853    
    SLICE_X9Y74          FDRE (Setup_fdre_C_D)        0.031     7.884    ps/system_i/xadc/inst/AXI_LITE_IPIF_I/I_SLAVE_ATTACHMENT/I_DECODER/GEN_BKEND_CE_REGISTERS[7].ce_out_i_reg[7]
  -------------------------------------------------------------------
                         required time                          7.884    
                         arrival time                          -7.547    
  -------------------------------------------------------------------
                         slack                                  0.337    





Min Delay Paths
--------------------------------------------------------------------------------------
Slack (MET) :             0.100ns  (arrival time - required time)
  Source:                 ps/system_i/axi_protocol_converter_0/inst/gen_axilite.gen_b2s_conv.axilite_b2s/WR.aw_channel_0/s_awid_r_reg[7]/C
                            (rising edge-triggered cell FDRE clocked by clk_fpga_3  {rise@0.000ns fall@2.500ns period=5.000ns})
  Destination:            ps/system_i/axi_protocol_converter_0/inst/gen_axilite.gen_b2s_conv.axilite_b2s/WR.b_channel_0/bid_fifo_0/memory_reg[3][15]_srl4/D
                            (rising edge-triggered cell SRL16E clocked by clk_fpga_3  {rise@0.000ns fall@2.500ns period=5.000ns})
  Path Group:             clk_fpga_3
  Path Type:              Hold (Min at Fast Process Corner)
  Requirement:            0.000ns  (clk_fpga_3 rise@0.000ns - clk_fpga_3 rise@0.000ns)
  Data Path Delay:        0.247ns  (logic 0.128ns (51.778%)  route 0.119ns (48.222%))
  Logic Levels:           0  
  Clock Path Skew:        0.017ns (DCD - SCD - CPR)
    Destination Clock Delay (DCD):    1.220ns
    Source Clock Delay      (SCD):    0.921ns
    Clock Pessimism Removal (CPR):    0.282ns

    Location             Delay type                Incr(ns)  Path(ns)    Netlist Resource(s)
  -------------------------------------------------------------------    -------------------
                         (clock clk_fpga_3 rise edge)
                                                      0.000     0.000 r  
    PS7_X0Y0             PS7                          0.000     0.000 r  ps/system_i/processing_system7/inst/PS7_i/FCLKCLK[3]
                         net (fo=1, routed)           0.315     0.315    ps/system_i/processing_system7/inst/FCLK_CLK_unbuffered[3]
    BUFGCTRL_X0Y1        BUFG (Prop_bufg_I_O)         0.026     0.341 r  ps/system_i/processing_system7/inst/buffer_fclk_clk_3.FCLK_CLK_3_BUFG/O
                         net (fo=965, routed)         0.580     0.921    ps/system_i/axi_protocol_converter_0/inst/gen_axilite.gen_b2s_conv.axilite_b2s/WR.aw_channel_0/aclk
    SLICE_X5Y62          FDRE                                         r  ps/system_i/axi_protocol_converter_0/inst/gen_axilite.gen_b2s_conv.axilite_b2s/WR.aw_channel_0/s_awid_r_reg[7]/C
  -------------------------------------------------------------------    -------------------
    SLICE_X5Y62          FDRE (Prop_fdre_C_Q)         0.128     1.049 r  ps/system_i/axi_protocol_converter_0/inst/gen_axilite.gen_b2s_conv.axilite_b2s/WR.aw_channel_0/s_awid_r_reg[7]/Q
                         net (fo=1, routed)           0.119     1.168    ps/system_i/axi_protocol_converter_0/inst/gen_axilite.gen_b2s_conv.axilite_b2s/WR.b_channel_0/bid_fifo_0/in[11]
    SLICE_X4Y61          SRL16E                                       r  ps/system_i/axi_protocol_converter_0/inst/gen_axilite.gen_b2s_conv.axilite_b2s/WR.b_channel_0/bid_fifo_0/memory_reg[3][15]_srl4/D
  -------------------------------------------------------------------    -------------------

                         (clock clk_fpga_3 rise edge)
                                                      0.000     0.000 r  
    PS7_X0Y0             PS7                          0.000     0.000 r  ps/system_i/processing_system7/inst/PS7_i/FCLKCLK[3]
                         net (fo=1, routed)           0.341     0.341    ps/system_i/processing_system7/inst/FCLK_CLK_unbuffered[3]
    BUFGCTRL_X0Y1        BUFG (Prop_bufg_I_O)         0.029     0.370 r  ps/system_i/processing_system7/inst/buffer_fclk_clk_3.FCLK_CLK_3_BUFG/O
                         net (fo=965, routed)         0.850     1.220    ps/system_i/axi_protocol_converter_0/inst/gen_axilite.gen_b2s_conv.axilite_b2s/WR.b_channel_0/bid_fifo_0/aclk
    SLICE_X4Y61          SRL16E                                       r  ps/system_i/axi_protocol_converter_0/inst/gen_axilite.gen_b2s_conv.axilite_b2s/WR.b_channel_0/bid_fifo_0/memory_reg[3][15]_srl4/CLK
                         clock pessimism             -0.282     0.938    
    SLICE_X4Y61          SRL16E (Hold_srl16e_CLK_D)
                                                      0.130     1.068    ps/system_i/axi_protocol_converter_0/inst/gen_axilite.gen_b2s_conv.axilite_b2s/WR.b_channel_0/bid_fifo_0/memory_reg[3][15]_srl4
  -------------------------------------------------------------------
                         required time                         -1.068    
                         arrival time                           1.168    
  -------------------------------------------------------------------
                         slack                                  0.100    

Slack (MET) :             0.119ns  (arrival time - required time)
  Source:                 ps/system_i/axi_protocol_converter_0/inst/gen_axilite.gen_b2s_conv.axilite_b2s/RD.r_channel_0/r_arid_r_reg[5]/C
                            (rising edge-triggered cell FDRE clocked by clk_fpga_3  {rise@0.000ns fall@2.500ns period=5.000ns})
  Destination:            ps/system_i/axi_protocol_converter_0/inst/gen_axilite.gen_b2s_conv.axilite_b2s/RD.r_channel_0/transaction_fifo_0/memory_reg[31][6]_srl32/D
                            (rising edge-triggered cell SRLC32E clocked by clk_fpga_3  {rise@0.000ns fall@2.500ns period=5.000ns})
  Path Group:             clk_fpga_3
  Path Type:              Hold (Min at Fast Process Corner)
  Requirement:            0.000ns  (clk_fpga_3 rise@0.000ns - clk_fpga_3 rise@0.000ns)
  Data Path Delay:        0.187ns  (logic 0.128ns (68.397%)  route 0.059ns (31.603%))
  Logic Levels:           0  
  Clock Path Skew:        0.013ns (DCD - SCD - CPR)
    Destination Clock Delay (DCD):    1.219ns
    Source Clock Delay      (SCD):    0.921ns
    Clock Pessimism Removal (CPR):    0.285ns

    Location             Delay type                Incr(ns)  Path(ns)    Netlist Resource(s)
  -------------------------------------------------------------------    -------------------
                         (clock clk_fpga_3 rise edge)
                                                      0.000     0.000 r  
    PS7_X0Y0             PS7                          0.000     0.000 r  ps/system_i/processing_system7/inst/PS7_i/FCLKCLK[3]
                         net (fo=1, routed)           0.315     0.315    ps/system_i/processing_system7/inst/FCLK_CLK_unbuffered[3]
    BUFGCTRL_X0Y1        BUFG (Prop_bufg_I_O)         0.026     0.341 r  ps/system_i/processing_system7/inst/buffer_fclk_clk_3.FCLK_CLK_3_BUFG/O
                         net (fo=965, routed)         0.580     0.921    ps/system_i/axi_protocol_converter_0/inst/gen_axilite.gen_b2s_conv.axilite_b2s/RD.r_channel_0/aclk
    SLICE_X1Y57          FDRE                                         r  ps/system_i/axi_protocol_converter_0/inst/gen_axilite.gen_b2s_conv.axilite_b2s/RD.r_channel_0/r_arid_r_reg[5]/C
  -------------------------------------------------------------------    -------------------
    SLICE_X1Y57          FDRE (Prop_fdre_C_Q)         0.128     1.049 r  ps/system_i/axi_protocol_converter_0/inst/gen_axilite.gen_b2s_conv.axilite_b2s/RD.r_channel_0/r_arid_r_reg[5]/Q
                         net (fo=1, routed)           0.059     1.108    ps/system_i/axi_protocol_converter_0/inst/gen_axilite.gen_b2s_conv.axilite_b2s/RD.r_channel_0/transaction_fifo_0/in[6]
    SLICE_X0Y57          SRLC32E                                      r  ps/system_i/axi_protocol_converter_0/inst/gen_axilite.gen_b2s_conv.axilite_b2s/RD.r_channel_0/transaction_fifo_0/memory_reg[31][6]_srl32/D
  -------------------------------------------------------------------    -------------------

                         (clock clk_fpga_3 rise edge)
                                                      0.000     0.000 r  
    PS7_X0Y0             PS7                          0.000     0.000 r  ps/system_i/processing_system7/inst/PS7_i/FCLKCLK[3]
                         net (fo=1, routed)           0.341     0.341    ps/system_i/processing_system7/inst/FCLK_CLK_unbuffered[3]
    BUFGCTRL_X0Y1        BUFG (Prop_bufg_I_O)         0.029     0.370 r  ps/system_i/processing_system7/inst/buffer_fclk_clk_3.FCLK_CLK_3_BUFG/O
                         net (fo=965, routed)         0.849     1.219    ps/system_i/axi_protocol_converter_0/inst/gen_axilite.gen_b2s_conv.axilite_b2s/RD.r_channel_0/transaction_fifo_0/aclk
    SLICE_X0Y57          SRLC32E                                      r  ps/system_i/axi_protocol_converter_0/inst/gen_axilite.gen_b2s_conv.axilite_b2s/RD.r_channel_0/transaction_fifo_0/memory_reg[31][6]_srl32/CLK
                         clock pessimism             -0.285     0.934    
    SLICE_X0Y57          SRLC32E (Hold_srlc32e_CLK_D)
                                                      0.055     0.989    ps/system_i/axi_protocol_converter_0/inst/gen_axilite.gen_b2s_conv.axilite_b2s/RD.r_channel_0/transaction_fifo_0/memory_reg[31][6]_srl32
  -------------------------------------------------------------------
                         required time                         -0.989    
                         arrival time                           1.108    
  -------------------------------------------------------------------
                         slack                                  0.119    

Slack (MET) :             0.121ns  (arrival time - required time)
  Source:                 ps/system_i/axi_protocol_converter_0/inst/gen_axilite.gen_b2s_conv.axilite_b2s/RD.ar_channel_0/s_arid_r_reg[9]/C
                            (rising edge-triggered cell FDRE clocked by clk_fpga_3  {rise@0.000ns fall@2.500ns period=5.000ns})
  Destination:            ps/system_i/axi_protocol_converter_0/inst/gen_axilite.gen_b2s_conv.axilite_b2s/RD.r_channel_0/r_arid_r_reg[9]/D
                            (rising edge-triggered cell FDRE clocked by clk_fpga_3  {rise@0.000ns fall@2.500ns period=5.000ns})
  Path Group:             clk_fpga_3
  Path Type:              Hold (Min at Fast Process Corner)
  Requirement:            0.000ns  (clk_fpga_3 rise@0.000ns - clk_fpga_3 rise@0.000ns)
  Data Path Delay:        0.197ns  (logic 0.141ns (71.611%)  route 0.056ns (28.389%))
  Logic Levels:           0  
  Clock Path Skew:        0.000ns (DCD - SCD - CPR)
    Destination Clock Delay (DCD):    1.219ns
    Source Clock Delay      (SCD):    0.921ns
    Clock Pessimism Removal (CPR):    0.298ns

    Location             Delay type                Incr(ns)  Path(ns)    Netlist Resource(s)
  -------------------------------------------------------------------    -------------------
                         (clock clk_fpga_3 rise edge)
                                                      0.000     0.000 r  
    PS7_X0Y0             PS7                          0.000     0.000 r  ps/system_i/processing_system7/inst/PS7_i/FCLKCLK[3]
                         net (fo=1, routed)           0.315     0.315    ps/system_i/processing_system7/inst/FCLK_CLK_unbuffered[3]
    BUFGCTRL_X0Y1        BUFG (Prop_bufg_I_O)         0.026     0.341 r  ps/system_i/processing_system7/inst/buffer_fclk_clk_3.FCLK_CLK_3_BUFG/O
                         net (fo=965, routed)         0.580     0.921    ps/system_i/axi_protocol_converter_0/inst/gen_axilite.gen_b2s_conv.axilite_b2s/RD.ar_channel_0/aclk
    SLICE_X1Y57          FDRE                                         r  ps/system_i/axi_protocol_converter_0/inst/gen_axilite.gen_b2s_conv.axilite_b2s/RD.ar_channel_0/s_arid_r_reg[9]/C
  -------------------------------------------------------------------    -------------------
    SLICE_X1Y57          FDRE (Prop_fdre_C_Q)         0.141     1.062 r  ps/system_i/axi_protocol_converter_0/inst/gen_axilite.gen_b2s_conv.axilite_b2s/RD.ar_channel_0/s_arid_r_reg[9]/Q
                         net (fo=1, routed)           0.056     1.117    ps/system_i/axi_protocol_converter_0/inst/gen_axilite.gen_b2s_conv.axilite_b2s/RD.r_channel_0/D[9]
    SLICE_X1Y57          FDRE                                         r  ps/system_i/axi_protocol_converter_0/inst/gen_axilite.gen_b2s_conv.axilite_b2s/RD.r_channel_0/r_arid_r_reg[9]/D
  -------------------------------------------------------------------    -------------------

                         (clock clk_fpga_3 rise edge)
                                                      0.000     0.000 r  
    PS7_X0Y0             PS7                          0.000     0.000 r  ps/system_i/processing_system7/inst/PS7_i/FCLKCLK[3]
                         net (fo=1, routed)           0.341     0.341    ps/system_i/processing_system7/inst/FCLK_CLK_unbuffered[3]
    BUFGCTRL_X0Y1        BUFG (Prop_bufg_I_O)         0.029     0.370 r  ps/system_i/processing_system7/inst/buffer_fclk_clk_3.FCLK_CLK_3_BUFG/O
                         net (fo=965, routed)         0.849     1.219    ps/system_i/axi_protocol_converter_0/inst/gen_axilite.gen_b2s_conv.axilite_b2s/RD.r_channel_0/aclk
    SLICE_X1Y57          FDRE                                         r  ps/system_i/axi_protocol_converter_0/inst/gen_axilite.gen_b2s_conv.axilite_b2s/RD.r_channel_0/r_arid_r_reg[9]/C
                         clock pessimism             -0.298     0.921    
    SLICE_X1Y57          FDRE (Hold_fdre_C_D)         0.076     0.997    ps/system_i/axi_protocol_converter_0/inst/gen_axilite.gen_b2s_conv.axilite_b2s/RD.r_channel_0/r_arid_r_reg[9]
  -------------------------------------------------------------------
                         required time                         -0.997    
                         arrival time                           1.117    
  -------------------------------------------------------------------
                         slack                                  0.121    

Slack (MET) :             0.122ns  (arrival time - required time)
  Source:                 ps/system_i/proc_sys_reset/U0/EXT_LPF/ACTIVE_LOW_AUX.ACT_LO_AUX/GENERATE_LEVEL_P_S_CDC.SINGLE_BIT.CROSS_PLEVEL_IN2SCNDRY_IN_cdc_to/C
                            (rising edge-triggered cell FDRE clocked by clk_fpga_3  {rise@0.000ns fall@2.500ns period=5.000ns})
  Destination:            ps/system_i/proc_sys_reset/U0/EXT_LPF/ACTIVE_LOW_AUX.ACT_LO_AUX/GENERATE_LEVEL_P_S_CDC.SINGLE_BIT.CROSS_PLEVEL_IN2SCNDRY_s_level_out_d2/D
                            (rising edge-triggered cell FDRE clocked by clk_fpga_3  {rise@0.000ns fall@2.500ns period=5.000ns})
  Path Group:             clk_fpga_3
  Path Type:              Hold (Min at Fast Process Corner)
  Requirement:            0.000ns  (clk_fpga_3 rise@0.000ns - clk_fpga_3 rise@0.000ns)
  Data Path Delay:        0.197ns  (logic 0.141ns (71.611%)  route 0.056ns (28.389%))
  Logic Levels:           0  
  Clock Path Skew:        0.000ns (DCD - SCD - CPR)
    Destination Clock Delay (DCD):    1.189ns
    Source Clock Delay      (SCD):    0.893ns
    Clock Pessimism Removal (CPR):    0.296ns

    Location             Delay type                Incr(ns)  Path(ns)    Netlist Resource(s)
  -------------------------------------------------------------------    -------------------
                         (clock clk_fpga_3 rise edge)
                                                      0.000     0.000 r  
    PS7_X0Y0             PS7                          0.000     0.000 r  ps/system_i/processing_system7/inst/PS7_i/FCLKCLK[3]
                         net (fo=1, routed)           0.315     0.315    ps/system_i/processing_system7/inst/FCLK_CLK_unbuffered[3]
    BUFGCTRL_X0Y1        BUFG (Prop_bufg_I_O)         0.026     0.341 r  ps/system_i/processing_system7/inst/buffer_fclk_clk_3.FCLK_CLK_3_BUFG/O
                         net (fo=965, routed)         0.552     0.893    ps/system_i/proc_sys_reset/U0/EXT_LPF/ACTIVE_LOW_AUX.ACT_LO_AUX/slowest_sync_clk
    SLICE_X29Y79         FDRE                                         r  ps/system_i/proc_sys_reset/U0/EXT_LPF/ACTIVE_LOW_AUX.ACT_LO_AUX/GENERATE_LEVEL_P_S_CDC.SINGLE_BIT.CROSS_PLEVEL_IN2SCNDRY_IN_cdc_to/C
  -------------------------------------------------------------------    -------------------
    SLICE_X29Y79         FDRE (Prop_fdre_C_Q)         0.141     1.034 r  ps/system_i/proc_sys_reset/U0/EXT_LPF/ACTIVE_LOW_AUX.ACT_LO_AUX/GENERATE_LEVEL_P_S_CDC.SINGLE_BIT.CROSS_PLEVEL_IN2SCNDRY_IN_cdc_to/Q
                         net (fo=1, routed)           0.056     1.089    ps/system_i/proc_sys_reset/U0/EXT_LPF/ACTIVE_LOW_AUX.ACT_LO_AUX/s_level_out_d1_cdc_to
    SLICE_X29Y79         FDRE                                         r  ps/system_i/proc_sys_reset/U0/EXT_LPF/ACTIVE_LOW_AUX.ACT_LO_AUX/GENERATE_LEVEL_P_S_CDC.SINGLE_BIT.CROSS_PLEVEL_IN2SCNDRY_s_level_out_d2/D
  -------------------------------------------------------------------    -------------------

                         (clock clk_fpga_3 rise edge)
                                                      0.000     0.000 r  
    PS7_X0Y0             PS7                          0.000     0.000 r  ps/system_i/processing_system7/inst/PS7_i/FCLKCLK[3]
                         net (fo=1, routed)           0.341     0.341    ps/system_i/processing_system7/inst/FCLK_CLK_unbuffered[3]
    BUFGCTRL_X0Y1        BUFG (Prop_bufg_I_O)         0.029     0.370 r  ps/system_i/processing_system7/inst/buffer_fclk_clk_3.FCLK_CLK_3_BUFG/O
                         net (fo=965, routed)         0.819     1.189    ps/system_i/proc_sys_reset/U0/EXT_LPF/ACTIVE_LOW_AUX.ACT_LO_AUX/slowest_sync_clk
    SLICE_X29Y79         FDRE                                         r  ps/system_i/proc_sys_reset/U0/EXT_LPF/ACTIVE_LOW_AUX.ACT_LO_AUX/GENERATE_LEVEL_P_S_CDC.SINGLE_BIT.CROSS_PLEVEL_IN2SCNDRY_s_level_out_d2/C
                         clock pessimism             -0.296     0.893    
    SLICE_X29Y79         FDRE (Hold_fdre_C_D)         0.075     0.968    ps/system_i/proc_sys_reset/U0/EXT_LPF/ACTIVE_LOW_AUX.ACT_LO_AUX/GENERATE_LEVEL_P_S_CDC.SINGLE_BIT.CROSS_PLEVEL_IN2SCNDRY_s_level_out_d2
  -------------------------------------------------------------------
                         required time                         -0.968    
                         arrival time                           1.089    
  -------------------------------------------------------------------
                         slack                                  0.122    

Slack (MET) :             0.125ns  (arrival time - required time)
  Source:                 ps/system_i/axi_protocol_converter_0/inst/gen_axilite.gen_b2s_conv.axilite_b2s/WR.aw_channel_0/s_awid_r_reg[1]/C
                            (rising edge-triggered cell FDRE clocked by clk_fpga_3  {rise@0.000ns fall@2.500ns period=5.000ns})
  Destination:            ps/system_i/axi_protocol_converter_0/inst/gen_axilite.gen_b2s_conv.axilite_b2s/WR.b_channel_0/bid_fifo_0/memory_reg[3][9]_srl4/D
                            (rising edge-triggered cell SRL16E clocked by clk_fpga_3  {rise@0.000ns fall@2.500ns period=5.000ns})
  Path Group:             clk_fpga_3
  Path Type:              Hold (Min at Fast Process Corner)
  Requirement:            0.000ns  (clk_fpga_3 rise@0.000ns - clk_fpga_3 rise@0.000ns)
  Data Path Delay:        0.251ns  (logic 0.141ns (56.174%)  route 0.110ns (43.826%))
  Logic Levels:           0  
  Clock Path Skew:        0.017ns (DCD - SCD - CPR)
    Destination Clock Delay (DCD):    1.220ns
    Source Clock Delay      (SCD):    0.921ns
    Clock Pessimism Removal (CPR):    0.282ns

    Location             Delay type                Incr(ns)  Path(ns)    Netlist Resource(s)
  -------------------------------------------------------------------    -------------------
                         (clock clk_fpga_3 rise edge)
                                                      0.000     0.000 r  
    PS7_X0Y0             PS7                          0.000     0.000 r  ps/system_i/processing_system7/inst/PS7_i/FCLKCLK[3]
                         net (fo=1, routed)           0.315     0.315    ps/system_i/processing_system7/inst/FCLK_CLK_unbuffered[3]
    BUFGCTRL_X0Y1        BUFG (Prop_bufg_I_O)         0.026     0.341 r  ps/system_i/processing_system7/inst/buffer_fclk_clk_3.FCLK_CLK_3_BUFG/O
                         net (fo=965, routed)         0.580     0.921    ps/system_i/axi_protocol_converter_0/inst/gen_axilite.gen_b2s_conv.axilite_b2s/WR.aw_channel_0/aclk
    SLICE_X5Y62          FDRE                                         r  ps/system_i/axi_protocol_converter_0/inst/gen_axilite.gen_b2s_conv.axilite_b2s/WR.aw_channel_0/s_awid_r_reg[1]/C
  -------------------------------------------------------------------    -------------------
    SLICE_X5Y62          FDRE (Prop_fdre_C_Q)         0.141     1.062 r  ps/system_i/axi_protocol_converter_0/inst/gen_axilite.gen_b2s_conv.axilite_b2s/WR.aw_channel_0/s_awid_r_reg[1]/Q
                         net (fo=1, routed)           0.110     1.172    ps/system_i/axi_protocol_converter_0/inst/gen_axilite.gen_b2s_conv.axilite_b2s/WR.b_channel_0/bid_fifo_0/in[5]
    SLICE_X4Y61          SRL16E                                       r  ps/system_i/axi_protocol_converter_0/inst/gen_axilite.gen_b2s_conv.axilite_b2s/WR.b_channel_0/bid_fifo_0/memory_reg[3][9]_srl4/D
  -------------------------------------------------------------------    -------------------

                         (clock clk_fpga_3 rise edge)
                                                      0.000     0.000 r  
    PS7_X0Y0             PS7                          0.000     0.000 r  ps/system_i/processing_system7/inst/PS7_i/FCLKCLK[3]
                         net (fo=1, routed)           0.341     0.341    ps/system_i/processing_system7/inst/FCLK_CLK_unbuffered[3]
    BUFGCTRL_X0Y1        BUFG (Prop_bufg_I_O)         0.029     0.370 r  ps/system_i/processing_system7/inst/buffer_fclk_clk_3.FCLK_CLK_3_BUFG/O
                         net (fo=965, routed)         0.850     1.220    ps/system_i/axi_protocol_converter_0/inst/gen_axilite.gen_b2s_conv.axilite_b2s/WR.b_channel_0/bid_fifo_0/aclk
    SLICE_X4Y61          SRL16E                                       r  ps/system_i/axi_protocol_converter_0/inst/gen_axilite.gen_b2s_conv.axilite_b2s/WR.b_channel_0/bid_fifo_0/memory_reg[3][9]_srl4/CLK
                         clock pessimism             -0.282     0.938    
    SLICE_X4Y61          SRL16E (Hold_srl16e_CLK_D)
                                                      0.109     1.047    ps/system_i/axi_protocol_converter_0/inst/gen_axilite.gen_b2s_conv.axilite_b2s/WR.b_channel_0/bid_fifo_0/memory_reg[3][9]_srl4
  -------------------------------------------------------------------
                         required time                         -1.047    
                         arrival time                           1.172    
  -------------------------------------------------------------------
                         slack                                  0.125    

Slack (MET) :             0.125ns  (arrival time - required time)
  Source:                 ps/system_i/axi_protocol_converter_0/inst/gen_axilite.gen_b2s_conv.axilite_b2s/RD.r_channel_0/r_arid_r_reg[4]/C
                            (rising edge-triggered cell FDRE clocked by clk_fpga_3  {rise@0.000ns fall@2.500ns period=5.000ns})
  Destination:            ps/system_i/axi_protocol_converter_0/inst/gen_axilite.gen_b2s_conv.axilite_b2s/RD.r_channel_0/transaction_fifo_0/memory_reg[31][5]_srl32/D
                            (rising edge-triggered cell SRLC32E clocked by clk_fpga_3  {rise@0.000ns fall@2.500ns period=5.000ns})
  Path Group:             clk_fpga_3
  Path Type:              Hold (Min at Fast Process Corner)
  Requirement:            0.000ns  (clk_fpga_3 rise@0.000ns - clk_fpga_3 rise@0.000ns)
  Data Path Delay:        0.253ns  (logic 0.141ns (55.730%)  route 0.112ns (44.270%))
  Logic Levels:           0  
  Clock Path Skew:        0.013ns (DCD - SCD - CPR)
    Destination Clock Delay (DCD):    1.219ns
    Source Clock Delay      (SCD):    0.921ns
    Clock Pessimism Removal (CPR):    0.285ns

    Location             Delay type                Incr(ns)  Path(ns)    Netlist Resource(s)
  -------------------------------------------------------------------    -------------------
                         (clock clk_fpga_3 rise edge)
                                                      0.000     0.000 r  
    PS7_X0Y0             PS7                          0.000     0.000 r  ps/system_i/processing_system7/inst/PS7_i/FCLKCLK[3]
                         net (fo=1, routed)           0.315     0.315    ps/system_i/processing_system7/inst/FCLK_CLK_unbuffered[3]
    BUFGCTRL_X0Y1        BUFG (Prop_bufg_I_O)         0.026     0.341 r  ps/system_i/processing_system7/inst/buffer_fclk_clk_3.FCLK_CLK_3_BUFG/O
                         net (fo=965, routed)         0.580     0.921    ps/system_i/axi_protocol_converter_0/inst/gen_axilite.gen_b2s_conv.axilite_b2s/RD.r_channel_0/aclk
    SLICE_X1Y57          FDRE                                         r  ps/system_i/axi_protocol_converter_0/inst/gen_axilite.gen_b2s_conv.axilite_b2s/RD.r_channel_0/r_arid_r_reg[4]/C
  -------------------------------------------------------------------    -------------------
    SLICE_X1Y57          FDRE (Prop_fdre_C_Q)         0.141     1.062 r  ps/system_i/axi_protocol_converter_0/inst/gen_axilite.gen_b2s_conv.axilite_b2s/RD.r_channel_0/r_arid_r_reg[4]/Q
                         net (fo=1, routed)           0.112     1.174    ps/system_i/axi_protocol_converter_0/inst/gen_axilite.gen_b2s_conv.axilite_b2s/RD.r_channel_0/transaction_fifo_0/in[5]
    SLICE_X0Y57          SRLC32E                                      r  ps/system_i/axi_protocol_converter_0/inst/gen_axilite.gen_b2s_conv.axilite_b2s/RD.r_channel_0/transaction_fifo_0/memory_reg[31][5]_srl32/D
  -------------------------------------------------------------------    -------------------

                         (clock clk_fpga_3 rise edge)
                                                      0.000     0.000 r  
    PS7_X0Y0             PS7                          0.000     0.000 r  ps/system_i/processing_system7/inst/PS7_i/FCLKCLK[3]
                         net (fo=1, routed)           0.341     0.341    ps/system_i/processing_system7/inst/FCLK_CLK_unbuffered[3]
    BUFGCTRL_X0Y1        BUFG (Prop_bufg_I_O)         0.029     0.370 r  ps/system_i/processing_system7/inst/buffer_fclk_clk_3.FCLK_CLK_3_BUFG/O
                         net (fo=965, routed)         0.849     1.219    ps/system_i/axi_protocol_converter_0/inst/gen_axilite.gen_b2s_conv.axilite_b2s/RD.r_channel_0/transaction_fifo_0/aclk
    SLICE_X0Y57          SRLC32E                                      r  ps/system_i/axi_protocol_converter_0/inst/gen_axilite.gen_b2s_conv.axilite_b2s/RD.r_channel_0/transaction_fifo_0/memory_reg[31][5]_srl32/CLK
                         clock pessimism             -0.285     0.934    
    SLICE_X0Y57          SRLC32E (Hold_srlc32e_CLK_D)
                                                      0.115     1.049    ps/system_i/axi_protocol_converter_0/inst/gen_axilite.gen_b2s_conv.axilite_b2s/RD.r_channel_0/transaction_fifo_0/memory_reg[31][5]_srl32
  -------------------------------------------------------------------
                         required time                         -1.049    
                         arrival time                           1.174    
  -------------------------------------------------------------------
                         slack                                  0.125    

Slack (MET) :             0.126ns  (arrival time - required time)
  Source:                 ps/system_i/axi_protocol_converter_0/inst/gen_axilite.gen_b2s_conv.axilite_b2s/RD.ar_channel_0/s_arid_r_reg[8]/C
                            (rising edge-triggered cell FDRE clocked by clk_fpga_3  {rise@0.000ns fall@2.500ns period=5.000ns})
  Destination:            ps/system_i/axi_protocol_converter_0/inst/gen_axilite.gen_b2s_conv.axilite_b2s/RD.r_channel_0/r_arid_r_reg[8]/D
                            (rising edge-triggered cell FDRE clocked by clk_fpga_3  {rise@0.000ns fall@2.500ns period=5.000ns})
  Path Group:             clk_fpga_3
  Path Type:              Hold (Min at Fast Process Corner)
  Requirement:            0.000ns  (clk_fpga_3 rise@0.000ns - clk_fpga_3 rise@0.000ns)
  Data Path Delay:        0.197ns  (logic 0.141ns (71.611%)  route 0.056ns (28.389%))
  Logic Levels:           0  
  Clock Path Skew:        0.000ns (DCD - SCD - CPR)
    Destination Clock Delay (DCD):    1.219ns
    Source Clock Delay      (SCD):    0.921ns
    Clock Pessimism Removal (CPR):    0.298ns

    Location             Delay type                Incr(ns)  Path(ns)    Netlist Resource(s)
  -------------------------------------------------------------------    -------------------
                         (clock clk_fpga_3 rise edge)
                                                      0.000     0.000 r  
    PS7_X0Y0             PS7                          0.000     0.000 r  ps/system_i/processing_system7/inst/PS7_i/FCLKCLK[3]
                         net (fo=1, routed)           0.315     0.315    ps/system_i/processing_system7/inst/FCLK_CLK_unbuffered[3]
    BUFGCTRL_X0Y1        BUFG (Prop_bufg_I_O)         0.026     0.341 r  ps/system_i/processing_system7/inst/buffer_fclk_clk_3.FCLK_CLK_3_BUFG/O
                         net (fo=965, routed)         0.580     0.921    ps/system_i/axi_protocol_converter_0/inst/gen_axilite.gen_b2s_conv.axilite_b2s/RD.ar_channel_0/aclk
    SLICE_X1Y57          FDRE                                         r  ps/system_i/axi_protocol_converter_0/inst/gen_axilite.gen_b2s_conv.axilite_b2s/RD.ar_channel_0/s_arid_r_reg[8]/C
  -------------------------------------------------------------------    -------------------
    SLICE_X1Y57          FDRE (Prop_fdre_C_Q)         0.141     1.062 r  ps/system_i/axi_protocol_converter_0/inst/gen_axilite.gen_b2s_conv.axilite_b2s/RD.ar_channel_0/s_arid_r_reg[8]/Q
                         net (fo=1, routed)           0.056     1.117    ps/system_i/axi_protocol_converter_0/inst/gen_axilite.gen_b2s_conv.axilite_b2s/RD.r_channel_0/D[8]
    SLICE_X1Y57          FDRE                                         r  ps/system_i/axi_protocol_converter_0/inst/gen_axilite.gen_b2s_conv.axilite_b2s/RD.r_channel_0/r_arid_r_reg[8]/D
  -------------------------------------------------------------------    -------------------

                         (clock clk_fpga_3 rise edge)
                                                      0.000     0.000 r  
    PS7_X0Y0             PS7                          0.000     0.000 r  ps/system_i/processing_system7/inst/PS7_i/FCLKCLK[3]
                         net (fo=1, routed)           0.341     0.341    ps/system_i/processing_system7/inst/FCLK_CLK_unbuffered[3]
    BUFGCTRL_X0Y1        BUFG (Prop_bufg_I_O)         0.029     0.370 r  ps/system_i/processing_system7/inst/buffer_fclk_clk_3.FCLK_CLK_3_BUFG/O
                         net (fo=965, routed)         0.849     1.219    ps/system_i/axi_protocol_converter_0/inst/gen_axilite.gen_b2s_conv.axilite_b2s/RD.r_channel_0/aclk
    SLICE_X1Y57          FDRE                                         r  ps/system_i/axi_protocol_converter_0/inst/gen_axilite.gen_b2s_conv.axilite_b2s/RD.r_channel_0/r_arid_r_reg[8]/C
                         clock pessimism             -0.298     0.921    
    SLICE_X1Y57          FDRE (Hold_fdre_C_D)         0.071     0.992    ps/system_i/axi_protocol_converter_0/inst/gen_axilite.gen_b2s_conv.axilite_b2s/RD.r_channel_0/r_arid_r_reg[8]
  -------------------------------------------------------------------
                         required time                         -0.992    
                         arrival time                           1.117    
  -------------------------------------------------------------------
                         slack                                  0.126    

Slack (MET) :             0.126ns  (arrival time - required time)
  Source:                 ps/system_i/axi_protocol_converter_0/inst/gen_axilite.gen_b2s_conv.axilite_b2s/WR.aw_channel_0/s_awid_r_reg[3]/C
                            (rising edge-triggered cell FDRE clocked by clk_fpga_3  {rise@0.000ns fall@2.500ns period=5.000ns})
  Destination:            ps/system_i/axi_protocol_converter_0/inst/gen_axilite.gen_b2s_conv.axilite_b2s/WR.b_channel_0/bid_fifo_0/memory_reg[3][11]_srl4/D
                            (rising edge-triggered cell SRL16E clocked by clk_fpga_3  {rise@0.000ns fall@2.500ns period=5.000ns})
  Path Group:             clk_fpga_3
  Path Type:              Hold (Min at Fast Process Corner)
  Requirement:            0.000ns  (clk_fpga_3 rise@0.000ns - clk_fpga_3 rise@0.000ns)
  Data Path Delay:        0.251ns  (logic 0.141ns (56.174%)  route 0.110ns (43.826%))
  Logic Levels:           0  
  Clock Path Skew:        0.017ns (DCD - SCD - CPR)
    Destination Clock Delay (DCD):    1.220ns
    Source Clock Delay      (SCD):    0.921ns
    Clock Pessimism Removal (CPR):    0.282ns

    Location             Delay type                Incr(ns)  Path(ns)    Netlist Resource(s)
  -------------------------------------------------------------------    -------------------
                         (clock clk_fpga_3 rise edge)
                                                      0.000     0.000 r  
    PS7_X0Y0             PS7                          0.000     0.000 r  ps/system_i/processing_system7/inst/PS7_i/FCLKCLK[3]
                         net (fo=1, routed)           0.315     0.315    ps/system_i/processing_system7/inst/FCLK_CLK_unbuffered[3]
    BUFGCTRL_X0Y1        BUFG (Prop_bufg_I_O)         0.026     0.341 r  ps/system_i/processing_system7/inst/buffer_fclk_clk_3.FCLK_CLK_3_BUFG/O
                         net (fo=965, routed)         0.580     0.921    ps/system_i/axi_protocol_converter_0/inst/gen_axilite.gen_b2s_conv.axilite_b2s/WR.aw_channel_0/aclk
    SLICE_X5Y62          FDRE                                         r  ps/system_i/axi_protocol_converter_0/inst/gen_axilite.gen_b2s_conv.axilite_b2s/WR.aw_channel_0/s_awid_r_reg[3]/C
  -------------------------------------------------------------------    -------------------
    SLICE_X5Y62          FDRE (Prop_fdre_C_Q)         0.141     1.062 r  ps/system_i/axi_protocol_converter_0/inst/gen_axilite.gen_b2s_conv.axilite_b2s/WR.aw_channel_0/s_awid_r_reg[3]/Q
                         net (fo=1, routed)           0.110     1.172    ps/system_i/axi_protocol_converter_0/inst/gen_axilite.gen_b2s_conv.axilite_b2s/WR.b_channel_0/bid_fifo_0/in[7]
    SLICE_X4Y61          SRL16E                                       r  ps/system_i/axi_protocol_converter_0/inst/gen_axilite.gen_b2s_conv.axilite_b2s/WR.b_channel_0/bid_fifo_0/memory_reg[3][11]_srl4/D
  -------------------------------------------------------------------    -------------------

                         (clock clk_fpga_3 rise edge)
                                                      0.000     0.000 r  
    PS7_X0Y0             PS7                          0.000     0.000 r  ps/system_i/processing_system7/inst/PS7_i/FCLKCLK[3]
                         net (fo=1, routed)           0.341     0.341    ps/system_i/processing_system7/inst/FCLK_CLK_unbuffered[3]
    BUFGCTRL_X0Y1        BUFG (Prop_bufg_I_O)         0.029     0.370 r  ps/system_i/processing_system7/inst/buffer_fclk_clk_3.FCLK_CLK_3_BUFG/O
                         net (fo=965, routed)         0.850     1.220    ps/system_i/axi_protocol_converter_0/inst/gen_axilite.gen_b2s_conv.axilite_b2s/WR.b_channel_0/bid_fifo_0/aclk
    SLICE_X4Y61          SRL16E                                       r  ps/system_i/axi_protocol_converter_0/inst/gen_axilite.gen_b2s_conv.axilite_b2s/WR.b_channel_0/bid_fifo_0/memory_reg[3][11]_srl4/CLK
                         clock pessimism             -0.282     0.938    
    SLICE_X4Y61          SRL16E (Hold_srl16e_CLK_D)
                                                      0.108     1.046    ps/system_i/axi_protocol_converter_0/inst/gen_axilite.gen_b2s_conv.axilite_b2s/WR.b_channel_0/bid_fifo_0/memory_reg[3][11]_srl4
  -------------------------------------------------------------------
                         required time                         -1.046    
                         arrival time                           1.172    
  -------------------------------------------------------------------
                         slack                                  0.126    

Slack (MET) :             0.130ns  (arrival time - required time)
  Source:                 ps/system_i/proc_sys_reset/U0/EXT_LPF/AUX_LPF[2].asr_lpf_reg[2]/C
                            (rising edge-triggered cell FDRE clocked by clk_fpga_3  {rise@0.000ns fall@2.500ns period=5.000ns})
  Destination:            ps/system_i/proc_sys_reset/U0/EXT_LPF/AUX_LPF[3].asr_lpf_reg[3]/D
                            (rising edge-triggered cell FDRE clocked by clk_fpga_3  {rise@0.000ns fall@2.500ns period=5.000ns})
  Path Group:             clk_fpga_3
  Path Type:              Hold (Min at Fast Process Corner)
  Requirement:            0.000ns  (clk_fpga_3 rise@0.000ns - clk_fpga_3 rise@0.000ns)
  Data Path Delay:        0.208ns  (logic 0.141ns (67.788%)  route 0.067ns (32.212%))
  Logic Levels:           0  
  Clock Path Skew:        0.000ns (DCD - SCD - CPR)
    Destination Clock Delay (DCD):    1.189ns
    Source Clock Delay      (SCD):    0.893ns
    Clock Pessimism Removal (CPR):    0.296ns

    Location             Delay type                Incr(ns)  Path(ns)    Netlist Resource(s)
  -------------------------------------------------------------------    -------------------
                         (clock clk_fpga_3 rise edge)
                                                      0.000     0.000 r  
    PS7_X0Y0             PS7                          0.000     0.000 r  ps/system_i/processing_system7/inst/PS7_i/FCLKCLK[3]
                         net (fo=1, routed)           0.315     0.315    ps/system_i/processing_system7/inst/FCLK_CLK_unbuffered[3]
    BUFGCTRL_X0Y1        BUFG (Prop_bufg_I_O)         0.026     0.341 r  ps/system_i/processing_system7/inst/buffer_fclk_clk_3.FCLK_CLK_3_BUFG/O
                         net (fo=965, routed)         0.552     0.893    ps/system_i/proc_sys_reset/U0/EXT_LPF/slowest_sync_clk
    SLICE_X29Y79         FDRE                                         r  ps/system_i/proc_sys_reset/U0/EXT_LPF/AUX_LPF[2].asr_lpf_reg[2]/C
  -------------------------------------------------------------------    -------------------
    SLICE_X29Y79         FDRE (Prop_fdre_C_Q)         0.141     1.034 r  ps/system_i/proc_sys_reset/U0/EXT_LPF/AUX_LPF[2].asr_lpf_reg[2]/Q
                         net (fo=2, routed)           0.067     1.101    ps/system_i/proc_sys_reset/U0/EXT_LPF/p_1_in
    SLICE_X29Y79         FDRE                                         r  ps/system_i/proc_sys_reset/U0/EXT_LPF/AUX_LPF[3].asr_lpf_reg[3]/D
  -------------------------------------------------------------------    -------------------

                         (clock clk_fpga_3 rise edge)
                                                      0.000     0.000 r  
    PS7_X0Y0             PS7                          0.000     0.000 r  ps/system_i/processing_system7/inst/PS7_i/FCLKCLK[3]
                         net (fo=1, routed)           0.341     0.341    ps/system_i/processing_system7/inst/FCLK_CLK_unbuffered[3]
    BUFGCTRL_X0Y1        BUFG (Prop_bufg_I_O)         0.029     0.370 r  ps/system_i/processing_system7/inst/buffer_fclk_clk_3.FCLK_CLK_3_BUFG/O
                         net (fo=965, routed)         0.819     1.189    ps/system_i/proc_sys_reset/U0/EXT_LPF/slowest_sync_clk
    SLICE_X29Y79         FDRE                                         r  ps/system_i/proc_sys_reset/U0/EXT_LPF/AUX_LPF[3].asr_lpf_reg[3]/C
                         clock pessimism             -0.296     0.893    
    SLICE_X29Y79         FDRE (Hold_fdre_C_D)         0.078     0.971    ps/system_i/proc_sys_reset/U0/EXT_LPF/AUX_LPF[3].asr_lpf_reg[3]
  -------------------------------------------------------------------
                         required time                         -0.971    
                         arrival time                           1.101    
  -------------------------------------------------------------------
                         slack                                  0.130    

Slack (MET) :             0.132ns  (arrival time - required time)
  Source:                 ps/system_i/axi_protocol_converter_0/inst/gen_axilite.gen_b2s_conv.axilite_b2s/WR.aw_channel_0/s_awid_r_reg[0]/C
                            (rising edge-triggered cell FDRE clocked by clk_fpga_3  {rise@0.000ns fall@2.500ns period=5.000ns})
  Destination:            ps/system_i/axi_protocol_converter_0/inst/gen_axilite.gen_b2s_conv.axilite_b2s/WR.b_channel_0/bid_fifo_0/memory_reg[3][8]_srl4/D
                            (rising edge-triggered cell SRL16E clocked by clk_fpga_3  {rise@0.000ns fall@2.500ns period=5.000ns})
  Path Group:             clk_fpga_3
  Path Type:              Hold (Min at Fast Process Corner)
  Requirement:            0.000ns  (clk_fpga_3 rise@0.000ns - clk_fpga_3 rise@0.000ns)
  Data Path Delay:        0.251ns  (logic 0.141ns (56.174%)  route 0.110ns (43.826%))
  Logic Levels:           0  
  Clock Path Skew:        0.017ns (DCD - SCD - CPR)
    Destination Clock Delay (DCD):    1.220ns
    Source Clock Delay      (SCD):    0.921ns
    Clock Pessimism Removal (CPR):    0.282ns

    Location             Delay type                Incr(ns)  Path(ns)    Netlist Resource(s)
  -------------------------------------------------------------------    -------------------
                         (clock clk_fpga_3 rise edge)
                                                      0.000     0.000 r  
    PS7_X0Y0             PS7                          0.000     0.000 r  ps/system_i/processing_system7/inst/PS7_i/FCLKCLK[3]
                         net (fo=1, routed)           0.315     0.315    ps/system_i/processing_system7/inst/FCLK_CLK_unbuffered[3]
    BUFGCTRL_X0Y1        BUFG (Prop_bufg_I_O)         0.026     0.341 r  ps/system_i/processing_system7/inst/buffer_fclk_clk_3.FCLK_CLK_3_BUFG/O
                         net (fo=965, routed)         0.580     0.921    ps/system_i/axi_protocol_converter_0/inst/gen_axilite.gen_b2s_conv.axilite_b2s/WR.aw_channel_0/aclk
    SLICE_X5Y62          FDRE                                         r  ps/system_i/axi_protocol_converter_0/inst/gen_axilite.gen_b2s_conv.axilite_b2s/WR.aw_channel_0/s_awid_r_reg[0]/C
  -------------------------------------------------------------------    -------------------
    SLICE_X5Y62          FDRE (Prop_fdre_C_Q)         0.141     1.062 r  ps/system_i/axi_protocol_converter_0/inst/gen_axilite.gen_b2s_conv.axilite_b2s/WR.aw_channel_0/s_awid_r_reg[0]/Q
                         net (fo=1, routed)           0.110     1.172    ps/system_i/axi_protocol_converter_0/inst/gen_axilite.gen_b2s_conv.axilite_b2s/WR.b_channel_0/bid_fifo_0/in[4]
    SLICE_X4Y61          SRL16E                                       r  ps/system_i/axi_protocol_converter_0/inst/gen_axilite.gen_b2s_conv.axilite_b2s/WR.b_channel_0/bid_fifo_0/memory_reg[3][8]_srl4/D
  -------------------------------------------------------------------    -------------------

                         (clock clk_fpga_3 rise edge)
                                                      0.000     0.000 r  
    PS7_X0Y0             PS7                          0.000     0.000 r  ps/system_i/processing_system7/inst/PS7_i/FCLKCLK[3]
                         net (fo=1, routed)           0.341     0.341    ps/system_i/processing_system7/inst/FCLK_CLK_unbuffered[3]
    BUFGCTRL_X0Y1        BUFG (Prop_bufg_I_O)         0.029     0.370 r  ps/system_i/processing_system7/inst/buffer_fclk_clk_3.FCLK_CLK_3_BUFG/O
                         net (fo=965, routed)         0.850     1.220    ps/system_i/axi_protocol_converter_0/inst/gen_axilite.gen_b2s_conv.axilite_b2s/WR.b_channel_0/bid_fifo_0/aclk
    SLICE_X4Y61          SRL16E                                       r  ps/system_i/axi_protocol_converter_0/inst/gen_axilite.gen_b2s_conv.axilite_b2s/WR.b_channel_0/bid_fifo_0/memory_reg[3][8]_srl4/CLK
                         clock pessimism             -0.282     0.938    
    SLICE_X4Y61          SRL16E (Hold_srl16e_CLK_D)
                                                      0.102     1.040    ps/system_i/axi_protocol_converter_0/inst/gen_axilite.gen_b2s_conv.axilite_b2s/WR.b_channel_0/bid_fifo_0/memory_reg[3][8]_srl4
  -------------------------------------------------------------------
                         required time                         -1.040    
                         arrival time                           1.172    
  -------------------------------------------------------------------
                         slack                                  0.132    





Pulse Width Checks
--------------------------------------------------------------------------------------
Clock Name:         clk_fpga_3
Waveform(ns):       { 0.000 2.500 }
Period(ns):         5.000
Sources:            { ps/system_i/processing_system7/inst/PS7_i/FCLKCLK[3] }

Check Type        Corner  Lib Pin      Reference Pin  Required(ns)  Actual(ns)  Slack(ns)  Location       Pin
Min Period        n/a     XADC/DCLK    n/a            4.000         5.000       1.000      XADC_X0Y0      ps/system_i/xadc/inst/AXI_XADC_CORE_I/XADC_INST/DCLK
Min Period        n/a     BUFG/I       n/a            2.155         5.000       2.845      BUFGCTRL_X0Y1  ps/system_i/processing_system7/inst/buffer_fclk_clk_3.FCLK_CLK_3_BUFG/I
Min Period        n/a     FDSE/C       n/a            1.000         5.000       4.000      SLICE_X7Y78    ps/system_i/axi_protocol_converter_0/inst/gen_axilite.gen_b2s_conv.axilite_b2s/RD.ar_channel_0/ar_cmd_fsm_0/FSM_sequential_state_reg[0]/C
Min Period        n/a     FDRE/C       n/a            1.000         5.000       4.000      SLICE_X7Y78    ps/system_i/axi_protocol_converter_0/inst/gen_axilite.gen_b2s_conv.axilite_b2s/RD.ar_channel_0/ar_cmd_fsm_0/FSM_sequential_state_reg[1]/C
Min Period        n/a     FDRE/C       n/a            1.000         5.000       4.000      SLICE_X5Y76    ps/system_i/axi_protocol_converter_0/inst/gen_axilite.gen_b2s_conv.axilite_b2s/RD.ar_channel_0/cmd_translator_0/incr_cmd_0/axaddr_incr_reg[0]/C
Min Period        n/a     FDRE/C       n/a            1.000         5.000       4.000      SLICE_X5Y78    ps/system_i/axi_protocol_converter_0/inst/gen_axilite.gen_b2s_conv.axilite_b2s/RD.ar_channel_0/cmd_translator_0/incr_cmd_0/axaddr_incr_reg[10]/C
Min Period        n/a     FDRE/C       n/a            1.000         5.000       4.000      SLICE_X5Y78    ps/system_i/axi_protocol_converter_0/inst/gen_axilite.gen_b2s_conv.axilite_b2s/RD.ar_channel_0/cmd_translator_0/incr_cmd_0/axaddr_incr_reg[11]/C
Min Period        n/a     FDRE/C       n/a            1.000         5.000       4.000      SLICE_X5Y76    ps/system_i/axi_protocol_converter_0/inst/gen_axilite.gen_b2s_conv.axilite_b2s/RD.ar_channel_0/cmd_translator_0/incr_cmd_0/axaddr_incr_reg[1]/C
Min Period        n/a     FDRE/C       n/a            1.000         5.000       4.000      SLICE_X5Y76    ps/system_i/axi_protocol_converter_0/inst/gen_axilite.gen_b2s_conv.axilite_b2s/RD.ar_channel_0/cmd_translator_0/incr_cmd_0/axaddr_incr_reg[2]/C
Min Period        n/a     FDRE/C       n/a            1.000         5.000       4.000      SLICE_X5Y76    ps/system_i/axi_protocol_converter_0/inst/gen_axilite.gen_b2s_conv.axilite_b2s/RD.ar_channel_0/cmd_translator_0/incr_cmd_0/axaddr_incr_reg[3]/C
Low Pulse Width   Slow    SRLC32E/CLK  n/a            0.980         2.500       1.520      SLICE_X12Y69   ps/system_i/axi_protocol_converter_0/inst/gen_axilite.gen_b2s_conv.axilite_b2s/RD.r_channel_0/rd_data_fifo_0/memory_reg[31][12]_srl32/CLK
Low Pulse Width   Slow    SRLC32E/CLK  n/a            0.980         2.500       1.520      SLICE_X10Y71   ps/system_i/axi_protocol_converter_0/inst/gen_axilite.gen_b2s_conv.axilite_b2s/RD.r_channel_0/rd_data_fifo_0/memory_reg[31][14]_srl32/CLK
Low Pulse Width   Slow    SRLC32E/CLK  n/a            0.980         2.500       1.520      SLICE_X12Y69   ps/system_i/axi_protocol_converter_0/inst/gen_axilite.gen_b2s_conv.axilite_b2s/RD.r_channel_0/rd_data_fifo_0/memory_reg[31][15]_srl32/CLK
Low Pulse Width   Slow    SRLC32E/CLK  n/a            0.980         2.500       1.520      SLICE_X10Y71   ps/system_i/axi_protocol_converter_0/inst/gen_axilite.gen_b2s_conv.axilite_b2s/RD.r_channel_0/rd_data_fifo_0/memory_reg[31][16]_srl32/CLK
Low Pulse Width   Slow    SRLC32E/CLK  n/a            0.980         2.500       1.520      SLICE_X10Y69   ps/system_i/axi_protocol_converter_0/inst/gen_axilite.gen_b2s_conv.axilite_b2s/RD.r_channel_0/rd_data_fifo_0/memory_reg[31][17]_srl32/CLK
Low Pulse Width   Slow    SRLC32E/CLK  n/a            0.980         2.500       1.520      SLICE_X0Y57    ps/system_i/axi_protocol_converter_0/inst/gen_axilite.gen_b2s_conv.axilite_b2s/RD.r_channel_0/transaction_fifo_0/memory_reg[31][10]_srl32/CLK
Low Pulse Width   Slow    SRLC32E/CLK  n/a            0.980         2.500       1.520      SLICE_X0Y57    ps/system_i/axi_protocol_converter_0/inst/gen_axilite.gen_b2s_conv.axilite_b2s/RD.r_channel_0/transaction_fifo_0/memory_reg[31][5]_srl32/CLK
Low Pulse Width   Slow    SRLC32E/CLK  n/a            0.980         2.500       1.520      SLICE_X0Y57    ps/system_i/axi_protocol_converter_0/inst/gen_axilite.gen_b2s_conv.axilite_b2s/RD.r_channel_0/transaction_fifo_0/memory_reg[31][6]_srl32/CLK
Low Pulse Width   Slow    SRLC32E/CLK  n/a            0.980         2.500       1.520      SLICE_X0Y57    ps/system_i/axi_protocol_converter_0/inst/gen_axilite.gen_b2s_conv.axilite_b2s/RD.r_channel_0/transaction_fifo_0/memory_reg[31][9]_srl32/CLK
Low Pulse Width   Slow    SRL16E/CLK   n/a            0.980         2.500       1.520      SLICE_X30Y80   ps/system_i/proc_sys_reset/U0/EXT_LPF/POR_SRL_I/CLK
High Pulse Width  Fast    SRLC32E/CLK  n/a            0.980         2.500       1.520      SLICE_X12Y69   ps/system_i/axi_protocol_converter_0/inst/gen_axilite.gen_b2s_conv.axilite_b2s/RD.r_channel_0/rd_data_fifo_0/memory_reg[31][12]_srl32/CLK
High Pulse Width  Fast    SRLC32E/CLK  n/a            0.980         2.500       1.520      SLICE_X12Y69   ps/system_i/axi_protocol_converter_0/inst/gen_axilite.gen_b2s_conv.axilite_b2s/RD.r_channel_0/rd_data_fifo_0/memory_reg[31][15]_srl32/CLK
High Pulse Width  Fast    SRLC32E/CLK  n/a            0.980         2.500       1.520      SLICE_X10Y69   ps/system_i/axi_protocol_converter_0/inst/gen_axilite.gen_b2s_conv.axilite_b2s/RD.r_channel_0/rd_data_fifo_0/memory_reg[31][17]_srl32/CLK
High Pulse Width  Fast    SRLC32E/CLK  n/a            0.980         2.500       1.520      SLICE_X8Y64    ps/system_i/axi_protocol_converter_0/inst/gen_axilite.gen_b2s_conv.axilite_b2s/RD.r_channel_0/rd_data_fifo_0/memory_reg[31][0]_srl32/CLK
High Pulse Width  Fast    SRLC32E/CLK  n/a            0.980         2.500       1.520      SLICE_X10Y68   ps/system_i/axi_protocol_converter_0/inst/gen_axilite.gen_b2s_conv.axilite_b2s/RD.r_channel_0/rd_data_fifo_0/memory_reg[31][10]_srl32/CLK
High Pulse Width  Fast    SRLC32E/CLK  n/a            0.980         2.500       1.520      SLICE_X12Y64   ps/system_i/axi_protocol_converter_0/inst/gen_axilite.gen_b2s_conv.axilite_b2s/RD.r_channel_0/rd_data_fifo_0/memory_reg[31][11]_srl32/CLK
High Pulse Width  Fast    SRLC32E/CLK  n/a            0.980         2.500       1.520      SLICE_X8Y65    ps/system_i/axi_protocol_converter_0/inst/gen_axilite.gen_b2s_conv.axilite_b2s/RD.r_channel_0/rd_data_fifo_0/memory_reg[31][13]_srl32/CLK
High Pulse Width  Fast    SRLC32E/CLK  n/a            0.980         2.500       1.520      SLICE_X10Y71   ps/system_i/axi_protocol_converter_0/inst/gen_axilite.gen_b2s_conv.axilite_b2s/RD.r_channel_0/rd_data_fifo_0/memory_reg[31][14]_srl32/CLK
High Pulse Width  Fast    SRLC32E/CLK  n/a            0.980         2.500       1.520      SLICE_X10Y71   ps/system_i/axi_protocol_converter_0/inst/gen_axilite.gen_b2s_conv.axilite_b2s/RD.r_channel_0/rd_data_fifo_0/memory_reg[31][16]_srl32/CLK
High Pulse Width  Fast    SRLC32E/CLK  n/a            0.980         2.500       1.520      SLICE_X12Y64   ps/system_i/axi_protocol_converter_0/inst/gen_axilite.gen_b2s_conv.axilite_b2s/RD.r_channel_0/rd_data_fifo_0/memory_reg[31][1]_srl32/CLK



---------------------------------------------------------------------------------------------------
From Clock:  adc_clk
  To Clock:  pll_adc_clk

Setup :            0  Failing Endpoints,  Worst Slack        3.396ns,  Total Violation        0.000ns
Hold  :            0  Failing Endpoints,  Worst Slack        0.107ns,  Total Violation        0.000ns
---------------------------------------------------------------------------------------------------


Max Delay Paths
--------------------------------------------------------------------------------------
Slack (MET) :             3.396ns  (required time - arrival time)
  Source:                 adc_dat_i[0][2]
                            (input port clocked by adc_clk  {rise@0.000ns fall@4.000ns period=8.000ns})
  Destination:            i_scope/i_dfilt1_cha/bb_mult/B[0]
                            (rising edge-triggered cell DSP48E1 clocked by pll_adc_clk  {rise@0.000ns fall@4.000ns period=8.000ns})
  Path Group:             pll_adc_clk
  Path Type:              Setup (Max at Slow Process Corner)
  Requirement:            8.000ns  (pll_adc_clk rise@8.000ns - adc_clk rise@0.000ns)
  Data Path Delay:        6.065ns  (logic 1.169ns (19.277%)  route 4.896ns (80.723%))
  Logic Levels:           2  (IBUF=1 LUT3=1)
  Input Delay:            3.400ns
  Clock Path Skew:        5.477ns (DCD - SCD + CPR)
    Destination Clock Delay (DCD):    5.477ns = ( 13.477 - 8.000 ) 
    Source Clock Delay      (SCD):    0.000ns
    Clock Pessimism Removal (CPR):    0.000ns
  Clock Uncertainty:      0.166ns  ((TSJ^2 + DJ^2)^1/2) / 2 + PE
    Total System Jitter     (TSJ):    0.071ns
    Discrete Jitter          (DJ):    0.118ns
    Phase Error              (PE):    0.097ns

    Location             Delay type                Incr(ns)  Path(ns)    Netlist Resource(s)
  -------------------------------------------------------------------    -------------------
                         (clock adc_clk rise edge)    0.000     0.000 r  
                         input delay                  3.400     3.400    
    Y17                                               0.000     3.400 f  adc_dat_i[0][2] (IN)
                         net (fo=0)                   0.000     3.400    adc_dat_i[0][2]
    Y17                  IBUF (Prop_ibuf_I_O)         1.045     4.445 f  product_q_reg_i_56/O
                         net (fo=1, routed)           3.898     8.343    i_laser_lock_core/u_output_protect/product_q_reg_12
    SLICE_X36Y18         LUT3 (Prop_lut3_I2_O)        0.124     8.467 r  i_laser_lock_core/u_output_protect/product_q_reg_i_28/O
                         net (fo=3, routed)           0.998     9.465    i_scope/i_dfilt1_cha/adc_dat_i[0]
    DSP48_X1Y4           DSP48E1                                      r  i_scope/i_dfilt1_cha/bb_mult/B[0]
  -------------------------------------------------------------------    -------------------

                         (clock pll_adc_clk rise edge)
                                                      8.000     8.000 r  
    U18                                               0.000     8.000 r  adc_clk_i[1] (IN)
                         net (fo=0)                   0.000     8.000    adc_clk_i[1]
    U18                  IBUFDS (Prop_ibufds_I_O)     0.940     8.940 r  i_clk/O
                         net (fo=1, routed)           1.181    10.121    pll/adc_clk_in
    PLLE2_ADV_X0Y0       PLLE2_ADV (Prop_plle2_adv_CLKIN1_CLKOUT0)
                                                      0.084    10.205 r  pll/pll/CLKOUT0
                         net (fo=1, routed)           1.594    11.799    pll_adc_clk
    BUFGCTRL_X0Y0        BUFG (Prop_bufg_I_O)         0.091    11.890 r  bufg_adc_clk/O
                         net (fo=8587, routed)        1.587    13.477    i_scope/i_dfilt1_cha/clk_i
    DSP48_X1Y4           DSP48E1                                      r  i_scope/i_dfilt1_cha/bb_mult/CLK
                         clock pessimism              0.000    13.477    
                         clock uncertainty           -0.166    13.311    
    DSP48_X1Y4           DSP48E1 (Setup_dsp48e1_CLK_B[0])
                                                     -0.450    12.861    i_scope/i_dfilt1_cha/bb_mult
  -------------------------------------------------------------------
                         required time                         12.861    
                         arrival time                          -9.465    
  -------------------------------------------------------------------
                         slack                                  3.396    

Slack (MET) :             3.639ns  (required time - arrival time)
  Source:                 adc_dat_i[0][2]
                            (input port clocked by adc_clk  {rise@0.000ns fall@4.000ns period=8.000ns})
  Destination:            i_laser_lock_core/i_mixer_core/product_q_reg/A[0]
                            (rising edge-triggered cell DSP48E1 clocked by pll_adc_clk  {rise@0.000ns fall@4.000ns period=8.000ns})
  Path Group:             pll_adc_clk
  Path Type:              Setup (Max at Fast Process Corner)
  Requirement:            8.000ns  (pll_adc_clk rise@8.000ns - adc_clk rise@0.000ns)
  Data Path Delay:        2.756ns  (logic 0.519ns (18.825%)  route 2.237ns (81.175%))
  Logic Levels:           2  (IBUF=1 LUT3=1)
  Input Delay:            3.400ns
  Clock Path Skew:        2.061ns (DCD - SCD + CPR)
    Destination Clock Delay (DCD):    2.061ns = ( 10.061 - 8.000 ) 
    Source Clock Delay      (SCD):    0.000ns
    Clock Pessimism Removal (CPR):    0.000ns
  Clock Uncertainty:      0.166ns  ((TSJ^2 + DJ^2)^1/2) / 2 + PE
    Total System Jitter     (TSJ):    0.071ns
    Discrete Jitter          (DJ):    0.118ns
    Phase Error              (PE):    0.097ns

    Location             Delay type                Incr(ns)  Path(ns)    Netlist Resource(s)
  -------------------------------------------------------------------    -------------------
                         (clock adc_clk rise edge)    0.000     0.000 r  
                         input delay                  3.400     3.400    
    Y17                                               0.000     3.400 f  adc_dat_i[0][2] (IN)
                         net (fo=0)                   0.000     3.400    adc_dat_i[0][2]
    Y17                  IBUF (Prop_ibuf_I_O)         0.463     3.863 f  product_q_reg_i_56/O
                         net (fo=1, routed)           1.841     5.703    i_laser_lock_core/u_output_protect/product_q_reg_12
    SLICE_X36Y18         LUT3 (Prop_lut3_I2_O)        0.056     5.759 r  i_laser_lock_core/u_output_protect/product_q_reg_i_28/O
                         net (fo=3, routed)           0.397     6.156    i_laser_lock_core/i_mixer_core/A[0]
    DSP48_X1Y7           DSP48E1                                      r  i_laser_lock_core/i_mixer_core/product_q_reg/A[0]
  -------------------------------------------------------------------    -------------------

                         (clock pll_adc_clk rise edge)
                                                      8.000     8.000 r  
    U18                                               0.000     8.000 r  adc_clk_i[1] (IN)
                         net (fo=0)                   0.000     8.000    adc_clk_i[1]
    U18                  IBUFDS (Prop_ibufds_I_O)     0.401     8.401 r  i_clk/O
                         net (fo=1, routed)           0.440     8.842    pll/adc_clk_in
    PLLE2_ADV_X0Y0       PLLE2_ADV (Prop_plle2_adv_CLKIN1_CLKOUT0)
                                                      0.051     8.893 r  pll/pll/CLKOUT0
                         net (fo=1, routed)           0.497     9.390    pll_adc_clk
    BUFGCTRL_X0Y0        BUFG (Prop_bufg_I_O)         0.026     9.416 r  bufg_adc_clk/O
                         net (fo=8587, routed)        0.645    10.061    i_laser_lock_core/i_mixer_core/adc_clk
    DSP48_X1Y7           DSP48E1                                      r  i_laser_lock_core/i_mixer_core/product_q_reg/CLK
                         clock pessimism              0.000    10.061    
                         clock uncertainty           -0.166     9.895    
    DSP48_X1Y7           DSP48E1 (Setup_dsp48e1_CLK_A[0])
                                                     -0.100     9.795    i_laser_lock_core/i_mixer_core/product_q_reg
  -------------------------------------------------------------------
                         required time                          9.795    
                         arrival time                          -6.156    
  -------------------------------------------------------------------
                         slack                                  3.639    

Slack (MET) :             3.989ns  (required time - arrival time)
  Source:                 adc_dat_i[0][11]
                            (input port clocked by adc_clk  {rise@0.000ns fall@4.000ns period=8.000ns})
  Destination:            i_laser_lock_core/i_mixer_core/product_q_reg/A[9]
                            (rising edge-triggered cell DSP48E1 clocked by pll_adc_clk  {rise@0.000ns fall@4.000ns period=8.000ns})
  Path Group:             pll_adc_clk
  Path Type:              Setup (Max at Fast Process Corner)
  Requirement:            8.000ns  (pll_adc_clk rise@8.000ns - adc_clk rise@0.000ns)
  Data Path Delay:        2.322ns  (logic 0.465ns (20.030%)  route 1.857ns (79.970%))
  Logic Levels:           2  (IBUF=1 LUT3=1)
  Input Delay:            3.400ns
  Clock Path Skew:        2.061ns (DCD - SCD + CPR)
    Destination Clock Delay (DCD):    2.061ns = ( 10.061 - 8.000 ) 
    Source Clock Delay      (SCD):    0.000ns
    Clock Pessimism Removal (CPR):    0.000ns
  Clock Uncertainty:      0.166ns  ((TSJ^2 + DJ^2)^1/2) / 2 + PE
    Total System Jitter     (TSJ):    0.071ns
    Discrete Jitter          (DJ):    0.118ns
    Phase Error              (PE):    0.097ns

    Location             Delay type                Incr(ns)  Path(ns)    Netlist Resource(s)
  -------------------------------------------------------------------    -------------------
                         (clock adc_clk rise edge)    0.000     0.000 r  
                         input delay                  3.400     3.400    
    T14                                               0.000     3.400 f  adc_dat_i[0][11] (IN)
                         net (fo=0)                   0.000     3.400    adc_dat_i[0][11]
    T14                  IBUF (Prop_ibuf_I_O)         0.411     3.811 f  product_q_reg_i_47/O
                         net (fo=1, routed)           1.106     4.917    i_laser_lock_core/u_output_protect/product_q_reg_3
    SLICE_X36Y18         LUT3 (Prop_lut3_I2_O)        0.054     4.971 r  i_laser_lock_core/u_output_protect/product_q_reg_i_19/O
                         net (fo=3, routed)           0.751     5.722    i_laser_lock_core/i_mixer_core/A[9]
    DSP48_X1Y7           DSP48E1                                      r  i_laser_lock_core/i_mixer_core/product_q_reg/A[9]
  -------------------------------------------------------------------    -------------------

                         (clock pll_adc_clk rise edge)
                                                      8.000     8.000 r  
    U18                                               0.000     8.000 r  adc_clk_i[1] (IN)
                         net (fo=0)                   0.000     8.000    adc_clk_i[1]
    U18                  IBUFDS (Prop_ibufds_I_O)     0.401     8.401 r  i_clk/O
                         net (fo=1, routed)           0.440     8.842    pll/adc_clk_in
    PLLE2_ADV_X0Y0       PLLE2_ADV (Prop_plle2_adv_CLKIN1_CLKOUT0)
                                                      0.051     8.893 r  pll/pll/CLKOUT0
                         net (fo=1, routed)           0.497     9.390    pll_adc_clk
    BUFGCTRL_X0Y0        BUFG (Prop_bufg_I_O)         0.026     9.416 r  bufg_adc_clk/O
                         net (fo=8587, routed)        0.645    10.061    i_laser_lock_core/i_mixer_core/adc_clk
    DSP48_X1Y7           DSP48E1                                      r  i_laser_lock_core/i_mixer_core/product_q_reg/CLK
                         clock pessimism              0.000    10.061    
                         clock uncertainty           -0.166     9.895    
    DSP48_X1Y7           DSP48E1 (Setup_dsp48e1_CLK_A[9])
                                                     -0.184     9.711    i_laser_lock_core/i_mixer_core/product_q_reg
  -------------------------------------------------------------------
                         required time                          9.711    
                         arrival time                          -5.722    
  -------------------------------------------------------------------
                         slack                                  3.989    

Slack (MET) :             3.989ns  (required time - arrival time)
  Source:                 adc_dat_i[1][2]
                            (input port clocked by adc_clk  {rise@0.000ns fall@4.000ns period=8.000ns})
  Destination:            i_scope/i_dfilt1_chb/bb_mult/B[0]
                            (rising edge-triggered cell DSP48E1 clocked by pll_adc_clk  {rise@0.000ns fall@4.000ns period=8.000ns})
  Path Group:             pll_adc_clk
  Path Type:              Setup (Max at Fast Process Corner)
  Requirement:            8.000ns  (pll_adc_clk rise@8.000ns - adc_clk rise@0.000ns)
  Data Path Delay:        2.382ns  (logic 0.418ns (17.533%)  route 1.964ns (82.467%))
  Logic Levels:           2  (IBUF=1 LUT3=1)
  Input Delay:            3.400ns
  Clock Path Skew:        2.058ns (DCD - SCD + CPR)
    Destination Clock Delay (DCD):    2.058ns = ( 10.058 - 8.000 ) 
    Source Clock Delay      (SCD):    0.000ns
    Clock Pessimism Removal (CPR):    0.000ns
  Clock Uncertainty:      0.166ns  ((TSJ^2 + DJ^2)^1/2) / 2 + PE
    Total System Jitter     (TSJ):    0.071ns
    Discrete Jitter          (DJ):    0.118ns
    Phase Error              (PE):    0.097ns

    Location             Delay type                Incr(ns)  Path(ns)    Netlist Resource(s)
  -------------------------------------------------------------------    -------------------
                         (clock adc_clk rise edge)    0.000     0.000 r  
                         input delay                  3.400     3.400    
    R18                                               0.000     3.400 f  adc_dat_i[1][2] (IN)
                         net (fo=0)                   0.000     3.400    adc_dat_i[1][2]
    R18                  IBUF (Prop_ibuf_I_O)         0.362     3.762 f  product_q_reg_i_42/O
                         net (fo=1, routed)           1.288     5.050    i_out2_lock_controller/bb_mult_12
    SLICE_X42Y16         LUT3 (Prop_lut3_I2_O)        0.056     5.106 r  i_out2_lock_controller/product_q_reg_i_14/O
                         net (fo=3, routed)           0.676     5.782    i_scope/i_dfilt1_chb/bb_mult_2[0]
    DSP48_X1Y8           DSP48E1                                      r  i_scope/i_dfilt1_chb/bb_mult/B[0]
  -------------------------------------------------------------------    -------------------

                         (clock pll_adc_clk rise edge)
                                                      8.000     8.000 r  
    U18                                               0.000     8.000 r  adc_clk_i[1] (IN)
                         net (fo=0)                   0.000     8.000    adc_clk_i[1]
    U18                  IBUFDS (Prop_ibufds_I_O)     0.401     8.401 r  i_clk/O
                         net (fo=1, routed)           0.440     8.842    pll/adc_clk_in
    PLLE2_ADV_X0Y0       PLLE2_ADV (Prop_plle2_adv_CLKIN1_CLKOUT0)
                                                      0.051     8.893 r  pll/pll/CLKOUT0
                         net (fo=1, routed)           0.497     9.390    pll_adc_clk
    BUFGCTRL_X0Y0        BUFG (Prop_bufg_I_O)         0.026     9.416 r  bufg_adc_clk/O
                         net (fo=8587, routed)        0.642    10.058    i_scope/i_dfilt1_chb/clk_i
    DSP48_X1Y8           DSP48E1                                      r  i_scope/i_dfilt1_chb/bb_mult/CLK
                         clock pessimism              0.000    10.058    
                         clock uncertainty           -0.166     9.892    
    DSP48_X1Y8           DSP48E1 (Setup_dsp48e1_CLK_B[0])
                                                     -0.121     9.771    i_scope/i_dfilt1_chb/bb_mult
  -------------------------------------------------------------------
                         required time                          9.771    
                         arrival time                          -5.782    
  -------------------------------------------------------------------
                         slack                                  3.989    

Slack (MET) :             4.008ns  (required time - arrival time)
  Source:                 adc_dat_i[0][8]
                            (input port clocked by adc_clk  {rise@0.000ns fall@4.000ns period=8.000ns})
  Destination:            adc_dat_reg[0][6]/D
                            (rising edge-triggered cell FDRE clocked by pll_adc_clk  {rise@0.000ns fall@4.000ns period=8.000ns})
  Path Group:             pll_adc_clk
  Path Type:              Setup (Max at Fast Process Corner)
  Requirement:            8.000ns  (pll_adc_clk rise@8.000ns - adc_clk rise@0.000ns)
  Data Path Delay:        2.375ns  (logic 0.498ns (20.960%)  route 1.877ns (79.040%))
  Logic Levels:           2  (IBUF=1 LUT3=1)
  Input Delay:            3.400ns
  Clock Path Skew:        1.974ns (DCD - SCD + CPR)
    Destination Clock Delay (DCD):    1.974ns = ( 9.974 - 8.000 ) 
    Source Clock Delay      (SCD):    0.000ns
    Clock Pessimism Removal (CPR):    0.000ns
  Clock Uncertainty:      0.166ns  ((TSJ^2 + DJ^2)^1/2) / 2 + PE
    Total System Jitter     (TSJ):    0.071ns
    Discrete Jitter          (DJ):    0.118ns
    Phase Error              (PE):    0.097ns

    Location             Delay type                Incr(ns)  Path(ns)    Netlist Resource(s)
  -------------------------------------------------------------------    -------------------
                         (clock adc_clk rise edge)    0.000     0.000 r  
                         input delay                  3.400     3.400    
    W13                                               0.000     3.400 f  adc_dat_i[0][8] (IN)
                         net (fo=0)                   0.000     3.400    adc_dat_i[0][8]
    W13                  IBUF (Prop_ibuf_I_O)         0.442     3.842 f  product_q_reg_i_50/O
                         net (fo=1, routed)           1.176     5.018    i_laser_lock_core/u_output_protect/product_q_reg_6
    SLICE_X42Y17         LUT3 (Prop_lut3_I2_O)        0.056     5.074 r  i_laser_lock_core/u_output_protect/product_q_reg_i_22/O
                         net (fo=3, routed)           0.702     5.775    i_laser_lock_core_n_52
    SLICE_X33Y14         FDRE                                         r  adc_dat_reg[0][6]/D
  -------------------------------------------------------------------    -------------------

                         (clock pll_adc_clk rise edge)
                                                      8.000     8.000 r  
    U18                                               0.000     8.000 r  adc_clk_i[1] (IN)
                         net (fo=0)                   0.000     8.000    adc_clk_i[1]
    U18                  IBUFDS (Prop_ibufds_I_O)     0.401     8.401 r  i_clk/O
                         net (fo=1, routed)           0.440     8.842    pll/adc_clk_in
    PLLE2_ADV_X0Y0       PLLE2_ADV (Prop_plle2_adv_CLKIN1_CLKOUT0)
                                                      0.051     8.893 r  pll/pll/CLKOUT0
                         net (fo=1, routed)           0.497     9.390    pll_adc_clk
    BUFGCTRL_X0Y0        BUFG (Prop_bufg_I_O)         0.026     9.416 r  bufg_adc_clk/O
                         net (fo=8587, routed)        0.559     9.974    adc_clk
    SLICE_X33Y14         FDRE                                         r  adc_dat_reg[0][6]/C
                         clock pessimism              0.000     9.974    
                         clock uncertainty           -0.166     9.808    
    SLICE_X33Y14         FDRE (Setup_fdre_C_D)       -0.025     9.783    adc_dat_reg[0][6]
  -------------------------------------------------------------------
                         required time                          9.783    
                         arrival time                          -5.775    
  -------------------------------------------------------------------
                         slack                                  4.008    

Slack (MET) :             4.077ns  (required time - arrival time)
  Source:                 adc_dat_i[0][8]
                            (input port clocked by adc_clk  {rise@0.000ns fall@4.000ns period=8.000ns})
  Destination:            i_scope/i_dfilt1_cha/bb_mult/B[6]
                            (rising edge-triggered cell DSP48E1 clocked by pll_adc_clk  {rise@0.000ns fall@4.000ns period=8.000ns})
  Path Group:             pll_adc_clk
  Path Type:              Setup (Max at Fast Process Corner)
  Requirement:            8.000ns  (pll_adc_clk rise@8.000ns - adc_clk rise@0.000ns)
  Data Path Delay:        2.302ns  (logic 0.498ns (21.625%)  route 1.804ns (78.375%))
  Logic Levels:           2  (IBUF=1 LUT3=1)
  Input Delay:            3.400ns
  Clock Path Skew:        2.066ns (DCD - SCD + CPR)
    Destination Clock Delay (DCD):    2.066ns = ( 10.066 - 8.000 ) 
    Source Clock Delay      (SCD):    0.000ns
    Clock Pessimism Removal (CPR):    0.000ns
  Clock Uncertainty:      0.166ns  ((TSJ^2 + DJ^2)^1/2) / 2 + PE
    Total System Jitter     (TSJ):    0.071ns
    Discrete Jitter          (DJ):    0.118ns
    Phase Error              (PE):    0.097ns

    Location             Delay type                Incr(ns)  Path(ns)    Netlist Resource(s)
  -------------------------------------------------------------------    -------------------
                         (clock adc_clk rise edge)    0.000     0.000 r  
                         input delay                  3.400     3.400    
    W13                                               0.000     3.400 f  adc_dat_i[0][8] (IN)
                         net (fo=0)                   0.000     3.400    adc_dat_i[0][8]
    W13                  IBUF (Prop_ibuf_I_O)         0.442     3.842 f  product_q_reg_i_50/O
                         net (fo=1, routed)           1.176     5.018    i_laser_lock_core/u_output_protect/product_q_reg_6
    SLICE_X42Y17         LUT3 (Prop_lut3_I2_O)        0.056     5.074 r  i_laser_lock_core/u_output_protect/product_q_reg_i_22/O
                         net (fo=3, routed)           0.628     5.702    i_scope/i_dfilt1_cha/adc_dat_i[6]
    DSP48_X1Y4           DSP48E1                                      r  i_scope/i_dfilt1_cha/bb_mult/B[6]
  -------------------------------------------------------------------    -------------------

                         (clock pll_adc_clk rise edge)
                                                      8.000     8.000 r  
    U18                                               0.000     8.000 r  adc_clk_i[1] (IN)
                         net (fo=0)                   0.000     8.000    adc_clk_i[1]
    U18                  IBUFDS (Prop_ibufds_I_O)     0.401     8.401 r  i_clk/O
                         net (fo=1, routed)           0.440     8.842    pll/adc_clk_in
    PLLE2_ADV_X0Y0       PLLE2_ADV (Prop_plle2_adv_CLKIN1_CLKOUT0)
                                                      0.051     8.893 r  pll/pll/CLKOUT0
                         net (fo=1, routed)           0.497     9.390    pll_adc_clk
    BUFGCTRL_X0Y0        BUFG (Prop_bufg_I_O)         0.026     9.416 r  bufg_adc_clk/O
                         net (fo=8587, routed)        0.650    10.066    i_scope/i_dfilt1_cha/clk_i
    DSP48_X1Y4           DSP48E1                                      r  i_scope/i_dfilt1_cha/bb_mult/CLK
                         clock pessimism              0.000    10.066    
                         clock uncertainty           -0.166     9.900    
    DSP48_X1Y4           DSP48E1 (Setup_dsp48e1_CLK_B[6])
                                                     -0.121     9.779    i_scope/i_dfilt1_cha/bb_mult
  -------------------------------------------------------------------
                         required time                          9.779    
                         arrival time                          -5.702    
  -------------------------------------------------------------------
                         slack                                  4.077    

Slack (MET) :             4.086ns  (required time - arrival time)
  Source:                 adc_dat_i[0][2]
                            (input port clocked by adc_clk  {rise@0.000ns fall@4.000ns period=8.000ns})
  Destination:            adc_dat_reg[0][0]/D
                            (rising edge-triggered cell FDRE clocked by pll_adc_clk  {rise@0.000ns fall@4.000ns period=8.000ns})
  Path Group:             pll_adc_clk
  Path Type:              Setup (Max at Fast Process Corner)
  Requirement:            8.000ns  (pll_adc_clk rise@8.000ns - adc_clk rise@0.000ns)
  Data Path Delay:        2.359ns  (logic 0.519ns (21.990%)  route 1.841ns (78.010%))
  Logic Levels:           2  (IBUF=1 LUT3=1)
  Input Delay:            3.400ns
  Clock Path Skew:        1.998ns (DCD - SCD + CPR)
    Destination Clock Delay (DCD):    1.998ns = ( 9.998 - 8.000 ) 
    Source Clock Delay      (SCD):    0.000ns
    Clock Pessimism Removal (CPR):    0.000ns
  Clock Uncertainty:      0.166ns  ((TSJ^2 + DJ^2)^1/2) / 2 + PE
    Total System Jitter     (TSJ):    0.071ns
    Discrete Jitter          (DJ):    0.118ns
    Phase Error              (PE):    0.097ns

    Location             Delay type                Incr(ns)  Path(ns)    Netlist Resource(s)
  -------------------------------------------------------------------    -------------------
                         (clock adc_clk rise edge)    0.000     0.000 r  
                         input delay                  3.400     3.400    
    Y17                                               0.000     3.400 f  adc_dat_i[0][2] (IN)
                         net (fo=0)                   0.000     3.400    adc_dat_i[0][2]
    Y17                  IBUF (Prop_ibuf_I_O)         0.463     3.863 f  product_q_reg_i_56/O
                         net (fo=1, routed)           1.841     5.703    i_laser_lock_core/u_output_protect/product_q_reg_12
    SLICE_X36Y18         LUT3 (Prop_lut3_I2_O)        0.056     5.759 r  i_laser_lock_core/u_output_protect/product_q_reg_i_28/O
                         net (fo=3, routed)           0.000     5.759    i_laser_lock_core_n_58
    SLICE_X36Y18         FDRE                                         r  adc_dat_reg[0][0]/D
  -------------------------------------------------------------------    -------------------

                         (clock pll_adc_clk rise edge)
                                                      8.000     8.000 r  
    U18                                               0.000     8.000 r  adc_clk_i[1] (IN)
                         net (fo=0)                   0.000     8.000    adc_clk_i[1]
    U18                  IBUFDS (Prop_ibufds_I_O)     0.401     8.401 r  i_clk/O
                         net (fo=1, routed)           0.440     8.842    pll/adc_clk_in
    PLLE2_ADV_X0Y0       PLLE2_ADV (Prop_plle2_adv_CLKIN1_CLKOUT0)
                                                      0.051     8.893 r  pll/pll/CLKOUT0
                         net (fo=1, routed)           0.497     9.390    pll_adc_clk
    BUFGCTRL_X0Y0        BUFG (Prop_bufg_I_O)         0.026     9.416 r  bufg_adc_clk/O
                         net (fo=8587, routed)        0.583     9.998    adc_clk
    SLICE_X36Y18         FDRE                                         r  adc_dat_reg[0][0]/C
                         clock pessimism              0.000     9.998    
                         clock uncertainty           -0.166     9.832    
    SLICE_X36Y18         FDRE (Setup_fdre_C_D)        0.013     9.845    adc_dat_reg[0][0]
  -------------------------------------------------------------------
                         required time                          9.845    
                         arrival time                          -5.759    
  -------------------------------------------------------------------
                         slack                                  4.086    

Slack (MET) :             4.113ns  (required time - arrival time)
  Source:                 adc_dat_i[1][10]
                            (input port clocked by adc_clk  {rise@0.000ns fall@4.000ns period=8.000ns})
  Destination:            i_scope/i_dfilt1_chb/bb_mult/B[8]
                            (rising edge-triggered cell DSP48E1 clocked by pll_adc_clk  {rise@0.000ns fall@4.000ns period=8.000ns})
  Path Group:             pll_adc_clk
  Path Type:              Setup (Max at Fast Process Corner)
  Requirement:            8.000ns  (pll_adc_clk rise@8.000ns - adc_clk rise@0.000ns)
  Data Path Delay:        2.176ns  (logic 0.450ns (20.657%)  route 1.727ns (79.343%))
  Logic Levels:           2  (IBUF=1 LUT3=1)
  Input Delay:            3.400ns
  Clock Path Skew:        2.058ns (DCD - SCD + CPR)
    Destination Clock Delay (DCD):    2.058ns = ( 10.058 - 8.000 ) 
    Source Clock Delay      (SCD):    0.000ns
    Clock Pessimism Removal (CPR):    0.000ns
  Clock Uncertainty:      0.166ns  ((TSJ^2 + DJ^2)^1/2) / 2 + PE
    Total System Jitter     (TSJ):    0.071ns
    Discrete Jitter          (DJ):    0.118ns
    Phase Error              (PE):    0.097ns

    Location             Delay type                Incr(ns)  Path(ns)    Netlist Resource(s)
  -------------------------------------------------------------------    -------------------
                         (clock adc_clk rise edge)    0.000     0.000 r  
                         input delay                  3.400     3.400    
    V20                                               0.000     3.400 f  adc_dat_i[1][10] (IN)
                         net (fo=0)                   0.000     3.400    adc_dat_i[1][10]
    V20                  IBUF (Prop_ibuf_I_O)         0.393     3.793 f  product_q_reg_i_34/O
                         net (fo=1, routed)           1.108     4.901    i_out2_lock_controller/bb_mult_4
    SLICE_X42Y17         LUT3 (Prop_lut3_I2_O)        0.057     4.958 r  i_out2_lock_controller/product_q_reg_i_6/O
                         net (fo=3, routed)           0.619     5.576    i_scope/i_dfilt1_chb/bb_mult_2[8]
    DSP48_X1Y8           DSP48E1                                      r  i_scope/i_dfilt1_chb/bb_mult/B[8]
  -------------------------------------------------------------------    -------------------

                         (clock pll_adc_clk rise edge)
                                                      8.000     8.000 r  
    U18                                               0.000     8.000 r  adc_clk_i[1] (IN)
                         net (fo=0)                   0.000     8.000    adc_clk_i[1]
    U18                  IBUFDS (Prop_ibufds_I_O)     0.401     8.401 r  i_clk/O
                         net (fo=1, routed)           0.440     8.842    pll/adc_clk_in
    PLLE2_ADV_X0Y0       PLLE2_ADV (Prop_plle2_adv_CLKIN1_CLKOUT0)
                                                      0.051     8.893 r  pll/pll/CLKOUT0
                         net (fo=1, routed)           0.497     9.390    pll_adc_clk
    BUFGCTRL_X0Y0        BUFG (Prop_bufg_I_O)         0.026     9.416 r  bufg_adc_clk/O
                         net (fo=8587, routed)        0.642    10.058    i_scope/i_dfilt1_chb/clk_i
    DSP48_X1Y8           DSP48E1                                      r  i_scope/i_dfilt1_chb/bb_mult/CLK
                         clock pessimism              0.000    10.058    
                         clock uncertainty           -0.166     9.892    
    DSP48_X1Y8           DSP48E1 (Setup_dsp48e1_CLK_B[8])
                                                     -0.203     9.689    i_scope/i_dfilt1_chb/bb_mult
  -------------------------------------------------------------------
                         required time                          9.689    
                         arrival time                          -5.576    
  -------------------------------------------------------------------
                         slack                                  4.113    

Slack (MET) :             4.132ns  (required time - arrival time)
  Source:                 adc_dat_i[0][11]
                            (input port clocked by adc_clk  {rise@0.000ns fall@4.000ns period=8.000ns})
  Destination:            i_scope/i_dfilt1_cha/bb_mult/B[9]
                            (rising edge-triggered cell DSP48E1 clocked by pll_adc_clk  {rise@0.000ns fall@4.000ns period=8.000ns})
  Path Group:             pll_adc_clk
  Path Type:              Setup (Max at Fast Process Corner)
  Requirement:            8.000ns  (pll_adc_clk rise@8.000ns - adc_clk rise@0.000ns)
  Data Path Delay:        2.163ns  (logic 0.465ns (21.507%)  route 1.698ns (78.493%))
  Logic Levels:           2  (IBUF=1 LUT3=1)
  Input Delay:            3.400ns
  Clock Path Skew:        2.066ns (DCD - SCD + CPR)
    Destination Clock Delay (DCD):    2.066ns = ( 10.066 - 8.000 ) 
    Source Clock Delay      (SCD):    0.000ns
    Clock Pessimism Removal (CPR):    0.000ns
  Clock Uncertainty:      0.166ns  ((TSJ^2 + DJ^2)^1/2) / 2 + PE
    Total System Jitter     (TSJ):    0.071ns
    Discrete Jitter          (DJ):    0.118ns
    Phase Error              (PE):    0.097ns

    Location             Delay type                Incr(ns)  Path(ns)    Netlist Resource(s)
  -------------------------------------------------------------------    -------------------
                         (clock adc_clk rise edge)    0.000     0.000 r  
                         input delay                  3.400     3.400    
    T14                                               0.000     3.400 f  adc_dat_i[0][11] (IN)
                         net (fo=0)                   0.000     3.400    adc_dat_i[0][11]
    T14                  IBUF (Prop_ibuf_I_O)         0.411     3.811 f  product_q_reg_i_47/O
                         net (fo=1, routed)           1.106     4.917    i_laser_lock_core/u_output_protect/product_q_reg_3
    SLICE_X36Y18         LUT3 (Prop_lut3_I2_O)        0.054     4.971 r  i_laser_lock_core/u_output_protect/product_q_reg_i_19/O
                         net (fo=3, routed)           0.591     5.563    i_scope/i_dfilt1_cha/adc_dat_i[9]
    DSP48_X1Y4           DSP48E1                                      r  i_scope/i_dfilt1_cha/bb_mult/B[9]
  -------------------------------------------------------------------    -------------------

                         (clock pll_adc_clk rise edge)
                                                      8.000     8.000 r  
    U18                                               0.000     8.000 r  adc_clk_i[1] (IN)
                         net (fo=0)                   0.000     8.000    adc_clk_i[1]
    U18                  IBUFDS (Prop_ibufds_I_O)     0.401     8.401 r  i_clk/O
                         net (fo=1, routed)           0.440     8.842    pll/adc_clk_in
    PLLE2_ADV_X0Y0       PLLE2_ADV (Prop_plle2_adv_CLKIN1_CLKOUT0)
                                                      0.051     8.893 r  pll/pll/CLKOUT0
                         net (fo=1, routed)           0.497     9.390    pll_adc_clk
    BUFGCTRL_X0Y0        BUFG (Prop_bufg_I_O)         0.026     9.416 r  bufg_adc_clk/O
                         net (fo=8587, routed)        0.650    10.066    i_scope/i_dfilt1_cha/clk_i
    DSP48_X1Y4           DSP48E1                                      r  i_scope/i_dfilt1_cha/bb_mult/CLK
                         clock pessimism              0.000    10.066    
                         clock uncertainty           -0.166     9.900    
    DSP48_X1Y4           DSP48E1 (Setup_dsp48e1_CLK_B[9])
                                                     -0.205     9.695    i_scope/i_dfilt1_cha/bb_mult
  -------------------------------------------------------------------
                         required time                          9.695    
                         arrival time                          -5.563    
  -------------------------------------------------------------------
                         slack                                  4.132    

Slack (MET) :             4.138ns  (required time - arrival time)
  Source:                 adc_dat_i[0][9]
                            (input port clocked by adc_clk  {rise@0.000ns fall@4.000ns period=8.000ns})
  Destination:            i_scope/i_dfilt1_cha/bb_mult/B[7]
                            (rising edge-triggered cell DSP48E1 clocked by pll_adc_clk  {rise@0.000ns fall@4.000ns period=8.000ns})
  Path Group:             pll_adc_clk
  Path Type:              Setup (Max at Fast Process Corner)
  Requirement:            8.000ns  (pll_adc_clk rise@8.000ns - adc_clk rise@0.000ns)
  Data Path Delay:        2.163ns  (logic 0.490ns (22.668%)  route 1.673ns (77.332%))
  Logic Levels:           2  (IBUF=1 LUT3=1)
  Input Delay:            3.400ns
  Clock Path Skew:        2.066ns (DCD - SCD + CPR)
    Destination Clock Delay (DCD):    2.066ns = ( 10.066 - 8.000 ) 
    Source Clock Delay      (SCD):    0.000ns
    Clock Pessimism Removal (CPR):    0.000ns
  Clock Uncertainty:      0.166ns  ((TSJ^2 + DJ^2)^1/2) / 2 + PE
    Total System Jitter     (TSJ):    0.071ns
    Discrete Jitter          (DJ):    0.118ns
    Phase Error              (PE):    0.097ns

    Location             Delay type                Incr(ns)  Path(ns)    Netlist Resource(s)
  -------------------------------------------------------------------    -------------------
                         (clock adc_clk rise edge)    0.000     0.000 r  
                         input delay                  3.400     3.400    
    V12                                               0.000     3.400 f  adc_dat_i[0][9] (IN)
                         net (fo=0)                   0.000     3.400    adc_dat_i[0][9]
    V12                  IBUF (Prop_ibuf_I_O)         0.435     3.835 f  product_q_reg_i_49/O
                         net (fo=1, routed)           1.062     4.898    i_laser_lock_core/u_output_protect/product_q_reg_5
    SLICE_X36Y18         LUT3 (Prop_lut3_I2_O)        0.055     4.953 r  i_laser_lock_core/u_output_protect/product_q_reg_i_21/O
                         net (fo=3, routed)           0.611     5.563    i_scope/i_dfilt1_cha/adc_dat_i[7]
    DSP48_X1Y4           DSP48E1                                      r  i_scope/i_dfilt1_cha/bb_mult/B[7]
  -------------------------------------------------------------------    -------------------

                         (clock pll_adc_clk rise edge)
                                                      8.000     8.000 r  
    U18                                               0.000     8.000 r  adc_clk_i[1] (IN)
                         net (fo=0)                   0.000     8.000    adc_clk_i[1]
    U18                  IBUFDS (Prop_ibufds_I_O)     0.401     8.401 r  i_clk/O
                         net (fo=1, routed)           0.440     8.842    pll/adc_clk_in
    PLLE2_ADV_X0Y0       PLLE2_ADV (Prop_plle2_adv_CLKIN1_CLKOUT0)
                                                      0.051     8.893 r  pll/pll/CLKOUT0
                         net (fo=1, routed)           0.497     9.390    pll_adc_clk
    BUFGCTRL_X0Y0        BUFG (Prop_bufg_I_O)         0.026     9.416 r  bufg_adc_clk/O
                         net (fo=8587, routed)        0.650    10.066    i_scope/i_dfilt1_cha/clk_i
    DSP48_X1Y4           DSP48E1                                      r  i_scope/i_dfilt1_cha/bb_mult/CLK
                         clock pessimism              0.000    10.066    
                         clock uncertainty           -0.166     9.900    
    DSP48_X1Y4           DSP48E1 (Setup_dsp48e1_CLK_B[7])
                                                     -0.199     9.701    i_scope/i_dfilt1_cha/bb_mult
  -------------------------------------------------------------------
                         required time                          9.701    
                         arrival time                          -5.563    
  -------------------------------------------------------------------
                         slack                                  4.138    





Min Delay Paths
--------------------------------------------------------------------------------------
Slack (MET) :             0.107ns  (arrival time - required time)
  Source:                 adc_dat_i[1][8]
                            (input port clocked by adc_clk  {rise@0.000ns fall@4.000ns period=8.000ns})
  Destination:            i_laser_lock_core/i_mixer_core/product_q_reg/B[6]
                            (rising edge-triggered cell DSP48E1 clocked by pll_adc_clk  {rise@0.000ns fall@4.000ns period=8.000ns})
  Path Group:             pll_adc_clk
  Path Type:              Hold (Min at Slow Process Corner)
  Requirement:            0.000ns  (pll_adc_clk rise@0.000ns - adc_clk rise@0.000ns)
  Data Path Delay:        2.855ns  (logic 0.910ns (31.885%)  route 1.945ns (68.115%))
  Logic Levels:           2  (IBUF=1 LUT3=1)
  Input Delay:            3.400ns
  Clock Path Skew:        5.986ns (DCD - SCD - CPR)
    Destination Clock Delay (DCD):    5.986ns
    Source Clock Delay      (SCD):    0.000ns
    Clock Pessimism Removal (CPR):    -0.000ns
  Clock Uncertainty:      0.166ns  ((TSJ^2 + DJ^2)^1/2) / 2 + PE
    Total System Jitter     (TSJ):    0.071ns
    Discrete Jitter          (DJ):    0.118ns
    Phase Error              (PE):    0.097ns

    Location             Delay type                Incr(ns)  Path(ns)    Netlist Resource(s)
  -------------------------------------------------------------------    -------------------
                         (clock adc_clk rise edge)    0.000     0.000 r  
                         input delay                  3.400     3.400    
    T19                                               0.000     3.400 f  adc_dat_i[1][8] (IN)
                         net (fo=0)                   0.000     3.400    adc_dat_i[1][8]
    T19                  IBUF (Prop_ibuf_I_O)         0.816     4.216 f  product_q_reg_i_36/O
                         net (fo=1, routed)           1.240     5.456    i_out2_lock_controller/bb_mult_6
    SLICE_X42Y16         LUT3 (Prop_lut3_I2_O)        0.094     5.550 r  i_out2_lock_controller/product_q_reg_i_8/O
                         net (fo=3, routed)           0.705     6.255    i_laser_lock_core/i_mixer_core/product_q_reg_0[6]
    DSP48_X1Y7           DSP48E1                                      r  i_laser_lock_core/i_mixer_core/product_q_reg/B[6]
  -------------------------------------------------------------------    -------------------

                         (clock pll_adc_clk rise edge)
                                                      0.000     0.000 r  
    U18                                               0.000     0.000 r  adc_clk_i[1] (IN)
                         net (fo=0)                   0.000     0.000    adc_clk_i[1]
    U18                  IBUFDS (Prop_ibufds_I_O)     0.983     0.983 r  i_clk/O
                         net (fo=1, routed)           1.306     2.289    pll/adc_clk_in
    PLLE2_ADV_X0Y0       PLLE2_ADV (Prop_plle2_adv_CLKIN1_CLKOUT0)
                                                      0.089     2.378 r  pll/pll/CLKOUT0
                         net (fo=1, routed)           1.754     4.132    pll_adc_clk
    BUFGCTRL_X0Y0        BUFG (Prop_bufg_I_O)         0.101     4.233 r  bufg_adc_clk/O
                         net (fo=8587, routed)        1.753     5.986    i_laser_lock_core/i_mixer_core/adc_clk
    DSP48_X1Y7           DSP48E1                                      r  i_laser_lock_core/i_mixer_core/product_q_reg/CLK
                         clock pessimism              0.000     5.986    
                         clock uncertainty            0.166     6.151    
    DSP48_X1Y7           DSP48E1 (Hold_dsp48e1_CLK_B[6])
                                                     -0.003     6.148    i_laser_lock_core/i_mixer_core/product_q_reg
  -------------------------------------------------------------------
                         required time                         -6.148    
                         arrival time                           6.255    
  -------------------------------------------------------------------
                         slack                                  0.107    

Slack (MET) :             0.108ns  (arrival time - required time)
  Source:                 adc_dat_i[1][11]
                            (input port clocked by adc_clk  {rise@0.000ns fall@4.000ns period=8.000ns})
  Destination:            adc_dat_reg[1][9]/D
                            (rising edge-triggered cell FDRE clocked by pll_adc_clk  {rise@0.000ns fall@4.000ns period=8.000ns})
  Path Group:             pll_adc_clk
  Path Type:              Hold (Min at Slow Process Corner)
  Requirement:            0.000ns  (pll_adc_clk rise@0.000ns - adc_clk rise@0.000ns)
  Data Path Delay:        2.840ns  (logic 0.965ns (33.979%)  route 1.875ns (66.021%))
  Logic Levels:           2  (IBUF=1 LUT3=1)
  Input Delay:            3.400ns
  Clock Path Skew:        5.889ns (DCD - SCD - CPR)
    Destination Clock Delay (DCD):    5.889ns
    Source Clock Delay      (SCD):    0.000ns
    Clock Pessimism Removal (CPR):    -0.000ns
  Clock Uncertainty:      0.166ns  ((TSJ^2 + DJ^2)^1/2) / 2 + PE
    Total System Jitter     (TSJ):    0.071ns
    Discrete Jitter          (DJ):    0.118ns
    Phase Error              (PE):    0.097ns

    Location             Delay type                Incr(ns)  Path(ns)    Netlist Resource(s)
  -------------------------------------------------------------------    -------------------
                         (clock adc_clk rise edge)    0.000     0.000 r  
                         input delay                  3.400     3.400    
    W20                                               0.000     3.400 f  adc_dat_i[1][11] (IN)
                         net (fo=0)                   0.000     3.400    adc_dat_i[1][11]
    W20                  IBUF (Prop_ibuf_I_O)         0.843     4.243 f  product_q_reg_i_33/O
                         net (fo=1, routed)           1.151     5.394    i_out2_lock_controller/bb_mult_3
    SLICE_X40Y18         LUT3 (Prop_lut3_I2_O)        0.122     5.516 r  i_out2_lock_controller/product_q_reg_i_5/O
                         net (fo=3, routed)           0.724     6.240    i_out2_lock_controller_n_83
    SLICE_X30Y23         FDRE                                         r  adc_dat_reg[1][9]/D
  -------------------------------------------------------------------    -------------------

                         (clock pll_adc_clk rise edge)
                                                      0.000     0.000 r  
    U18                                               0.000     0.000 r  adc_clk_i[1] (IN)
                         net (fo=0)                   0.000     0.000    adc_clk_i[1]
    U18                  IBUFDS (Prop_ibufds_I_O)     0.983     0.983 r  i_clk/O
                         net (fo=1, routed)           1.306     2.289    pll/adc_clk_in
    PLLE2_ADV_X0Y0       PLLE2_ADV (Prop_plle2_adv_CLKIN1_CLKOUT0)
                                                      0.089     2.378 r  pll/pll/CLKOUT0
                         net (fo=1, routed)           1.754     4.132    pll_adc_clk
    BUFGCTRL_X0Y0        BUFG (Prop_bufg_I_O)         0.101     4.233 r  bufg_adc_clk/O
                         net (fo=8587, routed)        1.656     5.889    adc_clk
    SLICE_X30Y23         FDRE                                         r  adc_dat_reg[1][9]/C
                         clock pessimism              0.000     5.889    
                         clock uncertainty            0.166     6.055    
    SLICE_X30Y23         FDRE (Hold_fdre_C_D)         0.078     6.133    adc_dat_reg[1][9]
  -------------------------------------------------------------------
                         required time                         -6.133    
                         arrival time                           6.240    
  -------------------------------------------------------------------
                         slack                                  0.108    

Slack (MET) :             0.130ns  (arrival time - required time)
  Source:                 adc_dat_i[1][7]
                            (input port clocked by adc_clk  {rise@0.000ns fall@4.000ns period=8.000ns})
  Destination:            i_laser_lock_core/i_mixer_core/product_q_reg/B[5]
                            (rising edge-triggered cell DSP48E1 clocked by pll_adc_clk  {rise@0.000ns fall@4.000ns period=8.000ns})
  Path Group:             pll_adc_clk
  Path Type:              Hold (Min at Slow Process Corner)
  Requirement:            0.000ns  (pll_adc_clk rise@0.000ns - adc_clk rise@0.000ns)
  Data Path Delay:        2.891ns  (logic 0.955ns (33.027%)  route 1.936ns (66.973%))
  Logic Levels:           2  (IBUF=1 LUT3=1)
  Input Delay:            3.400ns
  Clock Path Skew:        5.986ns (DCD - SCD - CPR)
    Destination Clock Delay (DCD):    5.986ns
    Source Clock Delay      (SCD):    0.000ns
    Clock Pessimism Removal (CPR):    -0.000ns
  Clock Uncertainty:      0.166ns  ((TSJ^2 + DJ^2)^1/2) / 2 + PE
    Total System Jitter     (TSJ):    0.071ns
    Discrete Jitter          (DJ):    0.118ns
    Phase Error              (PE):    0.097ns

    Location             Delay type                Incr(ns)  Path(ns)    Netlist Resource(s)
  -------------------------------------------------------------------    -------------------
                         (clock adc_clk rise edge)    0.000     0.000 r  
                         input delay                  3.400     3.400    
    T20                                               0.000     3.400 f  adc_dat_i[1][7] (IN)
                         net (fo=0)                   0.000     3.400    adc_dat_i[1][7]
    T20                  IBUF (Prop_ibuf_I_O)         0.834     4.234 f  product_q_reg_i_37/O
                         net (fo=1, routed)           0.981     5.215    i_out2_lock_controller/bb_mult_7
    SLICE_X41Y19         LUT3 (Prop_lut3_I2_O)        0.121     5.336 r  i_out2_lock_controller/product_q_reg_i_9/O
                         net (fo=3, routed)           0.955     6.291    i_laser_lock_core/i_mixer_core/product_q_reg_0[5]
    DSP48_X1Y7           DSP48E1                                      r  i_laser_lock_core/i_mixer_core/product_q_reg/B[5]
  -------------------------------------------------------------------    -------------------

                         (clock pll_adc_clk rise edge)
                                                      0.000     0.000 r  
    U18                                               0.000     0.000 r  adc_clk_i[1] (IN)
                         net (fo=0)                   0.000     0.000    adc_clk_i[1]
    U18                  IBUFDS (Prop_ibufds_I_O)     0.983     0.983 r  i_clk/O
                         net (fo=1, routed)           1.306     2.289    pll/adc_clk_in
    PLLE2_ADV_X0Y0       PLLE2_ADV (Prop_plle2_adv_CLKIN1_CLKOUT0)
                                                      0.089     2.378 r  pll/pll/CLKOUT0
                         net (fo=1, routed)           1.754     4.132    pll_adc_clk
    BUFGCTRL_X0Y0        BUFG (Prop_bufg_I_O)         0.101     4.233 r  bufg_adc_clk/O
                         net (fo=8587, routed)        1.753     5.986    i_laser_lock_core/i_mixer_core/adc_clk
    DSP48_X1Y7           DSP48E1                                      r  i_laser_lock_core/i_mixer_core/product_q_reg/CLK
                         clock pessimism              0.000     5.986    
                         clock uncertainty            0.166     6.151    
    DSP48_X1Y7           DSP48E1 (Hold_dsp48e1_CLK_B[5])
                                                      0.010     6.161    i_laser_lock_core/i_mixer_core/product_q_reg
  -------------------------------------------------------------------
                         required time                         -6.161    
                         arrival time                           6.291    
  -------------------------------------------------------------------
                         slack                                  0.130    

Slack (MET) :             0.166ns  (arrival time - required time)
  Source:                 adc_dat_i[0][14]
                            (input port clocked by adc_clk  {rise@0.000ns fall@4.000ns period=8.000ns})
  Destination:            adc_dat_reg[0][12]/D
                            (rising edge-triggered cell FDRE clocked by pll_adc_clk  {rise@0.000ns fall@4.000ns period=8.000ns})
  Path Group:             pll_adc_clk
  Path Type:              Hold (Min at Slow Process Corner)
  Requirement:            0.000ns  (pll_adc_clk rise@0.000ns - adc_clk rise@0.000ns)
  Data Path Delay:        3.023ns  (logic 0.979ns (32.393%)  route 2.043ns (67.607%))
  Logic Levels:           2  (IBUF=1 LUT3=1)
  Input Delay:            3.400ns
  Clock Path Skew:        5.899ns (DCD - SCD - CPR)
    Destination Clock Delay (DCD):    5.899ns
    Source Clock Delay      (SCD):    0.000ns
    Clock Pessimism Removal (CPR):    -0.000ns
  Clock Uncertainty:      0.166ns  ((TSJ^2 + DJ^2)^1/2) / 2 + PE
    Total System Jitter     (TSJ):    0.071ns
    Discrete Jitter          (DJ):    0.118ns
    Phase Error              (PE):    0.097ns

    Location             Delay type                Incr(ns)  Path(ns)    Netlist Resource(s)
  -------------------------------------------------------------------    -------------------
                         (clock adc_clk rise edge)    0.000     0.000 r  
                         input delay                  3.400     3.400    
    T16                                               0.000     3.400 f  adc_dat_i[0][14] (IN)
                         net (fo=0)                   0.000     3.400    adc_dat_i[0][14]
    T16                  IBUF (Prop_ibuf_I_O)         0.879     4.279 f  product_q_reg_i_44/O
                         net (fo=1, routed)           1.389     5.668    i_laser_lock_core/u_output_protect/product_q_reg_0
    SLICE_X42Y18         LUT3 (Prop_lut3_I2_O)        0.100     5.768 r  i_laser_lock_core/u_output_protect/product_q_reg_i_16/O
                         net (fo=3, routed)           0.655     6.423    i_laser_lock_core_n_46
    SLICE_X35Y16         FDRE                                         r  adc_dat_reg[0][12]/D
  -------------------------------------------------------------------    -------------------

                         (clock pll_adc_clk rise edge)
                                                      0.000     0.000 r  
    U18                                               0.000     0.000 r  adc_clk_i[1] (IN)
                         net (fo=0)                   0.000     0.000    adc_clk_i[1]
    U18                  IBUFDS (Prop_ibufds_I_O)     0.983     0.983 r  i_clk/O
                         net (fo=1, routed)           1.306     2.289    pll/adc_clk_in
    PLLE2_ADV_X0Y0       PLLE2_ADV (Prop_plle2_adv_CLKIN1_CLKOUT0)
                                                      0.089     2.378 r  pll/pll/CLKOUT0
                         net (fo=1, routed)           1.754     4.132    pll_adc_clk
    BUFGCTRL_X0Y0        BUFG (Prop_bufg_I_O)         0.101     4.233 r  bufg_adc_clk/O
                         net (fo=8587, routed)        1.666     5.899    adc_clk
    SLICE_X35Y16         FDRE                                         r  adc_dat_reg[0][12]/C
                         clock pessimism              0.000     5.899    
                         clock uncertainty            0.166     6.065    
    SLICE_X35Y16         FDRE (Hold_fdre_C_D)         0.192     6.257    adc_dat_reg[0][12]
  -------------------------------------------------------------------
                         required time                         -6.257    
                         arrival time                           6.423    
  -------------------------------------------------------------------
                         slack                                  0.166    

Slack (MET) :             0.171ns  (arrival time - required time)
  Source:                 adc_dat_i[0][13]
                            (input port clocked by adc_clk  {rise@0.000ns fall@4.000ns period=8.000ns})
  Destination:            i_laser_lock_core/i_mixer_core/product_q_reg/A[11]
                            (rising edge-triggered cell DSP48E1 clocked by pll_adc_clk  {rise@0.000ns fall@4.000ns period=8.000ns})
  Path Group:             pll_adc_clk
  Path Type:              Hold (Min at Slow Process Corner)
  Requirement:            0.000ns  (pll_adc_clk rise@0.000ns - adc_clk rise@0.000ns)
  Data Path Delay:        3.062ns  (logic 1.020ns (33.301%)  route 2.042ns (66.699%))
  Logic Levels:           2  (IBUF=1 LUT3=1)
  Input Delay:            3.400ns
  Clock Path Skew:        5.986ns (DCD - SCD - CPR)
    Destination Clock Delay (DCD):    5.986ns
    Source Clock Delay      (SCD):    0.000ns
    Clock Pessimism Removal (CPR):    -0.000ns
  Clock Uncertainty:      0.166ns  ((TSJ^2 + DJ^2)^1/2) / 2 + PE
    Total System Jitter     (TSJ):    0.071ns
    Discrete Jitter          (DJ):    0.118ns
    Phase Error              (PE):    0.097ns

    Location             Delay type                Incr(ns)  Path(ns)    Netlist Resource(s)
  -------------------------------------------------------------------    -------------------
                         (clock adc_clk rise edge)    0.000     0.000 r  
                         input delay                  3.400     3.400    
    V15                                               0.000     3.400 f  adc_dat_i[0][13] (IN)
                         net (fo=0)                   0.000     3.400    adc_dat_i[0][13]
    V15                  IBUF (Prop_ibuf_I_O)         0.920     4.320 f  product_q_reg_i_45/O
                         net (fo=1, routed)           1.341     5.660    i_laser_lock_core/u_output_protect/product_q_reg_1
    SLICE_X41Y17         LUT3 (Prop_lut3_I2_O)        0.100     5.760 r  i_laser_lock_core/u_output_protect/product_q_reg_i_17/O
                         net (fo=3, routed)           0.702     6.462    i_laser_lock_core/i_mixer_core/A[11]
    DSP48_X1Y7           DSP48E1                                      r  i_laser_lock_core/i_mixer_core/product_q_reg/A[11]
  -------------------------------------------------------------------    -------------------

                         (clock pll_adc_clk rise edge)
                                                      0.000     0.000 r  
    U18                                               0.000     0.000 r  adc_clk_i[1] (IN)
                         net (fo=0)                   0.000     0.000    adc_clk_i[1]
    U18                  IBUFDS (Prop_ibufds_I_O)     0.983     0.983 r  i_clk/O
                         net (fo=1, routed)           1.306     2.289    pll/adc_clk_in
    PLLE2_ADV_X0Y0       PLLE2_ADV (Prop_plle2_adv_CLKIN1_CLKOUT0)
                                                      0.089     2.378 r  pll/pll/CLKOUT0
                         net (fo=1, routed)           1.754     4.132    pll_adc_clk
    BUFGCTRL_X0Y0        BUFG (Prop_bufg_I_O)         0.101     4.233 r  bufg_adc_clk/O
                         net (fo=8587, routed)        1.753     5.986    i_laser_lock_core/i_mixer_core/adc_clk
    DSP48_X1Y7           DSP48E1                                      r  i_laser_lock_core/i_mixer_core/product_q_reg/CLK
                         clock pessimism              0.000     5.986    
                         clock uncertainty            0.166     6.151    
    DSP48_X1Y7           DSP48E1 (Hold_dsp48e1_CLK_A[11])
                                                      0.139     6.290    i_laser_lock_core/i_mixer_core/product_q_reg
  -------------------------------------------------------------------
                         required time                         -6.290    
                         arrival time                           6.462    
  -------------------------------------------------------------------
                         slack                                  0.171    

Slack (MET) :             0.184ns  (arrival time - required time)
  Source:                 adc_dat_i[1][7]
                            (input port clocked by adc_clk  {rise@0.000ns fall@4.000ns period=8.000ns})
  Destination:            i_scope/i_dfilt1_chb/bb_mult/B[5]
                            (rising edge-triggered cell DSP48E1 clocked by pll_adc_clk  {rise@0.000ns fall@4.000ns period=8.000ns})
  Path Group:             pll_adc_clk
  Path Type:              Hold (Min at Slow Process Corner)
  Requirement:            0.000ns  (pll_adc_clk rise@0.000ns - adc_clk rise@0.000ns)
  Data Path Delay:        2.942ns  (logic 0.955ns (32.458%)  route 1.987ns (67.542%))
  Logic Levels:           2  (IBUF=1 LUT3=1)
  Input Delay:            3.400ns
  Clock Path Skew:        5.983ns (DCD - SCD - CPR)
    Destination Clock Delay (DCD):    5.983ns
    Source Clock Delay      (SCD):    0.000ns
    Clock Pessimism Removal (CPR):    -0.000ns
  Clock Uncertainty:      0.166ns  ((TSJ^2 + DJ^2)^1/2) / 2 + PE
    Total System Jitter     (TSJ):    0.071ns
    Discrete Jitter          (DJ):    0.118ns
    Phase Error              (PE):    0.097ns

    Location             Delay type                Incr(ns)  Path(ns)    Netlist Resource(s)
  -------------------------------------------------------------------    -------------------
                         (clock adc_clk rise edge)    0.000     0.000 r  
                         input delay                  3.400     3.400    
    T20                                               0.000     3.400 f  adc_dat_i[1][7] (IN)
                         net (fo=0)                   0.000     3.400    adc_dat_i[1][7]
    T20                  IBUF (Prop_ibuf_I_O)         0.834     4.234 f  product_q_reg_i_37/O
                         net (fo=1, routed)           0.981     5.215    i_out2_lock_controller/bb_mult_7
    SLICE_X41Y19         LUT3 (Prop_lut3_I2_O)        0.121     5.336 r  i_out2_lock_controller/product_q_reg_i_9/O
                         net (fo=3, routed)           1.006     6.342    i_scope/i_dfilt1_chb/bb_mult_2[5]
    DSP48_X1Y8           DSP48E1                                      r  i_scope/i_dfilt1_chb/bb_mult/B[5]
  -------------------------------------------------------------------    -------------------

                         (clock pll_adc_clk rise edge)
                                                      0.000     0.000 r  
    U18                                               0.000     0.000 r  adc_clk_i[1] (IN)
                         net (fo=0)                   0.000     0.000    adc_clk_i[1]
    U18                  IBUFDS (Prop_ibufds_I_O)     0.983     0.983 r  i_clk/O
                         net (fo=1, routed)           1.306     2.289    pll/adc_clk_in
    PLLE2_ADV_X0Y0       PLLE2_ADV (Prop_plle2_adv_CLKIN1_CLKOUT0)
                                                      0.089     2.378 r  pll/pll/CLKOUT0
                         net (fo=1, routed)           1.754     4.132    pll_adc_clk
    BUFGCTRL_X0Y0        BUFG (Prop_bufg_I_O)         0.101     4.233 r  bufg_adc_clk/O
                         net (fo=8587, routed)        1.750     5.983    i_scope/i_dfilt1_chb/clk_i
    DSP48_X1Y8           DSP48E1                                      r  i_scope/i_dfilt1_chb/bb_mult/CLK
                         clock pessimism              0.000     5.983    
                         clock uncertainty            0.166     6.148    
    DSP48_X1Y8           DSP48E1 (Hold_dsp48e1_CLK_B[5])
                                                      0.010     6.158    i_scope/i_dfilt1_chb/bb_mult
  -------------------------------------------------------------------
                         required time                         -6.158    
                         arrival time                           6.342    
  -------------------------------------------------------------------
                         slack                                  0.184    

Slack (MET) :             0.184ns  (arrival time - required time)
  Source:                 adc_dat_i[0][10]
                            (input port clocked by adc_clk  {rise@0.000ns fall@4.000ns period=8.000ns})
  Destination:            adc_dat_reg[0][8]/D
                            (rising edge-triggered cell FDRE clocked by pll_adc_clk  {rise@0.000ns fall@4.000ns period=8.000ns})
  Path Group:             pll_adc_clk
  Path Type:              Hold (Min at Slow Process Corner)
  Requirement:            0.000ns  (pll_adc_clk rise@0.000ns - adc_clk rise@0.000ns)
  Data Path Delay:        3.120ns  (logic 0.970ns (31.097%)  route 2.150ns (68.903%))
  Logic Levels:           2  (IBUF=1 LUT3=1)
  Input Delay:            3.400ns
  Clock Path Skew:        5.974ns (DCD - SCD - CPR)
    Destination Clock Delay (DCD):    5.974ns
    Source Clock Delay      (SCD):    0.000ns
    Clock Pessimism Removal (CPR):    -0.000ns
  Clock Uncertainty:      0.166ns  ((TSJ^2 + DJ^2)^1/2) / 2 + PE
    Total System Jitter     (TSJ):    0.071ns
    Discrete Jitter          (DJ):    0.118ns
    Phase Error              (PE):    0.097ns

    Location             Delay type                Incr(ns)  Path(ns)    Netlist Resource(s)
  -------------------------------------------------------------------    -------------------
                         (clock adc_clk rise edge)    0.000     0.000 r  
                         input delay                  3.400     3.400    
    V13                                               0.000     3.400 f  adc_dat_i[0][10] (IN)
                         net (fo=0)                   0.000     3.400    adc_dat_i[0][10]
    V13                  IBUF (Prop_ibuf_I_O)         0.870     4.270 f  product_q_reg_i_48/O
                         net (fo=1, routed)           1.727     5.997    i_laser_lock_core/u_output_protect/product_q_reg_4
    SLICE_X41Y19         LUT3 (Prop_lut3_I2_O)        0.100     6.097 r  i_laser_lock_core/u_output_protect/product_q_reg_i_20/O
                         net (fo=3, routed)           0.423     6.520    i_laser_lock_core_n_50
    SLICE_X36Y18         FDRE                                         r  adc_dat_reg[0][8]/D
  -------------------------------------------------------------------    -------------------

                         (clock pll_adc_clk rise edge)
                                                      0.000     0.000 r  
    U18                                               0.000     0.000 r  adc_clk_i[1] (IN)
                         net (fo=0)                   0.000     0.000    adc_clk_i[1]
    U18                  IBUFDS (Prop_ibufds_I_O)     0.983     0.983 r  i_clk/O
                         net (fo=1, routed)           1.306     2.289    pll/adc_clk_in
    PLLE2_ADV_X0Y0       PLLE2_ADV (Prop_plle2_adv_CLKIN1_CLKOUT0)
                                                      0.089     2.378 r  pll/pll/CLKOUT0
                         net (fo=1, routed)           1.754     4.132    pll_adc_clk
    BUFGCTRL_X0Y0        BUFG (Prop_bufg_I_O)         0.101     4.233 r  bufg_adc_clk/O
                         net (fo=8587, routed)        1.741     5.974    adc_clk
    SLICE_X36Y18         FDRE                                         r  adc_dat_reg[0][8]/C
                         clock pessimism              0.000     5.974    
                         clock uncertainty            0.166     6.140    
    SLICE_X36Y18         FDRE (Hold_fdre_C_D)         0.196     6.336    adc_dat_reg[0][8]
  -------------------------------------------------------------------
                         required time                         -6.336    
                         arrival time                           6.520    
  -------------------------------------------------------------------
                         slack                                  0.184    

Slack (MET) :             0.200ns  (arrival time - required time)
  Source:                 adc_dat_i[1][14]
                            (input port clocked by adc_clk  {rise@0.000ns fall@4.000ns period=8.000ns})
  Destination:            i_laser_lock_core/i_mixer_core/product_q_reg/B[12]
                            (rising edge-triggered cell DSP48E1 clocked by pll_adc_clk  {rise@0.000ns fall@4.000ns period=8.000ns})
  Path Group:             pll_adc_clk
  Path Type:              Hold (Min at Slow Process Corner)
  Requirement:            0.000ns  (pll_adc_clk rise@0.000ns - adc_clk rise@0.000ns)
  Data Path Delay:        3.129ns  (logic 0.924ns (29.539%)  route 2.205ns (70.461%))
  Logic Levels:           2  (IBUF=1 LUT3=1)
  Input Delay:            3.400ns
  Clock Path Skew:        5.986ns (DCD - SCD - CPR)
    Destination Clock Delay (DCD):    5.986ns
    Source Clock Delay      (SCD):    0.000ns
    Clock Pessimism Removal (CPR):    -0.000ns
  Clock Uncertainty:      0.166ns  ((TSJ^2 + DJ^2)^1/2) / 2 + PE
    Total System Jitter     (TSJ):    0.071ns
    Discrete Jitter          (DJ):    0.118ns
    Phase Error              (PE):    0.097ns

    Location             Delay type                Incr(ns)  Path(ns)    Netlist Resource(s)
  -------------------------------------------------------------------    -------------------
                         (clock adc_clk rise edge)    0.000     0.000 r  
                         input delay                  3.400     3.400    
    W18                                               0.000     3.400 f  adc_dat_i[1][14] (IN)
                         net (fo=0)                   0.000     3.400    adc_dat_i[1][14]
    W18                  IBUF (Prop_ibuf_I_O)         0.824     4.224 f  product_q_reg_i_30/O
                         net (fo=1, routed)           1.375     5.599    i_out2_lock_controller/bb_mult_0
    SLICE_X42Y16         LUT3 (Prop_lut3_I2_O)        0.100     5.699 r  i_out2_lock_controller/product_q_reg_i_2/O
                         net (fo=3, routed)           0.830     6.529    i_laser_lock_core/i_mixer_core/product_q_reg_0[12]
    DSP48_X1Y7           DSP48E1                                      r  i_laser_lock_core/i_mixer_core/product_q_reg/B[12]
  -------------------------------------------------------------------    -------------------

                         (clock pll_adc_clk rise edge)
                                                      0.000     0.000 r  
    U18                                               0.000     0.000 r  adc_clk_i[1] (IN)
                         net (fo=0)                   0.000     0.000    adc_clk_i[1]
    U18                  IBUFDS (Prop_ibufds_I_O)     0.983     0.983 r  i_clk/O
                         net (fo=1, routed)           1.306     2.289    pll/adc_clk_in
    PLLE2_ADV_X0Y0       PLLE2_ADV (Prop_plle2_adv_CLKIN1_CLKOUT0)
                                                      0.089     2.378 r  pll/pll/CLKOUT0
                         net (fo=1, routed)           1.754     4.132    pll_adc_clk
    BUFGCTRL_X0Y0        BUFG (Prop_bufg_I_O)         0.101     4.233 r  bufg_adc_clk/O
                         net (fo=8587, routed)        1.753     5.986    i_laser_lock_core/i_mixer_core/adc_clk
    DSP48_X1Y7           DSP48E1                                      r  i_laser_lock_core/i_mixer_core/product_q_reg/CLK
                         clock pessimism              0.000     5.986    
                         clock uncertainty            0.166     6.151    
    DSP48_X1Y7           DSP48E1 (Hold_dsp48e1_CLK_B[12])
                                                      0.178     6.329    i_laser_lock_core/i_mixer_core/product_q_reg
  -------------------------------------------------------------------
                         required time                         -6.329    
                         arrival time                           6.529    
  -------------------------------------------------------------------
                         slack                                  0.200    

Slack (MET) :             0.222ns  (arrival time - required time)
  Source:                 adc_dat_i[1][7]
                            (input port clocked by adc_clk  {rise@0.000ns fall@4.000ns period=8.000ns})
  Destination:            adc_dat_reg[1][5]/D
                            (rising edge-triggered cell FDRE clocked by pll_adc_clk  {rise@0.000ns fall@4.000ns period=8.000ns})
  Path Group:             pll_adc_clk
  Path Type:              Hold (Min at Slow Process Corner)
  Requirement:            0.000ns  (pll_adc_clk rise@0.000ns - adc_clk rise@0.000ns)
  Data Path Delay:        2.905ns  (logic 0.955ns (32.874%)  route 1.950ns (67.126%))
  Logic Levels:           2  (IBUF=1 LUT3=1)
  Input Delay:            3.400ns
  Clock Path Skew:        5.893ns (DCD - SCD - CPR)
    Destination Clock Delay (DCD):    5.893ns
    Source Clock Delay      (SCD):    0.000ns
    Clock Pessimism Removal (CPR):    -0.000ns
  Clock Uncertainty:      0.166ns  ((TSJ^2 + DJ^2)^1/2) / 2 + PE
    Total System Jitter     (TSJ):    0.071ns
    Discrete Jitter          (DJ):    0.118ns
    Phase Error              (PE):    0.097ns

    Location             Delay type                Incr(ns)  Path(ns)    Netlist Resource(s)
  -------------------------------------------------------------------    -------------------
                         (clock adc_clk rise edge)    0.000     0.000 r  
                         input delay                  3.400     3.400    
    T20                                               0.000     3.400 f  adc_dat_i[1][7] (IN)
                         net (fo=0)                   0.000     3.400    adc_dat_i[1][7]
    T20                  IBUF (Prop_ibuf_I_O)         0.834     4.234 f  product_q_reg_i_37/O
                         net (fo=1, routed)           0.981     5.215    i_out2_lock_controller/bb_mult_7
    SLICE_X41Y19         LUT3 (Prop_lut3_I2_O)        0.121     5.336 r  i_out2_lock_controller/product_q_reg_i_9/O
                         net (fo=3, routed)           0.968     6.305    i_out2_lock_controller_n_87
    SLICE_X31Y21         FDRE                                         r  adc_dat_reg[1][5]/D
  -------------------------------------------------------------------    -------------------

                         (clock pll_adc_clk rise edge)
                                                      0.000     0.000 r  
    U18                                               0.000     0.000 r  adc_clk_i[1] (IN)
                         net (fo=0)                   0.000     0.000    adc_clk_i[1]
    U18                  IBUFDS (Prop_ibufds_I_O)     0.983     0.983 r  i_clk/O
                         net (fo=1, routed)           1.306     2.289    pll/adc_clk_in
    PLLE2_ADV_X0Y0       PLLE2_ADV (Prop_plle2_adv_CLKIN1_CLKOUT0)
                                                      0.089     2.378 r  pll/pll/CLKOUT0
                         net (fo=1, routed)           1.754     4.132    pll_adc_clk
    BUFGCTRL_X0Y0        BUFG (Prop_bufg_I_O)         0.101     4.233 r  bufg_adc_clk/O
                         net (fo=8587, routed)        1.660     5.893    adc_clk
    SLICE_X31Y21         FDRE                                         r  adc_dat_reg[1][5]/C
                         clock pessimism              0.000     5.893    
                         clock uncertainty            0.166     6.059    
    SLICE_X31Y21         FDRE (Hold_fdre_C_D)         0.024     6.083    adc_dat_reg[1][5]
  -------------------------------------------------------------------
                         required time                         -6.083    
                         arrival time                           6.305    
  -------------------------------------------------------------------
                         slack                                  0.222    

Slack (MET) :             0.225ns  (arrival time - required time)
  Source:                 adc_dat_i[1][11]
                            (input port clocked by adc_clk  {rise@0.000ns fall@4.000ns period=8.000ns})
  Destination:            i_scope/i_dfilt1_chb/bb_mult/B[9]
                            (rising edge-triggered cell DSP48E1 clocked by pll_adc_clk  {rise@0.000ns fall@4.000ns period=8.000ns})
  Path Group:             pll_adc_clk
  Path Type:              Hold (Min at Slow Process Corner)
  Requirement:            0.000ns  (pll_adc_clk rise@0.000ns - adc_clk rise@0.000ns)
  Data Path Delay:        2.983ns  (logic 0.965ns (32.350%)  route 2.018ns (67.650%))
  Logic Levels:           2  (IBUF=1 LUT3=1)
  Input Delay:            3.400ns
  Clock Path Skew:        5.983ns (DCD - SCD - CPR)
    Destination Clock Delay (DCD):    5.983ns
    Source Clock Delay      (SCD):    0.000ns
    Clock Pessimism Removal (CPR):    -0.000ns
  Clock Uncertainty:      0.166ns  ((TSJ^2 + DJ^2)^1/2) / 2 + PE
    Total System Jitter     (TSJ):    0.071ns
    Discrete Jitter          (DJ):    0.118ns
    Phase Error              (PE):    0.097ns

    Location             Delay type                Incr(ns)  Path(ns)    Netlist Resource(s)
  -------------------------------------------------------------------    -------------------
                         (clock adc_clk rise edge)    0.000     0.000 r  
                         input delay                  3.400     3.400    
    W20                                               0.000     3.400 f  adc_dat_i[1][11] (IN)
                         net (fo=0)                   0.000     3.400    adc_dat_i[1][11]
    W20                  IBUF (Prop_ibuf_I_O)         0.843     4.243 f  product_q_reg_i_33/O
                         net (fo=1, routed)           1.151     5.394    i_out2_lock_controller/bb_mult_3
    SLICE_X40Y18         LUT3 (Prop_lut3_I2_O)        0.122     5.516 r  i_out2_lock_controller/product_q_reg_i_5/O
                         net (fo=3, routed)           0.867     6.383    i_scope/i_dfilt1_chb/bb_mult_2[9]
    DSP48_X1Y8           DSP48E1                                      r  i_scope/i_dfilt1_chb/bb_mult/B[9]
  -------------------------------------------------------------------    -------------------

                         (clock pll_adc_clk rise edge)
                                                      0.000     0.000 r  
    U18                                               0.000     0.000 r  adc_clk_i[1] (IN)
                         net (fo=0)                   0.000     0.000    adc_clk_i[1]
    U18                  IBUFDS (Prop_ibufds_I_O)     0.983     0.983 r  i_clk/O
                         net (fo=1, routed)           1.306     2.289    pll/adc_clk_in
    PLLE2_ADV_X0Y0       PLLE2_ADV (Prop_plle2_adv_CLKIN1_CLKOUT0)
                                                      0.089     2.378 r  pll/pll/CLKOUT0
                         net (fo=1, routed)           1.754     4.132    pll_adc_clk
    BUFGCTRL_X0Y0        BUFG (Prop_bufg_I_O)         0.101     4.233 r  bufg_adc_clk/O
                         net (fo=8587, routed)        1.750     5.983    i_scope/i_dfilt1_chb/clk_i
    DSP48_X1Y8           DSP48E1                                      r  i_scope/i_dfilt1_chb/bb_mult/CLK
                         clock pessimism              0.000     5.983    
                         clock uncertainty            0.166     6.148    
    DSP48_X1Y8           DSP48E1 (Hold_dsp48e1_CLK_B[9])
                                                      0.010     6.158    i_scope/i_dfilt1_chb/bb_mult
  -------------------------------------------------------------------
                         required time                         -6.158    
                         arrival time                           6.383    
  -------------------------------------------------------------------
                         slack                                  0.225    





---------------------------------------------------------------------------------------------------
From Clock:  pll_adc_clk
  To Clock:  pll_dac_clk_1x

Setup :            0  Failing Endpoints,  Worst Slack        3.400ns,  Total Violation        0.000ns
Hold  :            0  Failing Endpoints,  Worst Slack        0.485ns,  Total Violation        0.000ns
---------------------------------------------------------------------------------------------------


Max Delay Paths
--------------------------------------------------------------------------------------
Slack (MET) :             3.400ns  (required time - arrival time)
  Source:                 i_out2_lock_controller/control_o_reg[12]/C
                            (rising edge-triggered cell FDRE clocked by pll_adc_clk  {rise@0.000ns fall@4.000ns period=8.000ns})
  Destination:            dac_dat_b_reg[12]/D
                            (rising edge-triggered cell FDRE clocked by pll_dac_clk_1x  {rise@0.000ns fall@4.000ns period=8.000ns})
  Path Group:             pll_dac_clk_1x
  Path Type:              Setup (Max at Slow Process Corner)
  Requirement:            8.000ns  (pll_dac_clk_1x rise@8.000ns - pll_adc_clk rise@0.000ns)
  Data Path Delay:        4.167ns  (logic 0.642ns (15.406%)  route 3.525ns (84.594%))
  Logic Levels:           1  (LUT1=1)
  Clock Path Skew:        -0.273ns (DCD - SCD + CPR)
    Destination Clock Delay (DCD):    5.448ns = ( 13.448 - 8.000 ) 
    Source Clock Delay      (SCD):    5.894ns
    Clock Pessimism Removal (CPR):    0.173ns
  Clock Uncertainty:      0.189ns  ((TSJ^2 + DJ^2)^1/2) / 2 + PE
    Total System Jitter     (TSJ):    0.071ns
    Discrete Jitter          (DJ):    0.118ns
    Phase Error              (PE):    0.120ns

    Location             Delay type                Incr(ns)  Path(ns)    Netlist Resource(s)
  -------------------------------------------------------------------    -------------------
                         (clock pll_adc_clk rise edge)
                                                      0.000     0.000 r  
    U18                                               0.000     0.000 r  adc_clk_i[1] (IN)
                         net (fo=0)                   0.000     0.000    adc_clk_i[1]
    U18                  IBUFDS (Prop_ibufds_I_O)     0.983     0.983 r  i_clk/O
                         net (fo=1, routed)           1.306     2.289    pll/adc_clk_in
    PLLE2_ADV_X0Y0       PLLE2_ADV (Prop_plle2_adv_CLKIN1_CLKOUT0)
                                                      0.089     2.378 r  pll/pll/CLKOUT0
                         net (fo=1, routed)           1.754     4.132    pll_adc_clk
    BUFGCTRL_X0Y0        BUFG (Prop_bufg_I_O)         0.101     4.233 r  bufg_adc_clk/O
                         net (fo=8587, routed)        1.661     5.894    i_out2_lock_controller/adc_clk
    SLICE_X34Y29         FDRE                                         r  i_out2_lock_controller/control_o_reg[12]/C
  -------------------------------------------------------------------    -------------------
    SLICE_X34Y29         FDRE (Prop_fdre_C_Q)         0.518     6.412 f  i_out2_lock_controller/control_o_reg[12]/Q
                         net (fo=22, routed)          3.525     9.937    i_out2_lock_controller/control_o_reg[13]_0[12]
    SLICE_X43Y82         LUT1 (Prop_lut1_I0_O)        0.124    10.061 r  i_out2_lock_controller/dac_dat_b[12]_i_1/O
                         net (fo=1, routed)           0.000    10.061    i_out2_lock_controller_n_66
    SLICE_X43Y82         FDRE                                         r  dac_dat_b_reg[12]/D
  -------------------------------------------------------------------    -------------------

                         (clock pll_dac_clk_1x rise edge)
                                                      8.000     8.000 r  
    U18                                               0.000     8.000 r  adc_clk_i[1] (IN)
                         net (fo=0)                   0.000     8.000    adc_clk_i[1]
    U18                  IBUFDS (Prop_ibufds_I_O)     0.940     8.940 r  i_clk/O
                         net (fo=1, routed)           1.181    10.121    pll/adc_clk_in
    PLLE2_ADV_X0Y0       PLLE2_ADV (Prop_plle2_adv_CLKIN1_CLKOUT1)
                                                      0.084    10.205 r  pll/pll/CLKOUT1
                         net (fo=1, routed)           1.594    11.799    pll_dac_clk_1x
    BUFGCTRL_X0Y2        BUFG (Prop_bufg_I_O)         0.091    11.890 r  bufg_dac_clk_1x/O
                         net (fo=45, routed)          1.558    13.448    dac_clk_1x
    SLICE_X43Y82         FDRE                                         r  dac_dat_b_reg[12]/C
                         clock pessimism              0.173    13.621    
                         clock uncertainty           -0.189    13.432    
    SLICE_X43Y82         FDRE (Setup_fdre_C_D)        0.029    13.461    dac_dat_b_reg[12]
  -------------------------------------------------------------------
                         required time                         13.461    
                         arrival time                         -10.061    
  -------------------------------------------------------------------
                         slack                                  3.400    

Slack (MET) :             3.435ns  (required time - arrival time)
  Source:                 i_laser_lock_core/u_output_protect/data_o_reg[3]/C
                            (rising edge-triggered cell FDCE clocked by pll_adc_clk  {rise@0.000ns fall@4.000ns period=8.000ns})
  Destination:            dac_dat_a_reg[3]/D
                            (rising edge-triggered cell FDRE clocked by pll_dac_clk_1x  {rise@0.000ns fall@4.000ns period=8.000ns})
  Path Group:             pll_dac_clk_1x
  Path Type:              Setup (Max at Slow Process Corner)
  Requirement:            8.000ns  (pll_dac_clk_1x rise@8.000ns - pll_adc_clk rise@0.000ns)
  Data Path Delay:        4.091ns  (logic 0.580ns (14.179%)  route 3.511ns (85.821%))
  Logic Levels:           1  (LUT1=1)
  Clock Path Skew:        -0.362ns (DCD - SCD + CPR)
    Destination Clock Delay (DCD):    5.442ns = ( 13.442 - 8.000 ) 
    Source Clock Delay      (SCD):    5.977ns
    Clock Pessimism Removal (CPR):    0.173ns
  Clock Uncertainty:      0.189ns  ((TSJ^2 + DJ^2)^1/2) / 2 + PE
    Total System Jitter     (TSJ):    0.071ns
    Discrete Jitter          (DJ):    0.118ns
    Phase Error              (PE):    0.120ns

    Location             Delay type                Incr(ns)  Path(ns)    Netlist Resource(s)
  -------------------------------------------------------------------    -------------------
                         (clock pll_adc_clk rise edge)
                                                      0.000     0.000 r  
    U18                                               0.000     0.000 r  adc_clk_i[1] (IN)
                         net (fo=0)                   0.000     0.000    adc_clk_i[1]
    U18                  IBUFDS (Prop_ibufds_I_O)     0.983     0.983 r  i_clk/O
                         net (fo=1, routed)           1.306     2.289    pll/adc_clk_in
    PLLE2_ADV_X0Y0       PLLE2_ADV (Prop_plle2_adv_CLKIN1_CLKOUT0)
                                                      0.089     2.378 r  pll/pll/CLKOUT0
                         net (fo=1, routed)           1.754     4.132    pll_adc_clk
    BUFGCTRL_X0Y0        BUFG (Prop_bufg_I_O)         0.101     4.233 r  bufg_adc_clk/O
                         net (fo=8587, routed)        1.744     5.977    i_laser_lock_core/u_output_protect/adc_clk
    SLICE_X36Y16         FDCE                                         r  i_laser_lock_core/u_output_protect/data_o_reg[3]/C
  -------------------------------------------------------------------    -------------------
    SLICE_X36Y16         FDCE (Prop_fdce_C_Q)         0.456     6.433 f  i_laser_lock_core/u_output_protect/data_o_reg[3]/Q
                         net (fo=10, routed)          3.511     9.944    i_laser_lock_core/u_output_protect/Q[3]
    SLICE_X42Y77         LUT1 (Prop_lut1_I0_O)        0.124    10.068 r  i_laser_lock_core/u_output_protect/dac_dat_a[3]_i_1/O
                         net (fo=1, routed)           0.000    10.068    i_laser_lock_core_n_41
    SLICE_X42Y77         FDRE                                         r  dac_dat_a_reg[3]/D
  -------------------------------------------------------------------    -------------------

                         (clock pll_dac_clk_1x rise edge)
                                                      8.000     8.000 r  
    U18                                               0.000     8.000 r  adc_clk_i[1] (IN)
                         net (fo=0)                   0.000     8.000    adc_clk_i[1]
    U18                  IBUFDS (Prop_ibufds_I_O)     0.940     8.940 r  i_clk/O
                         net (fo=1, routed)           1.181    10.121    pll/adc_clk_in
    PLLE2_ADV_X0Y0       PLLE2_ADV (Prop_plle2_adv_CLKIN1_CLKOUT1)
                                                      0.084    10.205 r  pll/pll/CLKOUT1
                         net (fo=1, routed)           1.594    11.799    pll_dac_clk_1x
    BUFGCTRL_X0Y2        BUFG (Prop_bufg_I_O)         0.091    11.890 r  bufg_dac_clk_1x/O
                         net (fo=45, routed)          1.552    13.442    dac_clk_1x
    SLICE_X42Y77         FDRE                                         r  dac_dat_a_reg[3]/C
                         clock pessimism              0.173    13.615    
                         clock uncertainty           -0.189    13.426    
    SLICE_X42Y77         FDRE (Setup_fdre_C_D)        0.077    13.503    dac_dat_a_reg[3]
  -------------------------------------------------------------------
                         required time                         13.503    
                         arrival time                         -10.068    
  -------------------------------------------------------------------
                         slack                                  3.435    

Slack (MET) :             3.529ns  (required time - arrival time)
  Source:                 i_laser_lock_core/u_output_protect/data_o_reg[2]/C
                            (rising edge-triggered cell FDCE clocked by pll_adc_clk  {rise@0.000ns fall@4.000ns period=8.000ns})
  Destination:            dac_dat_a_reg[2]/D
                            (rising edge-triggered cell FDRE clocked by pll_dac_clk_1x  {rise@0.000ns fall@4.000ns period=8.000ns})
  Path Group:             pll_dac_clk_1x
  Path Type:              Setup (Max at Slow Process Corner)
  Requirement:            8.000ns  (pll_dac_clk_1x rise@8.000ns - pll_adc_clk rise@0.000ns)
  Data Path Delay:        4.005ns  (logic 0.580ns (14.482%)  route 3.425ns (85.518%))
  Logic Levels:           1  (LUT1=1)
  Clock Path Skew:        -0.356ns (DCD - SCD + CPR)
    Destination Clock Delay (DCD):    5.448ns = ( 13.448 - 8.000 ) 
    Source Clock Delay      (SCD):    5.977ns
    Clock Pessimism Removal (CPR):    0.173ns
  Clock Uncertainty:      0.189ns  ((TSJ^2 + DJ^2)^1/2) / 2 + PE
    Total System Jitter     (TSJ):    0.071ns
    Discrete Jitter          (DJ):    0.118ns
    Phase Error              (PE):    0.120ns

    Location             Delay type                Incr(ns)  Path(ns)    Netlist Resource(s)
  -------------------------------------------------------------------    -------------------
                         (clock pll_adc_clk rise edge)
                                                      0.000     0.000 r  
    U18                                               0.000     0.000 r  adc_clk_i[1] (IN)
                         net (fo=0)                   0.000     0.000    adc_clk_i[1]
    U18                  IBUFDS (Prop_ibufds_I_O)     0.983     0.983 r  i_clk/O
                         net (fo=1, routed)           1.306     2.289    pll/adc_clk_in
    PLLE2_ADV_X0Y0       PLLE2_ADV (Prop_plle2_adv_CLKIN1_CLKOUT0)
                                                      0.089     2.378 r  pll/pll/CLKOUT0
                         net (fo=1, routed)           1.754     4.132    pll_adc_clk
    BUFGCTRL_X0Y0        BUFG (Prop_bufg_I_O)         0.101     4.233 r  bufg_adc_clk/O
                         net (fo=8587, routed)        1.744     5.977    i_laser_lock_core/u_output_protect/adc_clk
    SLICE_X36Y16         FDCE                                         r  i_laser_lock_core/u_output_protect/data_o_reg[2]/C
  -------------------------------------------------------------------    -------------------
    SLICE_X36Y16         FDCE (Prop_fdce_C_Q)         0.456     6.433 f  i_laser_lock_core/u_output_protect/data_o_reg[2]/Q
                         net (fo=10, routed)          3.425     9.858    i_laser_lock_core/u_output_protect/Q[2]
    SLICE_X42Y82         LUT1 (Prop_lut1_I0_O)        0.124     9.982 r  i_laser_lock_core/u_output_protect/dac_dat_a[2]_i_1/O
                         net (fo=1, routed)           0.000     9.982    i_laser_lock_core_n_42
    SLICE_X42Y82         FDRE                                         r  dac_dat_a_reg[2]/D
  -------------------------------------------------------------------    -------------------

                         (clock pll_dac_clk_1x rise edge)
                                                      8.000     8.000 r  
    U18                                               0.000     8.000 r  adc_clk_i[1] (IN)
                         net (fo=0)                   0.000     8.000    adc_clk_i[1]
    U18                  IBUFDS (Prop_ibufds_I_O)     0.940     8.940 r  i_clk/O
                         net (fo=1, routed)           1.181    10.121    pll/adc_clk_in
    PLLE2_ADV_X0Y0       PLLE2_ADV (Prop_plle2_adv_CLKIN1_CLKOUT1)
                                                      0.084    10.205 r  pll/pll/CLKOUT1
                         net (fo=1, routed)           1.594    11.799    pll_dac_clk_1x
    BUFGCTRL_X0Y2        BUFG (Prop_bufg_I_O)         0.091    11.890 r  bufg_dac_clk_1x/O
                         net (fo=45, routed)          1.558    13.448    dac_clk_1x
    SLICE_X42Y82         FDRE                                         r  dac_dat_a_reg[2]/C
                         clock pessimism              0.173    13.621    
                         clock uncertainty           -0.189    13.432    
    SLICE_X42Y82         FDRE (Setup_fdre_C_D)        0.079    13.511    dac_dat_a_reg[2]
  -------------------------------------------------------------------
                         required time                         13.511    
                         arrival time                          -9.982    
  -------------------------------------------------------------------
                         slack                                  3.529    

Slack (MET) :             3.552ns  (required time - arrival time)
  Source:                 i_laser_lock_core/u_output_protect/data_o_reg[12]/C
                            (rising edge-triggered cell FDCE clocked by pll_adc_clk  {rise@0.000ns fall@4.000ns period=8.000ns})
  Destination:            dac_dat_a_reg[12]/D
                            (rising edge-triggered cell FDRE clocked by pll_dac_clk_1x  {rise@0.000ns fall@4.000ns period=8.000ns})
  Path Group:             pll_dac_clk_1x
  Path Type:              Setup (Max at Slow Process Corner)
  Requirement:            8.000ns  (pll_dac_clk_1x rise@8.000ns - pll_adc_clk rise@0.000ns)
  Data Path Delay:        4.059ns  (logic 0.580ns (14.288%)  route 3.479ns (85.712%))
  Logic Levels:           1  (LUT1=1)
  Clock Path Skew:        -0.277ns (DCD - SCD + CPR)
    Destination Clock Delay (DCD):    5.450ns = ( 13.450 - 8.000 ) 
    Source Clock Delay      (SCD):    5.900ns
    Clock Pessimism Removal (CPR):    0.173ns
  Clock Uncertainty:      0.189ns  ((TSJ^2 + DJ^2)^1/2) / 2 + PE
    Total System Jitter     (TSJ):    0.071ns
    Discrete Jitter          (DJ):    0.118ns
    Phase Error              (PE):    0.120ns

    Location             Delay type                Incr(ns)  Path(ns)    Netlist Resource(s)
  -------------------------------------------------------------------    -------------------
                         (clock pll_adc_clk rise edge)
                                                      0.000     0.000 r  
    U18                                               0.000     0.000 r  adc_clk_i[1] (IN)
                         net (fo=0)                   0.000     0.000    adc_clk_i[1]
    U18                  IBUFDS (Prop_ibufds_I_O)     0.983     0.983 r  i_clk/O
                         net (fo=1, routed)           1.306     2.289    pll/adc_clk_in
    PLLE2_ADV_X0Y0       PLLE2_ADV (Prop_plle2_adv_CLKIN1_CLKOUT0)
                                                      0.089     2.378 r  pll/pll/CLKOUT0
                         net (fo=1, routed)           1.754     4.132    pll_adc_clk
    BUFGCTRL_X0Y0        BUFG (Prop_bufg_I_O)         0.101     4.233 r  bufg_adc_clk/O
                         net (fo=8587, routed)        1.667     5.900    i_laser_lock_core/u_output_protect/adc_clk
    SLICE_X35Y15         FDCE                                         r  i_laser_lock_core/u_output_protect/data_o_reg[12]/C
  -------------------------------------------------------------------    -------------------
    SLICE_X35Y15         FDCE (Prop_fdce_C_Q)         0.456     6.356 f  i_laser_lock_core/u_output_protect/data_o_reg[12]/Q
                         net (fo=10, routed)          3.479     9.836    i_laser_lock_core/u_output_protect/Q[12]
    SLICE_X42Y84         LUT1 (Prop_lut1_I0_O)        0.124     9.960 r  i_laser_lock_core/u_output_protect/dac_dat_a[12]_i_1/O
                         net (fo=1, routed)           0.000     9.960    i_laser_lock_core_n_32
    SLICE_X42Y84         FDRE                                         r  dac_dat_a_reg[12]/D
  -------------------------------------------------------------------    -------------------

                         (clock pll_dac_clk_1x rise edge)
                                                      8.000     8.000 r  
    U18                                               0.000     8.000 r  adc_clk_i[1] (IN)
                         net (fo=0)                   0.000     8.000    adc_clk_i[1]
    U18                  IBUFDS (Prop_ibufds_I_O)     0.940     8.940 r  i_clk/O
                         net (fo=1, routed)           1.181    10.121    pll/adc_clk_in
    PLLE2_ADV_X0Y0       PLLE2_ADV (Prop_plle2_adv_CLKIN1_CLKOUT1)
                                                      0.084    10.205 r  pll/pll/CLKOUT1
                         net (fo=1, routed)           1.594    11.799    pll_dac_clk_1x
    BUFGCTRL_X0Y2        BUFG (Prop_bufg_I_O)         0.091    11.890 r  bufg_dac_clk_1x/O
                         net (fo=45, routed)          1.560    13.450    dac_clk_1x
    SLICE_X42Y84         FDRE                                         r  dac_dat_a_reg[12]/C
                         clock pessimism              0.173    13.623    
                         clock uncertainty           -0.189    13.434    
    SLICE_X42Y84         FDRE (Setup_fdre_C_D)        0.077    13.511    dac_dat_a_reg[12]
  -------------------------------------------------------------------
                         required time                         13.511    
                         arrival time                          -9.960    
  -------------------------------------------------------------------
                         slack                                  3.552    

Slack (MET) :             3.736ns  (required time - arrival time)
  Source:                 i_out2_lock_controller/control_o_reg[0]/C
                            (rising edge-triggered cell FDRE clocked by pll_adc_clk  {rise@0.000ns fall@4.000ns period=8.000ns})
  Destination:            dac_dat_b_reg[0]/D
                            (rising edge-triggered cell FDRE clocked by pll_dac_clk_1x  {rise@0.000ns fall@4.000ns period=8.000ns})
  Path Group:             pll_dac_clk_1x
  Path Type:              Setup (Max at Slow Process Corner)
  Requirement:            8.000ns  (pll_dac_clk_1x rise@8.000ns - pll_adc_clk rise@0.000ns)
  Data Path Delay:        3.829ns  (logic 0.642ns (16.767%)  route 3.187ns (83.233%))
  Logic Levels:           1  (LUT1=1)
  Clock Path Skew:        -0.275ns (DCD - SCD + CPR)
    Destination Clock Delay (DCD):    5.445ns = ( 13.445 - 8.000 ) 
    Source Clock Delay      (SCD):    5.893ns
    Clock Pessimism Removal (CPR):    0.173ns
  Clock Uncertainty:      0.189ns  ((TSJ^2 + DJ^2)^1/2) / 2 + PE
    Total System Jitter     (TSJ):    0.071ns
    Discrete Jitter          (DJ):    0.118ns
    Phase Error              (PE):    0.120ns

    Location             Delay type                Incr(ns)  Path(ns)    Netlist Resource(s)
  -------------------------------------------------------------------    -------------------
                         (clock pll_adc_clk rise edge)
                                                      0.000     0.000 r  
    U18                                               0.000     0.000 r  adc_clk_i[1] (IN)
                         net (fo=0)                   0.000     0.000    adc_clk_i[1]
    U18                  IBUFDS (Prop_ibufds_I_O)     0.983     0.983 r  i_clk/O
                         net (fo=1, routed)           1.306     2.289    pll/adc_clk_in
    PLLE2_ADV_X0Y0       PLLE2_ADV (Prop_plle2_adv_CLKIN1_CLKOUT0)
                                                      0.089     2.378 r  pll/pll/CLKOUT0
                         net (fo=1, routed)           1.754     4.132    pll_adc_clk
    BUFGCTRL_X0Y0        BUFG (Prop_bufg_I_O)         0.101     4.233 r  bufg_adc_clk/O
                         net (fo=8587, routed)        1.660     5.893    i_out2_lock_controller/adc_clk
    SLICE_X34Y28         FDRE                                         r  i_out2_lock_controller/control_o_reg[0]/C
  -------------------------------------------------------------------    -------------------
    SLICE_X34Y28         FDRE (Prop_fdre_C_Q)         0.518     6.411 f  i_out2_lock_controller/control_o_reg[0]/Q
                         net (fo=22, routed)          3.187     9.598    i_out2_lock_controller/control_o_reg[13]_0[0]
    SLICE_X43Y80         LUT1 (Prop_lut1_I0_O)        0.124     9.722 r  i_out2_lock_controller/dac_dat_b[0]_i_1/O
                         net (fo=1, routed)           0.000     9.722    i_out2_lock_controller_n_78
    SLICE_X43Y80         FDRE                                         r  dac_dat_b_reg[0]/D
  -------------------------------------------------------------------    -------------------

                         (clock pll_dac_clk_1x rise edge)
                                                      8.000     8.000 r  
    U18                                               0.000     8.000 r  adc_clk_i[1] (IN)
                         net (fo=0)                   0.000     8.000    adc_clk_i[1]
    U18                  IBUFDS (Prop_ibufds_I_O)     0.940     8.940 r  i_clk/O
                         net (fo=1, routed)           1.181    10.121    pll/adc_clk_in
    PLLE2_ADV_X0Y0       PLLE2_ADV (Prop_plle2_adv_CLKIN1_CLKOUT1)
                                                      0.084    10.205 r  pll/pll/CLKOUT1
                         net (fo=1, routed)           1.594    11.799    pll_dac_clk_1x
    BUFGCTRL_X0Y2        BUFG (Prop_bufg_I_O)         0.091    11.890 r  bufg_dac_clk_1x/O
                         net (fo=45, routed)          1.555    13.445    dac_clk_1x
    SLICE_X43Y80         FDRE                                         r  dac_dat_b_reg[0]/C
                         clock pessimism              0.173    13.618    
                         clock uncertainty           -0.189    13.429    
    SLICE_X43Y80         FDRE (Setup_fdre_C_D)        0.029    13.458    dac_dat_b_reg[0]
  -------------------------------------------------------------------
                         required time                         13.458    
                         arrival time                          -9.722    
  -------------------------------------------------------------------
                         slack                                  3.736    

Slack (MET) :             3.786ns  (required time - arrival time)
  Source:                 i_out2_lock_controller/control_o_reg[5]/C
                            (rising edge-triggered cell FDRE clocked by pll_adc_clk  {rise@0.000ns fall@4.000ns period=8.000ns})
  Destination:            dac_dat_b_reg[5]/D
                            (rising edge-triggered cell FDRE clocked by pll_dac_clk_1x  {rise@0.000ns fall@4.000ns period=8.000ns})
  Path Group:             pll_dac_clk_1x
  Path Type:              Setup (Max at Slow Process Corner)
  Requirement:            8.000ns  (pll_dac_clk_1x rise@8.000ns - pll_adc_clk rise@0.000ns)
  Data Path Delay:        3.774ns  (logic 0.580ns (15.368%)  route 3.194ns (84.632%))
  Logic Levels:           1  (LUT1=1)
  Clock Path Skew:        -0.282ns (DCD - SCD + CPR)
    Destination Clock Delay (DCD):    5.439ns = ( 13.439 - 8.000 ) 
    Source Clock Delay      (SCD):    5.894ns
    Clock Pessimism Removal (CPR):    0.173ns
  Clock Uncertainty:      0.189ns  ((TSJ^2 + DJ^2)^1/2) / 2 + PE
    Total System Jitter     (TSJ):    0.071ns
    Discrete Jitter          (DJ):    0.118ns
    Phase Error              (PE):    0.120ns

    Location             Delay type                Incr(ns)  Path(ns)    Netlist Resource(s)
  -------------------------------------------------------------------    -------------------
                         (clock pll_adc_clk rise edge)
                                                      0.000     0.000 r  
    U18                                               0.000     0.000 r  adc_clk_i[1] (IN)
                         net (fo=0)                   0.000     0.000    adc_clk_i[1]
    U18                  IBUFDS (Prop_ibufds_I_O)     0.983     0.983 r  i_clk/O
                         net (fo=1, routed)           1.306     2.289    pll/adc_clk_in
    PLLE2_ADV_X0Y0       PLLE2_ADV (Prop_plle2_adv_CLKIN1_CLKOUT0)
                                                      0.089     2.378 r  pll/pll/CLKOUT0
                         net (fo=1, routed)           1.754     4.132    pll_adc_clk
    BUFGCTRL_X0Y0        BUFG (Prop_bufg_I_O)         0.101     4.233 r  bufg_adc_clk/O
                         net (fo=8587, routed)        1.661     5.894    i_out2_lock_controller/adc_clk
    SLICE_X35Y29         FDRE                                         r  i_out2_lock_controller/control_o_reg[5]/C
  -------------------------------------------------------------------    -------------------
    SLICE_X35Y29         FDRE (Prop_fdre_C_Q)         0.456     6.350 f  i_out2_lock_controller/control_o_reg[5]/Q
                         net (fo=22, routed)          3.194     9.544    i_out2_lock_controller/control_o_reg[13]_0[5]
    SLICE_X43Y74         LUT1 (Prop_lut1_I0_O)        0.124     9.668 r  i_out2_lock_controller/dac_dat_b[5]_i_1/O
                         net (fo=1, routed)           0.000     9.668    i_out2_lock_controller_n_73
    SLICE_X43Y74         FDRE                                         r  dac_dat_b_reg[5]/D
  -------------------------------------------------------------------    -------------------

                         (clock pll_dac_clk_1x rise edge)
                                                      8.000     8.000 r  
    U18                                               0.000     8.000 r  adc_clk_i[1] (IN)
                         net (fo=0)                   0.000     8.000    adc_clk_i[1]
    U18                  IBUFDS (Prop_ibufds_I_O)     0.940     8.940 r  i_clk/O
                         net (fo=1, routed)           1.181    10.121    pll/adc_clk_in
    PLLE2_ADV_X0Y0       PLLE2_ADV (Prop_plle2_adv_CLKIN1_CLKOUT1)
                                                      0.084    10.205 r  pll/pll/CLKOUT1
                         net (fo=1, routed)           1.594    11.799    pll_dac_clk_1x
    BUFGCTRL_X0Y2        BUFG (Prop_bufg_I_O)         0.091    11.890 r  bufg_dac_clk_1x/O
                         net (fo=45, routed)          1.549    13.439    dac_clk_1x
    SLICE_X43Y74         FDRE                                         r  dac_dat_b_reg[5]/C
                         clock pessimism              0.173    13.612    
                         clock uncertainty           -0.189    13.423    
    SLICE_X43Y74         FDRE (Setup_fdre_C_D)        0.031    13.454    dac_dat_b_reg[5]
  -------------------------------------------------------------------
                         required time                         13.454    
                         arrival time                          -9.668    
  -------------------------------------------------------------------
                         slack                                  3.786    

Slack (MET) :             3.791ns  (required time - arrival time)
  Source:                 i_laser_lock_core/u_output_protect/data_o_reg[1]/C
                            (rising edge-triggered cell FDCE clocked by pll_adc_clk  {rise@0.000ns fall@4.000ns period=8.000ns})
  Destination:            dac_dat_a_reg[1]/D
                            (rising edge-triggered cell FDRE clocked by pll_dac_clk_1x  {rise@0.000ns fall@4.000ns period=8.000ns})
  Path Group:             pll_dac_clk_1x
  Path Type:              Setup (Max at Slow Process Corner)
  Requirement:            8.000ns  (pll_dac_clk_1x rise@8.000ns - pll_adc_clk rise@0.000ns)
  Data Path Delay:        3.744ns  (logic 0.642ns (17.147%)  route 3.102ns (82.853%))
  Logic Levels:           1  (LUT1=1)
  Clock Path Skew:        -0.357ns (DCD - SCD + CPR)
    Destination Clock Delay (DCD):    5.448ns = ( 13.448 - 8.000 ) 
    Source Clock Delay      (SCD):    5.978ns
    Clock Pessimism Removal (CPR):    0.173ns
  Clock Uncertainty:      0.189ns  ((TSJ^2 + DJ^2)^1/2) / 2 + PE
    Total System Jitter     (TSJ):    0.071ns
    Discrete Jitter          (DJ):    0.118ns
    Phase Error              (PE):    0.120ns

    Location             Delay type                Incr(ns)  Path(ns)    Netlist Resource(s)
  -------------------------------------------------------------------    -------------------
                         (clock pll_adc_clk rise edge)
                                                      0.000     0.000 r  
    U18                                               0.000     0.000 r  adc_clk_i[1] (IN)
                         net (fo=0)                   0.000     0.000    adc_clk_i[1]
    U18                  IBUFDS (Prop_ibufds_I_O)     0.983     0.983 r  i_clk/O
                         net (fo=1, routed)           1.306     2.289    pll/adc_clk_in
    PLLE2_ADV_X0Y0       PLLE2_ADV (Prop_plle2_adv_CLKIN1_CLKOUT0)
                                                      0.089     2.378 r  pll/pll/CLKOUT0
                         net (fo=1, routed)           1.754     4.132    pll_adc_clk
    BUFGCTRL_X0Y0        BUFG (Prop_bufg_I_O)         0.101     4.233 r  bufg_adc_clk/O
                         net (fo=8587, routed)        1.745     5.978    i_laser_lock_core/u_output_protect/adc_clk
    SLICE_X38Y15         FDCE                                         r  i_laser_lock_core/u_output_protect/data_o_reg[1]/C
  -------------------------------------------------------------------    -------------------
    SLICE_X38Y15         FDCE (Prop_fdce_C_Q)         0.518     6.496 f  i_laser_lock_core/u_output_protect/data_o_reg[1]/Q
                         net (fo=10, routed)          3.102     9.598    i_laser_lock_core/u_output_protect/Q[1]
    SLICE_X42Y82         LUT1 (Prop_lut1_I0_O)        0.124     9.722 r  i_laser_lock_core/u_output_protect/dac_dat_a[1]_i_1/O
                         net (fo=1, routed)           0.000     9.722    i_laser_lock_core_n_43
    SLICE_X42Y82         FDRE                                         r  dac_dat_a_reg[1]/D
  -------------------------------------------------------------------    -------------------

                         (clock pll_dac_clk_1x rise edge)
                                                      8.000     8.000 r  
    U18                                               0.000     8.000 r  adc_clk_i[1] (IN)
                         net (fo=0)                   0.000     8.000    adc_clk_i[1]
    U18                  IBUFDS (Prop_ibufds_I_O)     0.940     8.940 r  i_clk/O
                         net (fo=1, routed)           1.181    10.121    pll/adc_clk_in
    PLLE2_ADV_X0Y0       PLLE2_ADV (Prop_plle2_adv_CLKIN1_CLKOUT1)
                                                      0.084    10.205 r  pll/pll/CLKOUT1
                         net (fo=1, routed)           1.594    11.799    pll_dac_clk_1x
    BUFGCTRL_X0Y2        BUFG (Prop_bufg_I_O)         0.091    11.890 r  bufg_dac_clk_1x/O
                         net (fo=45, routed)          1.558    13.448    dac_clk_1x
    SLICE_X42Y82         FDRE                                         r  dac_dat_a_reg[1]/C
                         clock pessimism              0.173    13.621    
                         clock uncertainty           -0.189    13.432    
    SLICE_X42Y82         FDRE (Setup_fdre_C_D)        0.081    13.513    dac_dat_a_reg[1]
  -------------------------------------------------------------------
                         required time                         13.513    
                         arrival time                          -9.722    
  -------------------------------------------------------------------
                         slack                                  3.791    

Slack (MET) :             3.838ns  (required time - arrival time)
  Source:                 i_laser_lock_core/u_output_protect/data_o_reg[11]/C
                            (rising edge-triggered cell FDCE clocked by pll_adc_clk  {rise@0.000ns fall@4.000ns period=8.000ns})
  Destination:            dac_dat_a_reg[11]/D
                            (rising edge-triggered cell FDRE clocked by pll_dac_clk_1x  {rise@0.000ns fall@4.000ns period=8.000ns})
  Path Group:             pll_dac_clk_1x
  Path Type:              Setup (Max at Slow Process Corner)
  Requirement:            8.000ns  (pll_dac_clk_1x rise@8.000ns - pll_adc_clk rise@0.000ns)
  Data Path Delay:        3.701ns  (logic 0.580ns (15.672%)  route 3.121ns (84.327%))
  Logic Levels:           1  (LUT1=1)
  Clock Path Skew:        -0.349ns (DCD - SCD + CPR)
    Destination Clock Delay (DCD):    5.455ns = ( 13.455 - 8.000 ) 
    Source Clock Delay      (SCD):    5.977ns
    Clock Pessimism Removal (CPR):    0.173ns
  Clock Uncertainty:      0.189ns  ((TSJ^2 + DJ^2)^1/2) / 2 + PE
    Total System Jitter     (TSJ):    0.071ns
    Discrete Jitter          (DJ):    0.118ns
    Phase Error              (PE):    0.120ns

    Location             Delay type                Incr(ns)  Path(ns)    Netlist Resource(s)
  -------------------------------------------------------------------    -------------------
                         (clock pll_adc_clk rise edge)
                                                      0.000     0.000 r  
    U18                                               0.000     0.000 r  adc_clk_i[1] (IN)
                         net (fo=0)                   0.000     0.000    adc_clk_i[1]
    U18                  IBUFDS (Prop_ibufds_I_O)     0.983     0.983 r  i_clk/O
                         net (fo=1, routed)           1.306     2.289    pll/adc_clk_in
    PLLE2_ADV_X0Y0       PLLE2_ADV (Prop_plle2_adv_CLKIN1_CLKOUT0)
                                                      0.089     2.378 r  pll/pll/CLKOUT0
                         net (fo=1, routed)           1.754     4.132    pll_adc_clk
    BUFGCTRL_X0Y0        BUFG (Prop_bufg_I_O)         0.101     4.233 r  bufg_adc_clk/O
                         net (fo=8587, routed)        1.744     5.977    i_laser_lock_core/u_output_protect/adc_clk
    SLICE_X36Y16         FDCE                                         r  i_laser_lock_core/u_output_protect/data_o_reg[11]/C
  -------------------------------------------------------------------    -------------------
    SLICE_X36Y16         FDCE (Prop_fdce_C_Q)         0.456     6.433 f  i_laser_lock_core/u_output_protect/data_o_reg[11]/Q
                         net (fo=10, routed)          3.121     9.554    i_laser_lock_core/u_output_protect/Q[11]
    SLICE_X42Y57         LUT1 (Prop_lut1_I0_O)        0.124     9.678 r  i_laser_lock_core/u_output_protect/dac_dat_a[11]_i_1/O
                         net (fo=1, routed)           0.000     9.678    i_laser_lock_core_n_33
    SLICE_X42Y57         FDRE                                         r  dac_dat_a_reg[11]/D
  -------------------------------------------------------------------    -------------------

                         (clock pll_dac_clk_1x rise edge)
                                                      8.000     8.000 r  
    U18                                               0.000     8.000 r  adc_clk_i[1] (IN)
                         net (fo=0)                   0.000     8.000    adc_clk_i[1]
    U18                  IBUFDS (Prop_ibufds_I_O)     0.940     8.940 r  i_clk/O
                         net (fo=1, routed)           1.181    10.121    pll/adc_clk_in
    PLLE2_ADV_X0Y0       PLLE2_ADV (Prop_plle2_adv_CLKIN1_CLKOUT1)
                                                      0.084    10.205 r  pll/pll/CLKOUT1
                         net (fo=1, routed)           1.594    11.799    pll_dac_clk_1x
    BUFGCTRL_X0Y2        BUFG (Prop_bufg_I_O)         0.091    11.890 r  bufg_dac_clk_1x/O
                         net (fo=45, routed)          1.565    13.455    dac_clk_1x
    SLICE_X42Y57         FDRE                                         r  dac_dat_a_reg[11]/C
                         clock pessimism              0.173    13.628    
                         clock uncertainty           -0.189    13.439    
    SLICE_X42Y57         FDRE (Setup_fdre_C_D)        0.077    13.516    dac_dat_a_reg[11]
  -------------------------------------------------------------------
                         required time                         13.516    
                         arrival time                          -9.678    
  -------------------------------------------------------------------
                         slack                                  3.838    

Slack (MET) :             3.977ns  (required time - arrival time)
  Source:                 i_laser_lock_core/u_output_protect/data_o_reg[13]/C
                            (rising edge-triggered cell FDCE clocked by pll_adc_clk  {rise@0.000ns fall@4.000ns period=8.000ns})
  Destination:            dac_dat_a_reg[13]/D
                            (rising edge-triggered cell FDRE clocked by pll_dac_clk_1x  {rise@0.000ns fall@4.000ns period=8.000ns})
  Path Group:             pll_dac_clk_1x
  Path Type:              Setup (Max at Slow Process Corner)
  Requirement:            8.000ns  (pll_dac_clk_1x rise@8.000ns - pll_adc_clk rise@0.000ns)
  Data Path Delay:        3.461ns  (logic 0.518ns (14.965%)  route 2.943ns (85.035%))
  Logic Levels:           0  
  Clock Path Skew:        -0.357ns (DCD - SCD + CPR)
    Destination Clock Delay (DCD):    5.448ns = ( 13.448 - 8.000 ) 
    Source Clock Delay      (SCD):    5.978ns
    Clock Pessimism Removal (CPR):    0.173ns
  Clock Uncertainty:      0.189ns  ((TSJ^2 + DJ^2)^1/2) / 2 + PE
    Total System Jitter     (TSJ):    0.071ns
    Discrete Jitter          (DJ):    0.118ns
    Phase Error              (PE):    0.120ns

    Location             Delay type                Incr(ns)  Path(ns)    Netlist Resource(s)
  -------------------------------------------------------------------    -------------------
                         (clock pll_adc_clk rise edge)
                                                      0.000     0.000 r  
    U18                                               0.000     0.000 r  adc_clk_i[1] (IN)
                         net (fo=0)                   0.000     0.000    adc_clk_i[1]
    U18                  IBUFDS (Prop_ibufds_I_O)     0.983     0.983 r  i_clk/O
                         net (fo=1, routed)           1.306     2.289    pll/adc_clk_in
    PLLE2_ADV_X0Y0       PLLE2_ADV (Prop_plle2_adv_CLKIN1_CLKOUT0)
                                                      0.089     2.378 r  pll/pll/CLKOUT0
                         net (fo=1, routed)           1.754     4.132    pll_adc_clk
    BUFGCTRL_X0Y0        BUFG (Prop_bufg_I_O)         0.101     4.233 r  bufg_adc_clk/O
                         net (fo=8587, routed)        1.745     5.978    i_laser_lock_core/u_output_protect/adc_clk
    SLICE_X38Y15         FDCE                                         r  i_laser_lock_core/u_output_protect/data_o_reg[13]/C
  -------------------------------------------------------------------    -------------------
    SLICE_X38Y15         FDCE (Prop_fdce_C_Q)         0.518     6.496 r  i_laser_lock_core/u_output_protect/data_o_reg[13]/Q
                         net (fo=8, routed)           2.943     9.439    laser_error[13]
    SLICE_X42Y82         FDRE                                         r  dac_dat_a_reg[13]/D
  -------------------------------------------------------------------    -------------------

                         (clock pll_dac_clk_1x rise edge)
                                                      8.000     8.000 r  
    U18                                               0.000     8.000 r  adc_clk_i[1] (IN)
                         net (fo=0)                   0.000     8.000    adc_clk_i[1]
    U18                  IBUFDS (Prop_ibufds_I_O)     0.940     8.940 r  i_clk/O
                         net (fo=1, routed)           1.181    10.121    pll/adc_clk_in
    PLLE2_ADV_X0Y0       PLLE2_ADV (Prop_plle2_adv_CLKIN1_CLKOUT1)
                                                      0.084    10.205 r  pll/pll/CLKOUT1
                         net (fo=1, routed)           1.594    11.799    pll_dac_clk_1x
    BUFGCTRL_X0Y2        BUFG (Prop_bufg_I_O)         0.091    11.890 r  bufg_dac_clk_1x/O
                         net (fo=45, routed)          1.558    13.448    dac_clk_1x
    SLICE_X42Y82         FDRE                                         r  dac_dat_a_reg[13]/C
                         clock pessimism              0.173    13.621    
                         clock uncertainty           -0.189    13.432    
    SLICE_X42Y82         FDRE (Setup_fdre_C_D)       -0.016    13.416    dac_dat_a_reg[13]
  -------------------------------------------------------------------
                         required time                         13.416    
                         arrival time                          -9.439    
  -------------------------------------------------------------------
                         slack                                  3.977    

Slack (MET) :             4.054ns  (required time - arrival time)
  Source:                 i_laser_lock_core/u_output_protect/data_o_reg[6]/C
                            (rising edge-triggered cell FDCE clocked by pll_adc_clk  {rise@0.000ns fall@4.000ns period=8.000ns})
  Destination:            dac_dat_a_reg[6]/D
                            (rising edge-triggered cell FDRE clocked by pll_dac_clk_1x  {rise@0.000ns fall@4.000ns period=8.000ns})
  Path Group:             pll_dac_clk_1x
  Path Type:              Setup (Max at Slow Process Corner)
  Requirement:            8.000ns  (pll_dac_clk_1x rise@8.000ns - pll_adc_clk rise@0.000ns)
  Data Path Delay:        3.483ns  (logic 0.718ns (20.617%)  route 2.765ns (79.383%))
  Logic Levels:           1  (LUT1=1)
  Clock Path Skew:        -0.351ns (DCD - SCD + CPR)
    Destination Clock Delay (DCD):    5.453ns = ( 13.453 - 8.000 ) 
    Source Clock Delay      (SCD):    5.977ns
    Clock Pessimism Removal (CPR):    0.173ns
  Clock Uncertainty:      0.189ns  ((TSJ^2 + DJ^2)^1/2) / 2 + PE
    Total System Jitter     (TSJ):    0.071ns
    Discrete Jitter          (DJ):    0.118ns
    Phase Error              (PE):    0.120ns

    Location             Delay type                Incr(ns)  Path(ns)    Netlist Resource(s)
  -------------------------------------------------------------------    -------------------
                         (clock pll_adc_clk rise edge)
                                                      0.000     0.000 r  
    U18                                               0.000     0.000 r  adc_clk_i[1] (IN)
                         net (fo=0)                   0.000     0.000    adc_clk_i[1]
    U18                  IBUFDS (Prop_ibufds_I_O)     0.983     0.983 r  i_clk/O
                         net (fo=1, routed)           1.306     2.289    pll/adc_clk_in
    PLLE2_ADV_X0Y0       PLLE2_ADV (Prop_plle2_adv_CLKIN1_CLKOUT0)
                                                      0.089     2.378 r  pll/pll/CLKOUT0
                         net (fo=1, routed)           1.754     4.132    pll_adc_clk
    BUFGCTRL_X0Y0        BUFG (Prop_bufg_I_O)         0.101     4.233 r  bufg_adc_clk/O
                         net (fo=8587, routed)        1.744     5.977    i_laser_lock_core/u_output_protect/adc_clk
    SLICE_X36Y16         FDCE                                         r  i_laser_lock_core/u_output_protect/data_o_reg[6]/C
  -------------------------------------------------------------------    -------------------
    SLICE_X36Y16         FDCE (Prop_fdce_C_Q)         0.419     6.396 f  i_laser_lock_core/u_output_protect/data_o_reg[6]/Q
                         net (fo=10, routed)          2.765     9.161    i_laser_lock_core/u_output_protect/Q[6]
    SLICE_X42Y61         LUT1 (Prop_lut1_I0_O)        0.299     9.460 r  i_laser_lock_core/u_output_protect/dac_dat_a[6]_i_1/O
                         net (fo=1, routed)           0.000     9.460    i_laser_lock_core_n_38
    SLICE_X42Y61         FDRE                                         r  dac_dat_a_reg[6]/D
  -------------------------------------------------------------------    -------------------

                         (clock pll_dac_clk_1x rise edge)
                                                      8.000     8.000 r  
    U18                                               0.000     8.000 r  adc_clk_i[1] (IN)
                         net (fo=0)                   0.000     8.000    adc_clk_i[1]
    U18                  IBUFDS (Prop_ibufds_I_O)     0.940     8.940 r  i_clk/O
                         net (fo=1, routed)           1.181    10.121    pll/adc_clk_in
    PLLE2_ADV_X0Y0       PLLE2_ADV (Prop_plle2_adv_CLKIN1_CLKOUT1)
                                                      0.084    10.205 r  pll/pll/CLKOUT1
                         net (fo=1, routed)           1.594    11.799    pll_dac_clk_1x
    BUFGCTRL_X0Y2        BUFG (Prop_bufg_I_O)         0.091    11.890 r  bufg_dac_clk_1x/O
                         net (fo=45, routed)          1.563    13.453    dac_clk_1x
    SLICE_X42Y61         FDRE                                         r  dac_dat_a_reg[6]/C
                         clock pessimism              0.173    13.626    
                         clock uncertainty           -0.189    13.437    
    SLICE_X42Y61         FDRE (Setup_fdre_C_D)        0.077    13.514    dac_dat_a_reg[6]
  -------------------------------------------------------------------
                         required time                         13.514    
                         arrival time                          -9.460    
  -------------------------------------------------------------------
                         slack                                  4.054    





Min Delay Paths
--------------------------------------------------------------------------------------
Slack (MET) :             0.485ns  (arrival time - required time)
  Source:                 i_laser_lock_core/u_output_protect/data_o_reg[8]/C
                            (rising edge-triggered cell FDCE clocked by pll_adc_clk  {rise@0.000ns fall@4.000ns period=8.000ns})
  Destination:            dac_dat_a_reg[8]/D
                            (rising edge-triggered cell FDRE clocked by pll_dac_clk_1x  {rise@0.000ns fall@4.000ns period=8.000ns})
  Path Group:             pll_dac_clk_1x
  Path Type:              Hold (Min at Fast Process Corner)
  Requirement:            0.000ns  (pll_dac_clk_1x rise@0.000ns - pll_adc_clk rise@0.000ns)
  Data Path Delay:        1.119ns  (logic 0.226ns (20.204%)  route 0.893ns (79.796%))
  Logic Levels:           1  (LUT1=1)
  Clock Path Skew:        0.323ns (DCD - SCD - CPR)
    Destination Clock Delay (DCD):    2.399ns
    Source Clock Delay      (SCD):    2.000ns
    Clock Pessimism Removal (CPR):    0.075ns
  Clock Uncertainty:      0.189ns  ((TSJ^2 + DJ^2)^1/2) / 2 + PE
    Total System Jitter     (TSJ):    0.071ns
    Discrete Jitter          (DJ):    0.118ns
    Phase Error              (PE):    0.120ns

    Location             Delay type                Incr(ns)  Path(ns)    Netlist Resource(s)
  -------------------------------------------------------------------    -------------------
                         (clock pll_adc_clk rise edge)
                                                      0.000     0.000 r  
    U18                                               0.000     0.000 r  adc_clk_i[1] (IN)
                         net (fo=0)                   0.000     0.000    adc_clk_i[1]
    U18                  IBUFDS (Prop_ibufds_I_O)     0.401     0.401 r  i_clk/O
                         net (fo=1, routed)           0.440     0.842    pll/adc_clk_in
    PLLE2_ADV_X0Y0       PLLE2_ADV (Prop_plle2_adv_CLKIN1_CLKOUT0)
                                                      0.051     0.893 r  pll/pll/CLKOUT0
                         net (fo=1, routed)           0.497     1.390    pll_adc_clk
    BUFGCTRL_X0Y0        BUFG (Prop_bufg_I_O)         0.026     1.416 r  bufg_adc_clk/O
                         net (fo=8587, routed)        0.585     2.000    i_laser_lock_core/u_output_protect/adc_clk
    SLICE_X36Y16         FDCE                                         r  i_laser_lock_core/u_output_protect/data_o_reg[8]/C
  -------------------------------------------------------------------    -------------------
    SLICE_X36Y16         FDCE (Prop_fdce_C_Q)         0.128     2.128 f  i_laser_lock_core/u_output_protect/data_o_reg[8]/Q
                         net (fo=10, routed)          0.893     3.021    i_laser_lock_core/u_output_protect/Q[8]
    SLICE_X42Y61         LUT1 (Prop_lut1_I0_O)        0.098     3.119 r  i_laser_lock_core/u_output_protect/dac_dat_a[8]_i_1/O
                         net (fo=1, routed)           0.000     3.119    i_laser_lock_core_n_36
    SLICE_X42Y61         FDRE                                         r  dac_dat_a_reg[8]/D
  -------------------------------------------------------------------    -------------------

                         (clock pll_dac_clk_1x rise edge)
                                                      0.000     0.000 r  
    U18                                               0.000     0.000 r  adc_clk_i[1] (IN)
                         net (fo=0)                   0.000     0.000    adc_clk_i[1]
    U18                  IBUFDS (Prop_ibufds_I_O)     0.433     0.433 r  i_clk/O
                         net (fo=1, routed)           0.481     0.914    pll/adc_clk_in
    PLLE2_ADV_X0Y0       PLLE2_ADV (Prop_plle2_adv_CLKIN1_CLKOUT1)
                                                      0.054     0.968 r  pll/pll/CLKOUT1
                         net (fo=1, routed)           0.544     1.512    pll_dac_clk_1x
    BUFGCTRL_X0Y2        BUFG (Prop_bufg_I_O)         0.029     1.541 r  bufg_dac_clk_1x/O
                         net (fo=45, routed)          0.858     2.399    dac_clk_1x
    SLICE_X42Y61         FDRE                                         r  dac_dat_a_reg[8]/C
                         clock pessimism             -0.075     2.324    
                         clock uncertainty            0.189     2.513    
    SLICE_X42Y61         FDRE (Hold_fdre_C_D)         0.121     2.634    dac_dat_a_reg[8]
  -------------------------------------------------------------------
                         required time                         -2.634    
                         arrival time                           3.119    
  -------------------------------------------------------------------
                         slack                                  0.485    

Slack (MET) :             0.527ns  (arrival time - required time)
  Source:                 i_laser_lock_core/u_output_protect/data_o_reg[0]/C
                            (rising edge-triggered cell FDCE clocked by pll_adc_clk  {rise@0.000ns fall@4.000ns period=8.000ns})
  Destination:            dac_dat_a_reg[0]/D
                            (rising edge-triggered cell FDRE clocked by pll_dac_clk_1x  {rise@0.000ns fall@4.000ns period=8.000ns})
  Path Group:             pll_dac_clk_1x
  Path Type:              Hold (Min at Fast Process Corner)
  Requirement:            0.000ns  (pll_dac_clk_1x rise@0.000ns - pll_adc_clk rise@0.000ns)
  Data Path Delay:        1.153ns  (logic 0.186ns (16.126%)  route 0.967ns (83.874%))
  Logic Levels:           1  (LUT1=1)
  Clock Path Skew:        0.317ns (DCD - SCD - CPR)
    Destination Clock Delay (DCD):    2.393ns
    Source Clock Delay      (SCD):    2.000ns
    Clock Pessimism Removal (CPR):    0.075ns
  Clock Uncertainty:      0.189ns  ((TSJ^2 + DJ^2)^1/2) / 2 + PE
    Total System Jitter     (TSJ):    0.071ns
    Discrete Jitter          (DJ):    0.118ns
    Phase Error              (PE):    0.120ns

    Location             Delay type                Incr(ns)  Path(ns)    Netlist Resource(s)
  -------------------------------------------------------------------    -------------------
                         (clock pll_adc_clk rise edge)
                                                      0.000     0.000 r  
    U18                                               0.000     0.000 r  adc_clk_i[1] (IN)
                         net (fo=0)                   0.000     0.000    adc_clk_i[1]
    U18                  IBUFDS (Prop_ibufds_I_O)     0.401     0.401 r  i_clk/O
                         net (fo=1, routed)           0.440     0.842    pll/adc_clk_in
    PLLE2_ADV_X0Y0       PLLE2_ADV (Prop_plle2_adv_CLKIN1_CLKOUT0)
                                                      0.051     0.893 r  pll/pll/CLKOUT0
                         net (fo=1, routed)           0.497     1.390    pll_adc_clk
    BUFGCTRL_X0Y0        BUFG (Prop_bufg_I_O)         0.026     1.416 r  bufg_adc_clk/O
                         net (fo=8587, routed)        0.585     2.000    i_laser_lock_core/u_output_protect/adc_clk
    SLICE_X36Y16         FDCE                                         r  i_laser_lock_core/u_output_protect/data_o_reg[0]/C
  -------------------------------------------------------------------    -------------------
    SLICE_X36Y16         FDCE (Prop_fdce_C_Q)         0.141     2.141 f  i_laser_lock_core/u_output_protect/data_o_reg[0]/Q
                         net (fo=10, routed)          0.967     3.109    i_laser_lock_core/u_output_protect/Q[0]
    SLICE_X42Y82         LUT1 (Prop_lut1_I0_O)        0.045     3.154 r  i_laser_lock_core/u_output_protect/dac_dat_a[0]_i_1/O
                         net (fo=1, routed)           0.000     3.154    i_laser_lock_core_n_44
    SLICE_X42Y82         FDRE                                         r  dac_dat_a_reg[0]/D
  -------------------------------------------------------------------    -------------------

                         (clock pll_dac_clk_1x rise edge)
                                                      0.000     0.000 r  
    U18                                               0.000     0.000 r  adc_clk_i[1] (IN)
                         net (fo=0)                   0.000     0.000    adc_clk_i[1]
    U18                  IBUFDS (Prop_ibufds_I_O)     0.433     0.433 r  i_clk/O
                         net (fo=1, routed)           0.481     0.914    pll/adc_clk_in
    PLLE2_ADV_X0Y0       PLLE2_ADV (Prop_plle2_adv_CLKIN1_CLKOUT1)
                                                      0.054     0.968 r  pll/pll/CLKOUT1
                         net (fo=1, routed)           0.544     1.512    pll_dac_clk_1x
    BUFGCTRL_X0Y2        BUFG (Prop_bufg_I_O)         0.029     1.541 r  bufg_dac_clk_1x/O
                         net (fo=45, routed)          0.852     2.393    dac_clk_1x
    SLICE_X42Y82         FDRE                                         r  dac_dat_a_reg[0]/C
                         clock pessimism             -0.075     2.318    
                         clock uncertainty            0.189     2.507    
    SLICE_X42Y82         FDRE (Hold_fdre_C_D)         0.120     2.627    dac_dat_a_reg[0]
  -------------------------------------------------------------------
                         required time                         -2.627    
                         arrival time                           3.154    
  -------------------------------------------------------------------
                         slack                                  0.527    

Slack (MET) :             0.534ns  (arrival time - required time)
  Source:                 i_laser_lock_core/u_output_protect/data_o_reg[9]/C
                            (rising edge-triggered cell FDCE clocked by pll_adc_clk  {rise@0.000ns fall@4.000ns period=8.000ns})
  Destination:            dac_dat_a_reg[9]/D
                            (rising edge-triggered cell FDRE clocked by pll_dac_clk_1x  {rise@0.000ns fall@4.000ns period=8.000ns})
  Path Group:             pll_dac_clk_1x
  Path Type:              Hold (Min at Fast Process Corner)
  Requirement:            0.000ns  (pll_dac_clk_1x rise@0.000ns - pll_adc_clk rise@0.000ns)
  Data Path Delay:        1.192ns  (logic 0.186ns (15.605%)  route 1.006ns (84.395%))
  Logic Levels:           1  (LUT1=1)
  Clock Path Skew:        0.350ns (DCD - SCD - CPR)
    Destination Clock Delay (DCD):    2.400ns
    Source Clock Delay      (SCD):    1.975ns
    Clock Pessimism Removal (CPR):    0.075ns
  Clock Uncertainty:      0.189ns  ((TSJ^2 + DJ^2)^1/2) / 2 + PE
    Total System Jitter     (TSJ):    0.071ns
    Discrete Jitter          (DJ):    0.118ns
    Phase Error              (PE):    0.120ns

    Location             Delay type                Incr(ns)  Path(ns)    Netlist Resource(s)
  -------------------------------------------------------------------    -------------------
                         (clock pll_adc_clk rise edge)
                                                      0.000     0.000 r  
    U18                                               0.000     0.000 r  adc_clk_i[1] (IN)
                         net (fo=0)                   0.000     0.000    adc_clk_i[1]
    U18                  IBUFDS (Prop_ibufds_I_O)     0.401     0.401 r  i_clk/O
                         net (fo=1, routed)           0.440     0.842    pll/adc_clk_in
    PLLE2_ADV_X0Y0       PLLE2_ADV (Prop_plle2_adv_CLKIN1_CLKOUT0)
                                                      0.051     0.893 r  pll/pll/CLKOUT0
                         net (fo=1, routed)           0.497     1.390    pll_adc_clk
    BUFGCTRL_X0Y0        BUFG (Prop_bufg_I_O)         0.026     1.416 r  bufg_adc_clk/O
                         net (fo=8587, routed)        0.560     1.975    i_laser_lock_core/u_output_protect/adc_clk
    SLICE_X35Y12         FDCE                                         r  i_laser_lock_core/u_output_protect/data_o_reg[9]/C
  -------------------------------------------------------------------    -------------------
    SLICE_X35Y12         FDCE (Prop_fdce_C_Q)         0.141     2.116 f  i_laser_lock_core/u_output_protect/data_o_reg[9]/Q
                         net (fo=10, routed)          1.006     3.122    i_laser_lock_core/u_output_protect/Q[9]
    SLICE_X42Y59         LUT1 (Prop_lut1_I0_O)        0.045     3.167 r  i_laser_lock_core/u_output_protect/dac_dat_a[9]_i_1/O
                         net (fo=1, routed)           0.000     3.167    i_laser_lock_core_n_35
    SLICE_X42Y59         FDRE                                         r  dac_dat_a_reg[9]/D
  -------------------------------------------------------------------    -------------------

                         (clock pll_dac_clk_1x rise edge)
                                                      0.000     0.000 r  
    U18                                               0.000     0.000 r  adc_clk_i[1] (IN)
                         net (fo=0)                   0.000     0.000    adc_clk_i[1]
    U18                  IBUFDS (Prop_ibufds_I_O)     0.433     0.433 r  i_clk/O
                         net (fo=1, routed)           0.481     0.914    pll/adc_clk_in
    PLLE2_ADV_X0Y0       PLLE2_ADV (Prop_plle2_adv_CLKIN1_CLKOUT1)
                                                      0.054     0.968 r  pll/pll/CLKOUT1
                         net (fo=1, routed)           0.544     1.512    pll_dac_clk_1x
    BUFGCTRL_X0Y2        BUFG (Prop_bufg_I_O)         0.029     1.541 r  bufg_dac_clk_1x/O
                         net (fo=45, routed)          0.859     2.400    dac_clk_1x
    SLICE_X42Y59         FDRE                                         r  dac_dat_a_reg[9]/C
                         clock pessimism             -0.075     2.325    
                         clock uncertainty            0.189     2.514    
    SLICE_X42Y59         FDRE (Hold_fdre_C_D)         0.120     2.634    dac_dat_a_reg[9]
  -------------------------------------------------------------------
                         required time                         -2.634    
                         arrival time                           3.167    
  -------------------------------------------------------------------
                         slack                                  0.534    

Slack (MET) :             0.560ns  (arrival time - required time)
  Source:                 i_out2_lock_controller/control_o_reg[9]/C
                            (rising edge-triggered cell FDRE clocked by pll_adc_clk  {rise@0.000ns fall@4.000ns period=8.000ns})
  Destination:            dac_dat_b_reg[9]/D
                            (rising edge-triggered cell FDRE clocked by pll_dac_clk_1x  {rise@0.000ns fall@4.000ns period=8.000ns})
  Path Group:             pll_dac_clk_1x
  Path Type:              Hold (Min at Fast Process Corner)
  Requirement:            0.000ns  (pll_dac_clk_1x rise@0.000ns - pll_adc_clk rise@0.000ns)
  Data Path Delay:        1.196ns  (logic 0.209ns (17.475%)  route 0.987ns (82.525%))
  Logic Levels:           1  (LUT1=1)
  Clock Path Skew:        0.355ns (DCD - SCD - CPR)
    Destination Clock Delay (DCD):    2.400ns
    Source Clock Delay      (SCD):    1.969ns
    Clock Pessimism Removal (CPR):    0.075ns
  Clock Uncertainty:      0.189ns  ((TSJ^2 + DJ^2)^1/2) / 2 + PE
    Total System Jitter     (TSJ):    0.071ns
    Discrete Jitter          (DJ):    0.118ns
    Phase Error              (PE):    0.120ns

    Location             Delay type                Incr(ns)  Path(ns)    Netlist Resource(s)
  -------------------------------------------------------------------    -------------------
                         (clock pll_adc_clk rise edge)
                                                      0.000     0.000 r  
    U18                                               0.000     0.000 r  adc_clk_i[1] (IN)
                         net (fo=0)                   0.000     0.000    adc_clk_i[1]
    U18                  IBUFDS (Prop_ibufds_I_O)     0.401     0.401 r  i_clk/O
                         net (fo=1, routed)           0.440     0.842    pll/adc_clk_in
    PLLE2_ADV_X0Y0       PLLE2_ADV (Prop_plle2_adv_CLKIN1_CLKOUT0)
                                                      0.051     0.893 r  pll/pll/CLKOUT0
                         net (fo=1, routed)           0.497     1.390    pll_adc_clk
    BUFGCTRL_X0Y0        BUFG (Prop_bufg_I_O)         0.026     1.416 r  bufg_adc_clk/O
                         net (fo=8587, routed)        0.554     1.969    i_out2_lock_controller/adc_clk
    SLICE_X34Y29         FDRE                                         r  i_out2_lock_controller/control_o_reg[9]/C
  -------------------------------------------------------------------    -------------------
    SLICE_X34Y29         FDRE (Prop_fdre_C_Q)         0.164     2.133 f  i_out2_lock_controller/control_o_reg[9]/Q
                         net (fo=22, routed)          0.987     3.120    i_out2_lock_controller/control_o_reg[13]_0[9]
    SLICE_X43Y59         LUT1 (Prop_lut1_I0_O)        0.045     3.165 r  i_out2_lock_controller/dac_dat_b[9]_i_1/O
                         net (fo=1, routed)           0.000     3.165    i_out2_lock_controller_n_69
    SLICE_X43Y59         FDRE                                         r  dac_dat_b_reg[9]/D
  -------------------------------------------------------------------    -------------------

                         (clock pll_dac_clk_1x rise edge)
                                                      0.000     0.000 r  
    U18                                               0.000     0.000 r  adc_clk_i[1] (IN)
                         net (fo=0)                   0.000     0.000    adc_clk_i[1]
    U18                  IBUFDS (Prop_ibufds_I_O)     0.433     0.433 r  i_clk/O
                         net (fo=1, routed)           0.481     0.914    pll/adc_clk_in
    PLLE2_ADV_X0Y0       PLLE2_ADV (Prop_plle2_adv_CLKIN1_CLKOUT1)
                                                      0.054     0.968 r  pll/pll/CLKOUT1
                         net (fo=1, routed)           0.544     1.512    pll_dac_clk_1x
    BUFGCTRL_X0Y2        BUFG (Prop_bufg_I_O)         0.029     1.541 r  bufg_dac_clk_1x/O
                         net (fo=45, routed)          0.859     2.400    dac_clk_1x
    SLICE_X43Y59         FDRE                                         r  dac_dat_b_reg[9]/C
                         clock pessimism             -0.075     2.325    
                         clock uncertainty            0.189     2.514    
    SLICE_X43Y59         FDRE (Hold_fdre_C_D)         0.092     2.606    dac_dat_b_reg[9]
  -------------------------------------------------------------------
                         required time                         -2.606    
                         arrival time                           3.165    
  -------------------------------------------------------------------
                         slack                                  0.560    

Slack (MET) :             0.563ns  (arrival time - required time)
  Source:                 i_out2_lock_controller/control_o_reg[6]/C
                            (rising edge-triggered cell FDRE clocked by pll_adc_clk  {rise@0.000ns fall@4.000ns period=8.000ns})
  Destination:            dac_dat_b_reg[6]/D
                            (rising edge-triggered cell FDRE clocked by pll_dac_clk_1x  {rise@0.000ns fall@4.000ns period=8.000ns})
  Path Group:             pll_dac_clk_1x
  Path Type:              Hold (Min at Fast Process Corner)
  Requirement:            0.000ns  (pll_dac_clk_1x rise@0.000ns - pll_adc_clk rise@0.000ns)
  Data Path Delay:        1.199ns  (logic 0.209ns (17.438%)  route 0.990ns (82.563%))
  Logic Levels:           1  (LUT1=1)
  Clock Path Skew:        0.354ns (DCD - SCD - CPR)
    Destination Clock Delay (DCD):    2.399ns
    Source Clock Delay      (SCD):    1.969ns
    Clock Pessimism Removal (CPR):    0.075ns
  Clock Uncertainty:      0.189ns  ((TSJ^2 + DJ^2)^1/2) / 2 + PE
    Total System Jitter     (TSJ):    0.071ns
    Discrete Jitter          (DJ):    0.118ns
    Phase Error              (PE):    0.120ns

    Location             Delay type                Incr(ns)  Path(ns)    Netlist Resource(s)
  -------------------------------------------------------------------    -------------------
                         (clock pll_adc_clk rise edge)
                                                      0.000     0.000 r  
    U18                                               0.000     0.000 r  adc_clk_i[1] (IN)
                         net (fo=0)                   0.000     0.000    adc_clk_i[1]
    U18                  IBUFDS (Prop_ibufds_I_O)     0.401     0.401 r  i_clk/O
                         net (fo=1, routed)           0.440     0.842    pll/adc_clk_in
    PLLE2_ADV_X0Y0       PLLE2_ADV (Prop_plle2_adv_CLKIN1_CLKOUT0)
                                                      0.051     0.893 r  pll/pll/CLKOUT0
                         net (fo=1, routed)           0.497     1.390    pll_adc_clk
    BUFGCTRL_X0Y0        BUFG (Prop_bufg_I_O)         0.026     1.416 r  bufg_adc_clk/O
                         net (fo=8587, routed)        0.554     1.969    i_out2_lock_controller/adc_clk
    SLICE_X34Y29         FDRE                                         r  i_out2_lock_controller/control_o_reg[6]/C
  -------------------------------------------------------------------    -------------------
    SLICE_X34Y29         FDRE (Prop_fdre_C_Q)         0.164     2.133 f  i_out2_lock_controller/control_o_reg[6]/Q
                         net (fo=22, routed)          0.990     3.123    i_out2_lock_controller/control_o_reg[13]_0[6]
    SLICE_X43Y61         LUT1 (Prop_lut1_I0_O)        0.045     3.168 r  i_out2_lock_controller/dac_dat_b[6]_i_1/O
                         net (fo=1, routed)           0.000     3.168    i_out2_lock_controller_n_72
    SLICE_X43Y61         FDRE                                         r  dac_dat_b_reg[6]/D
  -------------------------------------------------------------------    -------------------

                         (clock pll_dac_clk_1x rise edge)
                                                      0.000     0.000 r  
    U18                                               0.000     0.000 r  adc_clk_i[1] (IN)
                         net (fo=0)                   0.000     0.000    adc_clk_i[1]
    U18                  IBUFDS (Prop_ibufds_I_O)     0.433     0.433 r  i_clk/O
                         net (fo=1, routed)           0.481     0.914    pll/adc_clk_in
    PLLE2_ADV_X0Y0       PLLE2_ADV (Prop_plle2_adv_CLKIN1_CLKOUT1)
                                                      0.054     0.968 r  pll/pll/CLKOUT1
                         net (fo=1, routed)           0.544     1.512    pll_dac_clk_1x
    BUFGCTRL_X0Y2        BUFG (Prop_bufg_I_O)         0.029     1.541 r  bufg_dac_clk_1x/O
                         net (fo=45, routed)          0.858     2.399    dac_clk_1x
    SLICE_X43Y61         FDRE                                         r  dac_dat_b_reg[6]/C
                         clock pessimism             -0.075     2.324    
                         clock uncertainty            0.189     2.513    
    SLICE_X43Y61         FDRE (Hold_fdre_C_D)         0.092     2.605    dac_dat_b_reg[6]
  -------------------------------------------------------------------
                         required time                         -2.605    
                         arrival time                           3.168    
  -------------------------------------------------------------------
                         slack                                  0.563    

Slack (MET) :             0.571ns  (arrival time - required time)
  Source:                 i_out2_lock_controller/control_o_reg[7]/C
                            (rising edge-triggered cell FDRE clocked by pll_adc_clk  {rise@0.000ns fall@4.000ns period=8.000ns})
  Destination:            dac_dat_b_reg[7]/D
                            (rising edge-triggered cell FDRE clocked by pll_dac_clk_1x  {rise@0.000ns fall@4.000ns period=8.000ns})
  Path Group:             pll_dac_clk_1x
  Path Type:              Hold (Min at Fast Process Corner)
  Requirement:            0.000ns  (pll_dac_clk_1x rise@0.000ns - pll_adc_clk rise@0.000ns)
  Data Path Delay:        1.207ns  (logic 0.186ns (15.407%)  route 1.021ns (84.593%))
  Logic Levels:           1  (LUT1=1)
  Clock Path Skew:        0.356ns (DCD - SCD - CPR)
    Destination Clock Delay (DCD):    2.401ns
    Source Clock Delay      (SCD):    1.969ns
    Clock Pessimism Removal (CPR):    0.075ns
  Clock Uncertainty:      0.189ns  ((TSJ^2 + DJ^2)^1/2) / 2 + PE
    Total System Jitter     (TSJ):    0.071ns
    Discrete Jitter          (DJ):    0.118ns
    Phase Error              (PE):    0.120ns

    Location             Delay type                Incr(ns)  Path(ns)    Netlist Resource(s)
  -------------------------------------------------------------------    -------------------
                         (clock pll_adc_clk rise edge)
                                                      0.000     0.000 r  
    U18                                               0.000     0.000 r  adc_clk_i[1] (IN)
                         net (fo=0)                   0.000     0.000    adc_clk_i[1]
    U18                  IBUFDS (Prop_ibufds_I_O)     0.401     0.401 r  i_clk/O
                         net (fo=1, routed)           0.440     0.842    pll/adc_clk_in
    PLLE2_ADV_X0Y0       PLLE2_ADV (Prop_plle2_adv_CLKIN1_CLKOUT0)
                                                      0.051     0.893 r  pll/pll/CLKOUT0
                         net (fo=1, routed)           0.497     1.390    pll_adc_clk
    BUFGCTRL_X0Y0        BUFG (Prop_bufg_I_O)         0.026     1.416 r  bufg_adc_clk/O
                         net (fo=8587, routed)        0.554     1.969    i_out2_lock_controller/adc_clk
    SLICE_X35Y29         FDRE                                         r  i_out2_lock_controller/control_o_reg[7]/C
  -------------------------------------------------------------------    -------------------
    SLICE_X35Y29         FDRE (Prop_fdre_C_Q)         0.141     2.110 f  i_out2_lock_controller/control_o_reg[7]/Q
                         net (fo=22, routed)          1.021     3.131    i_out2_lock_controller/control_o_reg[13]_0[7]
    SLICE_X43Y53         LUT1 (Prop_lut1_I0_O)        0.045     3.176 r  i_out2_lock_controller/dac_dat_b[7]_i_1/O
                         net (fo=1, routed)           0.000     3.176    i_out2_lock_controller_n_71
    SLICE_X43Y53         FDRE                                         r  dac_dat_b_reg[7]/D
  -------------------------------------------------------------------    -------------------

                         (clock pll_dac_clk_1x rise edge)
                                                      0.000     0.000 r  
    U18                                               0.000     0.000 r  adc_clk_i[1] (IN)
                         net (fo=0)                   0.000     0.000    adc_clk_i[1]
    U18                  IBUFDS (Prop_ibufds_I_O)     0.433     0.433 r  i_clk/O
                         net (fo=1, routed)           0.481     0.914    pll/adc_clk_in
    PLLE2_ADV_X0Y0       PLLE2_ADV (Prop_plle2_adv_CLKIN1_CLKOUT1)
                                                      0.054     0.968 r  pll/pll/CLKOUT1
                         net (fo=1, routed)           0.544     1.512    pll_dac_clk_1x
    BUFGCTRL_X0Y2        BUFG (Prop_bufg_I_O)         0.029     1.541 r  bufg_dac_clk_1x/O
                         net (fo=45, routed)          0.860     2.401    dac_clk_1x
    SLICE_X43Y53         FDRE                                         r  dac_dat_b_reg[7]/C
                         clock pessimism             -0.075     2.326    
                         clock uncertainty            0.189     2.515    
    SLICE_X43Y53         FDRE (Hold_fdre_C_D)         0.091     2.606    dac_dat_b_reg[7]
  -------------------------------------------------------------------
                         required time                         -2.606    
                         arrival time                           3.176    
  -------------------------------------------------------------------
                         slack                                  0.571    

Slack (MET) :             0.576ns  (arrival time - required time)
  Source:                 i_out2_lock_controller/control_o_reg[10]/C
                            (rising edge-triggered cell FDRE clocked by pll_adc_clk  {rise@0.000ns fall@4.000ns period=8.000ns})
  Destination:            dac_dat_b_reg[10]/D
                            (rising edge-triggered cell FDRE clocked by pll_dac_clk_1x  {rise@0.000ns fall@4.000ns period=8.000ns})
  Path Group:             pll_dac_clk_1x
  Path Type:              Hold (Min at Fast Process Corner)
  Requirement:            0.000ns  (pll_dac_clk_1x rise@0.000ns - pll_adc_clk rise@0.000ns)
  Data Path Delay:        1.211ns  (logic 0.209ns (17.258%)  route 1.002ns (82.742%))
  Logic Levels:           1  (LUT1=1)
  Clock Path Skew:        0.355ns (DCD - SCD - CPR)
    Destination Clock Delay (DCD):    2.399ns
    Source Clock Delay      (SCD):    1.968ns
    Clock Pessimism Removal (CPR):    0.075ns
  Clock Uncertainty:      0.189ns  ((TSJ^2 + DJ^2)^1/2) / 2 + PE
    Total System Jitter     (TSJ):    0.071ns
    Discrete Jitter          (DJ):    0.118ns
    Phase Error              (PE):    0.120ns

    Location             Delay type                Incr(ns)  Path(ns)    Netlist Resource(s)
  -------------------------------------------------------------------    -------------------
                         (clock pll_adc_clk rise edge)
                                                      0.000     0.000 r  
    U18                                               0.000     0.000 r  adc_clk_i[1] (IN)
                         net (fo=0)                   0.000     0.000    adc_clk_i[1]
    U18                  IBUFDS (Prop_ibufds_I_O)     0.401     0.401 r  i_clk/O
                         net (fo=1, routed)           0.440     0.842    pll/adc_clk_in
    PLLE2_ADV_X0Y0       PLLE2_ADV (Prop_plle2_adv_CLKIN1_CLKOUT0)
                                                      0.051     0.893 r  pll/pll/CLKOUT0
                         net (fo=1, routed)           0.497     1.390    pll_adc_clk
    BUFGCTRL_X0Y0        BUFG (Prop_bufg_I_O)         0.026     1.416 r  bufg_adc_clk/O
                         net (fo=8587, routed)        0.553     1.968    i_out2_lock_controller/adc_clk
    SLICE_X34Y27         FDRE                                         r  i_out2_lock_controller/control_o_reg[10]/C
  -------------------------------------------------------------------    -------------------
    SLICE_X34Y27         FDRE (Prop_fdre_C_Q)         0.164     2.132 f  i_out2_lock_controller/control_o_reg[10]/Q
                         net (fo=22, routed)          1.002     3.134    i_out2_lock_controller/control_o_reg[13]_0[10]
    SLICE_X43Y61         LUT1 (Prop_lut1_I0_O)        0.045     3.179 r  i_out2_lock_controller/dac_dat_b[10]_i_1/O
                         net (fo=1, routed)           0.000     3.179    i_out2_lock_controller_n_68
    SLICE_X43Y61         FDRE                                         r  dac_dat_b_reg[10]/D
  -------------------------------------------------------------------    -------------------

                         (clock pll_dac_clk_1x rise edge)
                                                      0.000     0.000 r  
    U18                                               0.000     0.000 r  adc_clk_i[1] (IN)
                         net (fo=0)                   0.000     0.000    adc_clk_i[1]
    U18                  IBUFDS (Prop_ibufds_I_O)     0.433     0.433 r  i_clk/O
                         net (fo=1, routed)           0.481     0.914    pll/adc_clk_in
    PLLE2_ADV_X0Y0       PLLE2_ADV (Prop_plle2_adv_CLKIN1_CLKOUT1)
                                                      0.054     0.968 r  pll/pll/CLKOUT1
                         net (fo=1, routed)           0.544     1.512    pll_dac_clk_1x
    BUFGCTRL_X0Y2        BUFG (Prop_bufg_I_O)         0.029     1.541 r  bufg_dac_clk_1x/O
                         net (fo=45, routed)          0.858     2.399    dac_clk_1x
    SLICE_X43Y61         FDRE                                         r  dac_dat_b_reg[10]/C
                         clock pessimism             -0.075     2.324    
                         clock uncertainty            0.189     2.513    
    SLICE_X43Y61         FDRE (Hold_fdre_C_D)         0.091     2.604    dac_dat_b_reg[10]
  -------------------------------------------------------------------
                         required time                         -2.604    
                         arrival time                           3.179    
  -------------------------------------------------------------------
                         slack                                  0.576    

Slack (MET) :             0.634ns  (arrival time - required time)
  Source:                 i_out2_lock_controller/control_o_reg[1]/C
                            (rising edge-triggered cell FDRE clocked by pll_adc_clk  {rise@0.000ns fall@4.000ns period=8.000ns})
  Destination:            dac_dat_b_reg[1]/D
                            (rising edge-triggered cell FDRE clocked by pll_dac_clk_1x  {rise@0.000ns fall@4.000ns period=8.000ns})
  Path Group:             pll_dac_clk_1x
  Path Type:              Hold (Min at Fast Process Corner)
  Requirement:            0.000ns  (pll_dac_clk_1x rise@0.000ns - pll_adc_clk rise@0.000ns)
  Data Path Delay:        1.235ns  (logic 0.186ns (15.063%)  route 1.049ns (84.936%))
  Logic Levels:           1  (LUT1=1)
  Clock Path Skew:        0.319ns (DCD - SCD - CPR)
    Destination Clock Delay (DCD):    2.391ns
    Source Clock Delay      (SCD):    1.996ns
    Clock Pessimism Removal (CPR):    0.075ns
  Clock Uncertainty:      0.189ns  ((TSJ^2 + DJ^2)^1/2) / 2 + PE
    Total System Jitter     (TSJ):    0.071ns
    Discrete Jitter          (DJ):    0.118ns
    Phase Error              (PE):    0.120ns

    Location             Delay type                Incr(ns)  Path(ns)    Netlist Resource(s)
  -------------------------------------------------------------------    -------------------
                         (clock pll_adc_clk rise edge)
                                                      0.000     0.000 r  
    U18                                               0.000     0.000 r  adc_clk_i[1] (IN)
                         net (fo=0)                   0.000     0.000    adc_clk_i[1]
    U18                  IBUFDS (Prop_ibufds_I_O)     0.401     0.401 r  i_clk/O
                         net (fo=1, routed)           0.440     0.842    pll/adc_clk_in
    PLLE2_ADV_X0Y0       PLLE2_ADV (Prop_plle2_adv_CLKIN1_CLKOUT0)
                                                      0.051     0.893 r  pll/pll/CLKOUT0
                         net (fo=1, routed)           0.497     1.390    pll_adc_clk
    BUFGCTRL_X0Y0        BUFG (Prop_bufg_I_O)         0.026     1.416 r  bufg_adc_clk/O
                         net (fo=8587, routed)        0.581     1.996    i_out2_lock_controller/adc_clk
    SLICE_X39Y29         FDRE                                         r  i_out2_lock_controller/control_o_reg[1]/C
  -------------------------------------------------------------------    -------------------
    SLICE_X39Y29         FDRE (Prop_fdre_C_Q)         0.141     2.137 f  i_out2_lock_controller/control_o_reg[1]/Q
                         net (fo=22, routed)          1.049     3.186    i_out2_lock_controller/control_o_reg[13]_0[1]
    SLICE_X43Y80         LUT1 (Prop_lut1_I0_O)        0.045     3.231 r  i_out2_lock_controller/dac_dat_b[1]_i_1/O
                         net (fo=1, routed)           0.000     3.231    i_out2_lock_controller_n_77
    SLICE_X43Y80         FDRE                                         r  dac_dat_b_reg[1]/D
  -------------------------------------------------------------------    -------------------

                         (clock pll_dac_clk_1x rise edge)
                                                      0.000     0.000 r  
    U18                                               0.000     0.000 r  adc_clk_i[1] (IN)
                         net (fo=0)                   0.000     0.000    adc_clk_i[1]
    U18                  IBUFDS (Prop_ibufds_I_O)     0.433     0.433 r  i_clk/O
                         net (fo=1, routed)           0.481     0.914    pll/adc_clk_in
    PLLE2_ADV_X0Y0       PLLE2_ADV (Prop_plle2_adv_CLKIN1_CLKOUT1)
                                                      0.054     0.968 r  pll/pll/CLKOUT1
                         net (fo=1, routed)           0.544     1.512    pll_dac_clk_1x
    BUFGCTRL_X0Y2        BUFG (Prop_bufg_I_O)         0.029     1.541 r  bufg_dac_clk_1x/O
                         net (fo=45, routed)          0.850     2.391    dac_clk_1x
    SLICE_X43Y80         FDRE                                         r  dac_dat_b_reg[1]/C
                         clock pessimism             -0.075     2.316    
                         clock uncertainty            0.189     2.505    
    SLICE_X43Y80         FDRE (Hold_fdre_C_D)         0.092     2.597    dac_dat_b_reg[1]
  -------------------------------------------------------------------
                         required time                         -2.597    
                         arrival time                           3.231    
  -------------------------------------------------------------------
                         slack                                  0.634    

Slack (MET) :             0.739ns  (arrival time - required time)
  Source:                 i_out2_lock_controller/control_o_reg[3]/C
                            (rising edge-triggered cell FDRE clocked by pll_adc_clk  {rise@0.000ns fall@4.000ns period=8.000ns})
  Destination:            dac_dat_b_reg[3]/D
                            (rising edge-triggered cell FDRE clocked by pll_dac_clk_1x  {rise@0.000ns fall@4.000ns period=8.000ns})
  Path Group:             pll_dac_clk_1x
  Path Type:              Hold (Min at Fast Process Corner)
  Requirement:            0.000ns  (pll_dac_clk_1x rise@0.000ns - pll_adc_clk rise@0.000ns)
  Data Path Delay:        1.360ns  (logic 0.209ns (15.364%)  route 1.151ns (84.636%))
  Logic Levels:           1  (LUT1=1)
  Clock Path Skew:        0.341ns (DCD - SCD - CPR)
    Destination Clock Delay (DCD):    2.385ns
    Source Clock Delay      (SCD):    1.968ns
    Clock Pessimism Removal (CPR):    0.075ns
  Clock Uncertainty:      0.189ns  ((TSJ^2 + DJ^2)^1/2) / 2 + PE
    Total System Jitter     (TSJ):    0.071ns
    Discrete Jitter          (DJ):    0.118ns
    Phase Error              (PE):    0.120ns

    Location             Delay type                Incr(ns)  Path(ns)    Netlist Resource(s)
  -------------------------------------------------------------------    -------------------
                         (clock pll_adc_clk rise edge)
                                                      0.000     0.000 r  
    U18                                               0.000     0.000 r  adc_clk_i[1] (IN)
                         net (fo=0)                   0.000     0.000    adc_clk_i[1]
    U18                  IBUFDS (Prop_ibufds_I_O)     0.401     0.401 r  i_clk/O
                         net (fo=1, routed)           0.440     0.842    pll/adc_clk_in
    PLLE2_ADV_X0Y0       PLLE2_ADV (Prop_plle2_adv_CLKIN1_CLKOUT0)
                                                      0.051     0.893 r  pll/pll/CLKOUT0
                         net (fo=1, routed)           0.497     1.390    pll_adc_clk
    BUFGCTRL_X0Y0        BUFG (Prop_bufg_I_O)         0.026     1.416 r  bufg_adc_clk/O
                         net (fo=8587, routed)        0.553     1.968    i_out2_lock_controller/adc_clk
    SLICE_X34Y28         FDRE                                         r  i_out2_lock_controller/control_o_reg[3]/C
  -------------------------------------------------------------------    -------------------
    SLICE_X34Y28         FDRE (Prop_fdre_C_Q)         0.164     2.132 f  i_out2_lock_controller/control_o_reg[3]/Q
                         net (fo=22, routed)          1.151     3.284    i_out2_lock_controller/control_o_reg[13]_0[3]
    SLICE_X43Y74         LUT1 (Prop_lut1_I0_O)        0.045     3.329 r  i_out2_lock_controller/dac_dat_b[3]_i_1/O
                         net (fo=1, routed)           0.000     3.329    i_out2_lock_controller_n_75
    SLICE_X43Y74         FDRE                                         r  dac_dat_b_reg[3]/D
  -------------------------------------------------------------------    -------------------

                         (clock pll_dac_clk_1x rise edge)
                                                      0.000     0.000 r  
    U18                                               0.000     0.000 r  adc_clk_i[1] (IN)
                         net (fo=0)                   0.000     0.000    adc_clk_i[1]
    U18                  IBUFDS (Prop_ibufds_I_O)     0.433     0.433 r  i_clk/O
                         net (fo=1, routed)           0.481     0.914    pll/adc_clk_in
    PLLE2_ADV_X0Y0       PLLE2_ADV (Prop_plle2_adv_CLKIN1_CLKOUT1)
                                                      0.054     0.968 r  pll/pll/CLKOUT1
                         net (fo=1, routed)           0.544     1.512    pll_dac_clk_1x
    BUFGCTRL_X0Y2        BUFG (Prop_bufg_I_O)         0.029     1.541 r  bufg_dac_clk_1x/O
                         net (fo=45, routed)          0.844     2.385    dac_clk_1x
    SLICE_X43Y74         FDRE                                         r  dac_dat_b_reg[3]/C
                         clock pessimism             -0.075     2.310    
                         clock uncertainty            0.189     2.499    
    SLICE_X43Y74         FDRE (Hold_fdre_C_D)         0.091     2.590    dac_dat_b_reg[3]
  -------------------------------------------------------------------
                         required time                         -2.590    
                         arrival time                           3.329    
  -------------------------------------------------------------------
                         slack                                  0.739    

Slack (MET) :             0.741ns  (arrival time - required time)
  Source:                 i_laser_lock_core/u_output_protect/data_o_reg[7]/C
                            (rising edge-triggered cell FDCE clocked by pll_adc_clk  {rise@0.000ns fall@4.000ns period=8.000ns})
  Destination:            dac_dat_a_reg[7]/D
                            (rising edge-triggered cell FDRE clocked by pll_dac_clk_1x  {rise@0.000ns fall@4.000ns period=8.000ns})
  Path Group:             pll_dac_clk_1x
  Path Type:              Hold (Min at Fast Process Corner)
  Requirement:            0.000ns  (pll_dac_clk_1x rise@0.000ns - pll_adc_clk rise@0.000ns)
  Data Path Delay:        1.375ns  (logic 0.209ns (15.202%)  route 1.166ns (84.798%))
  Logic Levels:           1  (LUT1=1)
  Clock Path Skew:        0.323ns (DCD - SCD - CPR)
    Destination Clock Delay (DCD):    2.400ns
    Source Clock Delay      (SCD):    2.001ns
    Clock Pessimism Removal (CPR):    0.075ns
  Clock Uncertainty:      0.189ns  ((TSJ^2 + DJ^2)^1/2) / 2 + PE
    Total System Jitter     (TSJ):    0.071ns
    Discrete Jitter          (DJ):    0.118ns
    Phase Error              (PE):    0.120ns

    Location             Delay type                Incr(ns)  Path(ns)    Netlist Resource(s)
  -------------------------------------------------------------------    -------------------
                         (clock pll_adc_clk rise edge)
                                                      0.000     0.000 r  
    U18                                               0.000     0.000 r  adc_clk_i[1] (IN)
                         net (fo=0)                   0.000     0.000    adc_clk_i[1]
    U18                  IBUFDS (Prop_ibufds_I_O)     0.401     0.401 r  i_clk/O
                         net (fo=1, routed)           0.440     0.842    pll/adc_clk_in
    PLLE2_ADV_X0Y0       PLLE2_ADV (Prop_plle2_adv_CLKIN1_CLKOUT0)
                                                      0.051     0.893 r  pll/pll/CLKOUT0
                         net (fo=1, routed)           0.497     1.390    pll_adc_clk
    BUFGCTRL_X0Y0        BUFG (Prop_bufg_I_O)         0.026     1.416 r  bufg_adc_clk/O
                         net (fo=8587, routed)        0.586     2.001    i_laser_lock_core/u_output_protect/adc_clk
    SLICE_X38Y15         FDCE                                         r  i_laser_lock_core/u_output_protect/data_o_reg[7]/C
  -------------------------------------------------------------------    -------------------
    SLICE_X38Y15         FDCE (Prop_fdce_C_Q)         0.164     2.165 f  i_laser_lock_core/u_output_protect/data_o_reg[7]/Q
                         net (fo=10, routed)          1.166     3.331    i_laser_lock_core/u_output_protect/Q[7]
    SLICE_X42Y57         LUT1 (Prop_lut1_I0_O)        0.045     3.376 r  i_laser_lock_core/u_output_protect/dac_dat_a[7]_i_1/O
                         net (fo=1, routed)           0.000     3.376    i_laser_lock_core_n_37
    SLICE_X42Y57         FDRE                                         r  dac_dat_a_reg[7]/D
  -------------------------------------------------------------------    -------------------

                         (clock pll_dac_clk_1x rise edge)
                                                      0.000     0.000 r  
    U18                                               0.000     0.000 r  adc_clk_i[1] (IN)
                         net (fo=0)                   0.000     0.000    adc_clk_i[1]
    U18                  IBUFDS (Prop_ibufds_I_O)     0.433     0.433 r  i_clk/O
                         net (fo=1, routed)           0.481     0.914    pll/adc_clk_in
    PLLE2_ADV_X0Y0       PLLE2_ADV (Prop_plle2_adv_CLKIN1_CLKOUT1)
                                                      0.054     0.968 r  pll/pll/CLKOUT1
                         net (fo=1, routed)           0.544     1.512    pll_dac_clk_1x
    BUFGCTRL_X0Y2        BUFG (Prop_bufg_I_O)         0.029     1.541 r  bufg_dac_clk_1x/O
                         net (fo=45, routed)          0.859     2.400    dac_clk_1x
    SLICE_X42Y57         FDRE                                         r  dac_dat_a_reg[7]/C
                         clock pessimism             -0.075     2.325    
                         clock uncertainty            0.189     2.514    
    SLICE_X42Y57         FDRE (Hold_fdre_C_D)         0.121     2.635    dac_dat_a_reg[7]
  -------------------------------------------------------------------
                         required time                         -2.635    
                         arrival time                           3.376    
  -------------------------------------------------------------------
                         slack                                  0.741    





---------------------------------------------------------------------------------------------------
Path Group:  **async_default**
From Clock:  pll_adc_clk
  To Clock:  pll_adc_clk

Setup :            0  Failing Endpoints,  Worst Slack        1.833ns,  Total Violation        0.000ns
Hold  :            0  Failing Endpoints,  Worst Slack        2.292ns,  Total Violation        0.000ns
---------------------------------------------------------------------------------------------------


Max Delay Paths
--------------------------------------------------------------------------------------
Slack (MET) :             1.833ns  (required time - arrival time)
  Source:                 adc_rstn_reg_rep__13/C
                            (rising edge-triggered cell FDRE clocked by pll_adc_clk  {rise@0.000ns fall@4.000ns period=8.000ns})
  Destination:            i_laser_lock_core/u_output_protect/data_o_reg[9]/CLR
                            (recovery check against rising-edge clock pll_adc_clk  {rise@0.000ns fall@4.000ns period=8.000ns})
  Path Group:             **async_default**
  Path Type:              Recovery (Max at Slow Process Corner)
  Requirement:            8.000ns  (pll_adc_clk rise@8.000ns - pll_adc_clk rise@0.000ns)
  Data Path Delay:        5.370ns  (logic 0.608ns (11.321%)  route 4.762ns (88.679%))
  Logic Levels:           1  (LUT1=1)
  Clock Path Skew:        -0.121ns (DCD - SCD + CPR)
    Destination Clock Delay (DCD):    5.386ns = ( 13.386 - 8.000 ) 
    Source Clock Delay      (SCD):    5.965ns
    Clock Pessimism Removal (CPR):    0.458ns
  Clock Uncertainty:      0.069ns  ((TSJ^2 + DJ^2)^1/2) / 2 + PE
    Total System Jitter     (TSJ):    0.071ns
    Discrete Jitter          (DJ):    0.118ns
    Phase Error              (PE):    0.000ns

    Location             Delay type                Incr(ns)  Path(ns)    Netlist Resource(s)
  -------------------------------------------------------------------    -------------------
                         (clock pll_adc_clk rise edge)
                                                      0.000     0.000 r  
    U18                                               0.000     0.000 r  adc_clk_i[1] (IN)
                         net (fo=0)                   0.000     0.000    adc_clk_i[1]
    U18                  IBUFDS (Prop_ibufds_I_O)     0.983     0.983 r  i_clk/O
                         net (fo=1, routed)           1.306     2.289    pll/adc_clk_in
    PLLE2_ADV_X0Y0       PLLE2_ADV (Prop_plle2_adv_CLKIN1_CLKOUT0)
                                                      0.089     2.378 r  pll/pll/CLKOUT0
                         net (fo=1, routed)           1.754     4.132    pll_adc_clk
    BUFGCTRL_X0Y0        BUFG (Prop_bufg_I_O)         0.101     4.233 r  bufg_adc_clk/O
                         net (fo=8587, routed)        1.732     5.965    adc_clk
    SLICE_X37Y24         FDRE                                         r  adc_rstn_reg_rep__13/C
  -------------------------------------------------------------------    -------------------
    SLICE_X37Y24         FDRE (Prop_fdre_C_Q)         0.456     6.421 r  adc_rstn_reg_rep__13/Q
                         net (fo=15, routed)          2.097     8.518    i_asg/ch[0]/dac_pnt_reg[0]_0
    SLICE_X37Y73         LUT1 (Prop_lut1_I0_O)        0.152     8.670 f  i_asg/ch[0]/ext_trig_dn[1]_i_1/O
                         net (fo=3680, routed)        2.666    11.336    i_laser_lock_core/u_output_protect/SS[0]
    SLICE_X35Y12         FDCE                                         f  i_laser_lock_core/u_output_protect/data_o_reg[9]/CLR
  -------------------------------------------------------------------    -------------------

                         (clock pll_adc_clk rise edge)
                                                      8.000     8.000 r  
    U18                                               0.000     8.000 r  adc_clk_i[1] (IN)
                         net (fo=0)                   0.000     8.000    adc_clk_i[1]
    U18                  IBUFDS (Prop_ibufds_I_O)     0.940     8.940 r  i_clk/O
                         net (fo=1, routed)           1.181    10.121    pll/adc_clk_in
    PLLE2_ADV_X0Y0       PLLE2_ADV (Prop_plle2_adv_CLKIN1_CLKOUT0)
                                                      0.084    10.205 r  pll/pll/CLKOUT0
                         net (fo=1, routed)           1.594    11.799    pll_adc_clk
    BUFGCTRL_X0Y0        BUFG (Prop_bufg_I_O)         0.091    11.890 r  bufg_adc_clk/O
                         net (fo=8587, routed)        1.496    13.386    i_laser_lock_core/u_output_protect/adc_clk
    SLICE_X35Y12         FDCE                                         r  i_laser_lock_core/u_output_protect/data_o_reg[9]/C
                         clock pessimism              0.458    13.844    
                         clock uncertainty           -0.069    13.775    
    SLICE_X35Y12         FDCE (Recov_fdce_C_CLR)     -0.607    13.168    i_laser_lock_core/u_output_protect/data_o_reg[9]
  -------------------------------------------------------------------
                         required time                         13.168    
                         arrival time                         -11.336    
  -------------------------------------------------------------------
                         slack                                  1.833    

Slack (MET) :             1.879ns  (required time - arrival time)
  Source:                 adc_rstn_reg_rep__13/C
                            (rising edge-triggered cell FDRE clocked by pll_adc_clk  {rise@0.000ns fall@4.000ns period=8.000ns})
  Destination:            i_laser_lock_core/u_output_protect/data_o_reg[10]/CLR
                            (recovery check against rising-edge clock pll_adc_clk  {rise@0.000ns fall@4.000ns period=8.000ns})
  Path Group:             **async_default**
  Path Type:              Recovery (Max at Slow Process Corner)
  Requirement:            8.000ns  (pll_adc_clk rise@8.000ns - pll_adc_clk rise@0.000ns)
  Data Path Delay:        5.323ns  (logic 0.608ns (11.422%)  route 4.715ns (88.578%))
  Logic Levels:           1  (LUT1=1)
  Clock Path Skew:        -0.122ns (DCD - SCD + CPR)
    Destination Clock Delay (DCD):    5.385ns = ( 13.385 - 8.000 ) 
    Source Clock Delay      (SCD):    5.965ns
    Clock Pessimism Removal (CPR):    0.458ns
  Clock Uncertainty:      0.069ns  ((TSJ^2 + DJ^2)^1/2) / 2 + PE
    Total System Jitter     (TSJ):    0.071ns
    Discrete Jitter          (DJ):    0.118ns
    Phase Error              (PE):    0.000ns

    Location             Delay type                Incr(ns)  Path(ns)    Netlist Resource(s)
  -------------------------------------------------------------------    -------------------
                         (clock pll_adc_clk rise edge)
                                                      0.000     0.000 r  
    U18                                               0.000     0.000 r  adc_clk_i[1] (IN)
                         net (fo=0)                   0.000     0.000    adc_clk_i[1]
    U18                  IBUFDS (Prop_ibufds_I_O)     0.983     0.983 r  i_clk/O
                         net (fo=1, routed)           1.306     2.289    pll/adc_clk_in
    PLLE2_ADV_X0Y0       PLLE2_ADV (Prop_plle2_adv_CLKIN1_CLKOUT0)
                                                      0.089     2.378 r  pll/pll/CLKOUT0
                         net (fo=1, routed)           1.754     4.132    pll_adc_clk
    BUFGCTRL_X0Y0        BUFG (Prop_bufg_I_O)         0.101     4.233 r  bufg_adc_clk/O
                         net (fo=8587, routed)        1.732     5.965    adc_clk
    SLICE_X37Y24         FDRE                                         r  adc_rstn_reg_rep__13/C
  -------------------------------------------------------------------    -------------------
    SLICE_X37Y24         FDRE (Prop_fdre_C_Q)         0.456     6.421 r  adc_rstn_reg_rep__13/Q
                         net (fo=15, routed)          2.097     8.518    i_asg/ch[0]/dac_pnt_reg[0]_0
    SLICE_X37Y73         LUT1 (Prop_lut1_I0_O)        0.152     8.670 f  i_asg/ch[0]/ext_trig_dn[1]_i_1/O
                         net (fo=3680, routed)        2.619    11.288    i_laser_lock_core/u_output_protect/SS[0]
    SLICE_X33Y13         FDCE                                         f  i_laser_lock_core/u_output_protect/data_o_reg[10]/CLR
  -------------------------------------------------------------------    -------------------

                         (clock pll_adc_clk rise edge)
                                                      8.000     8.000 r  
    U18                                               0.000     8.000 r  adc_clk_i[1] (IN)
                         net (fo=0)                   0.000     8.000    adc_clk_i[1]
    U18                  IBUFDS (Prop_ibufds_I_O)     0.940     8.940 r  i_clk/O
                         net (fo=1, routed)           1.181    10.121    pll/adc_clk_in
    PLLE2_ADV_X0Y0       PLLE2_ADV (Prop_plle2_adv_CLKIN1_CLKOUT0)
                                                      0.084    10.205 r  pll/pll/CLKOUT0
                         net (fo=1, routed)           1.594    11.799    pll_adc_clk
    BUFGCTRL_X0Y0        BUFG (Prop_bufg_I_O)         0.091    11.890 r  bufg_adc_clk/O
                         net (fo=8587, routed)        1.495    13.385    i_laser_lock_core/u_output_protect/adc_clk
    SLICE_X33Y13         FDCE                                         r  i_laser_lock_core/u_output_protect/data_o_reg[10]/C
                         clock pessimism              0.458    13.843    
                         clock uncertainty           -0.069    13.774    
    SLICE_X33Y13         FDCE (Recov_fdce_C_CLR)     -0.607    13.167    i_laser_lock_core/u_output_protect/data_o_reg[10]
  -------------------------------------------------------------------
                         required time                         13.167    
                         arrival time                         -11.288    
  -------------------------------------------------------------------
                         slack                                  1.879    

Slack (MET) :             1.879ns  (required time - arrival time)
  Source:                 adc_rstn_reg_rep__13/C
                            (rising edge-triggered cell FDRE clocked by pll_adc_clk  {rise@0.000ns fall@4.000ns period=8.000ns})
  Destination:            i_laser_lock_core/u_output_protect/data_o_reg[5]/CLR
                            (recovery check against rising-edge clock pll_adc_clk  {rise@0.000ns fall@4.000ns period=8.000ns})
  Path Group:             **async_default**
  Path Type:              Recovery (Max at Slow Process Corner)
  Requirement:            8.000ns  (pll_adc_clk rise@8.000ns - pll_adc_clk rise@0.000ns)
  Data Path Delay:        5.323ns  (logic 0.608ns (11.422%)  route 4.715ns (88.578%))
  Logic Levels:           1  (LUT1=1)
  Clock Path Skew:        -0.122ns (DCD - SCD + CPR)
    Destination Clock Delay (DCD):    5.385ns = ( 13.385 - 8.000 ) 
    Source Clock Delay      (SCD):    5.965ns
    Clock Pessimism Removal (CPR):    0.458ns
  Clock Uncertainty:      0.069ns  ((TSJ^2 + DJ^2)^1/2) / 2 + PE
    Total System Jitter     (TSJ):    0.071ns
    Discrete Jitter          (DJ):    0.118ns
    Phase Error              (PE):    0.000ns

    Location             Delay type                Incr(ns)  Path(ns)    Netlist Resource(s)
  -------------------------------------------------------------------    -------------------
                         (clock pll_adc_clk rise edge)
                                                      0.000     0.000 r  
    U18                                               0.000     0.000 r  adc_clk_i[1] (IN)
                         net (fo=0)                   0.000     0.000    adc_clk_i[1]
    U18                  IBUFDS (Prop_ibufds_I_O)     0.983     0.983 r  i_clk/O
                         net (fo=1, routed)           1.306     2.289    pll/adc_clk_in
    PLLE2_ADV_X0Y0       PLLE2_ADV (Prop_plle2_adv_CLKIN1_CLKOUT0)
                                                      0.089     2.378 r  pll/pll/CLKOUT0
                         net (fo=1, routed)           1.754     4.132    pll_adc_clk
    BUFGCTRL_X0Y0        BUFG (Prop_bufg_I_O)         0.101     4.233 r  bufg_adc_clk/O
                         net (fo=8587, routed)        1.732     5.965    adc_clk
    SLICE_X37Y24         FDRE                                         r  adc_rstn_reg_rep__13/C
  -------------------------------------------------------------------    -------------------
    SLICE_X37Y24         FDRE (Prop_fdre_C_Q)         0.456     6.421 r  adc_rstn_reg_rep__13/Q
                         net (fo=15, routed)          2.097     8.518    i_asg/ch[0]/dac_pnt_reg[0]_0
    SLICE_X37Y73         LUT1 (Prop_lut1_I0_O)        0.152     8.670 f  i_asg/ch[0]/ext_trig_dn[1]_i_1/O
                         net (fo=3680, routed)        2.619    11.288    i_laser_lock_core/u_output_protect/SS[0]
    SLICE_X33Y13         FDCE                                         f  i_laser_lock_core/u_output_protect/data_o_reg[5]/CLR
  -------------------------------------------------------------------    -------------------

                         (clock pll_adc_clk rise edge)
                                                      8.000     8.000 r  
    U18                                               0.000     8.000 r  adc_clk_i[1] (IN)
                         net (fo=0)                   0.000     8.000    adc_clk_i[1]
    U18                  IBUFDS (Prop_ibufds_I_O)     0.940     8.940 r  i_clk/O
                         net (fo=1, routed)           1.181    10.121    pll/adc_clk_in
    PLLE2_ADV_X0Y0       PLLE2_ADV (Prop_plle2_adv_CLKIN1_CLKOUT0)
                                                      0.084    10.205 r  pll/pll/CLKOUT0
                         net (fo=1, routed)           1.594    11.799    pll_adc_clk
    BUFGCTRL_X0Y0        BUFG (Prop_bufg_I_O)         0.091    11.890 r  bufg_adc_clk/O
                         net (fo=8587, routed)        1.495    13.385    i_laser_lock_core/u_output_protect/adc_clk
    SLICE_X33Y13         FDCE                                         r  i_laser_lock_core/u_output_protect/data_o_reg[5]/C
                         clock pessimism              0.458    13.843    
                         clock uncertainty           -0.069    13.774    
    SLICE_X33Y13         FDCE (Recov_fdce_C_CLR)     -0.607    13.167    i_laser_lock_core/u_output_protect/data_o_reg[5]
  -------------------------------------------------------------------
                         required time                         13.167    
                         arrival time                         -11.288    
  -------------------------------------------------------------------
                         slack                                  1.879    

Slack (MET) :             1.886ns  (required time - arrival time)
  Source:                 adc_rstn_reg_rep__13/C
                            (rising edge-triggered cell FDRE clocked by pll_adc_clk  {rise@0.000ns fall@4.000ns period=8.000ns})
  Destination:            i_laser_lock_core/u_output_protect/data_o_reg[12]/CLR
                            (recovery check against rising-edge clock pll_adc_clk  {rise@0.000ns fall@4.000ns period=8.000ns})
  Path Group:             **async_default**
  Path Type:              Recovery (Max at Slow Process Corner)
  Requirement:            8.000ns  (pll_adc_clk rise@8.000ns - pll_adc_clk rise@0.000ns)
  Data Path Delay:        5.315ns  (logic 0.608ns (11.438%)  route 4.707ns (88.562%))
  Logic Levels:           1  (LUT1=1)
  Clock Path Skew:        -0.123ns (DCD - SCD + CPR)
    Destination Clock Delay (DCD):    5.384ns = ( 13.384 - 8.000 ) 
    Source Clock Delay      (SCD):    5.965ns
    Clock Pessimism Removal (CPR):    0.458ns
  Clock Uncertainty:      0.069ns  ((TSJ^2 + DJ^2)^1/2) / 2 + PE
    Total System Jitter     (TSJ):    0.071ns
    Discrete Jitter          (DJ):    0.118ns
    Phase Error              (PE):    0.000ns

    Location             Delay type                Incr(ns)  Path(ns)    Netlist Resource(s)
  -------------------------------------------------------------------    -------------------
                         (clock pll_adc_clk rise edge)
                                                      0.000     0.000 r  
    U18                                               0.000     0.000 r  adc_clk_i[1] (IN)
                         net (fo=0)                   0.000     0.000    adc_clk_i[1]
    U18                  IBUFDS (Prop_ibufds_I_O)     0.983     0.983 r  i_clk/O
                         net (fo=1, routed)           1.306     2.289    pll/adc_clk_in
    PLLE2_ADV_X0Y0       PLLE2_ADV (Prop_plle2_adv_CLKIN1_CLKOUT0)
                                                      0.089     2.378 r  pll/pll/CLKOUT0
                         net (fo=1, routed)           1.754     4.132    pll_adc_clk
    BUFGCTRL_X0Y0        BUFG (Prop_bufg_I_O)         0.101     4.233 r  bufg_adc_clk/O
                         net (fo=8587, routed)        1.732     5.965    adc_clk
    SLICE_X37Y24         FDRE                                         r  adc_rstn_reg_rep__13/C
  -------------------------------------------------------------------    -------------------
    SLICE_X37Y24         FDRE (Prop_fdre_C_Q)         0.456     6.421 r  adc_rstn_reg_rep__13/Q
                         net (fo=15, routed)          2.097     8.518    i_asg/ch[0]/dac_pnt_reg[0]_0
    SLICE_X37Y73         LUT1 (Prop_lut1_I0_O)        0.152     8.670 f  i_asg/ch[0]/ext_trig_dn[1]_i_1/O
                         net (fo=3680, routed)        2.611    11.281    i_laser_lock_core/u_output_protect/SS[0]
    SLICE_X35Y15         FDCE                                         f  i_laser_lock_core/u_output_protect/data_o_reg[12]/CLR
  -------------------------------------------------------------------    -------------------

                         (clock pll_adc_clk rise edge)
                                                      8.000     8.000 r  
    U18                                               0.000     8.000 r  adc_clk_i[1] (IN)
                         net (fo=0)                   0.000     8.000    adc_clk_i[1]
    U18                  IBUFDS (Prop_ibufds_I_O)     0.940     8.940 r  i_clk/O
                         net (fo=1, routed)           1.181    10.121    pll/adc_clk_in
    PLLE2_ADV_X0Y0       PLLE2_ADV (Prop_plle2_adv_CLKIN1_CLKOUT0)
                                                      0.084    10.205 r  pll/pll/CLKOUT0
                         net (fo=1, routed)           1.594    11.799    pll_adc_clk
    BUFGCTRL_X0Y0        BUFG (Prop_bufg_I_O)         0.091    11.890 r  bufg_adc_clk/O
                         net (fo=8587, routed)        1.494    13.384    i_laser_lock_core/u_output_protect/adc_clk
    SLICE_X35Y15         FDCE                                         r  i_laser_lock_core/u_output_protect/data_o_reg[12]/C
                         clock pessimism              0.458    13.842    
                         clock uncertainty           -0.069    13.773    
    SLICE_X35Y15         FDCE (Recov_fdce_C_CLR)     -0.607    13.166    i_laser_lock_core/u_output_protect/data_o_reg[12]
  -------------------------------------------------------------------
                         required time                         13.166    
                         arrival time                         -11.281    
  -------------------------------------------------------------------
                         slack                                  1.886    

Slack (MET) :             1.886ns  (required time - arrival time)
  Source:                 adc_rstn_reg_rep__13/C
                            (rising edge-triggered cell FDRE clocked by pll_adc_clk  {rise@0.000ns fall@4.000ns period=8.000ns})
  Destination:            i_laser_lock_core/u_output_protect/data_o_reg[4]/CLR
                            (recovery check against rising-edge clock pll_adc_clk  {rise@0.000ns fall@4.000ns period=8.000ns})
  Path Group:             **async_default**
  Path Type:              Recovery (Max at Slow Process Corner)
  Requirement:            8.000ns  (pll_adc_clk rise@8.000ns - pll_adc_clk rise@0.000ns)
  Data Path Delay:        5.315ns  (logic 0.608ns (11.438%)  route 4.707ns (88.562%))
  Logic Levels:           1  (LUT1=1)
  Clock Path Skew:        -0.123ns (DCD - SCD + CPR)
    Destination Clock Delay (DCD):    5.384ns = ( 13.384 - 8.000 ) 
    Source Clock Delay      (SCD):    5.965ns
    Clock Pessimism Removal (CPR):    0.458ns
  Clock Uncertainty:      0.069ns  ((TSJ^2 + DJ^2)^1/2) / 2 + PE
    Total System Jitter     (TSJ):    0.071ns
    Discrete Jitter          (DJ):    0.118ns
    Phase Error              (PE):    0.000ns

    Location             Delay type                Incr(ns)  Path(ns)    Netlist Resource(s)
  -------------------------------------------------------------------    -------------------
                         (clock pll_adc_clk rise edge)
                                                      0.000     0.000 r  
    U18                                               0.000     0.000 r  adc_clk_i[1] (IN)
                         net (fo=0)                   0.000     0.000    adc_clk_i[1]
    U18                  IBUFDS (Prop_ibufds_I_O)     0.983     0.983 r  i_clk/O
                         net (fo=1, routed)           1.306     2.289    pll/adc_clk_in
    PLLE2_ADV_X0Y0       PLLE2_ADV (Prop_plle2_adv_CLKIN1_CLKOUT0)
                                                      0.089     2.378 r  pll/pll/CLKOUT0
                         net (fo=1, routed)           1.754     4.132    pll_adc_clk
    BUFGCTRL_X0Y0        BUFG (Prop_bufg_I_O)         0.101     4.233 r  bufg_adc_clk/O
                         net (fo=8587, routed)        1.732     5.965    adc_clk
    SLICE_X37Y24         FDRE                                         r  adc_rstn_reg_rep__13/C
  -------------------------------------------------------------------    -------------------
    SLICE_X37Y24         FDRE (Prop_fdre_C_Q)         0.456     6.421 r  adc_rstn_reg_rep__13/Q
                         net (fo=15, routed)          2.097     8.518    i_asg/ch[0]/dac_pnt_reg[0]_0
    SLICE_X37Y73         LUT1 (Prop_lut1_I0_O)        0.152     8.670 f  i_asg/ch[0]/ext_trig_dn[1]_i_1/O
                         net (fo=3680, routed)        2.611    11.281    i_laser_lock_core/u_output_protect/SS[0]
    SLICE_X35Y15         FDCE                                         f  i_laser_lock_core/u_output_protect/data_o_reg[4]/CLR
  -------------------------------------------------------------------    -------------------

                         (clock pll_adc_clk rise edge)
                                                      8.000     8.000 r  
    U18                                               0.000     8.000 r  adc_clk_i[1] (IN)
                         net (fo=0)                   0.000     8.000    adc_clk_i[1]
    U18                  IBUFDS (Prop_ibufds_I_O)     0.940     8.940 r  i_clk/O
                         net (fo=1, routed)           1.181    10.121    pll/adc_clk_in
    PLLE2_ADV_X0Y0       PLLE2_ADV (Prop_plle2_adv_CLKIN1_CLKOUT0)
                                                      0.084    10.205 r  pll/pll/CLKOUT0
                         net (fo=1, routed)           1.594    11.799    pll_adc_clk
    BUFGCTRL_X0Y0        BUFG (Prop_bufg_I_O)         0.091    11.890 r  bufg_adc_clk/O
                         net (fo=8587, routed)        1.494    13.384    i_laser_lock_core/u_output_protect/adc_clk
    SLICE_X35Y15         FDCE                                         r  i_laser_lock_core/u_output_protect/data_o_reg[4]/C
                         clock pessimism              0.458    13.842    
                         clock uncertainty           -0.069    13.773    
    SLICE_X35Y15         FDCE (Recov_fdce_C_CLR)     -0.607    13.166    i_laser_lock_core/u_output_protect/data_o_reg[4]
  -------------------------------------------------------------------
                         required time                         13.166    
                         arrival time                         -11.281    
  -------------------------------------------------------------------
                         slack                                  1.886    

Slack (MET) :             1.923ns  (required time - arrival time)
  Source:                 adc_rstn_reg_rep__13/C
                            (rising edge-triggered cell FDRE clocked by pll_adc_clk  {rise@0.000ns fall@4.000ns period=8.000ns})
  Destination:            i_laser_lock_core/u_output_protect/data_o_reg[0]/CLR
                            (recovery check against rising-edge clock pll_adc_clk  {rise@0.000ns fall@4.000ns period=8.000ns})
  Path Group:             **async_default**
  Path Type:              Recovery (Max at Slow Process Corner)
  Requirement:            8.000ns  (pll_adc_clk rise@8.000ns - pll_adc_clk rise@0.000ns)
  Data Path Delay:        5.389ns  (logic 0.608ns (11.283%)  route 4.781ns (88.717%))
  Logic Levels:           1  (LUT1=1)
  Clock Path Skew:        -0.012ns (DCD - SCD + CPR)
    Destination Clock Delay (DCD):    5.458ns = ( 13.458 - 8.000 ) 
    Source Clock Delay      (SCD):    5.965ns
    Clock Pessimism Removal (CPR):    0.495ns
  Clock Uncertainty:      0.069ns  ((TSJ^2 + DJ^2)^1/2) / 2 + PE
    Total System Jitter     (TSJ):    0.071ns
    Discrete Jitter          (DJ):    0.118ns
    Phase Error              (PE):    0.000ns

    Location             Delay type                Incr(ns)  Path(ns)    Netlist Resource(s)
  -------------------------------------------------------------------    -------------------
                         (clock pll_adc_clk rise edge)
                                                      0.000     0.000 r  
    U18                                               0.000     0.000 r  adc_clk_i[1] (IN)
                         net (fo=0)                   0.000     0.000    adc_clk_i[1]
    U18                  IBUFDS (Prop_ibufds_I_O)     0.983     0.983 r  i_clk/O
                         net (fo=1, routed)           1.306     2.289    pll/adc_clk_in
    PLLE2_ADV_X0Y0       PLLE2_ADV (Prop_plle2_adv_CLKIN1_CLKOUT0)
                                                      0.089     2.378 r  pll/pll/CLKOUT0
                         net (fo=1, routed)           1.754     4.132    pll_adc_clk
    BUFGCTRL_X0Y0        BUFG (Prop_bufg_I_O)         0.101     4.233 r  bufg_adc_clk/O
                         net (fo=8587, routed)        1.732     5.965    adc_clk
    SLICE_X37Y24         FDRE                                         r  adc_rstn_reg_rep__13/C
  -------------------------------------------------------------------    -------------------
    SLICE_X37Y24         FDRE (Prop_fdre_C_Q)         0.456     6.421 r  adc_rstn_reg_rep__13/Q
                         net (fo=15, routed)          2.097     8.518    i_asg/ch[0]/dac_pnt_reg[0]_0
    SLICE_X37Y73         LUT1 (Prop_lut1_I0_O)        0.152     8.670 f  i_asg/ch[0]/ext_trig_dn[1]_i_1/O
                         net (fo=3680, routed)        2.684    11.354    i_laser_lock_core/u_output_protect/SS[0]
    SLICE_X36Y16         FDCE                                         f  i_laser_lock_core/u_output_protect/data_o_reg[0]/CLR
  -------------------------------------------------------------------    -------------------

                         (clock pll_adc_clk rise edge)
                                                      8.000     8.000 r  
    U18                                               0.000     8.000 r  adc_clk_i[1] (IN)
                         net (fo=0)                   0.000     8.000    adc_clk_i[1]
    U18                  IBUFDS (Prop_ibufds_I_O)     0.940     8.940 r  i_clk/O
                         net (fo=1, routed)           1.181    10.121    pll/adc_clk_in
    PLLE2_ADV_X0Y0       PLLE2_ADV (Prop_plle2_adv_CLKIN1_CLKOUT0)
                                                      0.084    10.205 r  pll/pll/CLKOUT0
                         net (fo=1, routed)           1.594    11.799    pll_adc_clk
    BUFGCTRL_X0Y0        BUFG (Prop_bufg_I_O)         0.091    11.890 r  bufg_adc_clk/O
                         net (fo=8587, routed)        1.568    13.458    i_laser_lock_core/u_output_protect/adc_clk
    SLICE_X36Y16         FDCE                                         r  i_laser_lock_core/u_output_protect/data_o_reg[0]/C
                         clock pessimism              0.495    13.953    
                         clock uncertainty           -0.069    13.884    
    SLICE_X36Y16         FDCE (Recov_fdce_C_CLR)     -0.607    13.277    i_laser_lock_core/u_output_protect/data_o_reg[0]
  -------------------------------------------------------------------
                         required time                         13.277    
                         arrival time                         -11.354    
  -------------------------------------------------------------------
                         slack                                  1.923    

Slack (MET) :             1.923ns  (required time - arrival time)
  Source:                 adc_rstn_reg_rep__13/C
                            (rising edge-triggered cell FDRE clocked by pll_adc_clk  {rise@0.000ns fall@4.000ns period=8.000ns})
  Destination:            i_laser_lock_core/u_output_protect/data_o_reg[11]/CLR
                            (recovery check against rising-edge clock pll_adc_clk  {rise@0.000ns fall@4.000ns period=8.000ns})
  Path Group:             **async_default**
  Path Type:              Recovery (Max at Slow Process Corner)
  Requirement:            8.000ns  (pll_adc_clk rise@8.000ns - pll_adc_clk rise@0.000ns)
  Data Path Delay:        5.389ns  (logic 0.608ns (11.283%)  route 4.781ns (88.717%))
  Logic Levels:           1  (LUT1=1)
  Clock Path Skew:        -0.012ns (DCD - SCD + CPR)
    Destination Clock Delay (DCD):    5.458ns = ( 13.458 - 8.000 ) 
    Source Clock Delay      (SCD):    5.965ns
    Clock Pessimism Removal (CPR):    0.495ns
  Clock Uncertainty:      0.069ns  ((TSJ^2 + DJ^2)^1/2) / 2 + PE
    Total System Jitter     (TSJ):    0.071ns
    Discrete Jitter          (DJ):    0.118ns
    Phase Error              (PE):    0.000ns

    Location             Delay type                Incr(ns)  Path(ns)    Netlist Resource(s)
  -------------------------------------------------------------------    -------------------
                         (clock pll_adc_clk rise edge)
                                                      0.000     0.000 r  
    U18                                               0.000     0.000 r  adc_clk_i[1] (IN)
                         net (fo=0)                   0.000     0.000    adc_clk_i[1]
    U18                  IBUFDS (Prop_ibufds_I_O)     0.983     0.983 r  i_clk/O
                         net (fo=1, routed)           1.306     2.289    pll/adc_clk_in
    PLLE2_ADV_X0Y0       PLLE2_ADV (Prop_plle2_adv_CLKIN1_CLKOUT0)
                                                      0.089     2.378 r  pll/pll/CLKOUT0
                         net (fo=1, routed)           1.754     4.132    pll_adc_clk
    BUFGCTRL_X0Y0        BUFG (Prop_bufg_I_O)         0.101     4.233 r  bufg_adc_clk/O
                         net (fo=8587, routed)        1.732     5.965    adc_clk
    SLICE_X37Y24         FDRE                                         r  adc_rstn_reg_rep__13/C
  -------------------------------------------------------------------    -------------------
    SLICE_X37Y24         FDRE (Prop_fdre_C_Q)         0.456     6.421 r  adc_rstn_reg_rep__13/Q
                         net (fo=15, routed)          2.097     8.518    i_asg/ch[0]/dac_pnt_reg[0]_0
    SLICE_X37Y73         LUT1 (Prop_lut1_I0_O)        0.152     8.670 f  i_asg/ch[0]/ext_trig_dn[1]_i_1/O
                         net (fo=3680, routed)        2.684    11.354    i_laser_lock_core/u_output_protect/SS[0]
    SLICE_X36Y16         FDCE                                         f  i_laser_lock_core/u_output_protect/data_o_reg[11]/CLR
  -------------------------------------------------------------------    -------------------

                         (clock pll_adc_clk rise edge)
                                                      8.000     8.000 r  
    U18                                               0.000     8.000 r  adc_clk_i[1] (IN)
                         net (fo=0)                   0.000     8.000    adc_clk_i[1]
    U18                  IBUFDS (Prop_ibufds_I_O)     0.940     8.940 r  i_clk/O
                         net (fo=1, routed)           1.181    10.121    pll/adc_clk_in
    PLLE2_ADV_X0Y0       PLLE2_ADV (Prop_plle2_adv_CLKIN1_CLKOUT0)
                                                      0.084    10.205 r  pll/pll/CLKOUT0
                         net (fo=1, routed)           1.594    11.799    pll_adc_clk
    BUFGCTRL_X0Y0        BUFG (Prop_bufg_I_O)         0.091    11.890 r  bufg_adc_clk/O
                         net (fo=8587, routed)        1.568    13.458    i_laser_lock_core/u_output_protect/adc_clk
    SLICE_X36Y16         FDCE                                         r  i_laser_lock_core/u_output_protect/data_o_reg[11]/C
                         clock pessimism              0.495    13.953    
                         clock uncertainty           -0.069    13.884    
    SLICE_X36Y16         FDCE (Recov_fdce_C_CLR)     -0.607    13.277    i_laser_lock_core/u_output_protect/data_o_reg[11]
  -------------------------------------------------------------------
                         required time                         13.277    
                         arrival time                         -11.354    
  -------------------------------------------------------------------
                         slack                                  1.923    

Slack (MET) :             1.923ns  (required time - arrival time)
  Source:                 adc_rstn_reg_rep__13/C
                            (rising edge-triggered cell FDRE clocked by pll_adc_clk  {rise@0.000ns fall@4.000ns period=8.000ns})
  Destination:            i_laser_lock_core/u_output_protect/data_o_reg[2]/CLR
                            (recovery check against rising-edge clock pll_adc_clk  {rise@0.000ns fall@4.000ns period=8.000ns})
  Path Group:             **async_default**
  Path Type:              Recovery (Max at Slow Process Corner)
  Requirement:            8.000ns  (pll_adc_clk rise@8.000ns - pll_adc_clk rise@0.000ns)
  Data Path Delay:        5.389ns  (logic 0.608ns (11.283%)  route 4.781ns (88.717%))
  Logic Levels:           1  (LUT1=1)
  Clock Path Skew:        -0.012ns (DCD - SCD + CPR)
    Destination Clock Delay (DCD):    5.458ns = ( 13.458 - 8.000 ) 
    Source Clock Delay      (SCD):    5.965ns
    Clock Pessimism Removal (CPR):    0.495ns
  Clock Uncertainty:      0.069ns  ((TSJ^2 + DJ^2)^1/2) / 2 + PE
    Total System Jitter     (TSJ):    0.071ns
    Discrete Jitter          (DJ):    0.118ns
    Phase Error              (PE):    0.000ns

    Location             Delay type                Incr(ns)  Path(ns)    Netlist Resource(s)
  -------------------------------------------------------------------    -------------------
                         (clock pll_adc_clk rise edge)
                                                      0.000     0.000 r  
    U18                                               0.000     0.000 r  adc_clk_i[1] (IN)
                         net (fo=0)                   0.000     0.000    adc_clk_i[1]
    U18                  IBUFDS (Prop_ibufds_I_O)     0.983     0.983 r  i_clk/O
                         net (fo=1, routed)           1.306     2.289    pll/adc_clk_in
    PLLE2_ADV_X0Y0       PLLE2_ADV (Prop_plle2_adv_CLKIN1_CLKOUT0)
                                                      0.089     2.378 r  pll/pll/CLKOUT0
                         net (fo=1, routed)           1.754     4.132    pll_adc_clk
    BUFGCTRL_X0Y0        BUFG (Prop_bufg_I_O)         0.101     4.233 r  bufg_adc_clk/O
                         net (fo=8587, routed)        1.732     5.965    adc_clk
    SLICE_X37Y24         FDRE                                         r  adc_rstn_reg_rep__13/C
  -------------------------------------------------------------------    -------------------
    SLICE_X37Y24         FDRE (Prop_fdre_C_Q)         0.456     6.421 r  adc_rstn_reg_rep__13/Q
                         net (fo=15, routed)          2.097     8.518    i_asg/ch[0]/dac_pnt_reg[0]_0
    SLICE_X37Y73         LUT1 (Prop_lut1_I0_O)        0.152     8.670 f  i_asg/ch[0]/ext_trig_dn[1]_i_1/O
                         net (fo=3680, routed)        2.684    11.354    i_laser_lock_core/u_output_protect/SS[0]
    SLICE_X36Y16         FDCE                                         f  i_laser_lock_core/u_output_protect/data_o_reg[2]/CLR
  -------------------------------------------------------------------    -------------------

                         (clock pll_adc_clk rise edge)
                                                      8.000     8.000 r  
    U18                                               0.000     8.000 r  adc_clk_i[1] (IN)
                         net (fo=0)                   0.000     8.000    adc_clk_i[1]
    U18                  IBUFDS (Prop_ibufds_I_O)     0.940     8.940 r  i_clk/O
                         net (fo=1, routed)           1.181    10.121    pll/adc_clk_in
    PLLE2_ADV_X0Y0       PLLE2_ADV (Prop_plle2_adv_CLKIN1_CLKOUT0)
                                                      0.084    10.205 r  pll/pll/CLKOUT0
                         net (fo=1, routed)           1.594    11.799    pll_adc_clk
    BUFGCTRL_X0Y0        BUFG (Prop_bufg_I_O)         0.091    11.890 r  bufg_adc_clk/O
                         net (fo=8587, routed)        1.568    13.458    i_laser_lock_core/u_output_protect/adc_clk
    SLICE_X36Y16         FDCE                                         r  i_laser_lock_core/u_output_protect/data_o_reg[2]/C
                         clock pessimism              0.495    13.953    
                         clock uncertainty           -0.069    13.884    
    SLICE_X36Y16         FDCE (Recov_fdce_C_CLR)     -0.607    13.277    i_laser_lock_core/u_output_protect/data_o_reg[2]
  -------------------------------------------------------------------
                         required time                         13.277    
                         arrival time                         -11.354    
  -------------------------------------------------------------------
                         slack                                  1.923    

Slack (MET) :             1.923ns  (required time - arrival time)
  Source:                 adc_rstn_reg_rep__13/C
                            (rising edge-triggered cell FDRE clocked by pll_adc_clk  {rise@0.000ns fall@4.000ns period=8.000ns})
  Destination:            i_laser_lock_core/u_output_protect/data_o_reg[3]/CLR
                            (recovery check against rising-edge clock pll_adc_clk  {rise@0.000ns fall@4.000ns period=8.000ns})
  Path Group:             **async_default**
  Path Type:              Recovery (Max at Slow Process Corner)
  Requirement:            8.000ns  (pll_adc_clk rise@8.000ns - pll_adc_clk rise@0.000ns)
  Data Path Delay:        5.389ns  (logic 0.608ns (11.283%)  route 4.781ns (88.717%))
  Logic Levels:           1  (LUT1=1)
  Clock Path Skew:        -0.012ns (DCD - SCD + CPR)
    Destination Clock Delay (DCD):    5.458ns = ( 13.458 - 8.000 ) 
    Source Clock Delay      (SCD):    5.965ns
    Clock Pessimism Removal (CPR):    0.495ns
  Clock Uncertainty:      0.069ns  ((TSJ^2 + DJ^2)^1/2) / 2 + PE
    Total System Jitter     (TSJ):    0.071ns
    Discrete Jitter          (DJ):    0.118ns
    Phase Error              (PE):    0.000ns

    Location             Delay type                Incr(ns)  Path(ns)    Netlist Resource(s)
  -------------------------------------------------------------------    -------------------
                         (clock pll_adc_clk rise edge)
                                                      0.000     0.000 r  
    U18                                               0.000     0.000 r  adc_clk_i[1] (IN)
                         net (fo=0)                   0.000     0.000    adc_clk_i[1]
    U18                  IBUFDS (Prop_ibufds_I_O)     0.983     0.983 r  i_clk/O
                         net (fo=1, routed)           1.306     2.289    pll/adc_clk_in
    PLLE2_ADV_X0Y0       PLLE2_ADV (Prop_plle2_adv_CLKIN1_CLKOUT0)
                                                      0.089     2.378 r  pll/pll/CLKOUT0
                         net (fo=1, routed)           1.754     4.132    pll_adc_clk
    BUFGCTRL_X0Y0        BUFG (Prop_bufg_I_O)         0.101     4.233 r  bufg_adc_clk/O
                         net (fo=8587, routed)        1.732     5.965    adc_clk
    SLICE_X37Y24         FDRE                                         r  adc_rstn_reg_rep__13/C
  -------------------------------------------------------------------    -------------------
    SLICE_X37Y24         FDRE (Prop_fdre_C_Q)         0.456     6.421 r  adc_rstn_reg_rep__13/Q
                         net (fo=15, routed)          2.097     8.518    i_asg/ch[0]/dac_pnt_reg[0]_0
    SLICE_X37Y73         LUT1 (Prop_lut1_I0_O)        0.152     8.670 f  i_asg/ch[0]/ext_trig_dn[1]_i_1/O
                         net (fo=3680, routed)        2.684    11.354    i_laser_lock_core/u_output_protect/SS[0]
    SLICE_X36Y16         FDCE                                         f  i_laser_lock_core/u_output_protect/data_o_reg[3]/CLR
  -------------------------------------------------------------------    -------------------

                         (clock pll_adc_clk rise edge)
                                                      8.000     8.000 r  
    U18                                               0.000     8.000 r  adc_clk_i[1] (IN)
                         net (fo=0)                   0.000     8.000    adc_clk_i[1]
    U18                  IBUFDS (Prop_ibufds_I_O)     0.940     8.940 r  i_clk/O
                         net (fo=1, routed)           1.181    10.121    pll/adc_clk_in
    PLLE2_ADV_X0Y0       PLLE2_ADV (Prop_plle2_adv_CLKIN1_CLKOUT0)
                                                      0.084    10.205 r  pll/pll/CLKOUT0
                         net (fo=1, routed)           1.594    11.799    pll_adc_clk
    BUFGCTRL_X0Y0        BUFG (Prop_bufg_I_O)         0.091    11.890 r  bufg_adc_clk/O
                         net (fo=8587, routed)        1.568    13.458    i_laser_lock_core/u_output_protect/adc_clk
    SLICE_X36Y16         FDCE                                         r  i_laser_lock_core/u_output_protect/data_o_reg[3]/C
                         clock pessimism              0.495    13.953    
                         clock uncertainty           -0.069    13.884    
    SLICE_X36Y16         FDCE (Recov_fdce_C_CLR)     -0.607    13.277    i_laser_lock_core/u_output_protect/data_o_reg[3]
  -------------------------------------------------------------------
                         required time                         13.277    
                         arrival time                         -11.354    
  -------------------------------------------------------------------
                         slack                                  1.923    

Slack (MET) :             1.923ns  (required time - arrival time)
  Source:                 adc_rstn_reg_rep__13/C
                            (rising edge-triggered cell FDRE clocked by pll_adc_clk  {rise@0.000ns fall@4.000ns period=8.000ns})
  Destination:            i_laser_lock_core/u_output_protect/data_o_reg[6]/CLR
                            (recovery check against rising-edge clock pll_adc_clk  {rise@0.000ns fall@4.000ns period=8.000ns})
  Path Group:             **async_default**
  Path Type:              Recovery (Max at Slow Process Corner)
  Requirement:            8.000ns  (pll_adc_clk rise@8.000ns - pll_adc_clk rise@0.000ns)
  Data Path Delay:        5.389ns  (logic 0.608ns (11.283%)  route 4.781ns (88.717%))
  Logic Levels:           1  (LUT1=1)
  Clock Path Skew:        -0.012ns (DCD - SCD + CPR)
    Destination Clock Delay (DCD):    5.458ns = ( 13.458 - 8.000 ) 
    Source Clock Delay      (SCD):    5.965ns
    Clock Pessimism Removal (CPR):    0.495ns
  Clock Uncertainty:      0.069ns  ((TSJ^2 + DJ^2)^1/2) / 2 + PE
    Total System Jitter     (TSJ):    0.071ns
    Discrete Jitter          (DJ):    0.118ns
    Phase Error              (PE):    0.000ns

    Location             Delay type                Incr(ns)  Path(ns)    Netlist Resource(s)
  -------------------------------------------------------------------    -------------------
                         (clock pll_adc_clk rise edge)
                                                      0.000     0.000 r  
    U18                                               0.000     0.000 r  adc_clk_i[1] (IN)
                         net (fo=0)                   0.000     0.000    adc_clk_i[1]
    U18                  IBUFDS (Prop_ibufds_I_O)     0.983     0.983 r  i_clk/O
                         net (fo=1, routed)           1.306     2.289    pll/adc_clk_in
    PLLE2_ADV_X0Y0       PLLE2_ADV (Prop_plle2_adv_CLKIN1_CLKOUT0)
                                                      0.089     2.378 r  pll/pll/CLKOUT0
                         net (fo=1, routed)           1.754     4.132    pll_adc_clk
    BUFGCTRL_X0Y0        BUFG (Prop_bufg_I_O)         0.101     4.233 r  bufg_adc_clk/O
                         net (fo=8587, routed)        1.732     5.965    adc_clk
    SLICE_X37Y24         FDRE                                         r  adc_rstn_reg_rep__13/C
  -------------------------------------------------------------------    -------------------
    SLICE_X37Y24         FDRE (Prop_fdre_C_Q)         0.456     6.421 r  adc_rstn_reg_rep__13/Q
                         net (fo=15, routed)          2.097     8.518    i_asg/ch[0]/dac_pnt_reg[0]_0
    SLICE_X37Y73         LUT1 (Prop_lut1_I0_O)        0.152     8.670 f  i_asg/ch[0]/ext_trig_dn[1]_i_1/O
                         net (fo=3680, routed)        2.684    11.354    i_laser_lock_core/u_output_protect/SS[0]
    SLICE_X36Y16         FDCE                                         f  i_laser_lock_core/u_output_protect/data_o_reg[6]/CLR
  -------------------------------------------------------------------    -------------------

                         (clock pll_adc_clk rise edge)
                                                      8.000     8.000 r  
    U18                                               0.000     8.000 r  adc_clk_i[1] (IN)
                         net (fo=0)                   0.000     8.000    adc_clk_i[1]
    U18                  IBUFDS (Prop_ibufds_I_O)     0.940     8.940 r  i_clk/O
                         net (fo=1, routed)           1.181    10.121    pll/adc_clk_in
    PLLE2_ADV_X0Y0       PLLE2_ADV (Prop_plle2_adv_CLKIN1_CLKOUT0)
                                                      0.084    10.205 r  pll/pll/CLKOUT0
                         net (fo=1, routed)           1.594    11.799    pll_adc_clk
    BUFGCTRL_X0Y0        BUFG (Prop_bufg_I_O)         0.091    11.890 r  bufg_adc_clk/O
                         net (fo=8587, routed)        1.568    13.458    i_laser_lock_core/u_output_protect/adc_clk
    SLICE_X36Y16         FDCE                                         r  i_laser_lock_core/u_output_protect/data_o_reg[6]/C
                         clock pessimism              0.495    13.953    
                         clock uncertainty           -0.069    13.884    
    SLICE_X36Y16         FDCE (Recov_fdce_C_CLR)     -0.607    13.277    i_laser_lock_core/u_output_protect/data_o_reg[6]
  -------------------------------------------------------------------
                         required time                         13.277    
                         arrival time                         -11.354    
  -------------------------------------------------------------------
                         slack                                  1.923    





Min Delay Paths
--------------------------------------------------------------------------------------
Slack (MET) :             2.292ns  (arrival time - required time)
  Source:                 adc_rstn_reg_rep__13/C
                            (rising edge-triggered cell FDRE clocked by pll_adc_clk  {rise@0.000ns fall@4.000ns period=8.000ns})
  Destination:            i_laser_lock_core/u_output_protect/data_o_reg[0]/CLR
                            (removal check against rising-edge clock pll_adc_clk  {rise@0.000ns fall@4.000ns period=8.000ns})
  Path Group:             **async_default**
  Path Type:              Removal (Min at Fast Process Corner)
  Requirement:            0.000ns  (pll_adc_clk rise@0.000ns - pll_adc_clk rise@0.000ns)
  Data Path Delay:        2.160ns  (logic 0.185ns (8.566%)  route 1.975ns (91.434%))
  Logic Levels:           1  (LUT1=1)
  Clock Path Skew:        0.022ns (DCD - SCD - CPR)
    Destination Clock Delay (DCD):    2.393ns
    Source Clock Delay      (SCD):    1.992ns
    Clock Pessimism Removal (CPR):    0.379ns

    Location             Delay type                Incr(ns)  Path(ns)    Netlist Resource(s)
  -------------------------------------------------------------------    -------------------
                         (clock pll_adc_clk rise edge)
                                                      0.000     0.000 r  
    U18                                               0.000     0.000 r  adc_clk_i[1] (IN)
                         net (fo=0)                   0.000     0.000    adc_clk_i[1]
    U18                  IBUFDS (Prop_ibufds_I_O)     0.401     0.401 r  i_clk/O
                         net (fo=1, routed)           0.440     0.842    pll/adc_clk_in
    PLLE2_ADV_X0Y0       PLLE2_ADV (Prop_plle2_adv_CLKIN1_CLKOUT0)
                                                      0.051     0.893 r  pll/pll/CLKOUT0
                         net (fo=1, routed)           0.497     1.390    pll_adc_clk
    BUFGCTRL_X0Y0        BUFG (Prop_bufg_I_O)         0.026     1.416 r  bufg_adc_clk/O
                         net (fo=8587, routed)        0.577     1.992    adc_clk
    SLICE_X37Y24         FDRE                                         r  adc_rstn_reg_rep__13/C
  -------------------------------------------------------------------    -------------------
    SLICE_X37Y24         FDRE (Prop_fdre_C_Q)         0.141     2.133 r  adc_rstn_reg_rep__13/Q
                         net (fo=15, routed)          0.786     2.919    i_asg/ch[0]/dac_pnt_reg[0]_0
    SLICE_X37Y73         LUT1 (Prop_lut1_I0_O)        0.044     2.963 f  i_asg/ch[0]/ext_trig_dn[1]_i_1/O
                         net (fo=3680, routed)        1.189     4.152    i_laser_lock_core/u_output_protect/SS[0]
    SLICE_X36Y16         FDCE                                         f  i_laser_lock_core/u_output_protect/data_o_reg[0]/CLR
  -------------------------------------------------------------------    -------------------

                         (clock pll_adc_clk rise edge)
                                                      0.000     0.000 r  
    U18                                               0.000     0.000 r  adc_clk_i[1] (IN)
                         net (fo=0)                   0.000     0.000    adc_clk_i[1]
    U18                  IBUFDS (Prop_ibufds_I_O)     0.433     0.433 r  i_clk/O
                         net (fo=1, routed)           0.481     0.914    pll/adc_clk_in
    PLLE2_ADV_X0Y0       PLLE2_ADV (Prop_plle2_adv_CLKIN1_CLKOUT0)
                                                      0.054     0.968 r  pll/pll/CLKOUT0
                         net (fo=1, routed)           0.544     1.512    pll_adc_clk
    BUFGCTRL_X0Y0        BUFG (Prop_bufg_I_O)         0.029     1.541 r  bufg_adc_clk/O
                         net (fo=8587, routed)        0.852     2.393    i_laser_lock_core/u_output_protect/adc_clk
    SLICE_X36Y16         FDCE                                         r  i_laser_lock_core/u_output_protect/data_o_reg[0]/C
                         clock pessimism             -0.379     2.014    
    SLICE_X36Y16         FDCE (Remov_fdce_C_CLR)     -0.154     1.860    i_laser_lock_core/u_output_protect/data_o_reg[0]
  -------------------------------------------------------------------
                         required time                         -1.860    
                         arrival time                           4.152    
  -------------------------------------------------------------------
                         slack                                  2.292    

Slack (MET) :             2.292ns  (arrival time - required time)
  Source:                 adc_rstn_reg_rep__13/C
                            (rising edge-triggered cell FDRE clocked by pll_adc_clk  {rise@0.000ns fall@4.000ns period=8.000ns})
  Destination:            i_laser_lock_core/u_output_protect/data_o_reg[11]/CLR
                            (removal check against rising-edge clock pll_adc_clk  {rise@0.000ns fall@4.000ns period=8.000ns})
  Path Group:             **async_default**
  Path Type:              Removal (Min at Fast Process Corner)
  Requirement:            0.000ns  (pll_adc_clk rise@0.000ns - pll_adc_clk rise@0.000ns)
  Data Path Delay:        2.160ns  (logic 0.185ns (8.566%)  route 1.975ns (91.434%))
  Logic Levels:           1  (LUT1=1)
  Clock Path Skew:        0.022ns (DCD - SCD - CPR)
    Destination Clock Delay (DCD):    2.393ns
    Source Clock Delay      (SCD):    1.992ns
    Clock Pessimism Removal (CPR):    0.379ns

    Location             Delay type                Incr(ns)  Path(ns)    Netlist Resource(s)
  -------------------------------------------------------------------    -------------------
                         (clock pll_adc_clk rise edge)
                                                      0.000     0.000 r  
    U18                                               0.000     0.000 r  adc_clk_i[1] (IN)
                         net (fo=0)                   0.000     0.000    adc_clk_i[1]
    U18                  IBUFDS (Prop_ibufds_I_O)     0.401     0.401 r  i_clk/O
                         net (fo=1, routed)           0.440     0.842    pll/adc_clk_in
    PLLE2_ADV_X0Y0       PLLE2_ADV (Prop_plle2_adv_CLKIN1_CLKOUT0)
                                                      0.051     0.893 r  pll/pll/CLKOUT0
                         net (fo=1, routed)           0.497     1.390    pll_adc_clk
    BUFGCTRL_X0Y0        BUFG (Prop_bufg_I_O)         0.026     1.416 r  bufg_adc_clk/O
                         net (fo=8587, routed)        0.577     1.992    adc_clk
    SLICE_X37Y24         FDRE                                         r  adc_rstn_reg_rep__13/C
  -------------------------------------------------------------------    -------------------
    SLICE_X37Y24         FDRE (Prop_fdre_C_Q)         0.141     2.133 r  adc_rstn_reg_rep__13/Q
                         net (fo=15, routed)          0.786     2.919    i_asg/ch[0]/dac_pnt_reg[0]_0
    SLICE_X37Y73         LUT1 (Prop_lut1_I0_O)        0.044     2.963 f  i_asg/ch[0]/ext_trig_dn[1]_i_1/O
                         net (fo=3680, routed)        1.189     4.152    i_laser_lock_core/u_output_protect/SS[0]
    SLICE_X36Y16         FDCE                                         f  i_laser_lock_core/u_output_protect/data_o_reg[11]/CLR
  -------------------------------------------------------------------    -------------------

                         (clock pll_adc_clk rise edge)
                                                      0.000     0.000 r  
    U18                                               0.000     0.000 r  adc_clk_i[1] (IN)
                         net (fo=0)                   0.000     0.000    adc_clk_i[1]
    U18                  IBUFDS (Prop_ibufds_I_O)     0.433     0.433 r  i_clk/O
                         net (fo=1, routed)           0.481     0.914    pll/adc_clk_in
    PLLE2_ADV_X0Y0       PLLE2_ADV (Prop_plle2_adv_CLKIN1_CLKOUT0)
                                                      0.054     0.968 r  pll/pll/CLKOUT0
                         net (fo=1, routed)           0.544     1.512    pll_adc_clk
    BUFGCTRL_X0Y0        BUFG (Prop_bufg_I_O)         0.029     1.541 r  bufg_adc_clk/O
                         net (fo=8587, routed)        0.852     2.393    i_laser_lock_core/u_output_protect/adc_clk
    SLICE_X36Y16         FDCE                                         r  i_laser_lock_core/u_output_protect/data_o_reg[11]/C
                         clock pessimism             -0.379     2.014    
    SLICE_X36Y16         FDCE (Remov_fdce_C_CLR)     -0.154     1.860    i_laser_lock_core/u_output_protect/data_o_reg[11]
  -------------------------------------------------------------------
                         required time                         -1.860    
                         arrival time                           4.152    
  -------------------------------------------------------------------
                         slack                                  2.292    

Slack (MET) :             2.292ns  (arrival time - required time)
  Source:                 adc_rstn_reg_rep__13/C
                            (rising edge-triggered cell FDRE clocked by pll_adc_clk  {rise@0.000ns fall@4.000ns period=8.000ns})
  Destination:            i_laser_lock_core/u_output_protect/data_o_reg[2]/CLR
                            (removal check against rising-edge clock pll_adc_clk  {rise@0.000ns fall@4.000ns period=8.000ns})
  Path Group:             **async_default**
  Path Type:              Removal (Min at Fast Process Corner)
  Requirement:            0.000ns  (pll_adc_clk rise@0.000ns - pll_adc_clk rise@0.000ns)
  Data Path Delay:        2.160ns  (logic 0.185ns (8.566%)  route 1.975ns (91.434%))
  Logic Levels:           1  (LUT1=1)
  Clock Path Skew:        0.022ns (DCD - SCD - CPR)
    Destination Clock Delay (DCD):    2.393ns
    Source Clock Delay      (SCD):    1.992ns
    Clock Pessimism Removal (CPR):    0.379ns

    Location             Delay type                Incr(ns)  Path(ns)    Netlist Resource(s)
  -------------------------------------------------------------------    -------------------
                         (clock pll_adc_clk rise edge)
                                                      0.000     0.000 r  
    U18                                               0.000     0.000 r  adc_clk_i[1] (IN)
                         net (fo=0)                   0.000     0.000    adc_clk_i[1]
    U18                  IBUFDS (Prop_ibufds_I_O)     0.401     0.401 r  i_clk/O
                         net (fo=1, routed)           0.440     0.842    pll/adc_clk_in
    PLLE2_ADV_X0Y0       PLLE2_ADV (Prop_plle2_adv_CLKIN1_CLKOUT0)
                                                      0.051     0.893 r  pll/pll/CLKOUT0
                         net (fo=1, routed)           0.497     1.390    pll_adc_clk
    BUFGCTRL_X0Y0        BUFG (Prop_bufg_I_O)         0.026     1.416 r  bufg_adc_clk/O
                         net (fo=8587, routed)        0.577     1.992    adc_clk
    SLICE_X37Y24         FDRE                                         r  adc_rstn_reg_rep__13/C
  -------------------------------------------------------------------    -------------------
    SLICE_X37Y24         FDRE (Prop_fdre_C_Q)         0.141     2.133 r  adc_rstn_reg_rep__13/Q
                         net (fo=15, routed)          0.786     2.919    i_asg/ch[0]/dac_pnt_reg[0]_0
    SLICE_X37Y73         LUT1 (Prop_lut1_I0_O)        0.044     2.963 f  i_asg/ch[0]/ext_trig_dn[1]_i_1/O
                         net (fo=3680, routed)        1.189     4.152    i_laser_lock_core/u_output_protect/SS[0]
    SLICE_X36Y16         FDCE                                         f  i_laser_lock_core/u_output_protect/data_o_reg[2]/CLR
  -------------------------------------------------------------------    -------------------

                         (clock pll_adc_clk rise edge)
                                                      0.000     0.000 r  
    U18                                               0.000     0.000 r  adc_clk_i[1] (IN)
                         net (fo=0)                   0.000     0.000    adc_clk_i[1]
    U18                  IBUFDS (Prop_ibufds_I_O)     0.433     0.433 r  i_clk/O
                         net (fo=1, routed)           0.481     0.914    pll/adc_clk_in
    PLLE2_ADV_X0Y0       PLLE2_ADV (Prop_plle2_adv_CLKIN1_CLKOUT0)
                                                      0.054     0.968 r  pll/pll/CLKOUT0
                         net (fo=1, routed)           0.544     1.512    pll_adc_clk
    BUFGCTRL_X0Y0        BUFG (Prop_bufg_I_O)         0.029     1.541 r  bufg_adc_clk/O
                         net (fo=8587, routed)        0.852     2.393    i_laser_lock_core/u_output_protect/adc_clk
    SLICE_X36Y16         FDCE                                         r  i_laser_lock_core/u_output_protect/data_o_reg[2]/C
                         clock pessimism             -0.379     2.014    
    SLICE_X36Y16         FDCE (Remov_fdce_C_CLR)     -0.154     1.860    i_laser_lock_core/u_output_protect/data_o_reg[2]
  -------------------------------------------------------------------
                         required time                         -1.860    
                         arrival time                           4.152    
  -------------------------------------------------------------------
                         slack                                  2.292    

Slack (MET) :             2.292ns  (arrival time - required time)
  Source:                 adc_rstn_reg_rep__13/C
                            (rising edge-triggered cell FDRE clocked by pll_adc_clk  {rise@0.000ns fall@4.000ns period=8.000ns})
  Destination:            i_laser_lock_core/u_output_protect/data_o_reg[3]/CLR
                            (removal check against rising-edge clock pll_adc_clk  {rise@0.000ns fall@4.000ns period=8.000ns})
  Path Group:             **async_default**
  Path Type:              Removal (Min at Fast Process Corner)
  Requirement:            0.000ns  (pll_adc_clk rise@0.000ns - pll_adc_clk rise@0.000ns)
  Data Path Delay:        2.160ns  (logic 0.185ns (8.566%)  route 1.975ns (91.434%))
  Logic Levels:           1  (LUT1=1)
  Clock Path Skew:        0.022ns (DCD - SCD - CPR)
    Destination Clock Delay (DCD):    2.393ns
    Source Clock Delay      (SCD):    1.992ns
    Clock Pessimism Removal (CPR):    0.379ns

    Location             Delay type                Incr(ns)  Path(ns)    Netlist Resource(s)
  -------------------------------------------------------------------    -------------------
                         (clock pll_adc_clk rise edge)
                                                      0.000     0.000 r  
    U18                                               0.000     0.000 r  adc_clk_i[1] (IN)
                         net (fo=0)                   0.000     0.000    adc_clk_i[1]
    U18                  IBUFDS (Prop_ibufds_I_O)     0.401     0.401 r  i_clk/O
                         net (fo=1, routed)           0.440     0.842    pll/adc_clk_in
    PLLE2_ADV_X0Y0       PLLE2_ADV (Prop_plle2_adv_CLKIN1_CLKOUT0)
                                                      0.051     0.893 r  pll/pll/CLKOUT0
                         net (fo=1, routed)           0.497     1.390    pll_adc_clk
    BUFGCTRL_X0Y0        BUFG (Prop_bufg_I_O)         0.026     1.416 r  bufg_adc_clk/O
                         net (fo=8587, routed)        0.577     1.992    adc_clk
    SLICE_X37Y24         FDRE                                         r  adc_rstn_reg_rep__13/C
  -------------------------------------------------------------------    -------------------
    SLICE_X37Y24         FDRE (Prop_fdre_C_Q)         0.141     2.133 r  adc_rstn_reg_rep__13/Q
                         net (fo=15, routed)          0.786     2.919    i_asg/ch[0]/dac_pnt_reg[0]_0
    SLICE_X37Y73         LUT1 (Prop_lut1_I0_O)        0.044     2.963 f  i_asg/ch[0]/ext_trig_dn[1]_i_1/O
                         net (fo=3680, routed)        1.189     4.152    i_laser_lock_core/u_output_protect/SS[0]
    SLICE_X36Y16         FDCE                                         f  i_laser_lock_core/u_output_protect/data_o_reg[3]/CLR
  -------------------------------------------------------------------    -------------------

                         (clock pll_adc_clk rise edge)
                                                      0.000     0.000 r  
    U18                                               0.000     0.000 r  adc_clk_i[1] (IN)
                         net (fo=0)                   0.000     0.000    adc_clk_i[1]
    U18                  IBUFDS (Prop_ibufds_I_O)     0.433     0.433 r  i_clk/O
                         net (fo=1, routed)           0.481     0.914    pll/adc_clk_in
    PLLE2_ADV_X0Y0       PLLE2_ADV (Prop_plle2_adv_CLKIN1_CLKOUT0)
                                                      0.054     0.968 r  pll/pll/CLKOUT0
                         net (fo=1, routed)           0.544     1.512    pll_adc_clk
    BUFGCTRL_X0Y0        BUFG (Prop_bufg_I_O)         0.029     1.541 r  bufg_adc_clk/O
                         net (fo=8587, routed)        0.852     2.393    i_laser_lock_core/u_output_protect/adc_clk
    SLICE_X36Y16         FDCE                                         r  i_laser_lock_core/u_output_protect/data_o_reg[3]/C
                         clock pessimism             -0.379     2.014    
    SLICE_X36Y16         FDCE (Remov_fdce_C_CLR)     -0.154     1.860    i_laser_lock_core/u_output_protect/data_o_reg[3]
  -------------------------------------------------------------------
                         required time                         -1.860    
                         arrival time                           4.152    
  -------------------------------------------------------------------
                         slack                                  2.292    

Slack (MET) :             2.292ns  (arrival time - required time)
  Source:                 adc_rstn_reg_rep__13/C
                            (rising edge-triggered cell FDRE clocked by pll_adc_clk  {rise@0.000ns fall@4.000ns period=8.000ns})
  Destination:            i_laser_lock_core/u_output_protect/data_o_reg[6]/CLR
                            (removal check against rising-edge clock pll_adc_clk  {rise@0.000ns fall@4.000ns period=8.000ns})
  Path Group:             **async_default**
  Path Type:              Removal (Min at Fast Process Corner)
  Requirement:            0.000ns  (pll_adc_clk rise@0.000ns - pll_adc_clk rise@0.000ns)
  Data Path Delay:        2.160ns  (logic 0.185ns (8.566%)  route 1.975ns (91.434%))
  Logic Levels:           1  (LUT1=1)
  Clock Path Skew:        0.022ns (DCD - SCD - CPR)
    Destination Clock Delay (DCD):    2.393ns
    Source Clock Delay      (SCD):    1.992ns
    Clock Pessimism Removal (CPR):    0.379ns

    Location             Delay type                Incr(ns)  Path(ns)    Netlist Resource(s)
  -------------------------------------------------------------------    -------------------
                         (clock pll_adc_clk rise edge)
                                                      0.000     0.000 r  
    U18                                               0.000     0.000 r  adc_clk_i[1] (IN)
                         net (fo=0)                   0.000     0.000    adc_clk_i[1]
    U18                  IBUFDS (Prop_ibufds_I_O)     0.401     0.401 r  i_clk/O
                         net (fo=1, routed)           0.440     0.842    pll/adc_clk_in
    PLLE2_ADV_X0Y0       PLLE2_ADV (Prop_plle2_adv_CLKIN1_CLKOUT0)
                                                      0.051     0.893 r  pll/pll/CLKOUT0
                         net (fo=1, routed)           0.497     1.390    pll_adc_clk
    BUFGCTRL_X0Y0        BUFG (Prop_bufg_I_O)         0.026     1.416 r  bufg_adc_clk/O
                         net (fo=8587, routed)        0.577     1.992    adc_clk
    SLICE_X37Y24         FDRE                                         r  adc_rstn_reg_rep__13/C
  -------------------------------------------------------------------    -------------------
    SLICE_X37Y24         FDRE (Prop_fdre_C_Q)         0.141     2.133 r  adc_rstn_reg_rep__13/Q
                         net (fo=15, routed)          0.786     2.919    i_asg/ch[0]/dac_pnt_reg[0]_0
    SLICE_X37Y73         LUT1 (Prop_lut1_I0_O)        0.044     2.963 f  i_asg/ch[0]/ext_trig_dn[1]_i_1/O
                         net (fo=3680, routed)        1.189     4.152    i_laser_lock_core/u_output_protect/SS[0]
    SLICE_X36Y16         FDCE                                         f  i_laser_lock_core/u_output_protect/data_o_reg[6]/CLR
  -------------------------------------------------------------------    -------------------

                         (clock pll_adc_clk rise edge)
                                                      0.000     0.000 r  
    U18                                               0.000     0.000 r  adc_clk_i[1] (IN)
                         net (fo=0)                   0.000     0.000    adc_clk_i[1]
    U18                  IBUFDS (Prop_ibufds_I_O)     0.433     0.433 r  i_clk/O
                         net (fo=1, routed)           0.481     0.914    pll/adc_clk_in
    PLLE2_ADV_X0Y0       PLLE2_ADV (Prop_plle2_adv_CLKIN1_CLKOUT0)
                                                      0.054     0.968 r  pll/pll/CLKOUT0
                         net (fo=1, routed)           0.544     1.512    pll_adc_clk
    BUFGCTRL_X0Y0        BUFG (Prop_bufg_I_O)         0.029     1.541 r  bufg_adc_clk/O
                         net (fo=8587, routed)        0.852     2.393    i_laser_lock_core/u_output_protect/adc_clk
    SLICE_X36Y16         FDCE                                         r  i_laser_lock_core/u_output_protect/data_o_reg[6]/C
                         clock pessimism             -0.379     2.014    
    SLICE_X36Y16         FDCE (Remov_fdce_C_CLR)     -0.154     1.860    i_laser_lock_core/u_output_protect/data_o_reg[6]
  -------------------------------------------------------------------
                         required time                         -1.860    
                         arrival time                           4.152    
  -------------------------------------------------------------------
                         slack                                  2.292    

Slack (MET) :             2.292ns  (arrival time - required time)
  Source:                 adc_rstn_reg_rep__13/C
                            (rising edge-triggered cell FDRE clocked by pll_adc_clk  {rise@0.000ns fall@4.000ns period=8.000ns})
  Destination:            i_laser_lock_core/u_output_protect/data_o_reg[8]/CLR
                            (removal check against rising-edge clock pll_adc_clk  {rise@0.000ns fall@4.000ns period=8.000ns})
  Path Group:             **async_default**
  Path Type:              Removal (Min at Fast Process Corner)
  Requirement:            0.000ns  (pll_adc_clk rise@0.000ns - pll_adc_clk rise@0.000ns)
  Data Path Delay:        2.160ns  (logic 0.185ns (8.566%)  route 1.975ns (91.434%))
  Logic Levels:           1  (LUT1=1)
  Clock Path Skew:        0.022ns (DCD - SCD - CPR)
    Destination Clock Delay (DCD):    2.393ns
    Source Clock Delay      (SCD):    1.992ns
    Clock Pessimism Removal (CPR):    0.379ns

    Location             Delay type                Incr(ns)  Path(ns)    Netlist Resource(s)
  -------------------------------------------------------------------    -------------------
                         (clock pll_adc_clk rise edge)
                                                      0.000     0.000 r  
    U18                                               0.000     0.000 r  adc_clk_i[1] (IN)
                         net (fo=0)                   0.000     0.000    adc_clk_i[1]
    U18                  IBUFDS (Prop_ibufds_I_O)     0.401     0.401 r  i_clk/O
                         net (fo=1, routed)           0.440     0.842    pll/adc_clk_in
    PLLE2_ADV_X0Y0       PLLE2_ADV (Prop_plle2_adv_CLKIN1_CLKOUT0)
                                                      0.051     0.893 r  pll/pll/CLKOUT0
                         net (fo=1, routed)           0.497     1.390    pll_adc_clk
    BUFGCTRL_X0Y0        BUFG (Prop_bufg_I_O)         0.026     1.416 r  bufg_adc_clk/O
                         net (fo=8587, routed)        0.577     1.992    adc_clk
    SLICE_X37Y24         FDRE                                         r  adc_rstn_reg_rep__13/C
  -------------------------------------------------------------------    -------------------
    SLICE_X37Y24         FDRE (Prop_fdre_C_Q)         0.141     2.133 r  adc_rstn_reg_rep__13/Q
                         net (fo=15, routed)          0.786     2.919    i_asg/ch[0]/dac_pnt_reg[0]_0
    SLICE_X37Y73         LUT1 (Prop_lut1_I0_O)        0.044     2.963 f  i_asg/ch[0]/ext_trig_dn[1]_i_1/O
                         net (fo=3680, routed)        1.189     4.152    i_laser_lock_core/u_output_protect/SS[0]
    SLICE_X36Y16         FDCE                                         f  i_laser_lock_core/u_output_protect/data_o_reg[8]/CLR
  -------------------------------------------------------------------    -------------------

                         (clock pll_adc_clk rise edge)
                                                      0.000     0.000 r  
    U18                                               0.000     0.000 r  adc_clk_i[1] (IN)
                         net (fo=0)                   0.000     0.000    adc_clk_i[1]
    U18                  IBUFDS (Prop_ibufds_I_O)     0.433     0.433 r  i_clk/O
                         net (fo=1, routed)           0.481     0.914    pll/adc_clk_in
    PLLE2_ADV_X0Y0       PLLE2_ADV (Prop_plle2_adv_CLKIN1_CLKOUT0)
                                                      0.054     0.968 r  pll/pll/CLKOUT0
                         net (fo=1, routed)           0.544     1.512    pll_adc_clk
    BUFGCTRL_X0Y0        BUFG (Prop_bufg_I_O)         0.029     1.541 r  bufg_adc_clk/O
                         net (fo=8587, routed)        0.852     2.393    i_laser_lock_core/u_output_protect/adc_clk
    SLICE_X36Y16         FDCE                                         r  i_laser_lock_core/u_output_protect/data_o_reg[8]/C
                         clock pessimism             -0.379     2.014    
    SLICE_X36Y16         FDCE (Remov_fdce_C_CLR)     -0.154     1.860    i_laser_lock_core/u_output_protect/data_o_reg[8]
  -------------------------------------------------------------------
                         required time                         -1.860    
                         arrival time                           4.152    
  -------------------------------------------------------------------
                         slack                                  2.292    

Slack (MET) :             2.296ns  (arrival time - required time)
  Source:                 adc_rstn_reg_rep__13/C
                            (rising edge-triggered cell FDRE clocked by pll_adc_clk  {rise@0.000ns fall@4.000ns period=8.000ns})
  Destination:            i_laser_lock_core/u_output_protect/data_o_reg[10]/CLR
                            (removal check against rising-edge clock pll_adc_clk  {rise@0.000ns fall@4.000ns period=8.000ns})
  Path Group:             **async_default**
  Path Type:              Removal (Min at Fast Process Corner)
  Requirement:            0.000ns  (pll_adc_clk rise@0.000ns - pll_adc_clk rise@0.000ns)
  Data Path Delay:        2.158ns  (logic 0.185ns (8.572%)  route 1.973ns (91.428%))
  Logic Levels:           1  (LUT1=1)
  Clock Path Skew:        0.016ns (DCD - SCD - CPR)
    Destination Clock Delay (DCD):    2.367ns
    Source Clock Delay      (SCD):    1.992ns
    Clock Pessimism Removal (CPR):    0.359ns

    Location             Delay type                Incr(ns)  Path(ns)    Netlist Resource(s)
  -------------------------------------------------------------------    -------------------
                         (clock pll_adc_clk rise edge)
                                                      0.000     0.000 r  
    U18                                               0.000     0.000 r  adc_clk_i[1] (IN)
                         net (fo=0)                   0.000     0.000    adc_clk_i[1]
    U18                  IBUFDS (Prop_ibufds_I_O)     0.401     0.401 r  i_clk/O
                         net (fo=1, routed)           0.440     0.842    pll/adc_clk_in
    PLLE2_ADV_X0Y0       PLLE2_ADV (Prop_plle2_adv_CLKIN1_CLKOUT0)
                                                      0.051     0.893 r  pll/pll/CLKOUT0
                         net (fo=1, routed)           0.497     1.390    pll_adc_clk
    BUFGCTRL_X0Y0        BUFG (Prop_bufg_I_O)         0.026     1.416 r  bufg_adc_clk/O
                         net (fo=8587, routed)        0.577     1.992    adc_clk
    SLICE_X37Y24         FDRE                                         r  adc_rstn_reg_rep__13/C
  -------------------------------------------------------------------    -------------------
    SLICE_X37Y24         FDRE (Prop_fdre_C_Q)         0.141     2.133 r  adc_rstn_reg_rep__13/Q
                         net (fo=15, routed)          0.786     2.919    i_asg/ch[0]/dac_pnt_reg[0]_0
    SLICE_X37Y73         LUT1 (Prop_lut1_I0_O)        0.044     2.963 f  i_asg/ch[0]/ext_trig_dn[1]_i_1/O
                         net (fo=3680, routed)        1.188     4.150    i_laser_lock_core/u_output_protect/SS[0]
    SLICE_X33Y13         FDCE                                         f  i_laser_lock_core/u_output_protect/data_o_reg[10]/CLR
  -------------------------------------------------------------------    -------------------

                         (clock pll_adc_clk rise edge)
                                                      0.000     0.000 r  
    U18                                               0.000     0.000 r  adc_clk_i[1] (IN)
                         net (fo=0)                   0.000     0.000    adc_clk_i[1]
    U18                  IBUFDS (Prop_ibufds_I_O)     0.433     0.433 r  i_clk/O
                         net (fo=1, routed)           0.481     0.914    pll/adc_clk_in
    PLLE2_ADV_X0Y0       PLLE2_ADV (Prop_plle2_adv_CLKIN1_CLKOUT0)
                                                      0.054     0.968 r  pll/pll/CLKOUT0
                         net (fo=1, routed)           0.544     1.512    pll_adc_clk
    BUFGCTRL_X0Y0        BUFG (Prop_bufg_I_O)         0.029     1.541 r  bufg_adc_clk/O
                         net (fo=8587, routed)        0.826     2.367    i_laser_lock_core/u_output_protect/adc_clk
    SLICE_X33Y13         FDCE                                         r  i_laser_lock_core/u_output_protect/data_o_reg[10]/C
                         clock pessimism             -0.359     2.008    
    SLICE_X33Y13         FDCE (Remov_fdce_C_CLR)     -0.154     1.854    i_laser_lock_core/u_output_protect/data_o_reg[10]
  -------------------------------------------------------------------
                         required time                         -1.854    
                         arrival time                           4.150    
  -------------------------------------------------------------------
                         slack                                  2.296    

Slack (MET) :             2.296ns  (arrival time - required time)
  Source:                 adc_rstn_reg_rep__13/C
                            (rising edge-triggered cell FDRE clocked by pll_adc_clk  {rise@0.000ns fall@4.000ns period=8.000ns})
  Destination:            i_laser_lock_core/u_output_protect/data_o_reg[5]/CLR
                            (removal check against rising-edge clock pll_adc_clk  {rise@0.000ns fall@4.000ns period=8.000ns})
  Path Group:             **async_default**
  Path Type:              Removal (Min at Fast Process Corner)
  Requirement:            0.000ns  (pll_adc_clk rise@0.000ns - pll_adc_clk rise@0.000ns)
  Data Path Delay:        2.158ns  (logic 0.185ns (8.572%)  route 1.973ns (91.428%))
  Logic Levels:           1  (LUT1=1)
  Clock Path Skew:        0.016ns (DCD - SCD - CPR)
    Destination Clock Delay (DCD):    2.367ns
    Source Clock Delay      (SCD):    1.992ns
    Clock Pessimism Removal (CPR):    0.359ns

    Location             Delay type                Incr(ns)  Path(ns)    Netlist Resource(s)
  -------------------------------------------------------------------    -------------------
                         (clock pll_adc_clk rise edge)
                                                      0.000     0.000 r  
    U18                                               0.000     0.000 r  adc_clk_i[1] (IN)
                         net (fo=0)                   0.000     0.000    adc_clk_i[1]
    U18                  IBUFDS (Prop_ibufds_I_O)     0.401     0.401 r  i_clk/O
                         net (fo=1, routed)           0.440     0.842    pll/adc_clk_in
    PLLE2_ADV_X0Y0       PLLE2_ADV (Prop_plle2_adv_CLKIN1_CLKOUT0)
                                                      0.051     0.893 r  pll/pll/CLKOUT0
                         net (fo=1, routed)           0.497     1.390    pll_adc_clk
    BUFGCTRL_X0Y0        BUFG (Prop_bufg_I_O)         0.026     1.416 r  bufg_adc_clk/O
                         net (fo=8587, routed)        0.577     1.992    adc_clk
    SLICE_X37Y24         FDRE                                         r  adc_rstn_reg_rep__13/C
  -------------------------------------------------------------------    -------------------
    SLICE_X37Y24         FDRE (Prop_fdre_C_Q)         0.141     2.133 r  adc_rstn_reg_rep__13/Q
                         net (fo=15, routed)          0.786     2.919    i_asg/ch[0]/dac_pnt_reg[0]_0
    SLICE_X37Y73         LUT1 (Prop_lut1_I0_O)        0.044     2.963 f  i_asg/ch[0]/ext_trig_dn[1]_i_1/O
                         net (fo=3680, routed)        1.188     4.150    i_laser_lock_core/u_output_protect/SS[0]
    SLICE_X33Y13         FDCE                                         f  i_laser_lock_core/u_output_protect/data_o_reg[5]/CLR
  -------------------------------------------------------------------    -------------------

                         (clock pll_adc_clk rise edge)
                                                      0.000     0.000 r  
    U18                                               0.000     0.000 r  adc_clk_i[1] (IN)
                         net (fo=0)                   0.000     0.000    adc_clk_i[1]
    U18                  IBUFDS (Prop_ibufds_I_O)     0.433     0.433 r  i_clk/O
                         net (fo=1, routed)           0.481     0.914    pll/adc_clk_in
    PLLE2_ADV_X0Y0       PLLE2_ADV (Prop_plle2_adv_CLKIN1_CLKOUT0)
                                                      0.054     0.968 r  pll/pll/CLKOUT0
                         net (fo=1, routed)           0.544     1.512    pll_adc_clk
    BUFGCTRL_X0Y0        BUFG (Prop_bufg_I_O)         0.029     1.541 r  bufg_adc_clk/O
                         net (fo=8587, routed)        0.826     2.367    i_laser_lock_core/u_output_protect/adc_clk
    SLICE_X33Y13         FDCE                                         r  i_laser_lock_core/u_output_protect/data_o_reg[5]/C
                         clock pessimism             -0.359     2.008    
    SLICE_X33Y13         FDCE (Remov_fdce_C_CLR)     -0.154     1.854    i_laser_lock_core/u_output_protect/data_o_reg[5]
  -------------------------------------------------------------------
                         required time                         -1.854    
                         arrival time                           4.150    
  -------------------------------------------------------------------
                         slack                                  2.296    

Slack (MET) :             2.310ns  (arrival time - required time)
  Source:                 adc_rstn_reg_rep__13/C
                            (rising edge-triggered cell FDRE clocked by pll_adc_clk  {rise@0.000ns fall@4.000ns period=8.000ns})
  Destination:            i_laser_lock_core/u_output_protect/data_o_reg[13]/CLR
                            (removal check against rising-edge clock pll_adc_clk  {rise@0.000ns fall@4.000ns period=8.000ns})
  Path Group:             **async_default**
  Path Type:              Removal (Min at Fast Process Corner)
  Requirement:            0.000ns  (pll_adc_clk rise@0.000ns - pll_adc_clk rise@0.000ns)
  Data Path Delay:        2.204ns  (logic 0.185ns (8.395%)  route 2.019ns (91.605%))
  Logic Levels:           1  (LUT1=1)
  Clock Path Skew:        0.023ns (DCD - SCD - CPR)
    Destination Clock Delay (DCD):    2.394ns
    Source Clock Delay      (SCD):    1.992ns
    Clock Pessimism Removal (CPR):    0.379ns

    Location             Delay type                Incr(ns)  Path(ns)    Netlist Resource(s)
  -------------------------------------------------------------------    -------------------
                         (clock pll_adc_clk rise edge)
                                                      0.000     0.000 r  
    U18                                               0.000     0.000 r  adc_clk_i[1] (IN)
                         net (fo=0)                   0.000     0.000    adc_clk_i[1]
    U18                  IBUFDS (Prop_ibufds_I_O)     0.401     0.401 r  i_clk/O
                         net (fo=1, routed)           0.440     0.842    pll/adc_clk_in
    PLLE2_ADV_X0Y0       PLLE2_ADV (Prop_plle2_adv_CLKIN1_CLKOUT0)
                                                      0.051     0.893 r  pll/pll/CLKOUT0
                         net (fo=1, routed)           0.497     1.390    pll_adc_clk
    BUFGCTRL_X0Y0        BUFG (Prop_bufg_I_O)         0.026     1.416 r  bufg_adc_clk/O
                         net (fo=8587, routed)        0.577     1.992    adc_clk
    SLICE_X37Y24         FDRE                                         r  adc_rstn_reg_rep__13/C
  -------------------------------------------------------------------    -------------------
    SLICE_X37Y24         FDRE (Prop_fdre_C_Q)         0.141     2.133 r  adc_rstn_reg_rep__13/Q
                         net (fo=15, routed)          0.786     2.919    i_asg/ch[0]/dac_pnt_reg[0]_0
    SLICE_X37Y73         LUT1 (Prop_lut1_I0_O)        0.044     2.963 f  i_asg/ch[0]/ext_trig_dn[1]_i_1/O
                         net (fo=3680, routed)        1.233     4.196    i_laser_lock_core/u_output_protect/SS[0]
    SLICE_X38Y15         FDCE                                         f  i_laser_lock_core/u_output_protect/data_o_reg[13]/CLR
  -------------------------------------------------------------------    -------------------

                         (clock pll_adc_clk rise edge)
                                                      0.000     0.000 r  
    U18                                               0.000     0.000 r  adc_clk_i[1] (IN)
                         net (fo=0)                   0.000     0.000    adc_clk_i[1]
    U18                  IBUFDS (Prop_ibufds_I_O)     0.433     0.433 r  i_clk/O
                         net (fo=1, routed)           0.481     0.914    pll/adc_clk_in
    PLLE2_ADV_X0Y0       PLLE2_ADV (Prop_plle2_adv_CLKIN1_CLKOUT0)
                                                      0.054     0.968 r  pll/pll/CLKOUT0
                         net (fo=1, routed)           0.544     1.512    pll_adc_clk
    BUFGCTRL_X0Y0        BUFG (Prop_bufg_I_O)         0.029     1.541 r  bufg_adc_clk/O
                         net (fo=8587, routed)        0.853     2.394    i_laser_lock_core/u_output_protect/adc_clk
    SLICE_X38Y15         FDCE                                         r  i_laser_lock_core/u_output_protect/data_o_reg[13]/C
                         clock pessimism             -0.379     2.015    
    SLICE_X38Y15         FDCE (Remov_fdce_C_CLR)     -0.129     1.886    i_laser_lock_core/u_output_protect/data_o_reg[13]
  -------------------------------------------------------------------
                         required time                         -1.886    
                         arrival time                           4.196    
  -------------------------------------------------------------------
                         slack                                  2.310    

Slack (MET) :             2.310ns  (arrival time - required time)
  Source:                 adc_rstn_reg_rep__13/C
                            (rising edge-triggered cell FDRE clocked by pll_adc_clk  {rise@0.000ns fall@4.000ns period=8.000ns})
  Destination:            i_laser_lock_core/u_output_protect/data_o_reg[1]/CLR
                            (removal check against rising-edge clock pll_adc_clk  {rise@0.000ns fall@4.000ns period=8.000ns})
  Path Group:             **async_default**
  Path Type:              Removal (Min at Fast Process Corner)
  Requirement:            0.000ns  (pll_adc_clk rise@0.000ns - pll_adc_clk rise@0.000ns)
  Data Path Delay:        2.204ns  (logic 0.185ns (8.395%)  route 2.019ns (91.605%))
  Logic Levels:           1  (LUT1=1)
  Clock Path Skew:        0.023ns (DCD - SCD - CPR)
    Destination Clock Delay (DCD):    2.394ns
    Source Clock Delay      (SCD):    1.992ns
    Clock Pessimism Removal (CPR):    0.379ns

    Location             Delay type                Incr(ns)  Path(ns)    Netlist Resource(s)
  -------------------------------------------------------------------    -------------------
                         (clock pll_adc_clk rise edge)
                                                      0.000     0.000 r  
    U18                                               0.000     0.000 r  adc_clk_i[1] (IN)
                         net (fo=0)                   0.000     0.000    adc_clk_i[1]
    U18                  IBUFDS (Prop_ibufds_I_O)     0.401     0.401 r  i_clk/O
                         net (fo=1, routed)           0.440     0.842    pll/adc_clk_in
    PLLE2_ADV_X0Y0       PLLE2_ADV (Prop_plle2_adv_CLKIN1_CLKOUT0)
                                                      0.051     0.893 r  pll/pll/CLKOUT0
                         net (fo=1, routed)           0.497     1.390    pll_adc_clk
    BUFGCTRL_X0Y0        BUFG (Prop_bufg_I_O)         0.026     1.416 r  bufg_adc_clk/O
                         net (fo=8587, routed)        0.577     1.992    adc_clk
    SLICE_X37Y24         FDRE                                         r  adc_rstn_reg_rep__13/C
  -------------------------------------------------------------------    -------------------
    SLICE_X37Y24         FDRE (Prop_fdre_C_Q)         0.141     2.133 r  adc_rstn_reg_rep__13/Q
                         net (fo=15, routed)          0.786     2.919    i_asg/ch[0]/dac_pnt_reg[0]_0
    SLICE_X37Y73         LUT1 (Prop_lut1_I0_O)        0.044     2.963 f  i_asg/ch[0]/ext_trig_dn[1]_i_1/O
                         net (fo=3680, routed)        1.233     4.196    i_laser_lock_core/u_output_protect/SS[0]
    SLICE_X38Y15         FDCE                                         f  i_laser_lock_core/u_output_protect/data_o_reg[1]/CLR
  -------------------------------------------------------------------    -------------------

                         (clock pll_adc_clk rise edge)
                                                      0.000     0.000 r  
    U18                                               0.000     0.000 r  adc_clk_i[1] (IN)
                         net (fo=0)                   0.000     0.000    adc_clk_i[1]
    U18                  IBUFDS (Prop_ibufds_I_O)     0.433     0.433 r  i_clk/O
                         net (fo=1, routed)           0.481     0.914    pll/adc_clk_in
    PLLE2_ADV_X0Y0       PLLE2_ADV (Prop_plle2_adv_CLKIN1_CLKOUT0)
                                                      0.054     0.968 r  pll/pll/CLKOUT0
                         net (fo=1, routed)           0.544     1.512    pll_adc_clk
    BUFGCTRL_X0Y0        BUFG (Prop_bufg_I_O)         0.029     1.541 r  bufg_adc_clk/O
                         net (fo=8587, routed)        0.853     2.394    i_laser_lock_core/u_output_protect/adc_clk
    SLICE_X38Y15         FDCE                                         r  i_laser_lock_core/u_output_protect/data_o_reg[1]/C
                         clock pessimism             -0.379     2.015    
    SLICE_X38Y15         FDCE (Remov_fdce_C_CLR)     -0.129     1.886    i_laser_lock_core/u_output_protect/data_o_reg[1]
  -------------------------------------------------------------------
                         required time                         -1.886    
                         arrival time                           4.196    
  -------------------------------------------------------------------
                         slack                                  2.310    





